league_code,date,week,hg,ag,lam_h,lam_a
VL,2025-07-01,2025-06-30/2025-07-06,6,2,1.2341666219766168,0.8261574435958341
M2,2025-07-01,2025-06-30/2025-07-06,4,3,3.781045728924528,2.5149933919456298
M2,2025-07-01,2025-06-30/2025-07-06,4,1,2.068094996740846,1.7636650668473641
NO-PN1,2025-07-01,2025-06-30/2025-07-06,0,2,2.3522452284889024,1.6539626188765206
M1,2025-07-01,2025-06-30/2025-07-06,7,0,2.493512247127063,0.7636129943416871
M2,2025-07-02,2025-06-30/2025-07-06,2,3,1.4573308441496045,2.2265397719083877
M2,2025-07-02,2025-06-30/2025-07-06,2,1,3.551929583246789,0.6069866545995831
M2,2025-07-02,2025-06-30/2025-07-06,0,3,2.5743879842597446,2.083928105946717
VL,2025-07-02,2025-06-30/2025-07-06,2,1,3.88763999914961,0.910349020157169
VL,2025-07-02,2025-06-30/2025-07-06,0,0,2.9921922170619544,0.6763254618405236
M2,2025-07-02,2025-06-30/2025-07-06,3,1,3.164245079866885,0.9279122349365432
M2,2025-07-02,2025-06-30/2025-07-06,0,4,1.4370475595613073,4.002955968542339
M2,2025-07-02,2025-06-30/2025-07-06,5,1,2.786565888623126,1.8839070534579105
M2,2025-07-02,2025-06-30/2025-07-06,0,4,1.2558697642140073,3.10893022162837
M2,2025-07-02,2025-06-30/2025-07-06,1,1,1.3500807337901763,3.642644700156432
SW-ES,2025-07-02,2025-06-30/2025-07-06,2,0,1.2446607504352087,1.3063277056959386
VL,2025-07-02,2025-06-30/2025-07-06,2,3,2.2046086223299817,0.7379232791017083
VL,2025-07-02,2025-06-30/2025-07-06,1,2,1.8222210179585305,1.0388113852964593
M1,2025-07-02,2025-06-30/2025-07-06,0,4,3.58076710678402,0.9953029342515465
M1,2025-07-02,2025-06-30/2025-07-06,2,2,1.716249145623195,1.2916122845524494
M1,2025-07-02,2025-06-30/2025-07-06,1,1,3.3967052862659246,0.8715631055572163
M1,2025-07-02,2025-06-30/2025-07-06,2,0,1.6313633444165423,1.2211522172580749
M1L,2025-07-03,2025-06-30/2025-07-06,4,2,1.8858190894706734,5.123230670781023
M1L,2025-07-03,2025-06-30/2025-07-06,3,2,1.4960565089337354,0.6443637056905784
M2,2025-07-03,2025-06-30/2025-07-06,1,4,1.7442796588897347,1.40985467563313
M2,2025-07-03,2025-06-30/2025-07-06,1,1,2.020845103691012,0.8462486549082184
M1L,2025-07-04,2025-06-30/2025-07-06,4,3,1.5933277774343864,0.8685639591006178
VL,2025-07-04,2025-06-30/2025-07-06,2,2,0.8300273580023177,1.6093236346332058
M2,2025-07-04,2025-06-30/2025-07-06,1,5,1.4422738583029642,2.551781585860429
NL,2025-07-05,2025-06-30/2025-07-06,5,0,3.1301229062361533,1.3803318318353783
M1,2025-07-05,2025-06-30/2025-07-06,1,0,1.7759331707665253,1.3185510522620452
SW-AL,2025-07-05,2025-06-30/2025-07-06,1,0,2.048090584330246,0.4486904032231591
SW-AL,2025-07-05,2025-06-30/2025-07-06,0,0,0.8835035544320881,0.9475001385002703
VL,2025-07-05,2025-06-30/2025-07-06,1,1,1.5763163813283092,2.2197536365289294
VL,2025-07-05,2025-06-30/2025-07-06,0,2,1.2248666300844762,1.8566908048077015
NO-PN1,2025-07-05,2025-06-30/2025-07-06,4,4,1.4579701566969894,1.2260974028297593
SW-AL,2025-07-05,2025-06-30/2025-07-06,0,1,0.6696326530268931,1.9594980734873015
NL,2025-07-05,2025-06-30/2025-07-06,2,2,0.9940599875493495,1.0277337842805048
NO-PN1,2025-07-05,2025-06-30/2025-07-06,1,2,1.6401436235949605,1.2910171201701233
M2,2025-07-05,2025-06-30/2025-07-06,2,3,2.0053903365927224,1.5335178626208688
M2,2025-07-05,2025-06-30/2025-07-06,0,0,2.3900679749946265,1.9313827949199949
M2,2025-07-05,2025-06-30/2025-07-06,1,0,2.2999366178697334,1.7233089658714023
M1L,2025-07-05,2025-06-30/2025-07-06,2,2,1.7118590566984324,1.5105056939254784
NO-ELI,2025-07-05,2025-06-30/2025-07-06,1,1,1.5114563181195249,1.7731795846362406
NO-ELI,2025-07-05,2025-06-30/2025-07-06,1,0,4.622067110430777,0.897851118124283
NO-ELI,2025-07-05,2025-06-30/2025-07-06,1,1,1.1581502949097549,1.0542899316711178
NO-ELI,2025-07-05,2025-06-30/2025-07-06,1,1,1.0389977433888258,2.066334842275506
NO-ELI,2025-07-05,2025-06-30/2025-07-06,1,0,1.8264911646431379,1.097808982743786
NO-PN1,2025-07-05,2025-06-30/2025-07-06,1,0,1.2319008687903343,1.8581006050673528
NO-PN1,2025-07-05,2025-06-30/2025-07-06,1,0,2.046931071250198,1.4081027064824831
M1,2025-07-06,2025-06-30/2025-07-06,0,1,1.4434635521595123,1.4082068041479248
NL,2025-07-06,2025-06-30/2025-07-06,9,1,2.2849891206261965,0.5572090933937714
NL,2025-07-06,2025-06-30/2025-07-06,2,1,0.6951685597635215,1.3437879768206906
NO-PN1,2025-07-06,2025-06-30/2025-07-06,1,2,2.8010679872628437,1.8546958555669881
NO-PN1,2025-07-06,2025-06-30/2025-07-06,2,0,1.4846728301382417,0.8968297279830588
NO-ELI,2025-07-06,2025-06-30/2025-07-06,3,1,2.3553765458735505,0.327635942766507
NO-ELI,2025-07-06,2025-06-30/2025-07-06,1,1,2.052566343910806,1.4473755720931585
NO-ELI,2025-07-06,2025-06-30/2025-07-06,2,0,1.3841408133916813,1.0978998880892916
M1,2025-07-06,2025-06-30/2025-07-06,1,1,1.86810321444767,0.4806252945649587
M2,2025-07-06,2025-06-30/2025-07-06,4,0,3.67566618345577,0.9894826417217597
M2,2025-07-06,2025-06-30/2025-07-06,2,2,3.0552197662308416,0.905809684576559
VL,2025-07-06,2025-06-30/2025-07-06,1,1,1.512994058157534,1.141106432210387
M2,2025-07-06,2025-06-30/2025-07-06,3,3,1.2203462091826958,3.0296215997255658
NO-PN1,2025-07-06,2025-06-30/2025-07-06,1,1,2.3985946141492667,1.9213900472386374
M1,2025-07-06,2025-06-30/2025-07-06,0,1,3.101522055092403,1.9484689949828229
VL,2025-07-06,2025-06-30/2025-07-06,0,1,0.7310687164844338,2.171079498097647
SW-AL,2025-07-06,2025-06-30/2025-07-06,2,0,0.6481883739493575,2.2125646157186245
SW-AL,2025-07-06,2025-06-30/2025-07-06,0,2,2.5947957457661044,1.2365646378308013
SW-AL,2025-07-06,2025-06-30/2025-07-06,5,1,1.1584520974654022,1.0248500449462576
SW-AL,2025-07-06,2025-06-30/2025-07-06,3,1,1.639612932313309,1.6031673684469163
M2,2025-07-07,2025-07-07/2025-07-13,2,0,2.3647937227818425,1.6593034449096715
SW-AL,2025-07-07,2025-07-07/2025-07-13,0,1,1.6080736190882292,1.5829808619736883
M2,2025-07-07,2025-07-07/2025-07-13,0,0,1.6237384267766186,2.2443981987533075
M1,2025-07-07,2025-07-07/2025-07-13,0,1,2.693411974290976,1.4605287275657202
M1,2025-07-07,2025-07-07/2025-07-13,2,1,2.3813453263313997,0.9199776276618876
VL,2025-07-07,2025-07-07/2025-07-13,0,0,1.4648689215687325,2.3343523174279435
M2,2025-07-08,2025-07-07/2025-07-13,7,1,1.596161778950141,1.1514944420922801
M2,2025-07-08,2025-07-07/2025-07-13,3,1,2.8266944717748324,1.167708893854639
M2,2025-07-08,2025-07-07/2025-07-13,2,3,1.034679684209661,3.758141162069386
M1L,2025-07-08,2025-07-07/2025-07-13,0,3,1.1361927588346665,1.6530563502104718
M1L,2025-07-08,2025-07-07/2025-07-13,1,1,1.8529680808422082,1.3404510569299204
M2,2025-07-08,2025-07-07/2025-07-13,0,3,1.181889014302501,3.0901355570810463
M1L,2025-07-09,2025-07-07/2025-07-13,4,0,1.9321794222900428,0.6009354669176916
M1L,2025-07-09,2025-07-07/2025-07-13,1,1,1.4876264014960947,2.4359337741181037
M1L,2025-07-09,2025-07-07/2025-07-13,4,1,2.8409397609284714,2.2937946034009262
M2,2025-07-10,2025-07-07/2025-07-13,1,2,1.6684449772312688,2.592518403646914
M2,2025-07-10,2025-07-07/2025-07-13,0,2,1.3376716631992,1.7147871978449896
M1,2025-07-11,2025-07-07/2025-07-13,1,3,1.8159103587324128,2.471143544094877
M1,2025-07-11,2025-07-07/2025-07-13,1,0,1.5262311419782872,1.2475796889260482
M2,2025-07-12,2025-07-07/2025-07-13,2,0,1.7169666843743276,1.8543602257875087
M2,2025-07-12,2025-07-07/2025-07-13,2,2,1.6072897702483202,2.3411729020028824
M2,2025-07-12,2025-07-07/2025-07-13,2,2,2.193056795108509,2.161122296225608
NL,2025-07-12,2025-07-07/2025-07-13,1,3,1.8095054124686405,1.2171721166006824
NL,2025-07-12,2025-07-07/2025-07-13,3,1,1.503249519780307,0.5222428170788688
NL,2025-07-12,2025-07-07/2025-07-13,2,5,1.2319678889396863,2.680805651197209
NL,2025-07-12,2025-07-07/2025-07-13,1,6,0.5911983439016482,3.1747709058206395
M2,2025-07-12,2025-07-07/2025-07-13,1,6,1.254013403739889,3.2332870686266375
NO-ELI,2025-07-12,2025-07-07/2025-07-13,4,2,1.1172833156872912,0.9917372206860918
M2,2025-07-12,2025-07-07/2025-07-13,2,3,2.855224801303714,2.1493802250674086
M2,2025-07-12,2025-07-07/2025-07-13,5,2,3.012704870905513,2.0620201716458624
M2,2025-07-12,2025-07-07/2025-07-13,1,1,1.7975155390411601,2.115278194599283
NO-ELI,2025-07-12,2025-07-07/2025-07-13,2,0,2.1602126872414678,1.2092626784636582
SW-AL,2025-07-12,2025-07-07/2025-07-13,1,2,1.3569575836067913,1.674212084469943
SW-AL,2025-07-12,2025-07-07/2025-07-13,3,1,1.812848238629633,0.8426807058840178
NO-PN1,2025-07-12,2025-07-07/2025-07-13,2,0,3.326390104003773,2.1129327615478313
NO-PN1,2025-07-12,2025-07-07/2025-07-13,3,3,0.9643541684704149,0.8901104798183197
M1,2025-07-12,2025-07-07/2025-07-13,3,1,2.8782904998512437,1.2319143009521099
M1,2025-07-12,2025-07-07/2025-07-13,2,1,1.089534284889316,0.8682409443982939
M2,2025-07-12,2025-07-07/2025-07-13,1,2,1.7976166110088732,1.3138145139004977
VL,2025-07-12,2025-07-07/2025-07-13,3,1,1.7176715150937762,0.5874359702687033
NO-ELI,2025-07-13,2025-07-07/2025-07-13,0,2,0.6473979385540569,2.088527326303136
NO-ELI,2025-07-13,2025-07-07/2025-07-13,0,0,1.0334561393911992,1.4240000526568983
NO-ELI,2025-07-13,2025-07-07/2025-07-13,3,1,1.3752547264021486,2.3933172158347786
M2,2025-07-13,2025-07-07/2025-07-13,8,0,3.3175897411534634,1.1149562570210012
M2,2025-07-13,2025-07-07/2025-07-13,1,1,2.5834858878378104,1.236459793712805
NO-ELI,2025-07-13,2025-07-07/2025-07-13,1,0,1.6004707360947061,1.600720578288606
M1L,2025-07-13,2025-07-07/2025-07-13,3,1,1.7419615131401394,1.0386282124550281
M1L,2025-07-13,2025-07-07/2025-07-13,1,4,1.3603004920337605,1.7777087075910707
M1L,2025-07-13,2025-07-07/2025-07-13,1,0,1.8568751199638405,1.8644648402485535
M1L,2025-07-13,2025-07-07/2025-07-13,1,1,2.189280228558497,1.2208562863048267
NO-PN1,2025-07-13,2025-07-07/2025-07-13,1,2,1.1219746113334248,2.030212223708507
NO-PN1,2025-07-13,2025-07-07/2025-07-13,6,1,2.30381986533958,1.038454578568153
NO-PN1,2025-07-13,2025-07-07/2025-07-13,7,0,2.4881398684508933,0.8056790075762902
NO-ELI,2025-07-13,2025-07-07/2025-07-13,2,0,1.2633638362026394,0.8565759635583584
NO-ELI,2025-07-13,2025-07-07/2025-07-13,2,3,0.8593902505619093,2.3710792211937424
NO-PN1,2025-07-13,2025-07-07/2025-07-13,1,2,1.76249906486856,1.1417606303559409
M1,2025-07-13,2025-07-07/2025-07-13,1,1,1.8516945122438309,0.9912492019377067
SW-AL,2025-07-13,2025-07-07/2025-07-13,2,0,1.2822011247936251,0.9076802458091234
SW-AL,2025-07-13,2025-07-07/2025-07-13,1,0,0.7538581669200511,1.265720167313822
VL,2025-07-13,2025-07-07/2025-07-13,3,2,2.159967585327412,1.5714823938373366
VL,2025-07-13,2025-07-07/2025-07-13,2,0,1.6171058681162376,1.438626812336683
SW-AL,2025-07-13,2025-07-07/2025-07-13,3,0,2.4502087685301146,0.8832313143067185
SW-AL,2025-07-13,2025-07-07/2025-07-13,4,1,2.054650911657901,1.250583439060326
SW-AL,2025-07-13,2025-07-07/2025-07-13,3,2,0.6737996896286446,0.9358295695919094
M1L,2025-07-14,2025-07-14/2025-07-20,2,2,2.2783015603724843,1.4080339829214572
NO-PN1,2025-07-14,2025-07-14/2025-07-20,2,4,1.8552037997197655,1.9642333690563325
VL,2025-07-14,2025-07-14/2025-07-20,3,2,2.0398786253659815,1.0782611070903534
M2,2025-07-14,2025-07-14/2025-07-20,3,3,1.8385331900256063,1.7613570574721893
M2,2025-07-14,2025-07-14/2025-07-20,4,1,1.6194373509152955,2.219469039449331
SW-AL,2025-07-14,2025-07-14/2025-07-20,1,2,1.0035923666871625,2.299557312429854
M1L,2025-07-16,2025-07-14/2025-07-20,3,2,0.9517476486027521,1.3478465831620812
M2,2025-07-16,2025-07-14/2025-07-20,3,0,1.3458787742333465,1.50138213791237
NO-ELI,2025-07-16,2025-07-14/2025-07-20,0,1,1.1023042479639344,1.7575404595973585
NL,2025-07-16,2025-07-14/2025-07-20,2,1,1.6663528345553427,1.0763394558710015
M1,2025-07-16,2025-07-14/2025-07-20,2,1,2.566388030505683,1.1525626108960734
M2,2025-07-17,2025-07-14/2025-07-20,1,1,1.5220871542473768,1.5441673350476766
NL,2025-07-17,2025-07-14/2025-07-20,1,0,2.114412176177914,0.6695534367876762
M2,2025-07-18,2025-07-14/2025-07-20,0,8,1.6181643985265817,3.629441940357827
VL,2025-07-18,2025-07-14/2025-07-20,2,2,0.6401871567328337,2.6582227744869624
NO-ELI,2025-07-18,2025-07-14/2025-07-20,2,2,1.2183474246712795,0.6670271838189822
NL,2025-07-18,2025-07-14/2025-07-20,4,0,3.6178464641624015,1.1662641879638485
NO-PN2,2025-07-18,2025-07-14/2025-07-20,1,1,1.1395814727042877,1.3314555461225002
M1L,2025-07-18,2025-07-14/2025-07-20,3,2,3.0523194656801076,0.8207335037657113
M2,2025-07-18,2025-07-14/2025-07-20,0,2,2.4794497056929563,1.5030278546599767
M1L,2025-07-19,2025-07-14/2025-07-20,1,1,1.824531711035339,1.3381881658315553
M1L,2025-07-19,2025-07-14/2025-07-20,2,2,1.0575908554346412,2.8824114363890874
NO-PN2,2025-07-19,2025-07-14/2025-07-20,5,0,3.033714484525738,0.9288314512493082
M1L,2025-07-19,2025-07-14/2025-07-20,4,1,2.4354798130180586,1.6618833464451086
SW-AL,2025-07-19,2025-07-14/2025-07-20,0,2,0.5515051376377452,1.3257133881554501
M2,2025-07-19,2025-07-14/2025-07-20,1,2,1.9671550185317126,1.5392495451766057
M2,2025-07-19,2025-07-14/2025-07-20,5,0,7.743557490938615,0.4547250645634357
M2,2025-07-19,2025-07-14/2025-07-20,1,1,2.8532855745219567,0.9646038077425116
M2,2025-07-19,2025-07-14/2025-07-20,0,6,2.4360863892657423,3.6954155856181004
M2,2025-07-19,2025-07-14/2025-07-20,2,1,5.04746207453224,0.8752984801860504
M2,2025-07-19,2025-07-14/2025-07-20,0,2,2.405351586823526,1.5561868408754256
M2,2025-07-19,2025-07-14/2025-07-20,1,2,1.573686644474841,1.5847809377434652
SW-SE,2025-07-19,2025-07-14/2025-07-20,0,3,1.4133315266655122,1.2918543811737029
M1,2025-07-19,2025-07-14/2025-07-20,0,0,2.7710731733731016,1.0615068744748017
M1,2025-07-19,2025-07-14/2025-07-20,1,4,2.0443852036354,0.5404737481800691
M1,2025-07-19,2025-07-14/2025-07-20,1,4,1.1704558429467657,2.00037763762977
M1,2025-07-19,2025-07-14/2025-07-20,3,1,1.986153254394815,2.28965209975099
NO-PN2,2025-07-19,2025-07-14/2025-07-20,4,1,3.1032050375635736,1.0953068349057877
NO-PN2,2025-07-19,2025-07-14/2025-07-20,4,5,1.4739520184898514,1.4567273415824373
VL,2025-07-19,2025-07-14/2025-07-20,1,1,1.108956010164638,1.5626066237306913
NO-ELI,2025-07-19,2025-07-14/2025-07-20,2,0,1.6067221359294896,1.4742560179862976
NO-ELI,2025-07-19,2025-07-14/2025-07-20,2,4,1.776610489381176,1.7560281282557382
NO-ELI,2025-07-19,2025-07-14/2025-07-20,4,1,2.4040451380492964,1.1323447256538715
SW-AL,2025-07-19,2025-07-14/2025-07-20,0,3,0.8690247691646877,2.2466660868585646
SW-AL,2025-07-19,2025-07-14/2025-07-20,1,0,1.0023502702082077,1.3413781558691378
SW-SE,2025-07-19,2025-07-14/2025-07-20,3,1,1.1685779713470033,1.3622128707637633
NO-PN2,2025-07-19,2025-07-14/2025-07-20,4,0,1.6036812287465416,1.5054150150809815
SW-SE,2025-07-19,2025-07-14/2025-07-20,1,1,1.2512461391799965,1.5630832260917353
SW-SE,2025-07-19,2025-07-14/2025-07-20,0,1,1.6736622133502448,1.8855568806279945
NL,2025-07-19,2025-07-14/2025-07-20,0,2,1.2594296306876858,1.573688438627854
SW-SE,2025-07-20,2025-07-14/2025-07-20,2,2,2.0095324604119864,0.9194685676941341
M2,2025-07-20,2025-07-14/2025-07-20,2,1,2.5780876495202483,1.5045780136396216
M1,2025-07-20,2025-07-14/2025-07-20,1,0,2.468732359764331,1.0337685747306087
SW-AL,2025-07-20,2025-07-14/2025-07-20,3,2,1.5410194745925727,0.7546097832293577
SW-AL,2025-07-20,2025-07-14/2025-07-20,0,0,1.365725699767681,2.1735122165826564
SW-AL,2025-07-20,2025-07-14/2025-07-20,2,0,1.3790857818465816,0.8631202924070275
SW-AL,2025-07-20,2025-07-14/2025-07-20,0,1,1.6950118241680434,1.6836458928220774
NO-ELI,2025-07-20,2025-07-14/2025-07-20,1,1,1.087658583285662,1.4555709115442046
NO-ELI,2025-07-20,2025-07-14/2025-07-20,3,1,2.229504645585576,1.0889545685704463
NO-ELI,2025-07-20,2025-07-14/2025-07-20,6,0,1.4980643184811906,1.0045213708938103
NO-ELI,2025-07-20,2025-07-14/2025-07-20,3,0,2.1093568906475353,0.4661750652090103
NO-PN2,2025-07-20,2025-07-14/2025-07-20,1,0,1.2777794611588253,1.6768600318576972
SW-SE,2025-07-20,2025-07-14/2025-07-20,0,2,1.2936902835519402,0.9290317867634718
VL,2025-07-20,2025-07-14/2025-07-20,3,1,2.8913727271180107,1.108589893843673
VL,2025-07-20,2025-07-14/2025-07-20,0,1,0.9636409262903634,2.1091359474068327
VL,2025-07-20,2025-07-14/2025-07-20,3,1,2.0175581790565964,1.2698142737633444
NO-PN2,2025-07-20,2025-07-14/2025-07-20,1,2,1.556717809965083,2.153198704177794
SW-SE,2025-07-21,2025-07-21/2025-07-27,1,2,1.6237462228679695,1.5303295808454171
VL,2025-07-21,2025-07-21/2025-07-27,1,1,1.2675425619343221,1.2803974278642059
SW-AL,2025-07-21,2025-07-21/2025-07-27,3,1,1.6510530181705818,1.0650116572934616
M2,2025-07-21,2025-07-21/2025-07-27,1,3,1.126955328755724,1.4961628136079093
SW-SE,2025-07-21,2025-07-21/2025-07-27,1,2,1.6925368435613866,0.8393511333948211
M2,2025-07-21,2025-07-21/2025-07-27,1,1,3.1305659923258773,0.8169228299938613
NO-OBOS,2025-07-22,2025-07-21/2025-07-27,2,2,1.6734589695249136,1.3393259388847216
M2,2025-07-22,2025-07-21/2025-07-27,6,1,1.711952866494029,2.0336131829398143
M1L,2025-07-23,2025-07-21/2025-07-27,3,1,2.378514732686772,0.8342047947575426
M2,2025-07-24,2025-07-21/2025-07-27,1,5,1.6863376880301586,3.9396192466553566
M2,2025-07-24,2025-07-21/2025-07-27,1,5,5.027772606008784,1.4486817561066325
M2,2025-07-25,2025-07-21/2025-07-27,1,0,1.2494271262278032,1.500728756121926
M1L,2025-07-25,2025-07-21/2025-07-27,0,2,2.3197701444719376,1.8151537909126922
M1,2025-07-25,2025-07-21/2025-07-27,2,4,1.1695783840956033,1.1544780619268855
M1,2025-07-25,2025-07-21/2025-07-27,1,3,1.742032001038667,0.8304523260922233
VL,2025-07-25,2025-07-21/2025-07-27,2,2,1.1678185236639982,1.4304038367888188
M2,2025-07-25,2025-07-21/2025-07-27,3,0,1.5978709291693627,1.509760139703113
M1L,2025-07-25,2025-07-21/2025-07-27,1,1,1.4091718247472156,0.8400466708796885
M1L,2025-07-25,2025-07-21/2025-07-27,2,1,1.1774321781763049,2.3452786258656255
NO-ELI,2025-07-25,2025-07-21/2025-07-27,3,2,2.284636456309423,0.839112258325238
M1,2025-07-25,2025-07-21/2025-07-27,4,0,1.6930166610365671,1.2641078449902234
SW-SE,2025-07-26,2025-07-21/2025-07-27,1,1,1.8190556443363115,0.7259890237394641
M1,2025-07-26,2025-07-21/2025-07-27,2,1,5.080467479580258,0.9973451738092778
SW-SE,2025-07-26,2025-07-21/2025-07-27,2,2,2.2606863032370446,0.8857428488767866
M2,2025-07-26,2025-07-21/2025-07-27,3,3,1.3866175901044484,2.617128356805488
VL,2025-07-26,2025-07-21/2025-07-27,2,3,1.7105699143793347,1.293084693830931
M1,2025-07-26,2025-07-21/2025-07-27,3,0,1.1058176755373277,1.2410540611926881
M2,2025-07-26,2025-07-21/2025-07-27,10,0,3.4745685803519923,1.1009581073506578
M2,2025-07-26,2025-07-21/2025-07-27,2,1,0.9857547248074272,1.5556785726211348
M2,2025-07-26,2025-07-21/2025-07-27,1,4,1.0863902831051149,2.8499274239335186
VL,2025-07-26,2025-07-21/2025-07-27,0,1,1.570186317414439,1.658690340779528
SW-SE,2025-07-26,2025-07-21/2025-07-27,1,1,1.5506533272522687,1.0539224425049682
SW-EE,2025-07-26,2025-07-21/2025-07-27,2,1,2.222039553625737,1.9503143013263005
M2,2025-07-26,2025-07-21/2025-07-27,1,2,0.8307331897934296,2.663742164474325
NO-OBOS,2025-07-26,2025-07-21/2025-07-27,0,3,0.9133016722077816,1.5106848602822618
NO-OBOS,2025-07-26,2025-07-21/2025-07-27,1,1,2.311462835119178,1.169749121183724
NO-OBOS,2025-07-26,2025-07-21/2025-07-27,1,1,2.3498589418297,1.2251672949906323
NO-OBOS,2025-07-26,2025-07-21/2025-07-27,3,1,1.1950996282637862,1.3092401285918118
NO-OBOS,2025-07-26,2025-07-21/2025-07-27,1,1,1.1506466895088032,3.5301820780354496
NO-OBOS,2025-07-26,2025-07-21/2025-07-27,0,5,1.8171503219814122,1.1567257503507533
NO-OBOS,2025-07-26,2025-07-21/2025-07-27,2,0,2.00958977025743,1.1878293717402124
NL,2025-07-26,2025-07-21/2025-07-27,2,1,2.965975565049842,1.140836236456423
NO-PN2,2025-07-26,2025-07-21/2025-07-27,2,2,1.2441475176071564,2.3376190013094966
NO-ELI,2025-07-26,2025-07-21/2025-07-27,7,2,2.337031044030112,0.7520941996478671
NO-ELI,2025-07-26,2025-07-21/2025-07-27,3,2,1.6086971163177635,1.128718426619446
NO-ELI,2025-07-26,2025-07-21/2025-07-27,0,5,1.1370851344677673,1.3592441993288946
NO-ELI,2025-07-26,2025-07-21/2025-07-27,0,3,0.6385500801575447,1.4651738080422565
NO-PN2,2025-07-26,2025-07-21/2025-07-27,5,0,2.4582823017243878,1.0108134916896387
NL,2025-07-26,2025-07-21/2025-07-27,0,5,0.4855979998362217,3.9675329024908685
NO-PN2,2025-07-26,2025-07-21/2025-07-27,1,3,1.49543848467892,1.6485782859978926
NO-OBOS,2025-07-26,2025-07-21/2025-07-27,2,2,1.5755377054416222,1.1817112254475446
NO-PN2,2025-07-26,2025-07-21/2025-07-27,1,0,0.7650887194439201,1.6991809420269226
SW-EE,2025-07-26,2025-07-21/2025-07-27,1,0,3.5653071593963257,0.5642136816027931
SW-EE,2025-07-26,2025-07-21/2025-07-27,0,3,0.7957774688216507,1.2712206753243522
SW-AL,2025-07-26,2025-07-21/2025-07-27,2,3,0.8579476296919987,1.3307989808539957
M2,2025-07-26,2025-07-21/2025-07-27,2,3,1.670055728045352,2.6037939986366334
M2,2025-07-26,2025-07-21/2025-07-27,1,3,1.2855322041697068,2.8520164459348796
M2,2025-07-26,2025-07-21/2025-07-27,1,2,1.7797273126657025,1.221620318612446
SW-AL,2025-07-26,2025-07-21/2025-07-27,0,0,1.5909968254692253,2.1807077222695836
SW-AL,2025-07-26,2025-07-21/2025-07-27,3,0,2.161408545769674,0.5677303383564554
SW-EE,2025-07-27,2025-07-21/2025-07-27,1,2,0.8706301650696119,0.9432479831632694
SW-EE,2025-07-27,2025-07-21/2025-07-27,6,1,2.1022256101206853,2.0029649803768366
SW-EE,2025-07-27,2025-07-21/2025-07-27,0,1,1.5665853591480954,1.2455930960200372
NO-ELI,2025-07-27,2025-07-21/2025-07-27,1,3,1.6394439752292718,2.2513554400655806
NO-ELI,2025-07-27,2025-07-21/2025-07-27,4,1,1.130326167910459,1.2574043191141917
SW-EE,2025-07-27,2025-07-21/2025-07-27,1,0,2.394011224469716,0.9459236711858745
SW-SE,2025-07-27,2025-07-21/2025-07-27,1,0,2.0498328372652614,1.2677261135271123
SW-AL,2025-07-27,2025-07-21/2025-07-27,2,1,2.602261676138384,0.7459981966750281
NL,2025-07-27,2025-07-21/2025-07-27,1,0,1.1021078350839413,1.3526397929095482
SW-AL,2025-07-27,2025-07-21/2025-07-27,0,0,1.5910893331612137,0.5584176749068333
VL,2025-07-27,2025-07-21/2025-07-27,4,1,1.7687396190944096,1.123358425044385
SW-AL,2025-07-27,2025-07-21/2025-07-27,1,6,1.2922481463901998,1.0703511674167407
SW-SE,2025-07-27,2025-07-21/2025-07-27,1,1,1.8918386610083902,1.5186588945331732
SW-SE,2025-07-27,2025-07-21/2025-07-27,6,0,1.8921208765343658,1.144190155569171
NO-PN2,2025-07-27,2025-07-21/2025-07-27,2,2,3.514673959114329,1.7296170467789922
SW-AL,2025-07-27,2025-07-21/2025-07-27,2,3,0.658806794957926,1.7836629907265076
NO-PN2,2025-07-27,2025-07-21/2025-07-27,3,2,1.7779194888022938,1.5207157471441872
M2,2025-07-27,2025-07-21/2025-07-27,1,0,3.1797451508429098,1.247353635255789
M1,2025-07-28,2025-07-28/2025-08-03,2,1,2.4385399752152885,1.3226008736968418
SW-SE,2025-07-28,2025-07-28/2025-08-03,3,0,1.6832304372334104,0.7679796912666224
VL,2025-07-28,2025-07-28/2025-08-03,2,4,1.0932565062081798,2.128774735300003
SW-SE,2025-07-28,2025-07-28/2025-08-03,1,2,1.3679768046151077,1.2084256286029098
M1L,2025-07-28,2025-07-28/2025-08-03,3,0,2.036196858677609,0.9188334802246627
SW-AL,2025-07-28,2025-07-28/2025-08-03,4,3,1.6175283893027834,1.10628208142818
M1L,2025-07-28,2025-07-28/2025-08-03,1,1,3.776415462594246,1.50109519119149
M1,2025-07-29,2025-07-28/2025-08-03,3,1,1.8841620071433434,1.033986972573767
NL,2025-07-29,2025-07-28/2025-08-03,2,2,1.3802885966148521,1.1601133094108924
M2,2025-07-29,2025-07-28/2025-08-03,6,0,3.243074529271739,2.0192018614078684
NO-TS,2025-07-29,2025-07-28/2025-08-03,2,0,1.4095303217939876,1.3726286773235765
NO-OBOS,2025-07-30,2025-07-28/2025-08-03,0,3,1.8531227543865199,1.6302069282020841
NO-OBOS,2025-07-30,2025-07-28/2025-08-03,2,0,1.1378748147883142,1.980779861389111
NO-OBOS,2025-07-30,2025-07-28/2025-08-03,1,0,1.9090346235992937,2.0444769517999886
NO-OBOS,2025-07-30,2025-07-28/2025-08-03,3,1,1.345615534851277,2.3654107043207673
NO-OBOS,2025-07-30,2025-07-28/2025-08-03,2,0,1.4788292093575897,1.107205123501401
NO-OBOS,2025-07-30,2025-07-28/2025-08-03,0,0,1.3960485819700195,1.8498101167657015
NO-OBOS,2025-07-30,2025-07-28/2025-08-03,2,1,2.033598056667681,0.6629921565491815
NO-OBOS,2025-07-30,2025-07-28/2025-08-03,2,2,1.2107336637943245,1.118078066603367
NO-ELI,2025-07-30,2025-07-28/2025-08-03,1,0,4.630794307318244,0.7829892072013764
M1,2025-08-01,2025-07-28/2025-08-03,1,6,1.5664811838155481,1.144851682717359
SW-SE,2025-08-01,2025-07-28/2025-08-03,0,0,1.0414815748933113,1.6868263475197747
M1,2025-08-01,2025-07-28/2025-08-03,3,5,1.2371844195551354,1.0803155610920092
M1,2025-08-01,2025-07-28/2025-08-03,2,2,2.630669056374024,2.014514041465062
M2,2025-08-01,2025-07-28/2025-08-03,1,2,1.8568184478111078,1.3883619012708324
M2,2025-08-01,2025-07-28/2025-08-03,1,3,1.7736814515497925,2.0772174057024264
M2,2025-08-01,2025-07-28/2025-08-03,0,3,1.3424887629119304,2.4426158276497025
SW-EE,2025-08-01,2025-07-28/2025-08-03,0,1,2.3485689110531855,0.9744317761784398
VL,2025-08-01,2025-07-28/2025-08-03,1,1,1.8671903270471002,0.9567719524674423
NO-OBOS,2025-08-02,2025-07-28/2025-08-03,1,2,0.5904823658795632,1.9565620244054387
M1L,2025-08-02,2025-07-28/2025-08-03,1,2,2.0595640568721785,1.3208438400100004
M1L,2025-08-02,2025-07-28/2025-08-03,3,1,1.6760483721409893,1.2546001917593221
M1L,2025-08-02,2025-07-28/2025-08-03,0,3,1.09020931115712,2.0110515485959968
SW-EN,2025-08-02,2025-07-28/2025-08-03,3,2,1.5871831451006504,2.3738767112023647
SW-AL,2025-08-02,2025-07-28/2025-08-03,6,4,1.865028230867361,1.2923162629850478
SW-AL,2025-08-02,2025-07-28/2025-08-03,2,2,0.6414149258996935,1.8372471736018752
M2,2025-08-02,2025-07-28/2025-08-03,1,0,1.8756701915743557,1.4701429260015202
M2,2025-08-02,2025-07-28/2025-08-03,1,5,0.9014233894246229,4.232521722648048
M2,2025-08-02,2025-07-28/2025-08-03,2,1,2.6226320605479736,1.1486392923918063
M2,2025-08-02,2025-07-28/2025-08-03,8,0,2.9626548600469986,1.3575613604902106
SW-EE,2025-08-02,2025-07-28/2025-08-03,1,2,1.5985118829719835,1.9871245928071049
SW-EE,2025-08-02,2025-07-28/2025-08-03,0,3,1.0904416691536054,2.3180162165542018
SW-EE,2025-08-02,2025-07-28/2025-08-03,3,0,1.829315238590074,0.2763319061848758
SW-EE,2025-08-02,2025-07-28/2025-08-03,1,2,2.1787236825002374,1.9385247958594607
M1L,2025-08-02,2025-07-28/2025-08-03,0,3,2.5155713763107963,2.4180237342934396
M1L,2025-08-02,2025-07-28/2025-08-03,3,1,1.53657792194409,1.0495498509710193
SW-EN,2025-08-02,2025-07-28/2025-08-03,1,1,0.8390962090706376,1.091616133381529
VL,2025-08-02,2025-07-28/2025-08-03,0,1,1.4495059330735751,1.4235163012692102
NO-OBOS,2025-08-02,2025-07-28/2025-08-03,3,1,1.3509752230585763,1.5872677640592685
NO-OBOS,2025-08-02,2025-07-28/2025-08-03,4,0,2.759444939194794,0.9746745619411739
NO-OBOS,2025-08-02,2025-07-28/2025-08-03,1,1,2.166391777223938,1.194078972967861
M2,2025-08-02,2025-07-28/2025-08-03,6,0,3.9783640380558296,1.2991678699681388
SW-EN,2025-08-02,2025-07-28/2025-08-03,3,1,2.3478210725228013,0.6848046965268698
SW-EN,2025-08-02,2025-07-28/2025-08-03,0,0,1.8217930019016708,2.0462864459718837
SW-EN,2025-08-02,2025-07-28/2025-08-03,1,1,1.8080347697383312,1.6293023069130648
VL,2025-08-02,2025-07-28/2025-08-03,3,2,1.9369805434047649,0.7936619032802201
SW-SE,2025-08-02,2025-07-28/2025-08-03,2,2,1.1334926822908509,1.5199467240924829
SW-SE,2025-08-02,2025-07-28/2025-08-03,1,2,1.328791976658802,1.9718371943870494
SW-SE,2025-08-02,2025-07-28/2025-08-03,4,1,1.1797493793901945,1.2880342459177814
SW-SE,2025-08-02,2025-07-28/2025-08-03,0,0,0.6744143686281332,1.569697048838515
SW-SE,2025-08-02,2025-07-28/2025-08-03,2,5,1.4973722536252525,1.4260591069663018
NO-OBOS,2025-08-02,2025-07-28/2025-08-03,2,1,1.875739086956956,1.4434747366514395
NO-OBOS,2025-08-02,2025-07-28/2025-08-03,1,0,1.6781055825575313,1.6130300132066757
NO-OBOS,2025-08-02,2025-07-28/2025-08-03,3,3,1.8377947547579592,1.5076028853709877
M2,2025-08-02,2025-07-28/2025-08-03,3,0,1.900512274898948,1.6536270383872798
NO-OBOS,2025-08-02,2025-07-28/2025-08-03,0,3,1.3758310886290288,1.3555865752549723
NO-1DK,2025-08-02,2025-07-28/2025-08-03,1,2,3.072870722720398,1.3815221075999853
NO-1DK,2025-08-02,2025-07-28/2025-08-03,4,2,3.2090727381925324,1.0719210168520645
NO-PN2,2025-08-02,2025-07-28/2025-08-03,5,1,1.038528273157658,2.577719761829606
NO-1DK,2025-08-02,2025-07-28/2025-08-03,3,0,0.8055053162690601,1.010876799287548
NO-1DK,2025-08-02,2025-07-28/2025-08-03,2,0,1.4847219875889295,1.2297425542795328
NO-PN2,2025-08-02,2025-07-28/2025-08-03,4,1,3.256260476798734,0.6806853904814616
NO-PN2,2025-08-02,2025-07-28/2025-08-03,3,2,2.4640473146071717,1.0182727003218799
NO-PN2,2025-08-02,2025-07-28/2025-08-03,2,0,1.8425965564864277,1.0118297090364674
SW-ES,2025-08-02,2025-07-28/2025-08-03,0,1,0.6295997709722931,0.8866113937508598
SW-ES,2025-08-02,2025-07-28/2025-08-03,0,1,1.0546739779387158,1.1912816864634883
SW-ES,2025-08-02,2025-07-28/2025-08-03,0,4,1.5862796317762031,1.3734692910367374
NO-PN2,2025-08-02,2025-07-28/2025-08-03,1,1,2.1141073382725066,1.428485839204064
NL,2025-08-02,2025-07-28/2025-08-03,0,3,1.0367828665703558,2.58367083799581
SW-ES,2025-08-02,2025-07-28/2025-08-03,3,3,2.8366938276575255,0.8444253855149957
NO-ELI,2025-08-02,2025-07-28/2025-08-03,0,0,1.7482089699810046,1.1135898436709195
NO-ELI,2025-08-02,2025-07-28/2025-08-03,1,4,1.7177212128016865,1.0782688967772058
M1,2025-08-02,2025-07-28/2025-08-03,1,1,1.9394475397896294,1.8774650805372655
M1,2025-08-02,2025-07-28/2025-08-03,1,1,1.2850696824968242,1.6925793268112705
M1,2025-08-02,2025-07-28/2025-08-03,1,2,1.4386798514986796,1.1498335489802167
NL,2025-08-02,2025-07-28/2025-08-03,5,1,2.426835766731399,1.005200405490738
NO-PN2,2025-08-02,2025-07-28/2025-08-03,5,4,2.0687303062126254,1.6450076064607502
NO-ELI,2025-08-03,2025-07-28/2025-08-03,1,3,0.9517652081855195,2.406104287727302
SW-EN,2025-08-03,2025-07-28/2025-08-03,2,1,1.4878334258378363,1.4962793909320187
NO-ELI,2025-08-03,2025-07-28/2025-08-03,4,1,1.416178830165745,0.970425777080466
SW-AL,2025-08-03,2025-07-28/2025-08-03,1,2,1.3979848640989647,2.058906881139211
NO-PN2,2025-08-03,2025-07-28/2025-08-03,3,2,1.278022079294425,2.0516425869543755
VL,2025-08-03,2025-07-28/2025-08-03,3,0,3.061383353047233,1.3971886395572664
NO-ELI,2025-08-03,2025-07-28/2025-08-03,2,0,1.9379151054756765,1.250484219688822
NO-ELI,2025-08-03,2025-07-28/2025-08-03,2,0,2.1412454972122785,0.6652759757562434
M2,2025-08-03,2025-07-28/2025-08-03,0,1,1.8837745504403653,1.709997005836172
NO-1DK,2025-08-03,2025-07-28/2025-08-03,2,2,0.7023423765843091,1.3544743308666112
NL,2025-08-03,2025-07-28/2025-08-03,0,2,0.5083592575323983,3.1432670547196393
NL,2025-08-03,2025-07-28/2025-08-03,7,0,1.8004022697142945,0.6336440169850472
SW-EN,2025-08-03,2025-07-28/2025-08-03,4,0,1.4879527318646173,0.7797679213024825
SW-EE,2025-08-03,2025-07-28/2025-08-03,0,6,0.9115741523244347,2.347770107976986
SW-EE,2025-08-03,2025-07-28/2025-08-03,0,1,0.5651890156347174,1.9516056535533208
M2,2025-08-03,2025-07-28/2025-08-03,1,2,3.6838116204853106,2.472350978126403
M2,2025-08-03,2025-07-28/2025-08-03,5,0,3.3805027946277777,0.7675866753429017
NO-ELI,2025-08-03,2025-07-28/2025-08-03,2,1,1.3459725916268026,1.9924517971463198
SW-AL,2025-08-03,2025-07-28/2025-08-03,1,1,1.3502615982692183,0.9099590337805561
SW-AL,2025-08-03,2025-07-28/2025-08-03,1,1,1.9011782712471248,0.6635363675380922
SW-SE,2025-08-03,2025-07-28/2025-08-03,1,2,1.3883023106785954,1.697675113902779
NO-1DK,2025-08-03,2025-07-28/2025-08-03,2,0,1.43907593684059,1.1051494042266974
SW-SE,2025-08-04,2025-08-04/2025-08-10,0,2,0.9794926298820765,2.0215726321923597
SW-ES,2025-08-04,2025-08-04/2025-08-10,0,0,2.8959122733476907,1.4678974260981683
SW-ES,2025-08-04,2025-08-04/2025-08-10,2,2,1.2993704535513577,3.288245536152952
SW-ES,2025-08-04,2025-08-04/2025-08-10,2,1,1.339072121827922,1.2580238207978853
VL,2025-08-04,2025-08-04/2025-08-10,1,4,1.3930143551500689,1.5509848653127003
VL,2025-08-04,2025-08-04/2025-08-10,2,2,2.3878704516977094,1.0082378951953943
SW-EN,2025-08-04,2025-08-04/2025-08-10,1,1,1.715250593099438,1.2549208421913502
M2,2025-08-04,2025-08-04/2025-08-10,1,0,2.215379459977775,0.7712412898434884
SW-AL,2025-08-04,2025-08-04/2025-08-10,3,0,2.3020146609940677,0.9928154010900577
NO-TS,2025-08-05,2025-08-04/2025-08-10,5,0,2.359813807293161,1.1650105892788745
NO-TS,2025-08-05,2025-08-04/2025-08-10,0,0,1.0766895727310202,1.165378096115753
NO-TS,2025-08-05,2025-08-04/2025-08-10,1,1,0.7277472298260642,2.155501697151008
NO-TS,2025-08-05,2025-08-04/2025-08-10,2,0,1.6474201553595453,1.2548602680415888
NO-TS,2025-08-05,2025-08-04/2025-08-10,0,3,0.31799079047586243,2.5480994815516214
NO-OBOS,2025-08-06,2025-08-04/2025-08-10,2,1,1.7447493908750389,1.3012849016547474
NO-OBOS,2025-08-06,2025-08-04/2025-08-10,1,2,1.8597942866560921,1.1648251049839713
NO-OBOS,2025-08-06,2025-08-04/2025-08-10,1,2,1.1364119199455482,1.822128429850514
NO-OBOS,2025-08-06,2025-08-04/2025-08-10,2,0,1.7210256544179843,0.8544661537299347
NO-OBOS,2025-08-06,2025-08-04/2025-08-10,0,2,0.7797127316249943,2.269719167478423
NO-OBOS,2025-08-06,2025-08-04/2025-08-10,0,0,2.2308558655555837,1.5078759417582936
NO-OBOS,2025-08-06,2025-08-04/2025-08-10,0,2,1.0795558064912003,1.5871529391102097
M1,2025-08-06,2025-08-04/2025-08-10,4,2,1.6709762628177367,1.4395495035809656
M1,2025-08-06,2025-08-04/2025-08-10,5,0,2.8737888692034215,1.1827731990894226
M1,2025-08-06,2025-08-04/2025-08-10,2,2,3.378823993034384,1.5689027381172027
M1,2025-08-06,2025-08-04/2025-08-10,3,1,2.514103899292091,0.6656328631361398
M1,2025-08-06,2025-08-04/2025-08-10,1,0,2.12399965666047,0.6802891071094167
M1,2025-08-06,2025-08-04/2025-08-10,5,0,2.0080865136678177,1.2776204781907394
NO-OBOS,2025-08-06,2025-08-04/2025-08-10,2,2,1.7912012869693377,1.8292231473180218
M2,2025-08-07,2025-08-04/2025-08-10,4,0,4.161871756412924,1.2851376178309877
M2,2025-08-08,2025-08-04/2025-08-10,2,1,3.70161049546777,1.33213485374293
SW-EN,2025-08-08,2025-08-04/2025-08-10,2,3,2.3664826620119523,1.1732209135234852
M2,2025-08-08,2025-08-04/2025-08-10,1,5,2.645317826439328,1.426106838111799
M2,2025-08-08,2025-08-04/2025-08-10,1,3,0.5317917923159292,4.475424522015716
SW-DA,2025-08-08,2025-08-04/2025-08-10,7,0,3.3612305562727376,0.4709085768217174
SW-DA,2025-08-08,2025-08-04/2025-08-10,1,2,1.6267863796611561,1.144915151951301
SW-DA,2025-08-08,2025-08-04/2025-08-10,0,4,1.0944110261969,1.9898205662091353
SW-DA,2025-08-08,2025-08-04/2025-08-10,0,1,0.9451388031895985,1.5299630808034488
VL,2025-08-08,2025-08-04/2025-08-10,3,2,2.433071271172498,0.7331394623950122
M2,2025-08-08,2025-08-04/2025-08-10,1,2,1.1180251883776906,1.9008525074353757
SW-EN,2025-08-09,2025-08-04/2025-08-10,1,3,1.380819105572844,0.7147436899989703
SW-EN,2025-08-09,2025-08-04/2025-08-10,3,3,2.8297772974443998,1.4401947972780584
SW-EN,2025-08-09,2025-08-04/2025-08-10,1,2,2.121705902298295,1.7032952321626769
NO-ELI,2025-08-09,2025-08-04/2025-08-10,1,1,2.4142974918369298,1.0342122191692678
NO-ELI,2025-08-09,2025-08-04/2025-08-10,1,0,1.858729925464883,1.0476358134211683
SW-EE,2025-08-09,2025-08-04/2025-08-10,0,4,1.0627952375337881,1.8478053563813643
SW-ES,2025-08-09,2025-08-04/2025-08-10,4,1,1.98362664340976,2.522382983772517
SW-ES,2025-08-09,2025-08-04/2025-08-10,1,1,2.3950724300069317,1.3178205808395946
SW-ES,2025-08-09,2025-08-04/2025-08-10,0,0,1.7790678793352688,0.7777768820977768
SW-EE,2025-08-09,2025-08-04/2025-08-10,0,2,1.4147750315936076,0.8726359501998047
SW-EE,2025-08-09,2025-08-04/2025-08-10,1,3,3.1944620915956494,1.184840943639732
SW-EE,2025-08-09,2025-08-04/2025-08-10,0,4,0.4055926357430245,1.5956368218423003
SW-EE,2025-08-09,2025-08-04/2025-08-10,4,0,1.8809701396430507,0.5055159277695757
SW-EE,2025-08-09,2025-08-04/2025-08-10,1,0,4.178761462351361,0.9722152105321321
SW-EE,2025-08-09,2025-08-04/2025-08-10,2,0,2.414070434435845,1.1309999064446024
SW-ES,2025-08-09,2025-08-04/2025-08-10,1,1,1.2813484991569892,0.8847636130302334
SW-DA,2025-08-09,2025-08-04/2025-08-10,4,1,3.7032572876111076,1.0322288404704265
SW-DA,2025-08-09,2025-08-04/2025-08-10,2,0,0.9736309756415366,1.7794324257850451
SW-ES,2025-08-09,2025-08-04/2025-08-10,3,0,1.9606344742926531,0.8841646615217695
SW-ES,2025-08-09,2025-08-04/2025-08-10,0,4,0.9953865532398869,3.742688588328353
NO-PN1,2025-08-09,2025-08-04/2025-08-10,1,3,1.473038439572653,1.464650357815156
SW-SE,2025-08-09,2025-08-04/2025-08-10,0,0,2.051199822646285,0.9692299375489513
NO-1DK,2025-08-09,2025-08-04/2025-08-10,1,3,0.9579402216134487,1.9086194993943906
NO-1DK,2025-08-09,2025-08-04/2025-08-10,2,0,2.874214213264078,0.7554167721733149
NO-TS,2025-08-09,2025-08-04/2025-08-10,0,3,0.7854464431344036,1.811788060303059
NO-PN1,2025-08-09,2025-08-04/2025-08-10,0,2,1.146447339451369,3.1808155608400486
NO-PN1,2025-08-09,2025-08-04/2025-08-10,3,0,2.530497265476858,1.1537741267702746
NO-PN1,2025-08-09,2025-08-04/2025-08-10,2,2,1.9110543705976246,1.1933019983955577
NO-TS,2025-08-09,2025-08-04/2025-08-10,3,0,3.8566841472938256,0.3896993601006486
NO-TS,2025-08-09,2025-08-04/2025-08-10,0,3,1.0408392375392488,1.731202845318029
NO-TS,2025-08-09,2025-08-04/2025-08-10,1,2,1.647805092983655,0.9385351405835628
NO-TS,2025-08-09,2025-08-04/2025-08-10,1,0,1.073152946036422,1.4171219153741443
NO-PN2,2025-08-09,2025-08-04/2025-08-10,0,1,1.4008683725160633,2.8016018689354225
NO-PN2,2025-08-09,2025-08-04/2025-08-10,2,1,2.1091058004752616,1.5233383708966493
NO-PN2,2025-08-09,2025-08-04/2025-08-10,2,1,2.528536687054505,1.9208952663173382
VL,2025-08-09,2025-08-04/2025-08-10,2,1,1.4330518186722812,1.091083683752585
VL,2025-08-09,2025-08-04/2025-08-10,0,2,1.0676721263157147,2.4191973123560544
VL,2025-08-09,2025-08-04/2025-08-10,2,5,1.16476237648778,1.5019643719821882
M2,2025-08-09,2025-08-04/2025-08-10,4,0,1.2231659634417629,0.9777806950940775
SW-AL,2025-08-09,2025-08-04/2025-08-10,1,3,0.995065440987041,1.0687423838772487
SW-AL,2025-08-09,2025-08-04/2025-08-10,0,1,1.178912459209753,1.561021640287783
NL,2025-08-09,2025-08-04/2025-08-10,2,3,1.5938007405145969,1.3315450804932367
NL,2025-08-09,2025-08-04/2025-08-10,1,10,1.0938457636193686,1.4389831108001365
NL,2025-08-09,2025-08-04/2025-08-10,2,0,4.14727867959716,0.27985213472910697
NL,2025-08-09,2025-08-04/2025-08-10,1,4,1.3572136267613213,2.678243211744112
M2,2025-08-09,2025-08-04/2025-08-10,10,2,3.425534068741167,1.346922099140327
SW-SE,2025-08-09,2025-08-04/2025-08-10,1,0,1.5549634792868214,1.0352409121669175
M2,2025-08-09,2025-08-04/2025-08-10,4,2,2.47516068206717,2.711610430652925
M2,2025-08-09,2025-08-04/2025-08-10,1,2,2.573288128367575,2.2020295299628234
M2,2025-08-09,2025-08-04/2025-08-10,0,4,1.5920729164364482,3.8349134501218343
M2,2025-08-09,2025-08-04/2025-08-10,3,0,1.2841190026266225,1.3326645304991893
NO-1DK,2025-08-09,2025-08-04/2025-08-10,1,5,0.9497978941663417,2.1781599450471396
NO-1DK,2025-08-09,2025-08-04/2025-08-10,1,1,1.695245622026592,1.2229622659622337
M2,2025-08-09,2025-08-04/2025-08-10,2,1,2.075364703016103,1.2507544755172706
SW-SE,2025-08-09,2025-08-04/2025-08-10,2,0,1.6913907963378085,1.3899079874913127
SW-SE,2025-08-09,2025-08-04/2025-08-10,0,1,1.9114347050960772,1.6409088696031122
M1,2025-08-10,2025-08-04/2025-08-10,0,0,1.9506386021708546,1.4090805514956375
M1,2025-08-10,2025-08-04/2025-08-10,2,1,2.2892710652400434,0.9313547412931287
M1,2025-08-10,2025-08-04/2025-08-10,3,1,2.2700020818448214,2.6339544062116484
M1,2025-08-10,2025-08-04/2025-08-10,3,2,1.0929540568977865,1.9540945609893732
M1,2025-08-10,2025-08-04/2025-08-10,2,1,1.3005179076816122,1.4852202380396191
NO-PN1,2025-08-10,2025-08-04/2025-08-10,0,2,1.3979832201818485,1.2450993189716175
NO-PN1,2025-08-10,2025-08-04/2025-08-10,5,0,3.4389043210767603,0.894542060778711
NO-OBOS,2025-08-10,2025-08-04/2025-08-10,1,2,1.3176346255706073,1.2084007521604572
NO-1DK,2025-08-10,2025-08-04/2025-08-10,4,0,2.383472609524733,0.7744737690673889
NO-1DK,2025-08-10,2025-08-04/2025-08-10,1,1,1.6741597191721258,0.917307626474787
SW-ES,2025-08-10,2025-08-04/2025-08-10,3,0,1.4682919668157584,0.5288073548894554
SW-AL,2025-08-10,2025-08-04/2025-08-10,0,0,1.4060083076976566,2.043041614768455
SW-AL,2025-08-10,2025-08-04/2025-08-10,0,0,1.0819404442159999,0.8192618751329781
NO-OBOS,2025-08-10,2025-08-04/2025-08-10,5,1,1.8357507439146232,0.6936660920040743
NO-OBOS,2025-08-10,2025-08-04/2025-08-10,0,2,1.0779028229026701,1.9724540581505519
NO-OBOS,2025-08-10,2025-08-04/2025-08-10,2,1,2.4144104671689264,1.3265617702325292
NO-OBOS,2025-08-10,2025-08-04/2025-08-10,2,1,1.7046481300055525,1.14342684490084
NO-ELI,2025-08-10,2025-08-04/2025-08-10,0,0,1.141432985668639,1.929609695627558
NO-ELI,2025-08-10,2025-08-04/2025-08-10,3,2,0.4608625318975668,2.160719725584609
NO-ELI,2025-08-10,2025-08-04/2025-08-10,1,2,2.029071836792789,1.8270855952562157
NO-OBOS,2025-08-10,2025-08-04/2025-08-10,2,3,1.2282964687759796,2.160017422159026
NO-PN1,2025-08-10,2025-08-04/2025-08-10,1,1,1.9119217897531053,1.5307650706214864
SW-AL,2025-08-10,2025-08-04/2025-08-10,0,2,1.1664622981870363,2.336033999765301
NO-OBOS,2025-08-10,2025-08-04/2025-08-10,1,2,1.762159659732946,1.6780798152820235
NO-PN2,2025-08-10,2025-08-04/2025-08-10,3,1,1.414243823635257,1.029195413982273
SW-EN,2025-08-10,2025-08-04/2025-08-10,1,0,2.919416208987015,0.7992713668047221
SW-SE,2025-08-10,2025-08-04/2025-08-10,2,0,1.4007387864143972,0.9506453880873158
SW-EN,2025-08-10,2025-08-04/2025-08-10,4,1,2.1276890194930513,0.7269214423570978
SW-EN,2025-08-10,2025-08-04/2025-08-10,1,0,1.4427864484691768,0.9985949163587146
SW-SE,2025-08-10,2025-08-04/2025-08-10,0,2,1.188891805895781,0.8572451891980577
NO-OBOS,2025-08-10,2025-08-04/2025-08-10,0,2,1.4634499087987982,1.6199899148978723
SW-AL,2025-08-10,2025-08-04/2025-08-10,1,1,0.9588090158632255,1.490692784962709
SW-SE,2025-08-10,2025-08-04/2025-08-10,3,0,1.6995728091207445,1.5637540823368734
M2,2025-08-10,2025-08-04/2025-08-10,0,4,0.661643789170292,6.859562547323758
VL,2025-08-10,2025-08-04/2025-08-10,1,2,1.5178270511131,1.906788655580208
NO-PN2,2025-08-10,2025-08-04/2025-08-10,4,3,2.4001878849787874,1.4787600673094832
SW-DA,2025-08-10,2025-08-04/2025-08-10,2,1,1.8069650351083966,1.1945185934590574
NO-PN2,2025-08-10,2025-08-04/2025-08-10,2,1,0.8364477321666458,1.9304135328465848
NO-PN2,2025-08-10,2025-08-04/2025-08-10,2,0,1.596042914367416,1.6343620969922639
M2,2025-08-10,2025-08-04/2025-08-10,3,1,2.351734682317521,1.5616482561194374
SW-ES,2025-08-11,2025-08-11/2025-08-17,2,1,1.0601814733123405,1.4361484396385091
VL,2025-08-11,2025-08-11/2025-08-17,5,1,1.7498004643070064,1.8388674314067697
SW-EN,2025-08-11,2025-08-11/2025-08-17,1,1,1.2683421304558327,1.0542051012631095
SW-AL,2025-08-11,2025-08-11/2025-08-17,2,2,2.251314158840529,0.9667604032069025
SW-AL,2025-08-11,2025-08-11/2025-08-17,0,1,1.7702068642674849,1.0050440688822604
SW-SE,2025-08-12,2025-08-11/2025-08-17,2,1,2.2328011396544545,0.839331380157168
SW-DA,2025-08-12,2025-08-11/2025-08-17,2,2,0.9212615349808806,1.8772664035115822
SW-EE,2025-08-13,2025-08-11/2025-08-17,2,1,1.1116116905267839,1.5569692390811307
NO-TS,2025-08-13,2025-08-11/2025-08-17,4,1,3.3454564910288287,0.9294256467851906
SW-ES,2025-08-15,2025-08-11/2025-08-17,0,3,2.3653478919029083,1.1524301558834518
SW-EN,2025-08-15,2025-08-11/2025-08-17,3,2,1.423285575334065,2.4399297846537227
SW-EN,2025-08-15,2025-08-11/2025-08-17,5,4,1.7537719701050791,1.5600904454216349
VL,2025-08-15,2025-08-11/2025-08-17,0,0,1.7029858208608828,1.6578595398930365
SW-EE,2025-08-15,2025-08-11/2025-08-17,2,1,1.0867103355266021,1.1419583484273135
NO-TS,2025-08-15,2025-08-11/2025-08-17,0,4,0.9813693667081876,1.023706726692248
M1L,2025-08-15,2025-08-11/2025-08-17,1,3,1.90018595421581,1.442906503213176
SW-EE,2025-08-15,2025-08-11/2025-08-17,3,1,1.8879729981661721,1.890128912410268
NL,2025-08-15,2025-08-11/2025-08-17,1,0,0.5679306255181246,1.6716623269560111
NO-ELI,2025-08-15,2025-08-11/2025-08-17,0,5,0.88270265483179,2.8674879927058123
SW-SE,2025-08-15,2025-08-11/2025-08-17,3,2,1.3081989935990674,0.5128184193452071
M1,2025-08-15,2025-08-11/2025-08-17,1,2,2.3841038345616976,1.2041134262615758
SW-SE,2025-08-15,2025-08-11/2025-08-17,1,1,1.623043660959635,1.5807472996873402
M1L,2025-08-15,2025-08-11/2025-08-17,2,0,2.180454233996613,0.9840664326067257
SW-AL,2025-08-16,2025-08-11/2025-08-17,2,1,1.458430459647016,2.285155139865228
SW-EN,2025-08-16,2025-08-11/2025-08-17,1,4,1.536227817385163,2.3514911763686
SW-EN,2025-08-16,2025-08-11/2025-08-17,5,1,1.214337463077466,1.3699785571685927
SW-EN,2025-08-16,2025-08-11/2025-08-17,2,1,1.2238389907131626,1.3866908370071747
VL,2025-08-16,2025-08-11/2025-08-17,3,0,1.4964547798659762,1.487753908994993
VL,2025-08-16,2025-08-11/2025-08-17,0,4,1.0623372463564966,2.4499459475312446
SW-SE,2025-08-16,2025-08-11/2025-08-17,1,3,1.0723075102113198,1.2699917562259817
M2,2025-08-16,2025-08-11/2025-08-17,1,2,1.3666505505971478,1.4180663355294367
M2,2025-08-16,2025-08-11/2025-08-17,4,0,2.945658904208312,0.7769341982349242
M2,2025-08-16,2025-08-11/2025-08-17,1,0,1.9293576933649248,1.634841268560857
NO-PN2,2025-08-16,2025-08-11/2025-08-17,0,2,1.5270293357151432,0.7173026332037519
NO-PN2,2025-08-16,2025-08-11/2025-08-17,2,1,1.7501645700907869,1.4362335715819936
NO-PN2,2025-08-16,2025-08-11/2025-08-17,2,2,1.3667982169077078,2.270700822490683
NO-PN2,2025-08-16,2025-08-11/2025-08-17,2,1,2.8703217111979797,1.129281720870022
NO-PN2,2025-08-16,2025-08-11/2025-08-17,6,2,2.803450062277193,0.912719168826709
SW-EE,2025-08-16,2025-08-11/2025-08-17,0,4,1.7296880899595253,1.2753381004455235
SW-EE,2025-08-16,2025-08-11/2025-08-17,2,1,1.1584191164674016,0.8136703073584942
SW-EE,2025-08-16,2025-08-11/2025-08-17,1,2,0.791975911249484,2.0467472304909693
M2,2025-08-16,2025-08-11/2025-08-17,2,1,1.9809747562741746,0.8524933733456932
M2,2025-08-16,2025-08-11/2025-08-17,4,0,2.679536392152394,1.4779970423397508
SW-EN,2025-08-16,2025-08-11/2025-08-17,3,1,1.82004658055142,0.8196598738491037
SW-SE,2025-08-16,2025-08-11/2025-08-17,0,1,0.6462506891148742,2.007242450963086
M2,2025-08-16,2025-08-11/2025-08-17,3,0,5.099502631318501,0.9241637714785303
SW-AL,2025-08-16,2025-08-11/2025-08-17,0,4,0.6416563197207921,1.8952957895683715
M1L,2025-08-16,2025-08-11/2025-08-17,0,1,1.5782199253334785,1.4973814030431103
M1L,2025-08-16,2025-08-11/2025-08-17,2,2,3.160026657550778,0.8825674546971387
M2,2025-08-16,2025-08-11/2025-08-17,4,2,2.353840084969989,2.216702138146676
M2,2025-08-16,2025-08-11/2025-08-17,2,3,1.7516462044151322,4.209696471593197
M2,2025-08-16,2025-08-11/2025-08-17,11,0,5.949355075309397,0.7413712975176604
SW-SE,2025-08-16,2025-08-11/2025-08-17,3,1,1.5446771782404691,1.7712222044908943
M2,2025-08-16,2025-08-11/2025-08-17,2,3,2.206164703844291,2.3105450773147727
SW-SE,2025-08-16,2025-08-11/2025-08-17,0,0,1.5433303725829277,1.1702447430058853
SW-EN,2025-08-16,2025-08-11/2025-08-17,0,2,0.8388474237606701,1.8160539909455762
SW-DA,2025-08-16,2025-08-11/2025-08-17,2,1,1.5767768611894493,0.9429219098316922
SW-DA,2025-08-16,2025-08-11/2025-08-17,0,5,0.9244976561919418,2.6751906600979862
M2,2025-08-16,2025-08-11/2025-08-17,4,1,1.5573457054880713,1.8513902512630434
M2,2025-08-16,2025-08-11/2025-08-17,1,0,1.608359140128758,1.3915392370726722
M1,2025-08-16,2025-08-11/2025-08-17,3,1,1.6527684751750902,1.7578185433121416
M1,2025-08-16,2025-08-11/2025-08-17,2,1,2.613437608208063,0.8159480725473436
M1,2025-08-16,2025-08-11/2025-08-17,2,3,1.6266875922198536,0.9733724374404461
M1,2025-08-16,2025-08-11/2025-08-17,2,2,1.9011999790724559,1.2047580360473775
M2,2025-08-16,2025-08-11/2025-08-17,7,0,2.934446839392871,0.7945432894092305
M2,2025-08-16,2025-08-11/2025-08-17,7,0,3.5629635046986645,0.8101444110185347
SW-DA,2025-08-16,2025-08-11/2025-08-17,3,2,0.8428415470535029,2.3029455863071813
NO-OBOS,2025-08-16,2025-08-11/2025-08-17,3,0,1.600718244017568,0.8648871993044488
NO-PN1,2025-08-16,2025-08-11/2025-08-17,0,3,1.3797780443261025,1.372542923240987
NO-TS,2025-08-16,2025-08-11/2025-08-17,1,1,1.1068301610474833,1.5900936720354741
NO-1DK,2025-08-16,2025-08-11/2025-08-17,0,3,2.1098845567300235,1.7683935409530998
NO-1DK,2025-08-16,2025-08-11/2025-08-17,2,0,2.0213836975178734,0.7321999746650119
NO-1DK,2025-08-16,2025-08-11/2025-08-17,2,1,3.618578149779813,0.7876285690535365
NO-TS,2025-08-16,2025-08-11/2025-08-17,2,1,2.135624282731428,0.6900996717705224
SW-ES,2025-08-16,2025-08-11/2025-08-17,3,2,1.8440248095524192,0.7159355819342703
SW-ES,2025-08-16,2025-08-11/2025-08-17,3,3,2.881045718916787,1.7505800637549422
NO-TS,2025-08-16,2025-08-11/2025-08-17,0,0,3.864363395636835,0.4979953712346744
SW-ES,2025-08-16,2025-08-11/2025-08-17,2,1,0.9730528804395058,1.663574839657384
NO-TS,2025-08-16,2025-08-11/2025-08-17,2,1,1.54005430593722,0.6347303439780267
SW-ES,2025-08-16,2025-08-11/2025-08-17,1,4,0.8398380854508989,1.1693342810677607
SW-ES,2025-08-16,2025-08-11/2025-08-17,2,4,0.97056980366361,2.0505688635241532
SW-ES,2025-08-16,2025-08-11/2025-08-17,3,1,2.6147584510879582,1.1005955429874628
SW-DA,2025-08-17,2025-08-11/2025-08-17,2,0,1.6831146031455202,0.7303767101536274
NO-ELI,2025-08-17,2025-08-11/2025-08-17,0,0,1.8321758055523265,0.9912396662043995
NO-ELI,2025-08-17,2025-08-11/2025-08-17,4,0,1.7602161128552438,1.5175769273205366
NO-OBOS,2025-08-17,2025-08-11/2025-08-17,1,1,1.4857312503399072,1.0713970339194132
NO-OBOS,2025-08-17,2025-08-11/2025-08-17,2,2,1.3624647945079833,1.46778492187933
SW-DA,2025-08-17,2025-08-11/2025-08-17,1,1,1.9862442902940205,1.388143155712197
SW-SE,2025-08-17,2025-08-11/2025-08-17,1,3,0.8845019857972334,2.5332753995990784
SW-AL,2025-08-17,2025-08-11/2025-08-17,1,2,1.3195722117162787,1.0466932283798218
NO-PN2,2025-08-17,2025-08-11/2025-08-17,2,1,2.735617803915087,1.1374816814960382
NO-PN2,2025-08-17,2025-08-11/2025-08-17,2,0,2.4316150950807236,2.437582187209652
VL,2025-08-17,2025-08-11/2025-08-17,1,2,1.0955227117199284,2.611450339926754
NO-ELI,2025-08-17,2025-08-11/2025-08-17,1,0,1.3526644555476501,1.1368823607606553
SW-AL,2025-08-17,2025-08-11/2025-08-17,0,2,1.2607127347149787,0.9690575481650081
SW-AL,2025-08-17,2025-08-11/2025-08-17,1,1,1.5555470721952875,0.6973820953407075
SW-AL,2025-08-17,2025-08-11/2025-08-17,2,4,2.055437185942217,1.4040066306099697
SW-AL,2025-08-17,2025-08-11/2025-08-17,2,1,1.0353237156035224,1.221702642194683
SW-SE,2025-08-17,2025-08-11/2025-08-17,0,1,1.418673895967224,1.6458518712786778
VL,2025-08-17,2025-08-11/2025-08-17,2,1,1.0470130131936615,1.5417154786467497
NO-ELI,2025-08-17,2025-08-11/2025-08-17,1,2,1.8250174056462003,1.3063509569115062
NO-ELI,2025-08-17,2025-08-11/2025-08-17,2,2,1.0838640130322597,1.9676848233141389
SW-DA,2025-08-17,2025-08-11/2025-08-17,2,0,1.9133413113755626,0.634586090722694
NO-PN1,2025-08-17,2025-08-11/2025-08-17,0,0,1.9600471501922094,1.0663448236501458
NO-PN1,2025-08-17,2025-08-11/2025-08-17,1,1,2.2893257457127896,0.9812723348308389
NO-PN1,2025-08-17,2025-08-11/2025-08-17,4,1,2.45930385747342,0.7951615140461245
NO-PN1,2025-08-17,2025-08-11/2025-08-17,0,1,1.287955457397746,1.427606893825207
SW-DA,2025-08-17,2025-08-11/2025-08-17,0,5,1.1167360519948326,3.527331827731542
SW-EN,2025-08-17,2025-08-11/2025-08-17,0,2,0.8948714595371384,1.7532490119696926
NO-PN1,2025-08-17,2025-08-11/2025-08-17,1,0,2.3322143309976,1.3727377391986455
NO-1DK,2025-08-17,2025-08-11/2025-08-17,2,0,1.754694052579202,0.7250888740292907
NO-1DK,2025-08-17,2025-08-11/2025-08-17,5,5,1.777005647458879,1.0385517057122198
SW-ES,2025-08-17,2025-08-11/2025-08-17,5,0,1.1809321929723284,0.5629055398997108
SW-EE,2025-08-17,2025-08-11/2025-08-17,4,0,2.20488363502342,0.5734384671887136
SW-EE,2025-08-17,2025-08-11/2025-08-17,4,0,3.7964473594355894,0.7507504332007463
NO-1DK,2025-08-17,2025-08-11/2025-08-17,0,0,0.8379691282749957,1.382594710932518
SW-AL,2025-08-18,2025-08-18/2025-08-24,3,2,1.6746825942457642,1.0116168871063298
M1L,2025-08-18,2025-08-18/2025-08-24,2,3,2.1387883897198354,1.3975268223985444
M1,2025-08-18,2025-08-18/2025-08-24,1,3,3.4600972844972184,1.1647729996028544
VL,2025-08-18,2025-08-18/2025-08-24,0,4,1.1415849860226162,1.7357096065359872
NO-OBOS,2025-08-18,2025-08-18/2025-08-24,4,3,2.8558782134552954,1.2846769905434892
NO-OBOS,2025-08-18,2025-08-18/2025-08-24,1,2,1.3755945268572212,1.8893980408661286
NO-OBOS,2025-08-18,2025-08-18/2025-08-24,6,0,1.6253817011600407,1.2554951394750553
NO-OBOS,2025-08-18,2025-08-18/2025-08-24,4,2,1.3124233335028601,1.5429441853027257
NO-PN1,2025-08-18,2025-08-18/2025-08-24,2,1,2.5298303503660344,2.495779471721351
NO-OBOS,2025-08-19,2025-08-18/2025-08-24,1,1,1.8567629150608782,1.1162823295992468
NO-TS,2025-08-20,2025-08-18/2025-08-24,3,1,3.654359930663167,0.7866853951225873
NO-TS,2025-08-20,2025-08-18/2025-08-24,0,2,0.3612506684188543,3.4008323022274873
M1,2025-08-21,2025-08-18/2025-08-24,1,1,2.004619442559313,0.8732473004734974
M1L,2025-08-22,2025-08-18/2025-08-24,0,0,2.1764083834077503,1.0319942477684059
M1L,2025-08-22,2025-08-18/2025-08-24,0,2,1.4039076703003308,1.4494430209325857
SW-DA,2025-08-22,2025-08-18/2025-08-24,1,0,2.497923008514959,1.219706636309428
NL,2025-08-22,2025-08-18/2025-08-24,5,2,3.0257820754552216,0.806647441799098
NL,2025-08-22,2025-08-18/2025-08-24,0,4,0.9744088719618335,1.5428735615869014
M1,2025-08-22,2025-08-18/2025-08-24,0,2,1.328777644586424,1.356253526431037
SW-DA,2025-08-22,2025-08-18/2025-08-24,2,3,1.6763991222341001,1.2022545284007706
VL,2025-08-22,2025-08-18/2025-08-24,3,2,2.0373719398763286,1.0156645077995623
NO-ELI,2025-08-22,2025-08-18/2025-08-24,2,2,1.8438476519346745,0.7119439583835464
M1L,2025-08-22,2025-08-18/2025-08-24,2,1,3.08333502515932,1.8117465563118054
NO-PN1,2025-08-23,2025-08-18/2025-08-24,2,0,1.4476730643866218,1.3620350056352208
SW-DA,2025-08-23,2025-08-18/2025-08-24,0,1,1.2586934891688142,1.3340115248860134
NO-PN1,2025-08-23,2025-08-18/2025-08-24,4,2,1.0151322362501856,1.8858470336583706
NO-PN2,2025-08-23,2025-08-18/2025-08-24,2,1,2.1785081069009578,1.133269485657027
NO-PN2,2025-08-23,2025-08-18/2025-08-24,1,5,1.7952882050208434,1.8617590631143601
NO-TS,2025-08-23,2025-08-18/2025-08-24,1,1,1.379162282566517,0.7182778336477537
SW-ES,2025-08-23,2025-08-18/2025-08-24,1,1,2.266952876276798,1.4029055054557513
SW-ES,2025-08-23,2025-08-18/2025-08-24,2,1,2.0008937724730496,0.884562386694272
SW-ES,2025-08-23,2025-08-18/2025-08-24,2,0,2.2444430043653654,1.4342214136423441
M1,2025-08-23,2025-08-18/2025-08-24,4,3,1.2412438446947398,1.6311960601841464
M1,2025-08-23,2025-08-18/2025-08-24,0,3,2.011365358146175,1.6297691637706964
M1,2025-08-23,2025-08-18/2025-08-24,1,1,2.236463112317643,1.4770087265317
NO-1DK,2025-08-23,2025-08-18/2025-08-24,2,2,2.1206611874283348,0.6713257880984057
NO-1DK,2025-08-23,2025-08-18/2025-08-24,1,0,0.6433122717703942,0.867339677759294
SW-ES,2025-08-23,2025-08-18/2025-08-24,1,1,1.4974165269186634,2.2686845205458144
SW-ES,2025-08-23,2025-08-18/2025-08-24,1,3,1.7115870308428407,1.179967186298355
SW-ES,2025-08-23,2025-08-18/2025-08-24,1,0,1.8574097023805691,0.7169350567831615
NO-OBOS,2025-08-23,2025-08-18/2025-08-24,1,1,1.5911668036264066,1.2289295758856131
NO-OBOS,2025-08-23,2025-08-18/2025-08-24,1,1,1.3795573322433585,1.741203016272449
NO-OBOS,2025-08-23,2025-08-18/2025-08-24,1,2,1.3026744534243802,1.57089356901038
NO-OBOS,2025-08-23,2025-08-18/2025-08-24,1,1,1.7121199361843942,1.1230295745861427
NO-OBOS,2025-08-23,2025-08-18/2025-08-24,1,2,0.7173144164011591,2.344812136753379
SW-EN,2025-08-23,2025-08-18/2025-08-24,3,0,2.7553222235064685,1.0598451632712147
NO-OBOS,2025-08-23,2025-08-18/2025-08-24,3,1,2.3696042291494974,1.5583615101365047
NO-OBOS,2025-08-23,2025-08-18/2025-08-24,3,1,1.9615372938348734,1.1383716459550934
M1L,2025-08-23,2025-08-18/2025-08-24,0,1,3.117276185494891,1.2651700544475957
M1L,2025-08-23,2025-08-18/2025-08-24,0,1,0.6892080265212994,1.4585287443376955
SW-DA,2025-08-23,2025-08-18/2025-08-24,1,3,3.253385479253455,0.5708035577055316
NO-TS,2025-08-23,2025-08-18/2025-08-24,1,0,1.5836419934123789,0.7086155722614362
NO-TS,2025-08-23,2025-08-18/2025-08-24,1,1,0.8004704094036665,1.7357793955336884
NO-OBOS,2025-08-23,2025-08-18/2025-08-24,2,3,0.8410752183067393,1.7722541724438146
SW-DA,2025-08-23,2025-08-18/2025-08-24,2,5,0.9485533103164933,2.3089396539582436
SW-EE,2025-08-23,2025-08-18/2025-08-24,0,1,2.7087853015269325,1.0331090355084018
SW-EE,2025-08-23,2025-08-18/2025-08-24,0,1,1.5575707055088306,1.2366967555316448
SW-EE,2025-08-23,2025-08-18/2025-08-24,2,0,1.067593065444695,0.581861308160308
SW-SE,2025-08-23,2025-08-18/2025-08-24,2,2,2.523469620618361,1.3758262314892773
NO-PN2,2025-08-23,2025-08-18/2025-08-24,2,2,1.6194983911322214,2.146582860332326
VL,2025-08-23,2025-08-18/2025-08-24,1,0,1.4302507903091841,1.7709949577668804
SW-EE,2025-08-23,2025-08-18/2025-08-24,1,1,1.9805331769135597,1.2733963779486739
SW-EE,2025-08-23,2025-08-18/2025-08-24,2,3,1.387680821624698,2.514843885893918
SW-EE,2025-08-23,2025-08-18/2025-08-24,0,1,0.6060389439731899,3.4787482310382765
NO-PN2,2025-08-23,2025-08-18/2025-08-24,1,4,1.112679905499405,1.1899384591624573
NO-PN2,2025-08-23,2025-08-18/2025-08-24,2,2,2.3462439433553404,1.9083324043557122
SW-AL,2025-08-24,2025-08-18/2025-08-24,0,0,1.6506559403429046,1.0497483818901725
NO-PN1,2025-08-24,2025-08-18/2025-08-24,0,1,1.8039543969008003,0.990383421303774
NO-PN1,2025-08-24,2025-08-18/2025-08-24,1,1,1.6382936589421235,3.0338978050676455
NO-PN1,2025-08-24,2025-08-18/2025-08-24,2,4,1.4861199512135979,2.1741503522809724
SW-AL,2025-08-24,2025-08-18/2025-08-24,1,5,1.572913817159253,1.4713081443346887
SW-AL,2025-08-24,2025-08-18/2025-08-24,1,0,1.6168398779990236,1.2116160462579693
SW-AL,2025-08-24,2025-08-18/2025-08-24,3,1,1.08061500233115,1.953753719924468
NO-PN1,2025-08-24,2025-08-18/2025-08-24,0,0,2.194096099829013,0.4989153616419306
SW-AL,2025-08-24,2025-08-18/2025-08-24,0,1,0.6023496898290234,1.7543404172935075
SW-EN,2025-08-24,2025-08-18/2025-08-24,2,3,2.0200163439713794,1.5640275467829836
SW-SE,2025-08-24,2025-08-18/2025-08-24,3,0,1.9794992606888808,1.439859875619287
NO-PN1,2025-08-24,2025-08-18/2025-08-24,1,1,2.3820603664623827,1.3392738867177523
SW-SE,2025-08-24,2025-08-18/2025-08-24,1,1,1.8327534948844892,1.0346244859549152
NO-PN2,2025-08-24,2025-08-18/2025-08-24,2,2,2.3556435339402757,1.5592003717411218
M1,2025-08-24,2025-08-18/2025-08-24,1,1,2.502385681410013,1.9146787231295155
VL,2025-08-24,2025-08-18/2025-08-24,8,2,2.9283420302179985,0.9952501600037855
VL,2025-08-24,2025-08-18/2025-08-24,1,3,0.8774144220994861,1.5448938501992442
NO-1DK,2025-08-24,2025-08-18/2025-08-24,3,1,1.4453170656130616,1.058102372219475
NO-1DK,2025-08-24,2025-08-18/2025-08-24,1,1,1.2743656902758542,2.804354169517796
NO-1DK,2025-08-24,2025-08-18/2025-08-24,2,1,3.217029543424424,0.7492842810133827
NO-1DK,2025-08-24,2025-08-18/2025-08-24,1,4,1.6589685918808534,2.6031339865841137
NO-PN2,2025-08-24,2025-08-18/2025-08-24,5,3,1.679489683309264,1.2900458577755323
NL,2025-08-24,2025-08-18/2025-08-24,0,2,1.1459407935722805,2.9556155350060154
SW-AL,2025-08-24,2025-08-18/2025-08-24,1,2,2.281319435594093,0.8149641500566048
NO-ELI,2025-08-24,2025-08-18/2025-08-24,2,3,0.6960141698476575,2.2761261479819703
NO-ELI,2025-08-24,2025-08-18/2025-08-24,2,2,1.8907966084225956,1.0460466361491425
SW-EN,2025-08-24,2025-08-18/2025-08-24,3,1,1.6815975215583385,0.7156150472291586
SW-EN,2025-08-24,2025-08-18/2025-08-24,4,2,1.6523457667966805,1.4880773695979403
SW-EN,2025-08-24,2025-08-18/2025-08-24,2,0,1.5036829212899476,1.0367450626161823
SW-EN,2025-08-24,2025-08-18/2025-08-24,2,1,2.2160585881853434,0.4803906972841395
SW-ES,2025-08-24,2025-08-18/2025-08-24,1,3,1.1753416416811575,2.0943271483387877
SW-EN,2025-08-24,2025-08-18/2025-08-24,0,1,1.7033745972158882,2.3435744603850734
SW-DA,2025-08-24,2025-08-18/2025-08-24,1,3,1.1404558098917974,1.6586329839553349
SW-DA,2025-08-24,2025-08-18/2025-08-24,3,0,0.737124843983913,2.0923359608118424
NO-ELI,2025-08-24,2025-08-18/2025-08-24,2,0,1.380303185316056,1.249920903668229
SW-EE,2025-08-24,2025-08-18/2025-08-24,1,0,2.4562774633977806,0.4459631080273768
SW-EN,2025-08-25,2025-08-25/2025-08-31,4,3,2.0972407496078276,1.500938419326755
VL,2025-08-25,2025-08-25/2025-08-31,2,3,1.0585267614343954,2.231439227435093
SW-SE,2025-08-25,2025-08-25/2025-08-31,1,0,0.908366629099086,1.5411169444008948
VL,2025-08-25,2025-08-25/2025-08-31,3,2,2.0116046917217814,1.2830695060918618
SW-SE,2025-08-25,2025-08-25/2025-08-31,1,1,1.474446529747525,1.0522070001168327
NO-ELI,2025-08-25,2025-08-25/2025-08-31,0,1,1.9603318386528923,1.17676067443961
SW-ES,2025-08-25,2025-08-25/2025-08-31,2,1,0.7918710778134429,0.8938182571651364
SW-SE,2025-08-25,2025-08-25/2025-08-31,0,1,1.1618825185760098,1.0129044757521224
SW-SE,2025-08-25,2025-08-25/2025-08-31,4,0,1.619079232612392,0.9124793565780601
SW-AL,2025-08-25,2025-08-25/2025-08-31,1,2,1.1373270364869716,1.1362434386109916
SW-AL,2025-08-25,2025-08-25/2025-08-31,0,2,0.9481487319331773,1.3192315836891872
SW-SE,2025-08-26,2025-08-25/2025-08-31,2,0,1.350114003056098,0.8525241779519763
SW-EE,2025-08-27,2025-08-25/2025-08-31,0,2,1.0167241673198502,1.4120873061905153
M1,2025-08-27,2025-08-25/2025-08-31,0,1,1.7519757189289502,1.1526431374324992
M1L,2025-08-28,2025-08-25/2025-08-31,2,2,1.7768122876154573,1.1859964278227808
M1L,2025-08-29,2025-08-25/2025-08-31,0,2,1.2618261807185118,0.8162172147358302
M1L,2025-08-29,2025-08-25/2025-08-31,0,0,1.6726941424353938,1.9587763481578557
M2,2025-08-29,2025-08-25/2025-08-31,3,0,2.298144976925492,2.0049008634524905
M2,2025-08-29,2025-08-25/2025-08-31,7,0,2.090896671039896,0.7307914585204576
M2,2025-08-29,2025-08-25/2025-08-31,4,1,2.3258885155309343,1.1015357042478895
SW-DA,2025-08-30,2025-08-25/2025-08-31,3,1,2.6528937971550635,1.0925134535242875
SW-DA,2025-08-30,2025-08-25/2025-08-31,1,2,0.9456183473512231,1.5745507115336619
NO-PN2,2025-08-30,2025-08-25/2025-08-31,0,1,1.2167476558819208,1.9106781428765778
SW-AL,2025-08-30,2025-08-25/2025-08-31,3,0,1.8078989924484856,1.9323632169950333
SW-AL,2025-08-30,2025-08-25/2025-08-31,1,0,2.5716352760525316,0.5319273462867855
NO-PN2,2025-08-30,2025-08-25/2025-08-31,0,2,1.9207371366462118,2.5314802491024677
NO-PN2,2025-08-30,2025-08-25/2025-08-31,1,3,1.456302197935551,1.1779086407742074
NO-PN2,2025-08-30,2025-08-25/2025-08-31,8,1,2.9665364689211153,1.1001081802339943
M2,2025-08-30,2025-08-25/2025-08-31,11,0,4.176291274125469,1.0712520044091405
M2,2025-08-30,2025-08-25/2025-08-31,7,0,2.245344367719812,0.7986549485005163
NO-ELI,2025-08-30,2025-08-25/2025-08-31,3,2,2.0179034014145563,1.1139750013364904
M1L,2025-08-30,2025-08-25/2025-08-31,3,3,1.745321160061129,3.346522137214447
SW-AL,2025-08-30,2025-08-25/2025-08-31,1,0,2.189699219142984,0.9960210270252845
SW-SE,2025-08-30,2025-08-25/2025-08-31,2,1,1.2552447163452496,1.2442670919870424
M1L,2025-08-30,2025-08-25/2025-08-31,2,1,2.257488287454353,0.7953350268381645
M2,2025-08-30,2025-08-25/2025-08-31,3,0,1.8418053228999098,1.5712393845014734
SW-SE,2025-08-30,2025-08-25/2025-08-31,0,0,0.8021468809729182,1.6851167522720805
SW-SE,2025-08-30,2025-08-25/2025-08-31,2,1,1.4691892611242836,1.1289749221264636
NO-PN1,2025-08-30,2025-08-25/2025-08-31,1,0,2.1005970022899083,1.0301392365045123
NL,2025-08-30,2025-08-25/2025-08-31,5,1,2.76814421912209,1.8412832741540797
NL,2025-08-30,2025-08-25/2025-08-31,2,5,0.8938023103157152,1.6805062352197802
SW-EE,2025-08-30,2025-08-25/2025-08-31,2,4,0.7976116650960999,1.0555264482824325
SW-EE,2025-08-30,2025-08-25/2025-08-31,4,0,2.5468751202448345,0.7658637337331751
NO-OBOS,2025-08-30,2025-08-25/2025-08-31,3,1,2.3999715776174924,1.7190875387966087
NO-OBOS,2025-08-30,2025-08-25/2025-08-31,3,1,2.924376342124042,0.44462593002454326
SW-ES,2025-08-30,2025-08-25/2025-08-31,3,0,1.7987364246342976,1.449682497829597
SW-ES,2025-08-30,2025-08-25/2025-08-31,1,0,1.0665754923547126,1.2458982821083857
SW-ES,2025-08-30,2025-08-25/2025-08-31,3,0,1.6264906297817008,1.0221730007532794
SW-ES,2025-08-30,2025-08-25/2025-08-31,2,1,1.0807406976444904,1.5413175534777925
SW-ES,2025-08-30,2025-08-25/2025-08-31,0,0,1.4321266722842385,2.2128412978517042
SW-EN,2025-08-30,2025-08-25/2025-08-31,0,0,1.8279441980601052,0.7325547638074439
SW-EN,2025-08-30,2025-08-25/2025-08-31,3,1,2.194809466798797,1.8892026006457932
SW-EN,2025-08-30,2025-08-25/2025-08-31,5,1,1.5453247701333674,1.2550928696777792
NO-OBOS,2025-08-30,2025-08-25/2025-08-31,1,1,2.2989613410140337,1.3022502563112126
NO-OBOS,2025-08-30,2025-08-25/2025-08-31,2,4,1.3761839072654654,1.5357465506629424
NO-OBOS,2025-08-30,2025-08-25/2025-08-31,1,1,0.9019624590734165,2.1251849109392227
NO-PN1,2025-08-30,2025-08-25/2025-08-31,3,1,2.059095723652528,1.2050462209463606
NO-OBOS,2025-08-30,2025-08-25/2025-08-31,1,1,1.4563580319533975,1.5659614930835708
NO-PN1,2025-08-30,2025-08-25/2025-08-31,2,1,0.751380258700032,1.5108233519801377
M2,2025-08-30,2025-08-25/2025-08-31,6,1,2.099225713389407,1.4480323695923667
SW-DA,2025-08-30,2025-08-25/2025-08-31,0,3,1.5012245182008923,0.7837423415597343
M2,2025-08-30,2025-08-25/2025-08-31,3,0,1.8962368524764166,1.2608365998094206
NO-1DK,2025-08-30,2025-08-25/2025-08-31,4,1,1.991087865139398,0.7782189786267059
SW-SE,2025-08-30,2025-08-25/2025-08-31,4,0,1.5358898742174385,1.189287180128252
SW-EE,2025-08-30,2025-08-25/2025-08-31,2,2,1.1205298902432415,1.7014555468280048
SW-SE,2025-08-30,2025-08-25/2025-08-31,3,2,1.2402723387674452,1.1262849646190036
SW-EE,2025-08-30,2025-08-25/2025-08-31,3,1,2.6942992278140494,1.0913292642857133
M1,2025-08-30,2025-08-25/2025-08-31,2,1,2.287842279262473,1.7099464574403174
SW-EE,2025-08-30,2025-08-25/2025-08-31,6,1,2.6819438524058192,0.7966367053922192
M1,2025-08-30,2025-08-25/2025-08-31,3,3,2.0204699361204406,1.1780158403655157
M1,2025-08-30,2025-08-25/2025-08-31,1,3,2.288168321659169,0.9711435612721714
M1,2025-08-30,2025-08-25/2025-08-31,1,1,2.6583235248836043,1.108144565860975
M1,2025-08-30,2025-08-25/2025-08-31,0,5,2.301004425377129,1.6472698680724276
NO-1DK,2025-08-30,2025-08-25/2025-08-31,4,0,2.773204586527989,0.9017944189672858
M2,2025-08-30,2025-08-25/2025-08-31,0,7,1.1285507640198404,3.2133829088459
M2,2025-08-30,2025-08-25/2025-08-31,7,0,4.480241726263073,1.026449174819989
M1,2025-08-30,2025-08-25/2025-08-31,2,0,1.896195416765248,0.7712234144168233
M2,2025-08-30,2025-08-25/2025-08-31,3,1,4.308395427813929,0.7250364590364613
NO-ELI,2025-08-31,2025-08-25/2025-08-31,2,0,1.3516722329329476,1.3229831776910363
NO-ELI,2025-08-31,2025-08-25/2025-08-31,1,2,1.3138102569379335,2.0132086756885985
SW-DA,2025-08-31,2025-08-25/2025-08-31,2,1,1.5740906718634289,1.102355298103923
NO-OBOS,2025-08-31,2025-08-25/2025-08-31,2,3,2.0084726018821333,1.2996467978833346
M2,2025-08-31,2025-08-25/2025-08-31,0,3,2.333946303267614,1.700200462621253
M2,2025-08-31,2025-08-25/2025-08-31,0,4,1.3218869924432066,4.165963081138809
NO-OBOS,2025-08-31,2025-08-25/2025-08-31,0,0,1.5725520285075518,0.8331108002801384
NO-ELI,2025-08-31,2025-08-25/2025-08-31,1,3,1.5707940013670487,1.284444008366237
NO-ELI,2025-08-31,2025-08-25/2025-08-31,2,2,2.243457702073864,0.4856561847119995
NO-ELI,2025-08-31,2025-08-25/2025-08-31,2,2,1.1746964352510991,1.9156796945870402
M2,2025-08-31,2025-08-25/2025-08-31,1,2,2.6891869501731134,2.1461899373528612
SW-DA,2025-08-31,2025-08-25/2025-08-31,1,2,1.590527754957537,2.2730683396033973
SW-ES,2025-08-31,2025-08-25/2025-08-31,0,4,1.7719434285456943,1.8358358309501204
NO-ELI,2025-08-31,2025-08-25/2025-08-31,2,1,2.240086129859822,1.126370036782786
VL,2025-08-31,2025-08-25/2025-08-31,1,2,1.6915783787230254,1.159081203344575
VL,2025-08-31,2025-08-25/2025-08-31,1,4,1.1339739811310572,3.904021481194193
VL,2025-08-31,2025-08-25/2025-08-31,2,1,1.8954512203152685,0.8525230706715516
VL,2025-08-31,2025-08-25/2025-08-31,1,1,1.5197270514319419,1.5306458596415182
SW-EE,2025-08-31,2025-08-25/2025-08-31,1,1,0.3169664802674192,2.2958783906755458
SW-EE,2025-08-31,2025-08-25/2025-08-31,0,1,1.6749735409219388,1.864242268006772
VL,2025-08-31,2025-08-25/2025-08-31,3,2,1.4558587886233922,1.4029250125134771
VL,2025-08-31,2025-08-25/2025-08-31,2,1,2.9044774690515904,0.9227131333616527
NO-1DK,2025-08-31,2025-08-25/2025-08-31,1,1,2.74669235583043,1.6314137667954312
SW-ES,2025-08-31,2025-08-25/2025-08-31,4,1,2.680110727156377,0.8475772312081475
NO-1DK,2025-08-31,2025-08-25/2025-08-31,2,1,1.737877093380786,1.3080289275809103
NO-PN1,2025-08-31,2025-08-25/2025-08-31,0,1,1.5783011774953473,1.3001945319551775
NO-PN1,2025-08-31,2025-08-25/2025-08-31,3,2,3.6038135061723633,1.3894136610977526
NO-PN1,2025-08-31,2025-08-25/2025-08-31,2,0,1.7650870060312742,1.0321983741250307
NO-1DK,2025-08-31,2025-08-25/2025-08-31,3,2,1.412037417963367,0.6136980640906031
NO-1DK,2025-08-31,2025-08-25/2025-08-31,4,1,2.0583910573069706,0.7000039378596777
SW-EN,2025-08-31,2025-08-25/2025-08-31,3,1,2.0031978810448545,1.2241140922283051
SW-EN,2025-08-31,2025-08-25/2025-08-31,0,2,0.8999378812179455,1.819829875681546
SW-EN,2025-08-31,2025-08-25/2025-08-31,2,0,3.359069596016695,1.3956445630294045
SW-EN,2025-08-31,2025-08-25/2025-08-31,4,3,1.4644201292685248,2.0278027085738786
NO-PN1,2025-08-31,2025-08-25/2025-08-31,4,0,2.563860449158841,1.0075420653796876
SW-DA,2025-08-31,2025-08-25/2025-08-31,0,4,0.9143130970764113,3.478266958529544
NO-ELI,2025-08-31,2025-08-25/2025-08-31,3,1,1.031233597278792,1.9032688682220134
SW-SE,2025-08-31,2025-08-25/2025-08-31,2,1,2.2624171234948873,0.8374003004061135
NO-PN2,2025-08-31,2025-08-25/2025-08-31,0,2,2.743319382907268,1.9449577982963673
NO-PN2,2025-08-31,2025-08-25/2025-08-31,1,4,1.9235919322677764,1.1457375079978973
NO-PN2,2025-08-31,2025-08-25/2025-08-31,1,2,2.365043741218456,1.3264450959103695
SW-AL,2025-08-31,2025-08-25/2025-08-31,0,4,0.9491319049999831,1.547848142848719
SW-AL,2025-08-31,2025-08-25/2025-08-31,1,1,2.438040175077827,0.5528560355355008
SW-AL,2025-08-31,2025-08-25/2025-08-31,2,1,1.3668179385673025,1.024972347014167
SW-AL,2025-08-31,2025-08-25/2025-08-31,2,1,2.0764699089836665,0.9738974392200815
SW-AL,2025-08-31,2025-08-25/2025-08-31,4,0,1.3960280494695032,0.6701255994851026
SW-SE,2025-08-31,2025-08-25/2025-08-31,0,2,0.8014442533017091,1.5974336253405665
SW-SE,2025-08-31,2025-08-25/2025-08-31,1,2,1.3714899624251804,2.4382061477344186
SW-EN,2025-09-01,2025-09-01/2025-09-07,4,0,1.4533972760776641,0.7118412680216695
SW-ES,2025-09-01,2025-09-01/2025-09-07,2,1,2.332264643143994,0.4538089233675108
M2,2025-09-02,2025-09-01/2025-09-07,2,4,1.3340522274138358,1.6596608935341006
NL,2025-09-02,2025-09-01/2025-09-07,0,6,0.3855633079594018,4.425272741506257
M2,2025-09-03,2025-09-01/2025-09-07,1,3,1.1863204785148262,2.2326851862051273
M2,2025-09-03,2025-09-01/2025-09-07,1,1,1.5665736854608607,0.9542370238531817
M2,2025-09-03,2025-09-01/2025-09-07,1,1,5.290369293615804,1.9591691339597708
M2,2025-09-03,2025-09-01/2025-09-07,3,7,1.5097987108195665,2.6380139465927788
NO-TS,2025-09-03,2025-09-01/2025-09-07,0,1,0.5502531573133322,2.40193901488636
M2,2025-09-03,2025-09-01/2025-09-07,1,6,2.4817894780972316,1.5846362731263461
M2,2025-09-04,2025-09-01/2025-09-07,1,2,0.9765721492037309,2.0549807710159214
M2,2025-09-04,2025-09-01/2025-09-07,2,3,1.997917192844381,0.8773648767139871
M1L,2025-09-05,2025-09-01/2025-09-07,4,0,2.3250033147491167,1.7675628864318376
M1L,2025-09-05,2025-09-01/2025-09-07,2,3,1.876678123376941,2.0998007136705277
SW-ES,2025-09-05,2025-09-01/2025-09-07,1,0,1.7710046596016262,1.1459978022440447
SW-DA,2025-09-05,2025-09-01/2025-09-07,3,2,1.1419262927983185,1.4476947954367754
M2,2025-09-05,2025-09-01/2025-09-07,2,0,1.7450267877511874,1.7942255152853994
SW-EN,2025-09-05,2025-09-01/2025-09-07,2,2,1.2080259801084117,1.6439642594651405
NO-TS,2025-09-05,2025-09-01/2025-09-07,1,2,0.8534173728175791,1.3619694877878126
NO-PN2,2025-09-06,2025-09-01/2025-09-07,4,1,1.7476173289143526,1.9440415920634928
NO-PN2,2025-09-06,2025-09-01/2025-09-07,1,1,1.6311058620530872,1.9724303454544048
NO-PN2,2025-09-06,2025-09-01/2025-09-07,3,3,2.004707468050522,1.4427163952022013
SW-EE,2025-09-06,2025-09-01/2025-09-07,0,1,1.0163461796109075,1.9334548899313044
SW-EE,2025-09-06,2025-09-01/2025-09-07,3,0,1.5803918173195621,1.1479263984408516
SW-EE,2025-09-06,2025-09-01/2025-09-07,1,0,1.439366391907558,2.4221041173524793
SW-EE,2025-09-06,2025-09-01/2025-09-07,1,1,0.2834365744045195,2.4594349572157523
SW-EE,2025-09-06,2025-09-01/2025-09-07,4,0,4.223516327983255,0.9783172826914445
M2,2025-09-06,2025-09-01/2025-09-07,3,1,2.045963366293271,1.314621373667308
SW-EN,2025-09-06,2025-09-01/2025-09-07,3,2,2.5351324298328883,1.303262285557312
NO-PN2,2025-09-06,2025-09-01/2025-09-07,6,0,3.0875996359934876,0.9532131722310334
NO-1DK,2025-09-06,2025-09-01/2025-09-07,4,1,3.15323143957238,1.240032513195797
SW-ES,2025-09-06,2025-09-01/2025-09-07,1,2,2.008116945202838,1.3380861472095509
NO-PN1,2025-09-06,2025-09-01/2025-09-07,1,1,1.886489331333695,1.4147112153752397
NL,2025-09-06,2025-09-01/2025-09-07,6,1,3.2573459964112748,0.6912367004934195
NL,2025-09-06,2025-09-01/2025-09-07,5,1,2.2496285036068224,1.4006071962636342
NO-PN1,2025-09-06,2025-09-01/2025-09-07,0,2,1.8558659625058271,1.0211152175470506
NO-PN1,2025-09-06,2025-09-01/2025-09-07,0,4,1.3211404952404293,1.6771757281959907
NO-PN1,2025-09-06,2025-09-01/2025-09-07,2,2,1.6335466756169335,1.217249705775832
M2,2025-09-06,2025-09-01/2025-09-07,1,0,2.795657074819484,1.6179195086085556
SW-EE,2025-09-06,2025-09-01/2025-09-07,1,1,0.809176960314568,2.733431346246908
M2,2025-09-06,2025-09-01/2025-09-07,0,4,1.2806684250189797,2.85056657560151
SW-ES,2025-09-06,2025-09-01/2025-09-07,1,1,1.6611808942828838,1.0317448439503072
SW-DA,2025-09-06,2025-09-01/2025-09-07,1,1,3.0459058945818067,0.9836885284654451
NO-TS,2025-09-06,2025-09-01/2025-09-07,3,0,3.2255332148795657,0.21576994136000763
SW-EN,2025-09-06,2025-09-01/2025-09-07,2,1,2.1629486503728996,1.2259303159795956
SW-DA,2025-09-06,2025-09-01/2025-09-07,2,1,2.503439611046988,1.1086301398665845
M1L,2025-09-06,2025-09-01/2025-09-07,1,2,0.544824660801124,1.6347516595683593
M1L,2025-09-06,2025-09-01/2025-09-07,1,0,1.0951258943864939,1.3897911616953
NO-PN2,2025-09-06,2025-09-01/2025-09-07,5,1,1.8675685804752786,1.3376384207787264
NO-TS,2025-09-06,2025-09-01/2025-09-07,1,1,2.346458722754941,0.6265194008225845
SW-DA,2025-09-06,2025-09-01/2025-09-07,0,1,1.67076491938308,0.9090098407766112
SW-DA,2025-09-06,2025-09-01/2025-09-07,2,1,1.7183929610038375,1.3643573943209009
SW-ES,2025-09-06,2025-09-01/2025-09-07,1,3,1.25169426339254,1.368018309269672
SW-ES,2025-09-06,2025-09-01/2025-09-07,2,1,1.341180277279842,1.6010309320381453
SW-EN,2025-09-06,2025-09-01/2025-09-07,3,1,2.4491335812967,1.2169063743046973
SW-EN,2025-09-06,2025-09-01/2025-09-07,2,0,2.200886992626765,1.60660259300824
SW-DA,2025-09-06,2025-09-01/2025-09-07,5,1,2.815758481499103,0.7177189121106189
SW-EN,2025-09-07,2025-09-01/2025-09-07,0,5,0.9014754341019096,2.232549305123521
SW-EN,2025-09-07,2025-09-01/2025-09-07,1,2,1.2818541960535748,0.7674425121642934
SW-EN,2025-09-07,2025-09-01/2025-09-07,2,0,1.456724174639883,1.3195167381410577
NL,2025-09-07,2025-09-01/2025-09-07,10,0,2.620711174032671,1.0554169355158778
NO-1DK,2025-09-07,2025-09-01/2025-09-07,2,4,2.274737540261798,1.3951484579799023
NO-1DK,2025-09-07,2025-09-01/2025-09-07,0,1,0.70166274327808,2.108575540689767
NO-PN2,2025-09-07,2025-09-01/2025-09-07,0,3,1.7670864888171418,1.4651402916071399
NO-PN2,2025-09-07,2025-09-01/2025-09-07,5,1,2.3724768705278017,1.678774191444095
NO-1DK,2025-09-07,2025-09-01/2025-09-07,0,3,0.6690146088042151,1.2634380335503037
NO-1DK,2025-09-07,2025-09-01/2025-09-07,3,1,2.691164031193116,0.8531733458301107
NO-PN1,2025-09-07,2025-09-01/2025-09-07,3,2,0.9117522692913365,2.05876581053552
NO-1DK,2025-09-07,2025-09-01/2025-09-07,1,1,1.1471922215762542,1.6269201416647037
NO-PN1,2025-09-07,2025-09-01/2025-09-07,4,3,1.9721853402586784,1.55187047314918
M2,2025-09-07,2025-09-01/2025-09-07,2,6,2.6565494386509543,3.342901670130346
M2,2025-09-07,2025-09-01/2025-09-07,5,1,2.4508053805577377,1.9499536895268081
M2,2025-09-07,2025-09-01/2025-09-07,2,0,2.4044976640290336,1.438220587480771
M2,2025-09-07,2025-09-01/2025-09-07,3,1,1.739656568993382,1.440130197095863
NO-PN1,2025-09-07,2025-09-01/2025-09-07,3,1,1.7616108736187401,1.0630241832992637
NO-TS,2025-09-07,2025-09-01/2025-09-07,4,3,3.1317232582791514,0.8982339329813261
SW-DA,2025-09-07,2025-09-01/2025-09-07,3,3,2.004660681667031,1.1095821839523068
M2,2025-09-07,2025-09-01/2025-09-07,1,6,2.7333438899778626,2.1467255355946038
SW-EE,2025-09-07,2025-09-01/2025-09-07,3,1,1.168231899265875,0.740616376709802
SW-ES,2025-09-07,2025-09-01/2025-09-07,1,1,2.1486414915270746,1.1194921728611542
SW-ES,2025-09-07,2025-09-01/2025-09-07,1,1,0.676205783738087,1.2679600681673124
M2,2025-09-08,2025-09-08/2025-09-14,4,1,2.1448572067810185,0.8108496308704045
M2,2025-09-08,2025-09-08/2025-09-14,4,0,2.124110440451546,0.8474315008123942
M2,2025-09-08,2025-09-08/2025-09-14,3,1,1.341739045770564,1.5524525482410951
M2,2025-09-08,2025-09-08/2025-09-14,6,1,5.377236050909812,0.8720001041038634
SW-ES,2025-09-08,2025-09-08/2025-09-14,4,2,1.5222795903721933,1.7986354575761405
M2,2025-09-09,2025-09-08/2025-09-14,2,1,2.0699803651671513,1.2226462393769462
M2,2025-09-09,2025-09-08/2025-09-14,3,2,2.8696807156970814,1.100904661494669
NL,2025-09-10,2025-09-08/2025-09-14,2,0,3.6219582884336905,0.7113121102106243
SW-ES,2025-09-12,2025-09-08/2025-09-14,1,2,2.400169719036467,1.8460667533936208
M1L,2025-09-12,2025-09-08/2025-09-14,1,1,2.225644588904494,1.063945198892293
M1L,2025-09-12,2025-09-08/2025-09-14,2,3,1.8879252877152228,0.7258456404532495
SW-EN,2025-09-12,2025-09-08/2025-09-14,2,0,1.6191671731327173,1.61601981946331
NO-ELI,2025-09-12,2025-09-08/2025-09-14,7,1,3.027690477682441,0.6627705413260703
M1,2025-09-12,2025-09-08/2025-09-14,6,4,2.4630973183774993,1.2353404698177572
M2,2025-09-13,2025-09-08/2025-09-14,2,2,1.7933972824559252,2.82177127135981
M2,2025-09-13,2025-09-08/2025-09-14,0,1,1.4216624499621016,1.5675462740022161
M2,2025-09-13,2025-09-08/2025-09-14,5,1,2.7974885919631225,1.0301967799349685
SW-ES,2025-09-13,2025-09-08/2025-09-14,2,1,2.10409198476206,0.858776233786556
SW-ES,2025-09-13,2025-09-08/2025-09-14,0,1,1.892718408604581,2.1697780910575304
SW-ES,2025-09-13,2025-09-08/2025-09-14,1,5,1.316289960499596,1.350667031593413
SW-ES,2025-09-13,2025-09-08/2025-09-14,0,1,1.3314617042135306,0.5842785179675939
SW-ES,2025-09-13,2025-09-08/2025-09-14,3,0,2.3592454203920084,1.1187901741147686
M2,2025-09-13,2025-09-08/2025-09-14,3,2,0.9461750184027264,2.6348163509375238
M2,2025-09-13,2025-09-08/2025-09-14,8,3,5.958423147546292,0.9715179958040399
M2,2025-09-13,2025-09-08/2025-09-14,0,3,0.9870437010423353,3.046288605009126
VL,2025-09-13,2025-09-08/2025-09-14,3,3,1.936954368136784,2.3361547616868408
SW-EN,2025-09-13,2025-09-08/2025-09-14,0,2,1.1070154860968178,2.065337511223379
SW-SE,2025-09-13,2025-09-08/2025-09-14,3,1,1.9661553790360196,1.252091703404794
VL,2025-09-13,2025-09-08/2025-09-14,2,1,2.117674093177726,1.0737113114289794
VL,2025-09-13,2025-09-08/2025-09-14,0,2,1.0380015044124224,2.0963608144983428
VL,2025-09-13,2025-09-08/2025-09-14,1,1,1.4983256451627331,1.6235520951764486
SW-SE,2025-09-13,2025-09-08/2025-09-14,2,3,1.2557638987693964,1.1652538961685859
NO-PN1,2025-09-13,2025-09-08/2025-09-14,2,3,1.505335634647388,1.2357289967784901
NO-PN1,2025-09-13,2025-09-08/2025-09-14,4,2,2.1639090461369546,1.2323686449036995
NO-PN1,2025-09-13,2025-09-08/2025-09-14,0,0,2.9801579669936316,1.0973434581579726
NO-PN1,2025-09-13,2025-09-08/2025-09-14,1,1,0.706665275400197,1.7579225421366345
NO-PN1,2025-09-13,2025-09-08/2025-09-14,5,2,1.4340699958450034,1.3273125813987934
SW-SE,2025-09-13,2025-09-08/2025-09-14,2,0,1.2634887576608604,1.3376566472721434
SW-EN,2025-09-13,2025-09-08/2025-09-14,3,1,2.8160107358996873,1.1608922026944544
SW-EN,2025-09-13,2025-09-08/2025-09-14,1,1,1.2623090377779569,1.0195588071590072
SW-EN,2025-09-13,2025-09-08/2025-09-14,1,0,2.249296853620318,1.255389075780923
SW-EN,2025-09-13,2025-09-08/2025-09-14,2,0,1.7139463810332152,1.5517089617882216
NO-ELI,2025-09-13,2025-09-08/2025-09-14,3,2,2.2719942607379133,1.4734769779670627
NO-ELI,2025-09-13,2025-09-08/2025-09-14,1,2,1.346374492640635,0.9607346056033184
NO-1DK,2025-09-13,2025-09-08/2025-09-14,3,2,3.232430143702754,0.4271600613165654
NO-TS,2025-09-13,2025-09-08/2025-09-14,2,1,2.0297446436948574,0.6005347586622343
NO-TS,2025-09-13,2025-09-08/2025-09-14,1,2,1.388319061648758,1.0531966161244768
NO-PN2,2025-09-13,2025-09-08/2025-09-14,2,2,0.8679229324985039,2.9709013960977857
NO-PN2,2025-09-13,2025-09-08/2025-09-14,3,3,1.6168644707793238,1.5525707664970023
NO-PN2,2025-09-13,2025-09-08/2025-09-14,4,2,2.874966794575564,1.0330754144269054
SW-AL,2025-09-13,2025-09-08/2025-09-14,0,1,0.4951972078189939,2.6344593255716275
NO-PN2,2025-09-13,2025-09-08/2025-09-14,1,1,2.390372649973605,2.3731017151721487
SW-EE,2025-09-13,2025-09-08/2025-09-14,0,1,1.1818703935223474,1.445790024405554
SW-EE,2025-09-13,2025-09-08/2025-09-14,0,1,1.6993074896425562,1.610488068237847
SW-EE,2025-09-13,2025-09-08/2025-09-14,1,1,1.6527975075669805,2.7724942832766803
SW-EE,2025-09-13,2025-09-08/2025-09-14,2,2,2.0511239117320312,0.482648064022366
SW-EE,2025-09-13,2025-09-08/2025-09-14,0,0,1.3059254863619174,1.5902331778958168
SW-EE,2025-09-13,2025-09-08/2025-09-14,6,0,2.692884165038493,0.428512608560258
NO-PN2,2025-09-13,2025-09-08/2025-09-14,3,1,2.5623368694746946,1.04484623906467
SW-AL,2025-09-13,2025-09-08/2025-09-14,1,1,1.2345637945240955,1.7014655926759565
SW-SE,2025-09-13,2025-09-08/2025-09-14,4,0,1.5060974055089844,1.246538818785894
M1,2025-09-13,2025-09-08/2025-09-14,4,2,2.5587690413336857,1.3297205716580285
NL,2025-09-13,2025-09-08/2025-09-14,5,0,5.303230596634518,0.8779809913776392
NO-OBOS,2025-09-13,2025-09-08/2025-09-14,0,1,1.9780758470440072,2.081670821629549
M1,2025-09-13,2025-09-08/2025-09-14,2,2,2.50283061727477,1.5251154725962017
M1,2025-09-13,2025-09-08/2025-09-14,4,0,1.501995829531671,1.0287617571756216
NO-OBOS,2025-09-13,2025-09-08/2025-09-14,5,2,1.262039543380778,1.327260436188991
NO-OBOS,2025-09-13,2025-09-08/2025-09-14,1,2,1.2320015682455436,0.951690405633766
SW-DA,2025-09-13,2025-09-08/2025-09-14,3,0,3.5540710645946594,0.5692396194045062
SW-DA,2025-09-13,2025-09-08/2025-09-14,2,1,1.9974895926156815,1.2843476705540602
M1,2025-09-13,2025-09-08/2025-09-14,3,0,1.9602603052017034,0.9047696373656818
SW-DA,2025-09-13,2025-09-08/2025-09-14,0,1,0.9863006655813958,2.3757006832039833
NO-OBOS,2025-09-13,2025-09-08/2025-09-14,1,1,1.7780570987178668,1.0987315614860105
NO-OBOS,2025-09-13,2025-09-08/2025-09-14,1,5,0.7795282374505724,2.1626537093589935
NO-OBOS,2025-09-13,2025-09-08/2025-09-14,2,3,2.2367380916483808,1.2475628145453332
M2,2025-09-14,2025-09-08/2025-09-14,2,2,1.3964311721014586,1.6058656412616739
M2,2025-09-14,2025-09-08/2025-09-14,9,0,4.232733423120902,1.0361846251895828
M2,2025-09-14,2025-09-08/2025-09-14,3,0,4.155728352099632,1.2626085482312466
M2,2025-09-14,2025-09-08/2025-09-14,4,0,4.729051089699723,0.879557374501176
M1L,2025-09-14,2025-09-08/2025-09-14,2,3,2.052843083707273,2.2077408097058933
SW-EE,2025-09-14,2025-09-08/2025-09-14,0,0,0.5015515403980135,2.286586993993975
SW-AL,2025-09-14,2025-09-08/2025-09-14,3,0,1.1602196671329932,1.6792960782970345
M1L,2025-09-14,2025-09-08/2025-09-14,2,1,2.1597678215392535,1.1417346217384456
NO-PN2,2025-09-14,2025-09-08/2025-09-14,0,1,1.6966920627446065,1.949305635324837
NO-PN2,2025-09-14,2025-09-08/2025-09-14,1,1,1.8255336248218206,1.693150990463314
M1,2025-09-14,2025-09-08/2025-09-14,1,3,2.8211709978793666,1.156000656043218
NO-TS,2025-09-14,2025-09-08/2025-09-14,2,0,2.8912187623075294,0.2104959250305652
NO-1DK,2025-09-14,2025-09-08/2025-09-14,4,0,2.712125027743337,0.3825304540978212
NO-1DK,2025-09-14,2025-09-08/2025-09-14,3,3,1.3268522110629044,1.8982963633925372
NO-1DK,2025-09-14,2025-09-08/2025-09-14,1,1,1.8728128543567724,1.9686168689373449
NO-1DK,2025-09-14,2025-09-08/2025-09-14,0,2,1.5806223216540451,0.7304333169233684
SW-SE,2025-09-14,2025-09-08/2025-09-14,1,2,1.1774087950767855,1.059843197105152
SW-SE,2025-09-14,2025-09-08/2025-09-14,2,1,1.2852084113810265,0.9237577010618526
NL,2025-09-14,2025-09-08/2025-09-14,0,3,2.5999088149460094,1.7875654928432338
M1L,2025-09-14,2025-09-08/2025-09-14,1,1,1.347681819177193,1.4863941096414737
NO-ELI,2025-09-14,2025-09-08/2025-09-14,2,2,1.551034072623948,1.5981099836435868
NO-ELI,2025-09-14,2025-09-08/2025-09-14,1,2,1.8663006590574842,1.2428976760234347
SW-AL,2025-09-14,2025-09-08/2025-09-14,4,3,1.1175955904270127,1.0474103294685158
SW-AL,2025-09-14,2025-09-08/2025-09-14,3,3,1.07747056551995,1.1245131514153268
M2,2025-09-14,2025-09-08/2025-09-14,0,1,1.1183507341311028,2.3187467751996538
VL,2025-09-14,2025-09-08/2025-09-14,1,2,1.574731908502234,1.3770224051242794
VL,2025-09-14,2025-09-08/2025-09-14,2,4,1.3904950642967346,1.336233760873593
SW-DA,2025-09-14,2025-09-08/2025-09-14,1,2,1.084171090099351,1.1323324136619939
NO-ELI,2025-09-14,2025-09-08/2025-09-14,0,2,1.1224636020253111,1.5979885552737683
SW-DA,2025-09-14,2025-09-08/2025-09-14,1,2,1.8485077568521107,1.9753421835848162
M2,2025-09-14,2025-09-08/2025-09-14,3,4,1.6826685055388992,1.7963697254881252
NO-PN1,2025-09-14,2025-09-08/2025-09-14,3,0,2.4954824201449415,0.714570918134702
NO-OBOS,2025-09-14,2025-09-08/2025-09-14,1,1,1.6739145352175626,1.722459733961557
SW-AL,2025-09-14,2025-09-08/2025-09-14,2,2,1.0102417954688,1.7426521103936583
NO-ELI,2025-09-14,2025-09-08/2025-09-14,2,1,1.4726154830813127,1.802878191014287
NO-ELI,2025-09-14,2025-09-08/2025-09-14,0,3,0.7616799181813197,1.9755713393181276
NO-OBOS,2025-09-14,2025-09-08/2025-09-14,0,1,1.0469766101855198,2.201930728068777
SW-EN,2025-09-14,2025-09-08/2025-09-14,2,3,1.1847234494144843,1.860434933908303
SW-EN,2025-09-14,2025-09-08/2025-09-14,1,2,2.215891468671689,0.8698466996499841
SW-ES,2025-09-14,2025-09-08/2025-09-14,1,2,0.7825348680164218,1.1391344273563668
SW-ES,2025-09-14,2025-09-08/2025-09-14,2,3,0.9292665141138882,1.740967348996217
M2,2025-09-14,2025-09-08/2025-09-14,2,0,1.680242430613744,1.8625386063883511
M2,2025-09-15,2025-09-15/2025-09-21,0,1,2.053984506108722,1.6276008716025212
SW-AL,2025-09-15,2025-09-15/2025-09-21,1,2,1.1987785647346998,1.771971207400474
SW-AL,2025-09-15,2025-09-15/2025-09-21,2,1,1.4743681172051053,1.0536376092066628
SW-SE,2025-09-15,2025-09-15/2025-09-21,3,1,3.0520929864271826,0.6279824969082406
SW-DA,2025-09-15,2025-09-15/2025-09-21,2,0,1.3580598134228772,1.445335709782934
NO-PN1,2025-09-15,2025-09-15/2025-09-21,5,0,4.923360158134845,0.9944340933307758
SW-SE,2025-09-16,2025-09-15/2025-09-21,0,0,1.466136139761952,1.1705768263484484
M2,2025-09-18,2025-09-15/2025-09-21,2,2,1.4909186588754912,3.4116523916305073
M1,2025-09-18,2025-09-15/2025-09-21,0,2,1.535084148890203,1.632203368326003
M1,2025-09-19,2025-09-15/2025-09-21,3,0,2.3171188210422673,1.8634921918973495
VL,2025-09-19,2025-09-15/2025-09-21,0,1,1.5744226206913228,1.6565991573681216
VL,2025-09-19,2025-09-15/2025-09-21,1,2,1.2102385747436832,1.6559150345869356
SW-DA,2025-09-19,2025-09-15/2025-09-21,2,2,1.0882747023887809,1.5357953355331408
M1L,2025-09-19,2025-09-15/2025-09-21,2,2,1.4655653765823364,1.005338201597834
M1L,2025-09-19,2025-09-15/2025-09-21,1,4,0.7171418955749758,2.0630268341290083
M1L,2025-09-19,2025-09-15/2025-09-21,3,1,1.828072446179375,2.3469888253284097
M1L,2025-09-19,2025-09-15/2025-09-21,1,1,1.819866425217204,2.8222345415948498
M1,2025-09-19,2025-09-15/2025-09-21,1,2,1.3096358981302763,1.4899450503212746
M1,2025-09-19,2025-09-15/2025-09-21,2,1,2.3859142518945684,2.0517385783142887
M2,2025-09-19,2025-09-15/2025-09-21,5,0,5.480974922032268,0.7256769912185911
M1,2025-09-19,2025-09-15/2025-09-21,1,2,1.5793517570764113,1.2850665624585296
SW-SE,2025-09-19,2025-09-15/2025-09-21,3,0,1.531020570654653,0.8777904763862897
NL,2025-09-19,2025-09-15/2025-09-21,3,0,2.215044648487327,2.5593669895330753
SW-SE,2025-09-19,2025-09-15/2025-09-21,2,0,1.3999439954731498,1.113959590385495
SW-SE,2025-09-19,2025-09-15/2025-09-21,3,0,1.6825712624975546,1.026798564323925
SW-EN,2025-09-19,2025-09-15/2025-09-21,2,4,3.3998549309424493,1.7381304797634578
SW-ES,2025-09-19,2025-09-15/2025-09-21,0,0,2.2742978843905863,0.649655449043511
NO-TS,2025-09-20,2025-09-15/2025-09-21,0,4,1.4315728811313482,0.8261970870648679
NO-TS,2025-09-20,2025-09-15/2025-09-21,0,2,0.770686047240755,1.033092877329293
NO-OBOS,2025-09-20,2025-09-15/2025-09-21,2,1,1.7388989500825325,1.5560604994154483
NO-OBOS,2025-09-20,2025-09-15/2025-09-21,3,0,2.1944197468363984,0.9758242716458381
NO-1DK,2025-09-20,2025-09-15/2025-09-21,0,4,0.9182926319732249,1.6682672427192065
NO-OBOS,2025-09-20,2025-09-15/2025-09-21,0,2,1.285448932854936,1.1524807502484522
NO-PN2,2025-09-20,2025-09-15/2025-09-21,4,2,1.562504275101058,1.36953641744032
NO-PN2,2025-09-20,2025-09-15/2025-09-21,0,5,2.168071066574524,2.0397858795740293
NO-PN2,2025-09-20,2025-09-15/2025-09-21,1,0,2.6760771685864277,1.142071763368022
NO-PN2,2025-09-20,2025-09-15/2025-09-21,2,3,1.6430169617461095,2.359466511907371
NO-OBOS,2025-09-20,2025-09-15/2025-09-21,4,1,3.781604827908093,0.5222209847025278
NO-1DK,2025-09-20,2025-09-15/2025-09-21,4,1,1.3309092384058077,2.3170067380740034
M1L,2025-09-20,2025-09-15/2025-09-21,2,1,1.3885769388265463,1.1864350441501694
NO-1DK,2025-09-20,2025-09-15/2025-09-21,4,1,2.7881736275609814,0.8330610326250665
NO-OBOS,2025-09-20,2025-09-15/2025-09-21,2,3,2.1984131736869283,1.0871030566585744
SW-SE,2025-09-20,2025-09-15/2025-09-21,3,1,1.9129187498718963,0.7488592147929312
SW-SE,2025-09-20,2025-09-15/2025-09-21,0,1,1.205127546717576,1.853924799394523
SW-SE,2025-09-20,2025-09-15/2025-09-21,4,0,1.610339033343757,1.453689518748449
SW-SE,2025-09-20,2025-09-15/2025-09-21,4,0,1.9557875265455893,0.5739478583567644
SW-SE,2025-09-20,2025-09-15/2025-09-21,4,5,2.3128793196036503,1.0965319197513403
NO-PN1,2025-09-20,2025-09-15/2025-09-21,2,2,2.2316016769973372,0.8715816515876261
NO-PN1,2025-09-20,2025-09-15/2025-09-21,0,2,1.112598675450419,3.3157170560790536
NO-PN1,2025-09-20,2025-09-15/2025-09-21,5,0,2.2404341993715544,0.7863784584095246
SW-EN,2025-09-20,2025-09-15/2025-09-21,0,5,0.9991553204701487,2.470358199080114
SW-EN,2025-09-20,2025-09-15/2025-09-21,1,3,1.3731638830169484,1.7331548719304515
NO-1DK,2025-09-20,2025-09-15/2025-09-21,0,2,1.331330533278085,1.0780017318096309
SW-EE,2025-09-20,2025-09-15/2025-09-21,2,1,2.753588055479023,1.0447586800006876
NO-PN2,2025-09-20,2025-09-15/2025-09-21,1,2,2.1175222822890327,1.9606048592049374
SW-EE,2025-09-20,2025-09-15/2025-09-21,0,0,1.4486247120868512,0.9622076353800789
SW-DA,2025-09-20,2025-09-15/2025-09-21,0,2,1.0746489388164018,1.5560402613608035
SW-DA,2025-09-20,2025-09-15/2025-09-21,0,4,0.5405260013122279,3.5186701013013377
SW-DA,2025-09-20,2025-09-15/2025-09-21,1,2,1.5474631964241408,1.2282352671258172
SW-DA,2025-09-20,2025-09-15/2025-09-21,1,2,1.345350041561921,2.2479304397666304
SW-ES,2025-09-20,2025-09-15/2025-09-21,2,1,1.4767495584739843,1.4286609796805476
SW-ES,2025-09-20,2025-09-15/2025-09-21,3,2,1.5935769463391727,1.2760906197711999
SW-ES,2025-09-20,2025-09-15/2025-09-21,2,0,1.1350744200392373,1.577491316593703
SW-ES,2025-09-20,2025-09-15/2025-09-21,0,1,1.035913685433333,2.0587452988757167
SW-ES,2025-09-20,2025-09-15/2025-09-21,3,1,1.3490672137550561,1.1778887854847833
SW-AL,2025-09-20,2025-09-15/2025-09-21,1,1,1.9067437663666427,0.4806619027022637
SW-AL,2025-09-20,2025-09-15/2025-09-21,2,0,1.6418438948819218,1.1663081686718388
SW-EE,2025-09-20,2025-09-15/2025-09-21,0,2,0.839960243428063,2.7794417002886225
SW-AL,2025-09-20,2025-09-15/2025-09-21,0,1,1.1670182278685968,1.0196094986391857
SW-EN,2025-09-20,2025-09-15/2025-09-21,4,2,2.094469822328352,1.434216621038951
NO-ELI,2025-09-20,2025-09-15/2025-09-21,1,1,1.6621406791958255,0.8472237059322245
NO-ELI,2025-09-20,2025-09-15/2025-09-21,0,3,1.8935709730176318,1.530647746091844
NO-ELI,2025-09-20,2025-09-15/2025-09-21,1,1,1.5739091449691254,1.6440464074542094
SW-EE,2025-09-20,2025-09-15/2025-09-21,2,2,2.74909068428543,0.6580919659047404
SW-EE,2025-09-20,2025-09-15/2025-09-21,0,4,0.8418497604820417,1.5373467303937007
SW-DA,2025-09-21,2025-09-15/2025-09-21,3,0,3.4264033581025855,0.8585676561518786
SW-AL,2025-09-21,2025-09-15/2025-09-21,1,3,2.343084257300399,0.8758906599272379
NO-OBOS,2025-09-21,2025-09-15/2025-09-21,2,1,1.7164965856663026,1.1359966626217526
NL,2025-09-21,2025-09-15/2025-09-21,0,1,0.45848400408762924,3.7484476713535124
NO-OBOS,2025-09-21,2025-09-15/2025-09-21,2,1,2.0410170901183964,1.5701343784312443
NO-PN1,2025-09-21,2025-09-15/2025-09-21,2,1,1.48423721024099,1.255185646645957
NO-PN1,2025-09-21,2025-09-15/2025-09-21,1,1,1.2566762163485943,1.5529389424936952
NO-PN1,2025-09-21,2025-09-15/2025-09-21,2,0,1.8324132856780677,2.086109185778817
SW-AL,2025-09-21,2025-09-15/2025-09-21,4,0,2.594280399725556,1.19468972489922
SW-AL,2025-09-21,2025-09-15/2025-09-21,0,1,1.6417316896383605,1.302960043290619
NO-OBOS,2025-09-21,2025-09-15/2025-09-21,3,0,1.345971816460465,1.6423109712553474
M2,2025-09-21,2025-09-15/2025-09-21,4,2,3.268633172412127,2.5132484652746685
NO-ELI,2025-09-21,2025-09-15/2025-09-21,1,1,1.044331686609681,1.9684458822999726
SW-EE,2025-09-21,2025-09-15/2025-09-21,2,0,2.161386020721487,0.5289848134322969
NO-PN2,2025-09-21,2025-09-15/2025-09-21,1,0,1.93156634435142,1.6648125550565531
NO-PN2,2025-09-21,2025-09-15/2025-09-21,2,1,1.0629338763108147,1.8826543642488907
NO-PN1,2025-09-21,2025-09-15/2025-09-21,2,0,1.5929031977446453,1.5680529219684487
NO-ELI,2025-09-21,2025-09-15/2025-09-21,1,0,2.3108875932672173,1.10543361387048
NO-ELI,2025-09-21,2025-09-15/2025-09-21,1,0,1.942173880950098,0.7787383605687584
NO-TS,2025-09-21,2025-09-15/2025-09-21,4,0,4.573982065947568,0.48044084940372894
NO-TS,2025-09-21,2025-09-15/2025-09-21,0,2,0.8701290855847063,1.628631160411862
NO-TS,2025-09-21,2025-09-15/2025-09-21,1,5,0.6345993353998116,2.623681522100874
NO-ELI,2025-09-21,2025-09-15/2025-09-21,2,1,1.5863025181243124,1.7622344929580076
NO-ELI,2025-09-21,2025-09-15/2025-09-21,2,0,2.17039548565751,0.8400249585790596
VL,2025-09-21,2025-09-15/2025-09-21,2,1,1.1209186565065405,1.767458385639991
SW-EE,2025-09-21,2025-09-15/2025-09-21,1,0,1.1653474376613029,1.080722850446896
M1,2025-09-21,2025-09-15/2025-09-21,0,1,1.7657590628375104,1.3621848215843757
M2,2025-09-21,2025-09-15/2025-09-21,3,0,1.3352121492100715,2.2168683816130654
SW-ES,2025-09-21,2025-09-15/2025-09-21,2,1,1.855155884958221,0.979097844152556
M2,2025-09-21,2025-09-15/2025-09-21,6,0,5.404172552196519,0.6599818900326966
M2,2025-09-21,2025-09-15/2025-09-21,3,4,2.0591525464037232,1.6819053613970416
SW-ES,2025-09-21,2025-09-15/2025-09-21,1,2,1.3091311358908007,2.4698794649235714
NO-1DK,2025-09-21,2025-09-15/2025-09-21,3,1,2.772375532895834,1.0247909300847717
M2,2025-09-21,2025-09-15/2025-09-21,1,2,2.5393337322752347,1.7760390197553577
NO-1DK,2025-09-21,2025-09-15/2025-09-21,0,3,0.7305532713620703,2.6774171225248318
M2,2025-09-21,2025-09-15/2025-09-21,0,4,2.1644762112780893,0.745578320705636
SW-EN,2025-09-21,2025-09-15/2025-09-21,5,0,2.55625682523748,0.4444019821022886
SW-EN,2025-09-21,2025-09-15/2025-09-21,1,1,1.384550528260649,1.3585451814126288
M2,2025-09-21,2025-09-15/2025-09-21,7,1,1.9089958025522635,1.445773834347101
M2,2025-09-21,2025-09-15/2025-09-21,2,1,2.3196951120872864,1.4776760479294528
M2,2025-09-21,2025-09-15/2025-09-21,1,1,1.7211998472569583,1.189933983044627
M2,2025-09-21,2025-09-15/2025-09-21,4,1,1.9117241551109425,1.3310246346662002
M2,2025-09-21,2025-09-15/2025-09-21,3,2,2.5236163753895955,2.262786777573008
M2,2025-09-21,2025-09-15/2025-09-21,4,1,2.872413445564733,1.1052587647421008
SW-EN,2025-09-21,2025-09-15/2025-09-21,1,2,1.3350986793350104,0.8633812976721447
SW-EN,2025-09-22,2025-09-22/2025-09-28,4,0,2.6124099033239663,0.9210573823586535
SW-DA,2025-09-22,2025-09-22/2025-09-28,2,1,1.0587842226137234,2.3701888766522377
SW-AL,2025-09-22,2025-09-22/2025-09-28,3,1,0.9246375390733454,1.728371086515205
SW-AL,2025-09-22,2025-09-22/2025-09-28,1,2,1.51122005201617,1.223390634774931
VL,2025-09-23,2025-09-22/2025-09-28,3,2,1.665116375149574,1.6520363547610786
VL,2025-09-23,2025-09-22/2025-09-28,3,2,2.3780747855133164,1.2090960330199647
VL,2025-09-23,2025-09-22/2025-09-28,0,0,1.8855171129737085,1.6245266196023338
SW-SE,2025-09-24,2025-09-22/2025-09-28,0,0,0.7218208704336869,1.403962050670372
SW-SE,2025-09-24,2025-09-22/2025-09-28,2,2,1.3212178390697684,1.0030753292031627
SW-SE,2025-09-24,2025-09-22/2025-09-28,1,1,1.4572394551836487,1.8245969277649103
SW-EE,2025-09-24,2025-09-22/2025-09-28,2,2,0.9986775034234326,0.9511374287659543
NL,2025-09-24,2025-09-22/2025-09-28,1,1,1.0100806636149398,3.0536733418664594
NL,2025-09-24,2025-09-22/2025-09-28,2,0,3.86206493275266,0.7711508589726161
M1L,2025-09-24,2025-09-22/2025-09-28,1,4,2.110807707458159,1.5467242472426432
NO-TS,2025-09-24,2025-09-22/2025-09-28,2,1,2.349669583239605,0.5094361234013933
NL,2025-09-24,2025-09-22/2025-09-28,6,1,2.254933002105061,0.862203699558829
SW-SE,2025-09-24,2025-09-22/2025-09-28,0,1,2.111265635691033,1.376577895546469
SW-SE,2025-09-25,2025-09-22/2025-09-28,2,1,1.51671245392418,1.5500471834055176
SW-SE,2025-09-25,2025-09-22/2025-09-28,0,1,1.084766074063592,1.2965095287430253
SW-SE,2025-09-25,2025-09-22/2025-09-28,0,2,0.7432164717512179,2.026370252219544
NO-TS,2025-09-25,2025-09-22/2025-09-28,1,0,0.8916994533960604,1.834024339087939
SW-SE,2025-09-25,2025-09-22/2025-09-28,1,2,0.7531699607248835,2.105744585129838
SW-EE,2025-09-26,2025-09-22/2025-09-28,4,0,1.8269661288647183,0.873238258607764
SW-ES,2025-09-26,2025-09-22/2025-09-28,1,0,1.493845816837681,0.9503002122361013
NO-PN1,2025-09-26,2025-09-22/2025-09-28,2,1,0.9872012920177874,1.7239968784853599
VL,2025-09-26,2025-09-22/2025-09-28,1,0,1.5735782139758105,1.075388573692444
SW-EN,2025-09-26,2025-09-22/2025-09-28,4,1,1.614288923344415,1.3508597396207307
M1L,2025-09-26,2025-09-22/2025-09-28,4,1,2.1998549787640003,1.68256364348297
M1,2025-09-26,2025-09-22/2025-09-28,5,1,1.9826923300350847,0.6448652498511592
M1,2025-09-26,2025-09-22/2025-09-28,2,1,2.0881885592453617,2.1467051628740816
M2,2025-09-26,2025-09-22/2025-09-28,5,1,2.7371822418303218,1.315652085108973
M1,2025-09-26,2025-09-22/2025-09-28,0,2,2.512310399815877,1.0804149288924387
M1,2025-09-27,2025-09-22/2025-09-28,4,2,1.9614395402383316,1.699224327919975
VL,2025-09-27,2025-09-22/2025-09-28,0,4,1.2240704649272882,1.9261460819117389
VL,2025-09-27,2025-09-22/2025-09-28,2,1,1.2920283913483657,1.7439029548480445
NO-ELI,2025-09-27,2025-09-22/2025-09-28,3,3,1.3193081153125135,2.1613065146588872
SW-ES,2025-09-27,2025-09-22/2025-09-28,3,0,3.836639435271759,0.8883092682352558
SW-ES,2025-09-27,2025-09-22/2025-09-28,0,2,1.7199148434150713,1.38804505785374
SW-ES,2025-09-27,2025-09-22/2025-09-28,0,0,1.516585995291689,1.8427024221681243
NO-PN2,2025-09-27,2025-09-22/2025-09-28,3,2,1.9329427895108564,0.9775564094822973
NO-PN2,2025-09-27,2025-09-22/2025-09-28,1,0,2.2196817386371115,1.2826742899707568
NO-PN2,2025-09-27,2025-09-22/2025-09-28,3,1,2.390824853569918,1.2304099452228154
NO-PN2,2025-09-27,2025-09-22/2025-09-28,2,1,3.933040316944868,1.0646137737797512
NO-PN2,2025-09-27,2025-09-22/2025-09-28,3,2,1.2109185927757327,2.094848702649511
VL,2025-09-27,2025-09-22/2025-09-28,0,2,2.092072227566585,1.3762792434853004
SW-EN,2025-09-27,2025-09-22/2025-09-28,1,1,1.0611981009974003,1.959808739401578
SW-EN,2025-09-27,2025-09-22/2025-09-28,2,2,1.6018041385282868,1.5671036294398384
SW-EN,2025-09-27,2025-09-22/2025-09-28,2,0,2.5643306975945293,1.3343128514529063
SW-ES,2025-09-27,2025-09-22/2025-09-28,1,0,1.2492337296169371,1.021891193256145
SW-EN,2025-09-27,2025-09-22/2025-09-28,3,1,1.27049592961634,2.043883581271723
SW-ES,2025-09-27,2025-09-22/2025-09-28,1,2,0.8135035307447862,0.9219016399427157
SW-ES,2025-09-27,2025-09-22/2025-09-28,0,2,1.4854652594521254,1.9217492080079268
SW-EE,2025-09-27,2025-09-22/2025-09-28,4,1,2.415562661220475,0.94931638068124
SW-EE,2025-09-27,2025-09-22/2025-09-28,1,0,1.6393990235464437,1.7170598339080432
NO-OBOS,2025-09-27,2025-09-22/2025-09-28,2,0,1.3042484016655616,1.800309573338341
NO-OBOS,2025-09-27,2025-09-22/2025-09-28,1,2,1.2889386818799593,1.4374269802877262
SW-EE,2025-09-27,2025-09-22/2025-09-28,3,2,0.7386595263129552,1.9577596199755574
SW-EE,2025-09-27,2025-09-22/2025-09-28,5,0,3.1938166068473124,0.48089520310594563
NO-PN2,2025-09-27,2025-09-22/2025-09-28,4,1,3.0068572593557636,1.162422783920526
SW-EN,2025-09-27,2025-09-22/2025-09-28,2,4,1.0198932006496235,1.8903837205289449
SW-EN,2025-09-27,2025-09-22/2025-09-28,0,2,2.143635925253923,0.6800694781223448
M1L,2025-09-27,2025-09-22/2025-09-28,1,0,2.3535985399386514,0.872858522623461
M2,2025-09-27,2025-09-22/2025-09-28,4,2,3.8464604511915623,0.6152330403507354
SW-AL,2025-09-27,2025-09-22/2025-09-28,1,2,1.9288591802717074,1.1136095721975223
M1L,2025-09-27,2025-09-22/2025-09-28,1,0,1.3628276612915455,1.040421468395788
M1L,2025-09-27,2025-09-22/2025-09-28,0,1,1.860319795808592,1.3831297017535689
NL,2025-09-27,2025-09-22/2025-09-28,3,0,6.005139190174842,0.26098949795725906
SW-AL,2025-09-27,2025-09-22/2025-09-28,2,0,1.8891671832252246,1.833141679008674
SW-DA,2025-09-27,2025-09-22/2025-09-28,3,0,2.696636351835379,0.5378506280079927
SW-DA,2025-09-27,2025-09-22/2025-09-28,2,5,0.7144040865943423,2.483882970639444
SW-DA,2025-09-27,2025-09-22/2025-09-28,1,1,1.0450670164358613,1.5820674886433541
NL,2025-09-27,2025-09-22/2025-09-28,2,1,2.450940684881928,0.8812135444650483
M2,2025-09-27,2025-09-22/2025-09-28,0,10,0.97341500415574,3.197739298334724
NO-PN1,2025-09-27,2025-09-22/2025-09-28,9,0,3.1564484844148213,0.7867013807531337
NO-PN1,2025-09-27,2025-09-22/2025-09-28,4,0,3.3678454959983752,0.8155903950330585
SW-AL,2025-09-28,2025-09-22/2025-09-28,3,2,2.327018797011047,0.8645921696834846
SW-AL,2025-09-28,2025-09-22/2025-09-28,1,1,0.9936910271026875,0.9026069919951162
SW-EN,2025-09-28,2025-09-22/2025-09-28,3,0,2.1648168027231165,1.2978852484522405
NO-1DK,2025-09-28,2025-09-22/2025-09-28,1,2,2.4458123697892593,1.8028831472652047
NO-OBOS,2025-09-28,2025-09-22/2025-09-28,2,2,1.8669838041037867,2.0785521951596446
SW-EE,2025-09-28,2025-09-22/2025-09-28,3,0,2.5726498841187513,0.4432801973058697
NO-ELI,2025-09-28,2025-09-22/2025-09-28,1,0,1.8779804451288464,1.0394230062094891
NO-PN1,2025-09-28,2025-09-22/2025-09-28,1,1,1.587592456056983,0.6462228946623052
NO-PN1,2025-09-28,2025-09-22/2025-09-28,2,2,1.850482889211343,1.7360540059527627
SW-DA,2025-09-28,2025-09-22/2025-09-28,0,7,1.082857125486613,2.960971049079468
NO-PN1,2025-09-28,2025-09-22/2025-09-28,2,4,1.5899252508555446,1.992564987258944
SW-EE,2025-09-28,2025-09-22/2025-09-28,1,2,0.9648791929068995,0.8493026330825333
SW-ES,2025-09-28,2025-09-22/2025-09-28,2,1,1.3516555624657904,1.6984797728337928
SW-SE,2025-09-28,2025-09-22/2025-09-28,4,0,2.02419690080409,0.8654537494984919
M1L,2025-09-28,2025-09-22/2025-09-28,1,1,1.8686267940812984,1.6819507160821237
NO-ELI,2025-09-28,2025-09-22/2025-09-28,3,1,2.3615239679016553,0.9215640455629854
M2,2025-09-28,2025-09-22/2025-09-28,5,0,2.1695817185104396,1.2928745279633191
NO-ELI,2025-09-28,2025-09-22/2025-09-28,4,1,1.6567434492361122,1.325331898130653
M1,2025-09-28,2025-09-22/2025-09-28,2,0,1.9231924043646529,1.3824272014559909
M2,2025-09-28,2025-09-22/2025-09-28,1,9,1.5570893149050478,4.632291620963501
SW-AL,2025-09-28,2025-09-22/2025-09-28,1,0,0.7061251835810813,2.330850749796628
VL,2025-09-28,2025-09-22/2025-09-28,2,3,1.519274621467729,1.2503158697493284
SW-DA,2025-09-28,2025-09-22/2025-09-28,3,2,2.338691327622338,0.8952200154586586
NO-ELI,2025-09-28,2025-09-22/2025-09-28,4,0,0.9517181536260864,1.3904555290952865
SW-DA,2025-09-28,2025-09-22/2025-09-28,2,3,1.4055852876421562,1.4623965100066612
NO-PN2,2025-09-28,2025-09-22/2025-09-28,2,4,2.2967549503499813,2.214135664328297
SW-DA,2025-09-28,2025-09-22/2025-09-28,2,5,1.9389510132447736,1.703092886404372
SW-SE,2025-09-28,2025-09-22/2025-09-28,3,0,2.680034456543862,0.7620022935240998
SW-SE,2025-09-28,2025-09-22/2025-09-28,1,1,1.332785775452319,1.1607553461073263
M1,2025-09-28,2025-09-22/2025-09-28,3,0,2.193235675470388,1.3370585890800006
NO-ELI,2025-09-28,2025-09-22/2025-09-28,2,0,1.5922790027959397,1.216227482354588
SW-AL,2025-09-28,2025-09-22/2025-09-28,0,1,0.9059838602686179,1.822265169237471
NO-PN1,2025-09-29,2025-09-29/2025-10-05,0,0,2.441096367746534,1.0679891201440639
NO-ELI,2025-09-29,2025-09-29/2025-10-05,2,3,0.7850259295915174,2.27094054585578
SW-AL,2025-09-29,2025-09-29/2025-10-05,8,2,1.7917395852510658,1.0794936490931177
SW-AL,2025-09-29,2025-09-29/2025-10-05,0,2,0.84319824977908,1.2795276548205736
SW-SE,2025-09-29,2025-09-29/2025-10-05,3,1,1.771771452969537,0.6656415878919538
NO-OBOS,2025-09-29,2025-09-29/2025-10-05,0,1,0.940981003701049,1.5126834173424097
SW-SE,2025-09-29,2025-09-29/2025-10-05,2,1,2.4324794922249695,1.7463377985556598
NO-OBOS,2025-09-29,2025-09-29/2025-10-05,1,2,1.766030605216474,1.701575958950148
VL,2025-09-29,2025-09-29/2025-10-05,2,2,2.1944122705187175,1.9469119428915391
NO-OBOS,2025-09-29,2025-09-29/2025-10-05,1,0,1.052534028415767,1.5066927168945048
NO-OBOS,2025-09-29,2025-09-29/2025-10-05,1,5,0.7585929479892166,3.10750482838997
SW-SE,2025-09-29,2025-09-29/2025-10-05,4,1,1.5211081494412841,0.5886984610950609
SW-SE,2025-09-30,2025-09-29/2025-10-05,2,0,2.287301021009831,0.7352855555127141
SW-SE,2025-09-30,2025-09-29/2025-10-05,2,1,2.1378692921657394,0.5570588452686513
NO-ELI,2025-10-01,2025-09-29/2025-10-05,2,1,1.4470400673840136,0.821080514451711
SW-DA,2025-10-01,2025-09-29/2025-10-05,0,3,1.2964308040696988,2.086290535195704
NO-TS,2025-10-02,2025-09-29/2025-10-05,2,1,2.840959450566066,0.4282898215502698
VL,2025-10-03,2025-09-29/2025-10-05,2,3,3.1134286552350394,1.3517082332754433
VL,2025-10-03,2025-09-29/2025-10-05,2,1,1.3629213221839145,1.1610774453232304
M1L,2025-10-03,2025-09-29/2025-10-05,3,0,2.1310648737990663,1.2352923671317868
M1L,2025-10-03,2025-09-29/2025-10-05,1,2,1.519780183371665,1.115836303093173
SW-ES,2025-10-03,2025-09-29/2025-10-05,0,1,1.40549816860747,1.1442643092824738
NO-TS,2025-10-03,2025-09-29/2025-10-05,1,4,0.6303747258545647,3.1006141128339157
SW-DA,2025-10-03,2025-09-29/2025-10-05,1,0,2.3865036270486932,0.7688961183970793
NL,2025-10-03,2025-09-29/2025-10-05,2,1,1.4592830643584396,2.101247810308883
NO-TS,2025-10-03,2025-09-29/2025-10-05,9,0,2.4045493490449146,0.3449358058520614
SW-EE,2025-10-03,2025-09-29/2025-10-05,3,3,2.119810783957178,1.168553180924303
SW-EN,2025-10-03,2025-09-29/2025-10-05,1,1,1.5114037015473754,1.281152990929824
M1,2025-10-03,2025-09-29/2025-10-05,1,0,1.877085112675914,1.2758525344738505
NL,2025-10-03,2025-09-29/2025-10-05,2,2,0.7641628472801927,2.5473901623855744
M1,2025-10-03,2025-09-29/2025-10-05,1,2,1.442948689749405,1.3325801272406705
M2,2025-10-04,2025-09-29/2025-10-05,4,2,1.5886156195752301,1.7796718326664402
SW-AL,2025-10-04,2025-09-29/2025-10-05,2,0,2.0781072435163908,0.6849782873191514
SW-AL,2025-10-04,2025-09-29/2025-10-05,3,0,1.1311134037610646,0.8746464293983167
M1,2025-10-04,2025-09-29/2025-10-05,1,5,2.2531924122515483,2.0930852031494593
M1,2025-10-04,2025-09-29/2025-10-05,2,1,1.898737488354177,1.8575099060220714
M1L,2025-10-04,2025-09-29/2025-10-05,1,0,0.9760595341708806,2.781261985239199
M1L,2025-10-04,2025-09-29/2025-10-05,2,1,2.0273176937715576,1.051184845592589
M1L,2025-10-04,2025-09-29/2025-10-05,2,1,1.791419261299502,1.4849576527463013
NO-TS,2025-10-04,2025-09-29/2025-10-05,1,2,1.1408030744671804,1.01215186225087
M1,2025-10-04,2025-09-29/2025-10-05,2,2,1.365733059864309,1.9504931995061678
SW-SE,2025-10-04,2025-09-29/2025-10-05,1,3,1.0056372429306062,1.6798745917925133
SW-SE,2025-10-04,2025-09-29/2025-10-05,1,0,0.8065120193523013,1.3022562450882442
SW-SE,2025-10-04,2025-09-29/2025-10-05,1,6,1.0524027128821813,1.840596325253971
M2,2025-10-04,2025-09-29/2025-10-05,1,0,2.200039221119229,1.8197453549072362
M2,2025-10-04,2025-09-29/2025-10-05,3,2,1.7705551929873449,1.7104730076532344
NL,2025-10-04,2025-09-29/2025-10-05,1,3,0.9340837950828332,2.8626814538271907
SW-AL,2025-10-04,2025-09-29/2025-10-05,1,1,0.7229678778049788,1.7795882371759195
SW-DA,2025-10-04,2025-09-29/2025-10-05,0,2,0.4690848798393987,5.6966837312634135
M2,2025-10-04,2025-09-29/2025-10-05,5,2,4.3822646507297325,0.7577933458146534
SW-DA,2025-10-04,2025-09-29/2025-10-05,1,2,0.9231345618833212,1.7418075949702299
M2,2025-10-04,2025-09-29/2025-10-05,2,1,3.8665735624100916,1.7619584439979141
NO-TS,2025-10-04,2025-09-29/2025-10-05,2,0,1.7505531641676497,1.4208918292276185
SW-DA,2025-10-04,2025-09-29/2025-10-05,2,1,2.2933543716141513,0.8293526041539772
SW-AL,2025-10-04,2025-09-29/2025-10-05,2,1,1.9707399904363012,0.9992248803258701
NO-ELI,2025-10-04,2025-09-29/2025-10-05,1,0,1.9539276074766045,1.016871001272685
NO-OBOS,2025-10-04,2025-09-29/2025-10-05,4,0,2.206414279622789,1.2487540814665439
NO-OBOS,2025-10-04,2025-09-29/2025-10-05,0,4,1.5376434749728223,1.5509607998269008
NO-OBOS,2025-10-04,2025-09-29/2025-10-05,4,0,2.804770103438267,0.5786407107261861
NO-OBOS,2025-10-04,2025-09-29/2025-10-05,3,0,2.4667201698070276,1.0681936567180323
SW-EE,2025-10-04,2025-09-29/2025-10-05,1,2,1.5177475148424424,1.7315392937596499
SW-EE,2025-10-04,2025-09-29/2025-10-05,1,1,0.9082142788099566,2.0132270162647545
NO-PN1,2025-10-04,2025-09-29/2025-10-05,1,1,1.9347346525803666,1.3236444172916302
SW-EE,2025-10-04,2025-09-29/2025-10-05,3,0,1.9598829753619362,0.728168555037547
SW-EN,2025-10-04,2025-09-29/2025-10-05,1,1,1.2358756439978447,1.79509777931955
SW-EN,2025-10-04,2025-09-29/2025-10-05,3,2,2.8623122814744266,1.018194956655527
SW-ES,2025-10-04,2025-09-29/2025-10-05,2,0,1.18310916169218,3.086271688598224
SW-ES,2025-10-04,2025-09-29/2025-10-05,1,2,2.150830238890125,1.2816428340323123
SW-ES,2025-10-04,2025-09-29/2025-10-05,0,5,1.0774094009140172,1.7561868287385485
SW-ES,2025-10-04,2025-09-29/2025-10-05,3,1,1.1606906910602517,1.9981520836029545
SW-EN,2025-10-04,2025-09-29/2025-10-05,2,1,2.5251885274750125,1.9939380174278774
NO-ELI,2025-10-04,2025-09-29/2025-10-05,2,1,1.0787143780118544,1.6000798136395626
NO-PN1,2025-10-04,2025-09-29/2025-10-05,2,3,1.113865224713269,1.351613508754829
NO-PN2,2025-10-04,2025-09-29/2025-10-05,3,4,2.530271719732716,1.8559254901772337
NO-ELI,2025-10-04,2025-09-29/2025-10-05,1,0,1.4690323565023247,1.7238065685316006
SW-EN,2025-10-04,2025-09-29/2025-10-05,3,1,1.4396918135522379,1.3955510378028084
NO-OBOS,2025-10-04,2025-09-29/2025-10-05,2,0,2.21347155612673,1.3888183913089973
NO-OBOS,2025-10-04,2025-09-29/2025-10-05,2,3,2.065616673604656,1.2918045616261942
NO-1DK,2025-10-04,2025-09-29/2025-10-05,2,1,1.8961635237221193,0.6447103367820365
VL,2025-10-04,2025-09-29/2025-10-05,2,1,1.8355903650864422,2.042309215098235
VL,2025-10-04,2025-09-29/2025-10-05,1,1,1.5393893688131923,1.900316807879058
NO-1DK,2025-10-04,2025-09-29/2025-10-05,4,0,3.0684004098053363,0.7500347707824014
VL,2025-10-04,2025-09-29/2025-10-05,2,0,1.171756008272952,1.6312175890806588
NO-1DK,2025-10-04,2025-09-29/2025-10-05,0,2,2.3605764148866535,0.8400458756923845
NO-PN1,2025-10-05,2025-09-29/2025-10-05,1,1,1.4097722558822416,0.987596553259254
VL,2025-10-05,2025-09-29/2025-10-05,0,3,1.3604212325519656,1.1357421919562096
NO-PN1,2025-10-05,2025-09-29/2025-10-05,2,0,1.2967603348178711,1.567237247461141
NO-PN1,2025-10-05,2025-09-29/2025-10-05,2,1,1.3527200288135954,1.9314812203333334
NO-PN1,2025-10-05,2025-09-29/2025-10-05,2,0,2.3060592881028863,2.0866556982182543
SW-EN,2025-10-05,2025-09-29/2025-10-05,3,1,1.7956274431859696,0.6954258658965214
NO-OBOS,2025-10-05,2025-09-29/2025-10-05,4,0,2.108611361310863,0.9804980133562933
SW-AL,2025-10-05,2025-09-29/2025-10-05,2,3,2.0522798900022883,0.9305655545963414
SW-EE,2025-10-05,2025-09-29/2025-10-05,2,3,0.4776292204929926,1.874694413549859
SW-EN,2025-10-05,2025-09-29/2025-10-05,7,1,2.927560490679171,1.233384731459391
NO-OBOS,2025-10-05,2025-09-29/2025-10-05,2,2,1.1438861913692395,1.071211070023371
SW-AL,2025-10-05,2025-09-29/2025-10-05,1,3,2.1093050575010897,1.372519798720586
NO-PN2,2025-10-05,2025-09-29/2025-10-05,2,1,1.297502366791336,2.667825171878014
NO-PN2,2025-10-05,2025-09-29/2025-10-05,2,3,1.2443158427484033,2.6209227334112803
NO-PN2,2025-10-05,2025-09-29/2025-10-05,4,0,2.4371133017303857,1.4447772105648629
NO-PN2,2025-10-05,2025-09-29/2025-10-05,7,0,2.2800857982938827,0.8844985729364182
SW-EE,2025-10-05,2025-09-29/2025-10-05,1,7,0.629441693923105,2.275986095513154
SW-AL,2025-10-05,2025-09-29/2025-10-05,1,2,1.131045267141972,1.4613247624838959
SW-SE,2025-10-05,2025-09-29/2025-10-05,4,1,1.267472419426074,1.939879505603645
SW-SE,2025-10-05,2025-09-29/2025-10-05,1,0,1.8851905629354258,1.031588701506322
M1,2025-10-05,2025-09-29/2025-10-05,3,0,2.418321857214268,0.8418642985581095
NO-1DK,2025-10-05,2025-09-29/2025-10-05,0,2,1.291484251063265,2.5701395802206117
NO-1DK,2025-10-05,2025-09-29/2025-10-05,1,3,2.1191961862006297,1.4367826221313658
NO-1DK,2025-10-05,2025-09-29/2025-10-05,1,1,2.2364455647749613,0.723084409735188
SW-ES,2025-10-05,2025-09-29/2025-10-05,3,1,1.1719650988045989,0.8551597874028869
SW-ES,2025-10-05,2025-09-29/2025-10-05,2,1,2.1054553575537955,0.6893091865836631
SW-SE,2025-10-05,2025-09-29/2025-10-05,2,1,0.8647281565060492,1.1628247005954517
SW-EE,2025-10-05,2025-09-29/2025-10-05,3,1,1.4020105906381835,0.9545398901570101
NO-PN2,2025-10-05,2025-09-29/2025-10-05,2,1,1.3272654152153818,1.3908158473771024
SW-EN,2025-10-05,2025-09-29/2025-10-05,0,1,0.9745704900560177,1.6365290899179044
SW-AL,2025-10-05,2025-09-29/2025-10-05,5,1,1.3222150162902904,1.7473150163859277
NO-ELI,2025-10-05,2025-09-29/2025-10-05,2,3,1.7697919383454872,1.1914361164841702
NO-ELI,2025-10-05,2025-09-29/2025-10-05,1,1,1.236730043211488,1.846845073238473
NO-ELI,2025-10-05,2025-09-29/2025-10-05,1,1,1.3747288107954745,0.8890075919791856
SW-DA,2025-10-05,2025-09-29/2025-10-05,4,1,1.4426301310211926,2.6423840036197
NO-ELI,2025-10-05,2025-09-29/2025-10-05,3,0,2.180180043306292,1.5032941398278872
NO-ELI,2025-10-05,2025-09-29/2025-10-05,2,0,4.7631650685846605,0.391272287649464
SW-DA,2025-10-05,2025-09-29/2025-10-05,0,0,1.1378300012174842,2.2704755669613217
SW-DA,2025-10-05,2025-09-29/2025-10-05,2,0,2.0552037682317836,1.102970456345798
SW-ES,2025-10-06,2025-10-06/2025-10-12,1,0,2.0668078105113503,0.6209364974918601
NO-PN1,2025-10-06,2025-10-06/2025-10-12,2,1,1.941520547116677,1.2862359003315167
SW-SE,2025-10-06,2025-10-06/2025-10-12,2,1,1.2138230564034862,1.2638635761651396
SW-SE,2025-10-06,2025-10-06/2025-10-12,1,1,0.8053280699250012,2.149090315382476
NL,2025-10-07,2025-10-06/2025-10-12,6,2,2.2598655085134123,2.1538710203246247
NO-PN2,2025-10-08,2025-10-06/2025-10-12,1,4,2.2843747276852335,2.0893406604945546
SW-ES,2025-10-10,2025-10-06/2025-10-12,1,3,1.2972783541088475,1.0245893540387705
SW-ES,2025-10-10,2025-10-06/2025-10-12,1,2,2.1591245817361,1.1693663310062328
SW-EN,2025-10-10,2025-10-06/2025-10-12,1,1,1.410190948712425,1.8104810552437007
SW-DA,2025-10-11,2025-10-06/2025-10-12,2,1,2.6149007709897716,0.8120490171102112
NO-1DK,2025-10-11,2025-10-06/2025-10-12,1,1,1.371602800143813,1.5827368562291873
SW-ES,2025-10-11,2025-10-06/2025-10-12,1,0,1.3514123019098914,1.74055333068961
SW-DA,2025-10-11,2025-10-06/2025-10-12,2,3,2.1949885966757723,2.088832238354383
SW-DA,2025-10-11,2025-10-06/2025-10-12,0,1,1.022765970294632,1.1361028553263692
SW-DA,2025-10-11,2025-10-06/2025-10-12,2,0,1.848575707009589,1.4720553180620695
NL,2025-10-11,2025-10-06/2025-10-12,3,1,2.499093364802814,1.7371873792803192
NL,2025-10-11,2025-10-06/2025-10-12,0,2,0.8674699890520993,3.493731202266072
SW-ES,2025-10-11,2025-10-06/2025-10-12,3,0,3.2072454449437253,0.857303456712755
SW-DA,2025-10-11,2025-10-06/2025-10-12,1,2,1.113046686994225,1.834495255331856
SW-ES,2025-10-11,2025-10-06/2025-10-12,0,0,0.4615793932425746,1.3578199391600505
NO-PN2,2025-10-11,2025-10-06/2025-10-12,3,1,2.5853465943360496,1.5858411241686778
NO-PN1,2025-10-11,2025-10-06/2025-10-12,2,1,1.6843176624576952,1.489873427101501
SW-EE,2025-10-11,2025-10-06/2025-10-12,1,1,1.4820768964626068,0.7883024100045248
SW-EE,2025-10-11,2025-10-06/2025-10-12,1,0,2.2205696686986935,0.9340276502676829
SW-EE,2025-10-11,2025-10-06/2025-10-12,1,4,0.451330544890143,2.57734632183736
SW-EE,2025-10-11,2025-10-06/2025-10-12,2,3,0.7619645534940789,1.7194361008475565
SW-EE,2025-10-11,2025-10-06/2025-10-12,0,2,1.4569897607755304,2.480470879541413
SW-EE,2025-10-11,2025-10-06/2025-10-12,3,0,3.1609765150224223,0.7253337515249559
NO-PN1,2025-10-11,2025-10-06/2025-10-12,1,0,2.4253024470179585,0.6708454467081331
NO-PN1,2025-10-11,2025-10-06/2025-10-12,2,0,2.4391761744633014,0.8111368505705739
NO-TS,2025-10-11,2025-10-06/2025-10-12,2,2,1.9559975914260828,1.0106704955847947
SW-EN,2025-10-11,2025-10-06/2025-10-12,0,1,1.5967303626647837,0.8610922618464777
SW-EN,2025-10-11,2025-10-06/2025-10-12,2,1,1.4883630419532075,1.4274921765007618
SW-EN,2025-10-11,2025-10-06/2025-10-12,3,4,3.1604701777729782,1.7552447858612834
SW-EN,2025-10-11,2025-10-06/2025-10-12,1,2,1.3827554504725459,2.4612593712836492
SW-DA,2025-10-11,2025-10-06/2025-10-12,6,3,2.008628988233101,0.6125047116221178
NO-PN2,2025-10-11,2025-10-06/2025-10-12,2,1,2.425465583442618,1.128747314051049
NO-PN2,2025-10-11,2025-10-06/2025-10-12,2,0,3.15269448906765,1.2032476534565064
SW-ES,2025-10-11,2025-10-06/2025-10-12,4,0,2.431883452821577,1.3692190369171462
NO-PN2,2025-10-11,2025-10-06/2025-10-12,0,0,2.2776322956349637,1.6672406654323093
SW-EN,2025-10-11,2025-10-06/2025-10-12,0,0,1.660744108675484,2.005054091956955
NO-1DK,2025-10-12,2025-10-06/2025-10-12,1,1,1.0791680606683551,0.9895830343514235
SW-EE,2025-10-12,2025-10-06/2025-10-12,0,0,3.7886345869819795,0.44664980973727925
NO-1DK,2025-10-12,2025-10-06/2025-10-12,2,0,2.179951336657881,0.793647195326735
NO-1DK,2025-10-12,2025-10-06/2025-10-12,0,3,1.42368288116439,1.8871144129818556
NO-1DK,2025-10-12,2025-10-06/2025-10-12,2,1,1.8481377498824592,2.047791901290153
NO-TS,2025-10-12,2025-10-06/2025-10-12,2,4,0.859946070322251,1.3722714936622258
NO-TS,2025-10-12,2025-10-06/2025-10-12,8,0,2.258961276687754,0.45153810692244906
NO-TS,2025-10-12,2025-10-06/2025-10-12,1,0,2.8280134223560487,1.3303569860947406
NO-PN2,2025-10-12,2025-10-06/2025-10-12,0,1,1.3767448661769133,1.809227469759171
NO-PN2,2025-10-12,2025-10-06/2025-10-12,4,1,2.592397134591706,1.7301282952238575
NO-PN2,2025-10-12,2025-10-06/2025-10-12,1,2,1.2055276346807247,1.8890443972934028
SW-EN,2025-10-12,2025-10-06/2025-10-12,4,3,2.199911579733703,0.6827681712173841
NO-1DK,2025-10-12,2025-10-06/2025-10-12,1,4,1.070512617552255,1.8579506132055035
NO-TS,2025-10-12,2025-10-06/2025-10-12,1,1,0.6927196452830615,1.185848223562952
SW-EN,2025-10-12,2025-10-06/2025-10-12,0,2,0.9865668737203583,1.2968402941102932
SW-ES,2025-10-12,2025-10-06/2025-10-12,1,3,1.2409992844233155,1.2510525775550907
NO-PN1,2025-10-12,2025-10-06/2025-10-12,2,2,3.682584476546861,1.3100862867934076
NO-PN1,2025-10-12,2025-10-06/2025-10-12,4,3,1.2611373117171423,1.1166767312332955
NO-PN1,2025-10-12,2025-10-06/2025-10-12,2,1,2.599791395076318,1.2453775381994159
NO-PN1,2025-10-12,2025-10-06/2025-10-12,3,2,1.7776880133637671,0.9469555576443955
SW-ES,2025-10-12,2025-10-06/2025-10-12,1,0,1.4717321167614046,1.489613391380596
SW-DA,2025-10-12,2025-10-06/2025-10-12,1,2,1.7915930519175636,1.5287352304789523
NL,2025-10-12,2025-10-06/2025-10-12,3,2,1.7345275539325942,0.7736115965771921
VL,2025-10-16,2025-10-13/2025-10-19,1,1,1.5224241602934232,1.7374660506850075
SW-EN,2025-10-17,2025-10-13/2025-10-19,3,3,2.123802235780528,1.2143683950099489
NO-OBOS,2025-10-17,2025-10-13/2025-10-19,5,1,1.761481471520083,0.7060882975602082
SW-DA,2025-10-17,2025-10-13/2025-10-19,1,4,1.1764705757900937,1.9564546133596141
SW-ES,2025-10-17,2025-10-13/2025-10-19,1,2,1.4317178161549682,1.1818445947999463
SW-ES,2025-10-17,2025-10-13/2025-10-19,1,4,1.6827921730667519,1.985658661877701
NO-PN2,2025-10-18,2025-10-13/2025-10-19,3,0,3.19667697196306,1.131420574994049
SW-SE,2025-10-18,2025-10-13/2025-10-19,3,0,1.4376531270748136,1.6062356971783514
NO-ELI,2025-10-18,2025-10-13/2025-10-19,2,5,1.1734832183883828,2.384865407077671
NL,2025-10-18,2025-10-13/2025-10-19,1,2,1.004852961578782,2.705447264840996
SW-SE,2025-10-18,2025-10-13/2025-10-19,2,1,2.372437747501181,0.81418830091645
NL,2025-10-18,2025-10-13/2025-10-19,6,0,4.160533340506519,0.33319361386024143
NL,2025-10-18,2025-10-13/2025-10-19,2,1,2.7283540786925267,2.0017915983969075
M1L,2025-10-18,2025-10-13/2025-10-19,1,1,1.0546688896020104,1.3435459011510495
M1L,2025-10-18,2025-10-13/2025-10-19,1,2,1.3177254115571264,1.4422166177440663
M1L,2025-10-18,2025-10-13/2025-10-19,2,1,1.8929603910302675,1.6835018978665592
SW-SE,2025-10-18,2025-10-13/2025-10-19,0,0,2.1829251611130003,0.8363721405087913
SW-SE,2025-10-18,2025-10-13/2025-10-19,1,0,1.7858511800854906,1.8574743438989376
M1L,2025-10-18,2025-10-13/2025-10-19,3,3,1.5983613468700184,1.8825052152230206
M1L,2025-10-18,2025-10-13/2025-10-19,1,2,2.0048395818970897,1.232890224393548
NO-PN1,2025-10-18,2025-10-13/2025-10-19,1,3,2.1191940077364944,0.8927774367128352
SW-AL,2025-10-18,2025-10-13/2025-10-19,1,1,2.1198030993898973,2.229853832714774
NO-OBOS,2025-10-18,2025-10-13/2025-10-19,0,5,1.115301161161501,1.4934701950105973
NO-OBOS,2025-10-18,2025-10-13/2025-10-19,4,0,2.164482843017382,1.1739613455631865
NO-OBOS,2025-10-18,2025-10-13/2025-10-19,3,3,1.473532130950066,1.3532968082617185
NO-OBOS,2025-10-18,2025-10-13/2025-10-19,0,6,1.1639836082884942,2.365246173900642
NO-OBOS,2025-10-18,2025-10-13/2025-10-19,2,4,1.5622813483071074,2.735720676771987
NO-OBOS,2025-10-18,2025-10-13/2025-10-19,1,1,1.4490319913285605,1.1360939585149312
NO-OBOS,2025-10-18,2025-10-13/2025-10-19,0,0,1.377233526343715,1.9670279684644065
SW-EE,2025-10-18,2025-10-13/2025-10-19,3,3,2.554927498382657,0.8575744212623999
SW-EE,2025-10-18,2025-10-13/2025-10-19,0,5,0.8635112663970096,2.6364782626901486
SW-EE,2025-10-18,2025-10-13/2025-10-19,3,0,1.7305928935619224,0.9973177495471256
SW-EE,2025-10-18,2025-10-13/2025-10-19,2,0,1.5163271541867158,0.941436568194068
SW-EE,2025-10-18,2025-10-13/2025-10-19,2,5,0.5457560382245391,3.004050169350032
SW-EE,2025-10-18,2025-10-13/2025-10-19,1,2,2.482284531905064,0.7227568094826801
NO-ELI,2025-10-18,2025-10-13/2025-10-19,2,2,1.2747970190745421,1.2495798234303501
SW-AL,2025-10-18,2025-10-13/2025-10-19,0,2,1.3211930845523798,1.8544447655249594
NO-PN2,2025-10-18,2025-10-13/2025-10-19,2,0,1.762063966072216,1.5832122560381907
NO-ELI,2025-10-18,2025-10-13/2025-10-19,4,1,3.1420635230590497,0.5660255518775367
SW-SE,2025-10-18,2025-10-13/2025-10-19,3,2,1.2481102466319098,0.5875829768587508
VL,2025-10-18,2025-10-13/2025-10-19,1,3,1.3497117949901452,1.1945196156694855
SW-ES,2025-10-18,2025-10-13/2025-10-19,4,0,1.4920933863472459,1.3531396279116708
SW-EN,2025-10-18,2025-10-13/2025-10-19,1,1,2.924321098970042,1.0151436240962455
SW-EN,2025-10-18,2025-10-13/2025-10-19,2,0,1.5107437013534457,0.5340485357818326
SW-DA,2025-10-18,2025-10-13/2025-10-19,1,4,1.11800513543596,1.5511530963096631
VL,2025-10-18,2025-10-13/2025-10-19,1,2,1.458043174303066,1.3453099057591926
SW-DA,2025-10-18,2025-10-13/2025-10-19,3,3,1.216065049187932,2.594883105812843
SW-ES,2025-10-18,2025-10-13/2025-10-19,1,0,2.2189288411263903,0.9221791708316616
SW-ES,2025-10-18,2025-10-13/2025-10-19,1,3,1.0695581171628856,1.1006266041109192
SW-ES,2025-10-18,2025-10-13/2025-10-19,1,3,0.9074814480784741,2.663291857757731
NO-1DK,2025-10-18,2025-10-13/2025-10-19,3,2,2.0680110642986858,1.9941445755795215
VL,2025-10-18,2025-10-13/2025-10-19,2,0,1.515859083531111,1.6977690679679749
NO-1DK,2025-10-18,2025-10-13/2025-10-19,1,2,1.6932699732568155,1.0753810399632449
NO-1DK,2025-10-18,2025-10-13/2025-10-19,3,0,2.9145762721171216,1.1806756687311368
NO-1DK,2025-10-18,2025-10-13/2025-10-19,0,5,0.7416866478753101,2.24268174414757
NO-1DK,2025-10-18,2025-10-13/2025-10-19,4,0,2.470749221616381,0.5231264147161587
NO-PN1,2025-10-18,2025-10-13/2025-10-19,4,1,2.7595137382903476,1.2828193191511867
NO-PN1,2025-10-18,2025-10-13/2025-10-19,0,1,1.3968786887249989,1.234709270827035
NO-PN1,2025-10-18,2025-10-13/2025-10-19,2,1,2.1696641443861884,0.9552052624928249
NO-1DK,2025-10-18,2025-10-13/2025-10-19,2,3,2.4455566390921755,0.52050499780782
SW-ES,2025-10-18,2025-10-13/2025-10-19,2,2,1.8429458249250785,0.8108836402618793
NO-PN2,2025-10-19,2025-10-13/2025-10-19,3,0,2.3284987142686266,0.9862780031506672
NO-PN2,2025-10-19,2025-10-13/2025-10-19,3,5,2.041139733380119,1.9257420893593693
NO-PN2,2025-10-19,2025-10-13/2025-10-19,3,6,1.9736622533334376,1.7747114266101915
NO-PN2,2025-10-19,2025-10-13/2025-10-19,1,2,1.9819867550391013,1.8533700973889906
NO-ELI,2025-10-19,2025-10-13/2025-10-19,0,3,1.350306425832146,1.3902280739931163
NO-ELI,2025-10-19,2025-10-13/2025-10-19,1,3,1.6739409028438386,1.2392545033693212
SW-AL,2025-10-19,2025-10-13/2025-10-19,1,1,1.627482866702908,2.17761281351258
SW-AL,2025-10-19,2025-10-13/2025-10-19,2,1,1.639063956589222,0.9413612747634482
SW-AL,2025-10-19,2025-10-13/2025-10-19,3,2,1.0720500618450926,1.2227843004474444
SW-SE,2025-10-19,2025-10-13/2025-10-19,3,2,1.674833515206827,1.0327470921950042
SW-EE,2025-10-19,2025-10-13/2025-10-19,1,2,1.3702473260049073,0.9014050176311786
NO-PN1,2025-10-19,2025-10-13/2025-10-19,2,0,1.711736784298464,1.4444065122056688
NO-PN1,2025-10-19,2025-10-13/2025-10-19,1,0,1.6910043969208433,1.1690384572634274
NO-PN1,2025-10-19,2025-10-13/2025-10-19,1,1,1.7670243416723013,1.6669450904378702
VL,2025-10-19,2025-10-13/2025-10-19,3,1,1.9864254975543842,1.8610569238268015
SW-AL,2025-10-19,2025-10-13/2025-10-19,5,1,1.4413347075076983,1.1602078008749803
SW-SE,2025-10-19,2025-10-13/2025-10-19,1,3,1.7127271544597231,0.6914307861636032
NO-PN2,2025-10-19,2025-10-13/2025-10-19,1,2,1.348846602196009,1.5620302180728065
VL,2025-10-19,2025-10-13/2025-10-19,3,4,1.4466649456499485,2.551587774636828
M1,2025-10-19,2025-10-13/2025-10-19,5,0,1.2631608869211308,1.117173729487757
M1,2025-10-19,2025-10-13/2025-10-19,1,6,2.7723481029432016,1.4461851828203407
SW-SE,2025-10-19,2025-10-13/2025-10-19,3,1,2.157733443470196,0.8544170359326654
M1,2025-10-19,2025-10-13/2025-10-19,1,3,2.1888081290884434,1.4642617187678195
SW-DA,2025-10-19,2025-10-13/2025-10-19,0,2,0.825471058794245,2.8768340533844863
NO-TS,2025-10-19,2025-10-13/2025-10-19,0,4,0.8557258931767086,1.6532327654323773
NO-TS,2025-10-19,2025-10-13/2025-10-19,2,3,1.1776113467603746,1.5683276662782772
NO-TS,2025-10-19,2025-10-13/2025-10-19,1,5,0.44274777098778123,4.014155993782271
NO-TS,2025-10-19,2025-10-13/2025-10-19,2,2,1.0020762952016211,1.186188251156952
NO-TS,2025-10-19,2025-10-13/2025-10-19,0,1,0.6939351165581673,2.782046373790205
SW-ES,2025-10-19,2025-10-13/2025-10-19,1,3,1.0997606560152076,1.0404531113124078
SW-EN,2025-10-19,2025-10-13/2025-10-19,0,1,1.4920382247779915,1.3028310016830595
SW-EN,2025-10-19,2025-10-13/2025-10-19,4,2,3.6714898791001085,1.3646208909185304
SW-EN,2025-10-19,2025-10-13/2025-10-19,6,0,3.568638104559933,0.9446875742031964
VL,2025-10-19,2025-10-13/2025-10-19,1,2,1.3445795542899928,1.4358748311728682
SW-DA,2025-10-19,2025-10-13/2025-10-19,0,6,0.9297936619155037,4.9071069484792575
NO-ELI,2025-10-19,2025-10-13/2025-10-19,1,1,2.213053216475493,0.8036816364132779
NO-ELI,2025-10-19,2025-10-13/2025-10-19,2,1,1.6808352276974767,1.4480813228606757
NO-ELI,2025-10-19,2025-10-13/2025-10-19,1,3,1.4918001663623344,1.456124891563362
M1,2025-10-19,2025-10-13/2025-10-19,1,2,2.4305491602104623,1.4066039755671638
M1,2025-10-19,2025-10-13/2025-10-19,5,1,1.8790162824320957,1.4021167549629203
M1,2025-10-19,2025-10-13/2025-10-19,2,2,1.9227327215336896,1.237448151385735
SW-DA,2025-10-19,2025-10-13/2025-10-19,2,0,0.8493139505852279,1.6087246985203743
SW-EN,2025-10-19,2025-10-13/2025-10-19,1,3,1.9782487447542523,1.3578585163647305
SW-DA,2025-10-19,2025-10-13/2025-10-19,1,0,1.7773472426049648,0.7965526297068624
SW-EN,2025-10-20,2025-10-20/2025-10-26,1,1,1.9738084011139263,0.840454806874706
SW-AL,2025-10-20,2025-10-20/2025-10-26,0,1,1.225973473333358,0.9190555540543176
SW-AL,2025-10-20,2025-10-20/2025-10-26,0,2,0.6559804360898651,1.1694794054545066
NO-OBOS,2025-10-22,2025-10-20/2025-10-26,2,0,2.049451460218629,1.3272755422548193
NO-OBOS,2025-10-22,2025-10-20/2025-10-26,1,3,1.4551547444304282,1.745569172221953
NO-OBOS,2025-10-22,2025-10-20/2025-10-26,3,0,2.4950190282510825,1.1994084597611878
VL,2025-10-22,2025-10-20/2025-10-26,3,4,2.385963654640111,2.2718462627623897
VL,2025-10-22,2025-10-20/2025-10-26,2,1,2.093048852195156,1.0745283912386772
NO-OBOS,2025-10-22,2025-10-20/2025-10-26,2,1,2.5020190061359258,0.6710193124505068
NO-OBOS,2025-10-22,2025-10-20/2025-10-26,1,7,0.6017209064827801,2.0285768836433826
NO-OBOS,2025-10-22,2025-10-20/2025-10-26,3,0,2.4690419405215174,1.2824227775181858
NO-OBOS,2025-10-22,2025-10-20/2025-10-26,2,0,2.762947359517116,1.1014006301322612
NO-OBOS,2025-10-22,2025-10-20/2025-10-26,2,1,1.5242200615462889,1.1647127481534794
SW-EN,2025-10-24,2025-10-20/2025-10-26,1,2,0.8466257273032208,1.836713019450341
SW-SE,2025-10-24,2025-10-20/2025-10-26,0,2,1.719984297409934,1.3336632351489992
NO-OBOS,2025-10-25,2025-10-20/2025-10-26,2,1,3.222917940165245,0.6988018462913209
SW-SE,2025-10-25,2025-10-20/2025-10-26,2,2,1.0902034545738193,1.4930019744387963
SW-SE,2025-10-25,2025-10-20/2025-10-26,3,1,1.2169365747713525,1.460836603643163
SW-SE,2025-10-25,2025-10-20/2025-10-26,0,0,2.0279516366871086,0.7126217803531393
SW-SE,2025-10-25,2025-10-20/2025-10-26,3,2,1.615501375581273,1.368994609485656
SW-SE,2025-10-25,2025-10-20/2025-10-26,0,2,0.8395788215217751,1.3379975368931523
NO-PN2,2025-10-25,2025-10-20/2025-10-26,3,1,3.6843579360128818,1.1144102532369764
NO-PN2,2025-10-25,2025-10-20/2025-10-26,6,4,3.274331777862733,1.2450954948014525
NO-PN2,2025-10-25,2025-10-20/2025-10-26,1,2,0.753343896529995,2.25363052259106
NO-PN2,2025-10-25,2025-10-20/2025-10-26,0,3,2.880618960149126,2.0021124300742517
NO-PN2,2025-10-25,2025-10-20/2025-10-26,1,2,1.8544238354568299,1.5819465883220025
NO-PN2,2025-10-25,2025-10-20/2025-10-26,1,0,1.6791576529191417,1.5024626429814465
NO-OBOS,2025-10-25,2025-10-20/2025-10-26,0,1,1.7179019167809575,1.4577619066122618
NO-PN2,2025-10-25,2025-10-20/2025-10-26,1,3,1.9977622390002998,1.1192685989073405
SW-AL,2025-10-25,2025-10-20/2025-10-26,6,2,2.887789173616588,1.0138336302791031
SW-ES,2025-10-25,2025-10-20/2025-10-26,0,1,1.0427825285345935,1.4832363527410808
VL,2025-10-25,2025-10-20/2025-10-26,1,3,1.3906259225970954,2.49831941639953
NO-OBOS,2025-10-25,2025-10-20/2025-10-26,2,2,1.1275191922409875,2.17393584260365
NO-OBOS,2025-10-25,2025-10-20/2025-10-26,0,1,1.2736917167968096,1.6717012759968493
SW-ES,2025-10-25,2025-10-20/2025-10-26,5,0,2.0982145970326216,1.0968680260656813
SW-ES,2025-10-25,2025-10-20/2025-10-26,2,2,0.8849502903171119,1.2438610464573046
SW-ES,2025-10-25,2025-10-20/2025-10-26,2,0,2.9536072888157094,0.7211138450561762
NO-OBOS,2025-10-25,2025-10-20/2025-10-26,1,1,1.1877674894016483,2.747729455317468
NO-OBOS,2025-10-25,2025-10-20/2025-10-26,1,1,1.002749828490483,1.7113954597483307
NO-OBOS,2025-10-25,2025-10-20/2025-10-26,1,4,1.2155179810937435,1.680001653713385
NO-OBOS,2025-10-25,2025-10-20/2025-10-26,1,3,1.2874857345441986,1.672239382779578
SW-AL,2025-10-25,2025-10-20/2025-10-26,1,2,1.3190084495304442,1.0971481064839548
SW-ES,2025-10-25,2025-10-20/2025-10-26,4,2,1.6647523758668736,1.3898492509581977
SW-ES,2025-10-25,2025-10-20/2025-10-26,0,1,0.8976307167995254,1.9081230430777956
NO-PN1,2025-10-25,2025-10-20/2025-10-26,4,1,2.310938251635716,0.8323204254940798
NO-PN1,2025-10-25,2025-10-20/2025-10-26,2,4,1.6473171589176976,1.9320569835005572
NO-PN1,2025-10-25,2025-10-20/2025-10-26,1,2,1.5219539229391483,1.3992108562060703
NO-PN1,2025-10-25,2025-10-20/2025-10-26,2,2,2.451733240049404,1.104567172735694
NO-PN1,2025-10-25,2025-10-20/2025-10-26,3,1,1.107144105308922,1.7505945207788192
NO-PN1,2025-10-25,2025-10-20/2025-10-26,3,1,2.626196408994288,1.2792986735841734
NO-PN1,2025-10-25,2025-10-20/2025-10-26,2,3,1.6880955197270975,0.7243906668112506
NO-ELI,2025-10-25,2025-10-20/2025-10-26,2,1,1.4770874466209873,1.6125154842395482
SW-EN,2025-10-25,2025-10-20/2025-10-26,0,3,1.1568152405383492,1.8770494313078132
SW-EN,2025-10-25,2025-10-20/2025-10-26,2,3,1.5557996991550738,1.094882090566465
SW-EN,2025-10-25,2025-10-20/2025-10-26,2,3,2.6335313823949624,1.9931204238019387
SW-EN,2025-10-25,2025-10-20/2025-10-26,3,3,1.1142816720920998,2.0940330852324167
NO-ELI,2025-10-25,2025-10-20/2025-10-26,5,1,2.766991244448476,0.8586110592688214
SW-EN,2025-10-26,2025-10-20/2025-10-26,2,4,0.8768023326292392,1.3123928030461613
SW-SE,2025-10-26,2025-10-20/2025-10-26,1,1,0.9803632204777033,1.9712437849390185
SW-EN,2025-10-26,2025-10-20/2025-10-26,4,1,1.4558416521591393,1.921467196925124
NO-ELI,2025-10-26,2025-10-20/2025-10-26,4,1,2.7673198800197394,0.8364827681050628
SW-EN,2025-10-26,2025-10-20/2025-10-26,3,2,2.9785741173944427,1.3325099798853686
SW-AL,2025-10-26,2025-10-20/2025-10-26,2,2,1.5614024173726457,1.0828190211894464
NO-ELI,2025-10-26,2025-10-20/2025-10-26,2,3,0.685719182553919,2.0127094011486353
NO-ELI,2025-10-26,2025-10-20/2025-10-26,2,3,1.4542762575283408,1.665653048045826
SW-AL,2025-10-26,2025-10-20/2025-10-26,2,1,2.253325326210587,0.5622100819319502
VL,2025-10-26,2025-10-20/2025-10-26,1,1,1.5603991760066847,1.7331706214388591
NO-ELI,2025-10-26,2025-10-20/2025-10-26,2,1,2.5380403916597083,1.3236343489796372
NO-ELI,2025-10-26,2025-10-20/2025-10-26,0,0,1.5280531313031298,1.0973852703708955
NO-ELI,2025-10-26,2025-10-20/2025-10-26,1,3,1.2786450307264634,1.3109030880504289
SW-ES,2025-10-26,2025-10-20/2025-10-26,2,2,1.777639408920613,1.0849499336089539
SW-AL,2025-10-26,2025-10-20/2025-10-26,0,3,0.6998551176979886,1.3720949072740003
SW-SE,2025-10-26,2025-10-20/2025-10-26,1,2,1.8201052918161316,1.173399101109111
SW-ES,2025-10-26,2025-10-20/2025-10-26,4,0,3.0666120953014744,0.8048014033904576
SW-AL,2025-10-26,2025-10-20/2025-10-26,4,0,2.3038963407638278,1.961063190032529
VL,2025-10-27,2025-10-27/2025-11-02,0,1,1.586022961091903,2.042840351091522
SW-AL,2025-10-27,2025-10-27/2025-11-02,0,2,1.1341164747876766,1.4923443611827565
SW-AL,2025-10-27,2025-10-27/2025-11-02,1,3,1.2589429264624816,1.4931765313074417
NO-ELI,2025-10-29,2025-10-27/2025-11-02,1,2,1.447647768638583,2.141692086571115
NO-ELI,2025-10-29,2025-10-27/2025-11-02,1,1,1.5061470107156074,1.5016173219778675
NO-OBOS,2025-10-29,2025-10-27/2025-11-02,3,2,1.142192265379542,2.4312362343956866
VL,2025-10-30,2025-10-27/2025-11-02,2,2,1.636294108442122,1.4549956213137516
VL,2025-10-30,2025-10-27/2025-11-02,1,1,2.4862138925136352,1.144880172834089
VL,2025-10-30,2025-10-27/2025-11-02,3,1,2.0980728082869526,2.0415773282755545
SW-EE,2025-10-31,2025-10-27/2025-11-02,0,2,1.063588267687297,1.4641639020927506
SW-SE,2025-11-01,2025-10-27/2025-11-02,1,1,1.4876151398274273,0.9599103900110327
SW-EN,2025-11-01,2025-10-27/2025-11-02,3,5,1.3506377707341957,1.493612342234407
SW-SE,2025-11-01,2025-10-27/2025-11-02,2,0,1.5174501902305724,0.9003436509725217
SW-SE,2025-11-01,2025-10-27/2025-11-02,0,1,1.4804828803764845,1.6259159978835303
SW-SE,2025-11-01,2025-10-27/2025-11-02,1,2,2.189184578196038,1.3727277296273925
SW-SE,2025-11-01,2025-10-27/2025-11-02,1,2,1.346697354105606,1.1286512323584466
SW-AL,2025-11-01,2025-10-27/2025-11-02,1,2,1.7222624293033524,2.333152445088156
SW-EN,2025-11-01,2025-10-27/2025-11-02,1,4,1.1812746061342971,1.741747540242652
NO-ELI,2025-11-01,2025-10-27/2025-11-02,4,2,1.6813908317298045,1.3161319675009064
NO-ELI,2025-11-01,2025-10-27/2025-11-02,3,1,1.1916360968374036,2.653634035985747
SW-ES,2025-11-01,2025-10-27/2025-11-02,4,1,2.4433386121025524,0.9759602766710077
SW-ES,2025-11-01,2025-10-27/2025-11-02,5,1,3.401141128419667,0.7451825856492361
SW-ES,2025-11-01,2025-10-27/2025-11-02,1,2,0.7176679604832413,1.4363200120774569
SW-ES,2025-11-01,2025-10-27/2025-11-02,1,2,1.7018441424657056,0.8082192191695936
SW-ES,2025-11-01,2025-10-27/2025-11-02,1,0,1.3122992614461504,0.6669495979950283
SW-SE,2025-11-01,2025-10-27/2025-11-02,0,2,1.126521512246948,1.1308622386300158
SW-ES,2025-11-01,2025-10-27/2025-11-02,1,3,1.3512722099907692,1.6938267430238825
SW-DA,2025-11-01,2025-10-27/2025-11-02,2,4,1.2636711181076388,1.244490560933857
SW-DA,2025-11-01,2025-10-27/2025-11-02,1,2,1.8179064555886275,1.2844472189990206
NO-TS,2025-11-01,2025-10-27/2025-11-02,2,1,1.9195971407475634,0.7805715109812916
NO-TS,2025-11-01,2025-10-27/2025-11-02,4,2,1.5636336858679727,0.9426232360526813
NO-OBOS,2025-11-01,2025-10-27/2025-11-02,3,0,2.440128432664007,1.0212249903095953
SW-AL,2025-11-01,2025-10-27/2025-11-02,1,1,1.273307895052979,1.6414137189352282
SW-EN,2025-11-01,2025-10-27/2025-11-02,2,4,1.5634398343569311,1.8458622286729789
SW-DA,2025-11-01,2025-10-27/2025-11-02,2,0,2.487683969551823,2.554246747195715
NO-OBOS,2025-11-01,2025-10-27/2025-11-02,2,1,2.6380597937263652,1.0491916352176052
NO-OBOS,2025-11-01,2025-10-27/2025-11-02,1,4,1.1725217892947157,1.3351557234192946
SW-EE,2025-11-01,2025-10-27/2025-11-02,2,1,1.5571456028496793,1.5570326782824808
NO-OBOS,2025-11-01,2025-10-27/2025-11-02,0,0,2.142150109670375,0.8039678721583188
SW-EE,2025-11-01,2025-10-27/2025-11-02,2,0,1.460845038800044,1.0773156760027787
NO-OBOS,2025-11-01,2025-10-27/2025-11-02,4,2,2.1679170525440736,0.9313649671837515
SW-EE,2025-11-01,2025-10-27/2025-11-02,0,5,1.26483026217841,1.3335469388934822
NO-OBOS,2025-11-01,2025-10-27/2025-11-02,0,2,1.1371190126269641,2.6123417099734314
SW-EE,2025-11-01,2025-10-27/2025-11-02,4,1,3.078109756028014,0.5474278004624847
NO-TS,2025-11-02,2025-10-27/2025-11-02,2,0,3.6949616150110067,0.9459306630062776
SW-EN,2025-11-02,2025-10-27/2025-11-02,0,0,1.3516690312157575,2.1645232015339606
SW-EE,2025-11-02,2025-10-27/2025-11-02,0,1,0.9522260537538534,1.9658529094630735
SW-AL,2025-11-02,2025-10-27/2025-11-02,1,1,1.8870710582853925,0.7435052348271232
SW-DA,2025-11-02,2025-10-27/2025-11-02,4,0,4.300806486961501,0.5623900791845221
SW-DA,2025-11-02,2025-10-27/2025-11-02,0,0,2.167597533469721,1.121640874184055
SW-DA,2025-11-02,2025-10-27/2025-11-02,4,0,1.434880697744389,0.8202728992374638
SW-DA,2025-11-02,2025-10-27/2025-11-02,1,2,2.0632686106577687,0.8347650507648687
NO-TS,2025-11-02,2025-10-27/2025-11-02,3,2,1.1593699310691077,1.028550239631183
SW-EN,2025-11-02,2025-10-27/2025-11-02,1,2,1.5471943883303896,0.9486171483171796
SW-SE,2025-11-02,2025-10-27/2025-11-02,2,1,2.0024414392261005,1.6553001144218626
SW-AL,2025-11-02,2025-10-27/2025-11-02,0,0,1.655671050874935,1.0833830643997366
VL,2025-11-02,2025-10-27/2025-11-02,3,2,1.2372646111142038,1.1456830948987877
SW-EE,2025-11-02,2025-10-27/2025-11-02,4,3,2.2984231478643697,0.9215434188489282
SW-AL,2025-11-02,2025-10-27/2025-11-02,0,3,1.349571434546586,1.4673977773366873
SW-AL,2025-11-02,2025-10-27/2025-11-02,0,0,0.8989958838767691,1.4752093781074083
NO-ELI,2025-11-02,2025-10-27/2025-11-02,4,0,2.0318119403575716,1.246575113340818
NO-ELI,2025-11-02,2025-10-27/2025-11-02,1,4,2.537716699195334,0.6141856604231413
NO-ELI,2025-11-02,2025-10-27/2025-11-02,3,1,1.3735179225577137,1.3575764168061126
SW-ES,2025-11-02,2025-10-27/2025-11-02,2,3,2.266307614623082,1.8846701692482204
SW-ES,2025-11-02,2025-10-27/2025-11-02,3,1,1.0919135520976346,1.95894256103067
NO-ELI,2025-11-02,2025-10-27/2025-11-02,1,2,1.1703556734283114,2.9354684948369574
NO-ELI,2025-11-02,2025-10-27/2025-11-02,2,1,1.1957488220564008,1.9538427716008475
NO-ELI,2025-11-02,2025-10-27/2025-11-02,3,1,1.6598700664775123,0.7576908717152526
NO-OBOS,2025-11-02,2025-10-27/2025-11-02,1,5,1.2660646437316418,1.3349470807375
NO-OBOS,2025-11-02,2025-10-27/2025-11-02,0,1,2.4184601202702694,1.4205148533333274
SW-EN,2025-11-02,2025-10-27/2025-11-02,3,1,4.244536680658871,1.3683186856664107
SW-EN,2025-11-02,2025-10-27/2025-11-02,0,2,0.9051631930434021,1.6761788360291954
SW-SE,2025-11-03,2025-11-03/2025-11-09,2,2,0.9842320963783153,1.155580095758297
SW-AL,2025-11-03,2025-11-03/2025-11-09,0,5,0.6821426999868401,2.579100643570242
VL,2025-11-03,2025-11-03/2025-11-09,2,2,1.7304430361747387,2.9021243746885252
VL,2025-11-03,2025-11-03/2025-11-09,3,3,2.0214591175333587,1.814182839067263
SW-AL,2025-11-03,2025-11-03/2025-11-09,1,1,0.8315927060448142,2.209984258924801
SW-EN,2025-11-03,2025-11-03/2025-11-09,4,1,2.992756325630362,1.0926644205366849
NO-TS,2025-11-07,2025-11-03/2025-11-09,4,0,2.157828161118802,1.4625431360964811
NO-TS,2025-11-07,2025-11-03/2025-11-09,1,2,1.679415265747672,1.245064226501229
SW-DA,2025-11-07,2025-11-03/2025-11-09,0,3,0.46913535714717797,4.320762679795273
NO-TS,2025-11-07,2025-11-03/2025-11-09,1,3,1.3900380806372963,1.241385054019041
NO-TS,2025-11-07,2025-11-03/2025-11-09,1,1,1.3526091344968332,1.1057859462954331
NO-TS,2025-11-07,2025-11-03/2025-11-09,1,3,0.49226329815437375,2.2872617155606862
SW-ES,2025-11-08,2025-11-03/2025-11-09,3,2,1.6046864533477265,1.9215690561968828
SW-ES,2025-11-08,2025-11-03/2025-11-09,2,1,0.7986987295550069,2.348470511961743
SW-ES,2025-11-08,2025-11-03/2025-11-09,1,0,2.1344632624232505,1.0117363320854424
NO-ELI,2025-11-08,2025-11-03/2025-11-09,0,2,1.3435143521841206,1.4101612429076114
NO-ELI,2025-11-08,2025-11-03/2025-11-09,3,0,2.5143024039048107,1.019784348707784
SW-ES,2025-11-08,2025-11-03/2025-11-09,3,0,1.745120363949333,0.8554903644051601
SW-DA,2025-11-08,2025-11-03/2025-11-09,0,2,0.8133217226677394,3.0487870521872003
SW-DA,2025-11-08,2025-11-03/2025-11-09,0,4,1.0615705125059556,1.37852297271972
SW-ES,2025-11-08,2025-11-03/2025-11-09,4,2,0.7288997153655831,1.2150354985854284
SW-ES,2025-11-08,2025-11-03/2025-11-09,1,4,2.345118067513866,0.9239863971161405
SW-DA,2025-11-08,2025-11-03/2025-11-09,0,1,1.3588260058731583,1.0646405761802602
SW-DA,2025-11-08,2025-11-03/2025-11-09,3,0,1.567247829333355,2.5938096990771338
SW-ES,2025-11-08,2025-11-03/2025-11-09,5,0,1.6646985131637766,1.0219901319735243
SW-ES,2025-11-08,2025-11-03/2025-11-09,2,3,1.4093185120376173,2.3196058782809725
SW-EE,2025-11-08,2025-11-03/2025-11-09,1,5,0.5111691341328771,3.369454378777806
SW-SE,2025-11-08,2025-11-03/2025-11-09,1,4,2.2532443382036598,1.0549286192806009
SW-EE,2025-11-08,2025-11-03/2025-11-09,3,2,1.287091660844203,1.1704178858547098
SW-EE,2025-11-08,2025-11-03/2025-11-09,1,2,0.8567862596750269,3.1774060601567617
SW-EE,2025-11-08,2025-11-03/2025-11-09,1,2,0.849602672876895,1.5703036756515498
SW-EE,2025-11-08,2025-11-03/2025-11-09,1,0,0.8162165432597975,1.7560721983179355
SW-EE,2025-11-08,2025-11-03/2025-11-09,0,4,1.3077948375897817,2.8395967332375434
SW-EE,2025-11-08,2025-11-03/2025-11-09,1,1,1.5317244550787452,1.00827426112533
NO-OBOS,2025-11-08,2025-11-03/2025-11-09,1,2,0.8770308223979046,2.2419599365711655
NO-OBOS,2025-11-08,2025-11-03/2025-11-09,1,1,1.7488273450537477,1.7680037650762555
NO-OBOS,2025-11-08,2025-11-03/2025-11-09,5,2,1.0702627151872766,1.6155033783910935
NO-OBOS,2025-11-08,2025-11-03/2025-11-09,0,3,1.76866817334521,1.538703046980281
NO-OBOS,2025-11-08,2025-11-03/2025-11-09,0,0,1.2036501030207551,2.4535368719691144
NO-OBOS,2025-11-08,2025-11-03/2025-11-09,0,3,1.3659288043188644,1.2857566182789388
SW-SE,2025-11-08,2025-11-03/2025-11-09,4,1,2.382999017344717,0.7939203959121439
NO-OBOS,2025-11-08,2025-11-03/2025-11-09,0,0,0.8595879968962319,2.139799562236132
SW-SE,2025-11-08,2025-11-03/2025-11-09,1,2,1.7665993765166408,0.7434743430471029
SW-SE,2025-11-08,2025-11-03/2025-11-09,5,0,1.3986552241985564,1.0465715306150185
NO-OBOS,2025-11-08,2025-11-03/2025-11-09,3,0,3.43907600888101,0.7624134826083102
SW-SE,2025-11-08,2025-11-03/2025-11-09,1,4,1.440920272074887,0.8211132193536614
SW-SE,2025-11-08,2025-11-03/2025-11-09,4,1,1.9524998671564515,1.26515417810457
SW-SE,2025-11-08,2025-11-03/2025-11-09,1,1,1.1444569543561829,1.4338127132843579
SW-SE,2025-11-08,2025-11-03/2025-11-09,1,1,1.2650502115564046,1.59736344872689
SW-EN,2025-11-09,2025-11-03/2025-11-09,3,3,1.7357994150332896,0.8082214995372307
SW-EN,2025-11-09,2025-11-03/2025-11-09,1,0,3.1509504076140313,1.1341335502749914
NO-ELI,2025-11-09,2025-11-03/2025-11-09,1,1,1.960820825846411,1.102495838998014
NO-ELI,2025-11-09,2025-11-03/2025-11-09,5,0,3.172024534487995,0.7435913122982928
VL,2025-11-09,2025-11-03/2025-11-09,0,2,1.5708608802092974,2.1357535470013937
VL,2025-11-09,2025-11-03/2025-11-09,2,0,1.3711642727943218,1.4504058997847429
VL,2025-11-09,2025-11-03/2025-11-09,3,0,2.6708879121524447,1.6136541613426525
SW-AL,2025-11-09,2025-11-03/2025-11-09,0,2,1.525276448558902,0.6076232864989677
SW-AL,2025-11-09,2025-11-03/2025-11-09,3,0,2.691406618765102,1.0741135972482412
SW-AL,2025-11-09,2025-11-03/2025-11-09,1,3,1.5168885024508163,0.9992215589740291
SW-AL,2025-11-09,2025-11-03/2025-11-09,2,0,1.7590933000141162,0.8837126559159094
SW-AL,2025-11-09,2025-11-03/2025-11-09,1,3,0.8758299211058717,2.096835340741041
SW-AL,2025-11-09,2025-11-03/2025-11-09,2,1,1.1215912693666181,1.3033914041090482
SW-EN,2025-11-09,2025-11-03/2025-11-09,1,2,1.5666219517351974,1.3304051630976221
SW-EN,2025-11-09,2025-11-03/2025-11-09,0,0,2.203240722206021,2.2643145026909655
SW-AL,2025-11-09,2025-11-03/2025-11-09,1,0,1.999464621051184,0.6294359714970368
NO-ELI,2025-11-09,2025-11-03/2025-11-09,0,2,1.228639896845643,2.0625333652986035
SW-EN,2025-11-09,2025-11-03/2025-11-09,3,2,2.6046126208197395,0.9816317517211185
SW-EN,2025-11-09,2025-11-03/2025-11-09,2,2,1.809778342643349,1.5788664153114886
SW-EN,2025-11-09,2025-11-03/2025-11-09,0,1,1.7032749657820376,0.5591908148601331
SW-EN,2025-11-09,2025-11-03/2025-11-09,1,7,1.8580979724492743,2.725704085223786
NO-ELI,2025-11-09,2025-11-03/2025-11-09,1,0,1.7779688965821125,1.640354573141642
SW-AL,2025-11-09,2025-11-03/2025-11-09,3,1,3.231062334535275,1.6611376438483247
NO-ELI,2025-11-09,2025-11-03/2025-11-09,2,1,1.719746261401413,1.3651849301027634
SW-DA,2025-11-09,2025-11-03/2025-11-09,1,2,1.8612601098551378,1.6287291338028902
NO-ELI,2025-11-09,2025-11-03/2025-11-09,1,0,1.3775032830039824,1.3227984297411997
SW-DA,2025-11-10,2025-11-10/2025-11-16,2,2,1.0391477216860967,1.9935390971873803
NO-TS,2025-11-15,2025-11-10/2025-11-16,0,3,1.2117729075472068,1.291379143341067
SW-EE,2025-11-15,2025-11-10/2025-11-16,3,1,2.935574104069182,0.6884751119673228
SW-EE,2025-11-15,2025-11-10/2025-11-16,2,2,1.522440371969708,1.480215118085233
SW-EE,2025-11-15,2025-11-10/2025-11-16,5,4,2.9719264239444327,0.7158605140978016
NO-TS,2025-11-15,2025-11-10/2025-11-16,1,0,3.5752803212226145,0.4713328642804164
SW-EE,2025-11-15,2025-11-10/2025-11-16,1,4,1.6971309590619281,1.6291197569128095
NO-TS,2025-11-15,2025-11-10/2025-11-16,1,3,1.2092210897660443,1.8999566570063957
NO-TS,2025-11-15,2025-11-10/2025-11-16,8,0,4.483780501921822,0.3666803455237717
SW-EE,2025-11-15,2025-11-10/2025-11-16,5,2,2.5700564093761984,0.5214594043355986
SW-EE,2025-11-15,2025-11-10/2025-11-16,1,0,1.0033701901536776,1.5663968377501496
SW-EE,2025-11-15,2025-11-10/2025-11-16,3,0,4.154087964826509,0.3657760972615743
NO-TS,2025-11-15,2025-11-10/2025-11-16,2,4,0.7773375233194301,2.862469988621264
SW-DA,2025-11-16,2025-11-10/2025-11-16,6,0,3.7650998907404123,0.8659457494355738
SW-DA,2025-11-16,2025-11-10/2025-11-16,3,1,1.4521619565234125,1.2107787017508387
SW-DA,2025-11-16,2025-11-10/2025-11-16,1,2,1.1587988323985128,1.495016724647162
SW-DA,2025-11-16,2025-11-10/2025-11-16,7,1,2.302863706681972,0.7899644028471683
SW-DA,2025-11-16,2025-11-10/2025-11-16,3,1,2.3742253449282735,0.9601101804924698
SW-DA,2025-11-16,2025-11-10/2025-11-16,0,3,1.395728476412824,2.329420328626562
SW-DA,2025-11-16,2025-11-10/2025-11-16,1,0,3.0080720694320164,0.5245151672169853
NO-ELI,2025-11-21,2025-11-17/2025-11-23,1,2,1.0867117108479587,2.0599867744795066
NO-ELI,2025-11-22,2025-11-17/2025-11-23,4,0,1.6791711155068423,1.5371280316275961
NO-ELI,2025-11-22,2025-11-17/2025-11-23,2,6,1.2638070538937862,1.740218174941636
NO-ELI,2025-11-22,2025-11-17/2025-11-23,3,0,2.30346231706177,1.0580493204562522
NO-ELI,2025-11-22,2025-11-17/2025-11-23,1,0,1.8890178501437536,0.9601541377468235
NO-ELI,2025-11-23,2025-11-17/2025-11-23,0,3,1.7539524327116194,1.5489297306016039
NO-ELI,2025-11-23,2025-11-17/2025-11-23,0,1,1.199101449883338,1.4363837949008087
NO-ELI,2025-11-23,2025-11-17/2025-11-23,5,0,2.4420014868661806,0.8168489326017816
NO-ELI,2025-11-30,2025-11-24/2025-11-30,3,1,1.8328038999908205,1.3382914301866438
NO-ELI,2025-11-30,2025-11-24/2025-11-30,5,0,2.0213477468774688,0.7394029209345172
NO-ELI,2025-11-30,2025-11-24/2025-11-30,5,1,2.6763446169607756,1.031368695205507
NO-ELI,2025-11-30,2025-11-24/2025-11-30,2,0,1.8418557574492485,1.0734013430393388
NO-ELI,2025-11-30,2025-11-24/2025-11-30,1,4,1.3209367283381288,1.505279140935475
NO-ELI,2025-11-30,2025-11-24/2025-11-30,1,3,0.9407755369485745,1.6489857235616283
NO-ELI,2025-11-30,2025-11-24/2025-11-30,6,0,2.3316040110877703,1.1288141529578246
NO-ELI,2025-11-30,2025-11-24/2025-11-30,1,0,1.7341667231491613,1.7755788338774507
