match_id,league_code,country,date,hg,ag,lam_h,lam_a,rho,known
206092-1-hamkam,NO-ELI,NOR,2026-03-14,2,1,1.3235519644062317,1.9455069473130135,-0.01069870312292901,True
206092-1-molde,NO-ELI,NOR,2026-03-14,2,0,1.7962354539745535,1.1830474119139183,-0.01069870312292901,True
206092-1-kristiansund,NO-ELI,NOR,2026-03-15,3,2,1.3146956739412263,1.9331148163133316,-0.01069870312292901,True
206092-1-kfum,NO-ELI,NOR,2026-03-15,2,0,1.5023860775270017,1.147355620710559,-0.01069870312292901,False
206092-1-v-lerenga,NO-ELI,NOR,2026-03-15,1,0,1.6688897240026261,1.5638482906391102,-0.01069870312292901,True
206092-1-aalesund,NO-ELI,NOR,2026-03-15,1,3,1.7706931316352168,1.2677125271032665,-0.01069870312292901,False
206092-1-troms,NO-ELI,NOR,2026-03-15,4,0,1.4334880037080067,0.765717348149173,-0.01069870312292901,True
206119-1-molde,NO-TS,NOR,2026-03-20,0,5,0.7478231906019783,2.7582364229221694,-0.004521138037566197,False
206119-1-bod-glimt,NO-TS,NOR,2026-03-20,0,0,1.3603134684975222,1.262630379865682,-0.004521138037566197,True
206119-1-lsk-kvinner,NO-TS,NOR,2026-03-21,1,3,2.189425081917452,0.9670748213534806,-0.004521138037566197,True
206092-2-viking,NO-ELI,NOR,2026-03-21,4,1,2.3488036465600235,1.013467698667733,0.025646171393003635,True
206092-2-start,NO-ELI,NOR,2026-03-21,1,1,1.7235313646535386,1.1693633661759197,0.025646171393003635,True
206119-1-rosenborg-bk,NO-TS,NOR,2026-03-21,1,1,2.3186410317074784,0.9378163169419507,-0.004521138037566197,False
206107-1-grei,NO-1DK,NOR,2026-03-21,0,1,1.3958447819679716,1.571593051636356,-0.4756030335320751,False
206107-1-troms-il,NO-1DK,NOR,2026-03-21,3,0,2.109544396311428,1.6546653028894933,-0.4756030335320751,False
206107-1-bryne,NO-1DK,NOR,2026-03-21,0,4,2.066631849925249,1.1672013477049585,-0.4756030335320751,False
206107-1-arna-bj-rnar,NO-1DK,NOR,2026-03-21,1,0,2.5070539081945205,1.0469780005357292,-0.4756030335320751,True
206119-1-stab-k,NO-TS,NOR,2026-03-21,0,1,1.7790033830432033,0.907513183337637,-0.004521138037566197,True
206119-1-v-lerenga-fotball,NO-TS,NOR,2026-03-21,0,2,2.470141344387519,0.7505133064375613,-0.004521138037566197,False
206107-1-klepp,NO-1DK,NOR,2026-03-22,1,2,1.66168725063358,1.3274389100850876,-0.4756030335320751,False
206092-2-sandefjord-fotball,NO-ELI,NOR,2026-03-22,0,2,2.2079928304459813,1.0643096518311561,0.025646171393003635,True
206092-2-fredrikstad,NO-ELI,NOR,2026-03-22,3,1,1.2034263470165971,0.9455075355357492,0.025646171393003635,True
206092-2-brann,NO-ELI,NOR,2026-03-22,1,2,1.5354517374840388,1.5593994606914903,0.025646171393003635,True
206092-2-rosenborg,NO-ELI,NOR,2026-03-22,0,2,1.745644545371056,1.2280935662358134,0.025646171393003635,True
206107-1-fyllingsdalen,NO-1DK,NOR,2026-03-22,1,3,1.2598199521767035,1.0189109521208888,-0.4756030335320751,True
4038181,NL,FIN,2026-03-28,6,1,2.415384735421051,1.311344673073844,0.13391703998660984,False
4038180,NL,FIN,2026-03-28,0,0,2.901654764812211,1.1483229497766645,0.13391703998660984,True
4038178,NL,FIN,2026-03-28,0,3,0.46685885306460784,3.6844998299709752,0.13391703998660984,True
206107-2-ik-start-kvinner,NO-1DK,NOR,2026-03-28,2,0,2.844276189558016,0.6474363900257044,-0.20075246487061263,True
206107-2-viking,NO-1DK,NOR,2026-03-28,0,0,1.4762152898535124,1.9481155752318056,-0.20075246487061263,True
206107-2-sane,NO-1DK,NOR,2026-03-28,7,0,2.2006300977385758,0.8348196832824574,-0.20075246487061263,True
4038179,NL,FIN,2026-03-28,2,5,2.1293277515924864,1.5571531823070441,0.13391703998660984,False
6536337,SW-EE,SWE,2026-03-28,1,2,2.370969201342696,1.106239825589387,0.09386906517109862,False
6536332,SW-EE,SWE,2026-03-28,2,4,0.8697834018057818,2.280592779237455,0.09386906517109862,True
6536338,SW-EE,SWE,2026-03-28,2,1,1.5460781866273898,1.0857832589043943,0.09386906517109862,False
6536334,SW-EE,SWE,2026-03-28,2,3,1.5248338923490978,1.3794062363997956,0.09386906517109862,False
206119-2-sk-brann,NO-TS,NOR,2026-03-28,1,1,2.405169376379448,0.9093721550588911,-0.043345261792315036,True
206119-2-lyn,NO-TS,NOR,2026-03-28,1,1,1.5832666004899554,1.9402409325404975,-0.043345261792315036,True
206119-2-h-nefoss-bk,NO-TS,NOR,2026-03-28,3,1,1.2156457195748007,1.2597384197994899,-0.043345261792315036,True
206119-2-aafk-kvinner,NO-TS,NOR,2026-03-28,2,2,1.8436323932560472,0.5087557484710371,-0.043345261792315036,True
206119-2-r-a-fotball-elite,NO-TS,NOR,2026-03-28,1,1,1.577540910383683,0.9413086449874276,-0.043345261792315036,True
206119-2-haugesund,NO-TS,NOR,2026-03-28,2,4,0.9192673711240887,1.4759152656266235,-0.043345261792315036,True
6536336,SW-EE,SWE,2026-03-28,0,3,1.985862172078823,1.2306578084457591,0.09386906517109862,True
6536335,SW-EE,SWE,2026-03-28,0,4,1.396685391108011,2.240504947489434,0.09386906517109862,True
6529542,SW-DA,SWE,2026-03-28,1,0,1.1663858417675377,1.4993455359358179,0.17672311862187431,True
6529545,SW-DA,SWE,2026-03-28,2,1,1.7674597040076572,1.3024271382177288,0.17672311862187431,False
6536333,SW-EE,SWE,2026-03-28,2,1,1.5248338923490978,1.3794062363997956,0.09386906517109862,False
6529548,SW-DA,SWE,2026-03-29,2,3,1.1473471683446272,1.5406545050019729,0.17672311862187431,True
6529547,SW-DA,SWE,2026-03-29,3,0,2.0716451053095692,1.1197305527326333,0.17672311862187431,False
206107-2-frigg,NO-1DK,NOR,2026-03-29,1,5,0.7622863343171787,0.9804721488403888,-0.20075246487061263,True
206107-2-kolbotn-il-elite,NO-1DK,NOR,2026-03-29,5,1,2.115492065419087,1.0704891058160517,-0.20075246487061263,True
6529546,SW-DA,SWE,2026-03-29,3,1,2.475254691839847,0.8070198329387575,0.17672311862187431,False
6529543,SW-DA,SWE,2026-03-29,3,2,4.5005392002878875,0.7366731194499017,0.17672311862187431,True
6529544,SW-DA,SWE,2026-03-29,2,1,2.3183747378751756,1.2511104546748204,0.17672311862187431,True
206107-2-odds-ballklubb,NO-1DK,NOR,2026-03-29,0,1,1.2806354143758842,1.8594042898256298,-0.20075246487061263,True
206119-3-haugesund,NO-TS,NOR,2026-04-01,3,1,1.4370128817859353,2.330626887125164,-0.17042150046402335,True
206119-3-bod-glimt,NO-TS,NOR,2026-04-01,1,4,0.41081893994787,3.939593860342104,-0.17042150046402335,True
206119-3-lsk-kvinner,NO-TS,NOR,2026-04-01,0,3,1.3654932041136048,1.4507020122985188,-0.17042150046402335,True
206119-3-molde,NO-TS,NOR,2026-04-01,0,0,1.1707365894080208,1.970948433130493,-0.17042150046402335,True
206119-3-v-lerenga-fotball,NO-TS,NOR,2026-04-01,4,0,2.761721296193157,0.7234878133295021,-0.17042150046402335,True
206119-3-rosenborg-bk,NO-TS,NOR,2026-04-01,2,0,2.5302070203285387,0.6321736943379078,-0.17042150046402335,True
4038182,NL,FIN,2026-04-02,3,2,3.1528317015720906,0.9386594851098794,-0.15832535968362985,True
4042990,M1,FIN,2026-04-02,4,0,1.569958384972348,1.5547965054198838,0.048653529747713586,True
6535952,SW-SE,SWE,2026-04-03,4,1,1.6376713231769628,1.11749218179729,-0.06789178799929409,False
6529553,SW-DA,SWE,2026-04-03,4,1,1.6102571586362286,1.7078222980532562,0.2384950147025819,True
6529555,SW-DA,SWE,2026-04-03,3,0,1.2549305150031143,2.105003789132555,0.2384950147025819,True
6537705,SW-EN,SWE,2026-04-03,2,1,1.7155015648592904,2.2611174764748756,-0.16850990012316983,True
6537704,SW-EN,SWE,2026-04-03,2,1,1.7554129824531082,1.2516651654934927,-0.16850990012316983,False
6537944,SW-ES,SWE,2026-04-03,3,4,1.283520052150389,1.7365833437764897,-0.014190418766410076,True
6536339,SW-EE,SWE,2026-04-03,0,3,1.8742644167812907,2.0112943299735457,0.08521029414207734,True
6536341,SW-EE,SWE,2026-04-03,2,0,1.193790866667894,1.0424281261975579,0.08521029414207734,True
4038044,M1L,FIN,2026-04-03,4,2,1.5108497958750646,1.2098978412475103,-0.059567049408586994,True
6537947,SW-ES,SWE,2026-04-03,1,5,1.5715800150716985,1.3012994596057479,-0.014190418766410076,False
6537941,SW-ES,SWE,2026-04-03,2,2,1.6289599342244814,1.2870820387565192,-0.014190418766410076,False
6537946,SW-ES,SWE,2026-04-03,1,3,2.0621140548540726,1.4700278943169838,-0.014190418766410076,False
4038183,NL,FIN,2026-04-03,3,0,2.871862837174959,1.354436328479122,-0.15832535968362985,True
4036852,VL,FIN,2026-04-04,0,0,1.8025233314027862,0.858830981711761,-0.10935296949474399,True
6536340,SW-EE,SWE,2026-04-04,2,2,1.1353787616922848,2.3704095113395662,0.08521029414207734,True
6529835,SW-AL,SWE,2026-04-04,0,3,1.384885338579015,1.961396943786549,-0.1099064976813367,True
6529830,SW-AL,SWE,2026-04-04,3,0,0.9292821417046508,1.281580737345799,-0.1099064976813367,True
6535953,SW-SE,SWE,2026-04-04,6,0,1.581581361822288,1.2014479564653096,-0.06789178799929409,False
4038184,NL,FIN,2026-04-04,1,2,1.5557244970714228,3.4062606212962203,-0.15832535968362985,True
6537702,SW-EN,SWE,2026-04-04,1,1,2.035789931012174,1.9228070366896586,-0.16850990012316983,False
6537708,SW-EN,SWE,2026-04-04,0,1,1.7893851239660805,1.639917689200349,-0.16850990012316983,True
6537703,SW-EN,SWE,2026-04-04,3,2,2.5857531578283335,1.7690066763303358,-0.16850990012316983,True
6537943,SW-ES,SWE,2026-04-04,2,2,1.5836405772885267,1.1484926334374777,-0.014190418766410076,False
4038185,NL,FIN,2026-04-04,3,1,2.7556132196729126,0.9903086873324922,-0.15832535968362985,True
4036853,VL,FIN,2026-04-04,3,0,2.1891752361774954,2.43604238371128,-0.10935296949474399,True
6537942,SW-ES,SWE,2026-04-04,1,0,1.7442631585157127,1.4030905949682393,-0.014190418766410076,False
4036855,VL,FIN,2026-04-04,1,3,1.3331016059798442,1.690707889840986,-0.10935296949474399,True
4036856,VL,FIN,2026-04-04,0,1,1.3746396077186482,1.6826735965611372,-0.10935296949474399,False
4036857,VL,FIN,2026-04-04,1,5,1.8502044810784077,1.4577212629263259,-0.10935296949474399,True
4042992,M1,FIN,2026-04-04,3,1,1.9588274275587825,1.4865929365488713,0.048653529747713586,False
4042993,M1,FIN,2026-04-04,2,2,1.7142941398174152,1.5763015206747109,0.048653529747713586,True
4042991,M1,FIN,2026-04-04,1,1,2.0932533658471733,1.5420963136476202,0.048653529747713586,False
6536342,SW-EE,SWE,2026-04-04,3,0,2.57024093396135,1.3673369798330504,0.08521029414207734,True
4036854,VL,FIN,2026-04-04,1,1,1.3428739026716392,1.8831181842028766,-0.10935296949474399,False
6536344,SW-EE,SWE,2026-04-04,1,0,2.7704912175294303,0.8790972884662495,0.08521029414207734,True
206093-1-str-msgodset,NO-OBOS,NOR,2026-04-05,2,1,1.749722964460563,1.5011965456149416,-0.24879495185942804,False
6529832,SW-AL,SWE,2026-04-05,1,1,1.2950087340735357,1.4196517111000817,-0.1099064976813367,False
6529829,SW-AL,SWE,2026-04-05,2,1,1.3657170630908546,0.7688689420367893,-0.1099064976813367,True
6529549,SW-DA,SWE,2026-04-05,1,2,1.597578124721675,1.539239928408526,0.2384950147025819,True
6529836,SW-AL,SWE,2026-04-05,0,1,1.4007951002639183,1.3160782192544929,-0.1099064976813367,False
6529552,SW-DA,SWE,2026-04-05,0,0,1.0399689903534117,1.55647108231397,0.2384950147025819,True
206007-1-sotra,NO-PN1,NOR,2026-04-05,2,2,1.7336938564264017,0.9250947407619659,-0.2905868642109913,True
6535957,SW-SE,SWE,2026-04-05,0,1,1.9417312630537051,1.4967814588209185,-0.06789178799929409,False
4042994,M1,FIN,2026-04-05,3,5,2.1653848115844974,1.4872823192830351,0.048653529747713586,True
4042995,M1,FIN,2026-04-05,2,4,1.7299304169200116,1.9116590314525084,0.048653529747713586,True
6537701,SW-EN,SWE,2026-04-05,1,2,0.812357468132511,1.2215695998601883,-0.16850990012316983,True
6537948,SW-ES,SWE,2026-04-05,1,0,1.0095051138162396,1.1569653591533409,-0.014190418766410076,False
206093-1-lyn,NO-OBOS,NOR,2026-04-06,2,4,1.6080881196755286,1.223688063624542,-0.24875668959438374,False
206092-3-kristiansund,NO-ELI,NOR,2026-04-06,0,3,1.0337608690554856,2.903147717084308,-0.014080137765257112,True
206092-3-molde,NO-ELI,NOR,2026-04-06,0,1,1.6406405939426223,1.6473445194198266,-0.014080137765257112,True
6529554,SW-DA,SWE,2026-04-06,1,2,0.729944997215793,3.0512622758449695,0.2061069306220961,True
6529550,SW-DA,SWE,2026-04-06,0,3,1.001506722593097,3.5556341920161603,0.2061069306220961,True
6529551,SW-DA,SWE,2026-04-06,1,1,0.9518771741646653,1.679976442904518,0.2061069306220961,True
206092-3-sarpsborg-08,NO-ELI,NOR,2026-04-06,1,1,2.1051246867187747,0.7415834315340145,-0.014080137765257112,True
206092-3-troms,NO-ELI,NOR,2026-04-06,2,0,2.174548971846337,0.759844500746076,-0.014080137765257112,True
206092-3-hamkam,NO-ELI,NOR,2026-04-06,1,5,2.026214293965675,1.2916938578281176,-0.014080137765257112,True
6535958,SW-SE,SWE,2026-04-06,1,2,1.9555180798413803,0.9644696250744419,-0.03729438853744743,True
6529833,SW-AL,SWE,2026-04-06,2,2,1.5615312506391852,1.3172853600686858,-0.1094084259378559,True
6529834,SW-AL,SWE,2026-04-06,2,0,0.9959281889762351,1.632549338315427,-0.1094084259378559,True
6537707,SW-EN,SWE,2026-04-06,2,1,2.1697133267679147,1.2082560212568887,-0.13563683428111856,False
6537706,SW-EN,SWE,2026-04-06,1,2,1.7222970933395645,1.4100319719393797,-0.13563683428111856,False
6535959,SW-SE,SWE,2026-04-06,1,1,2.030245079846519,1.0088017850257558,-0.03729438853744743,False
6535956,SW-SE,SWE,2026-04-06,3,2,1.4291786345757365,1.1017245939621367,-0.03729438853744743,False
206093-1-sane,NO-OBOS,NOR,2026-04-06,2,3,1.7679377066795996,1.527912967646765,-0.24875668959438374,True
206093-1-odd,NO-OBOS,NOR,2026-04-06,4,0,1.2877608413650694,1.7090683640165818,-0.24875668959438374,True
6537945,SW-ES,SWE,2026-04-06,0,0,1.3862014784121268,1.6527905803102843,0.05477432493571253,False
6535954,SW-SE,SWE,2026-04-06,1,0,1.7985249396118181,1.2416325204441585,-0.03729438853744743,True
6529831,SW-AL,SWE,2026-04-06,0,1,1.2537904874507253,1.4509437040504016,-0.1094084259378559,True
206092-3-v-lerenga,NO-ELI,NOR,2026-04-06,0,1,1.4950275056427247,1.8199573049670508,-0.014080137765257112,True
4038047,M1L,FIN,2026-04-06,1,0,1.7634426653992665,1.6608840560691374,-0.06840574777344138,False
206008-1-stj-rdals-blink,NO-PN2,NOR,2026-04-06,1,2,1.9712202949693463,1.1237557913232434,0.17803855591691006,True
206008-1-eidsvold-tf,NO-PN2,NOR,2026-04-06,0,0,2.072217629962868,1.688875676696894,0.17803855591691006,False
206008-1-kjels-s,NO-PN2,NOR,2026-04-06,2,1,1.9078707330025682,1.7902312780405798,0.17803855591691006,True
206008-1-junkeren,NO-PN2,NOR,2026-04-06,1,1,1.7492947617861947,1.796629823783711,0.17803855591691006,False
4038046,M1L,FIN,2026-04-06,1,2,2.4083522910787853,1.47845893022851,-0.06840574777344138,True
206008-1-follo,NO-PN2,NOR,2026-04-06,2,2,1.5236518663247487,1.9290657389632146,0.17803855591691006,True
206008-1-rana-fk,NO-PN2,NOR,2026-04-06,1,0,1.599577779843852,1.3951761084121923,0.17803855591691006,False
6536343,SW-EE,SWE,2026-04-06,0,2,1.776735605754292,2.173495185674388,0.11096543849866244,True
206008-1-ullensaker-kisa,NO-PN2,NOR,2026-04-06,5,3,2.5026363801078664,1.7863224535202016,0.17803855591691006,False
206007-1-mj-ndalen,NO-PN1,NOR,2026-04-06,4,1,1.7109781648283888,1.7525927975826494,-0.2922015881022534,False
6536345,SW-EE,SWE,2026-04-06,2,2,2.0243992827829955,1.3050227503178171,0.11096543849866244,True
206007-1-vidar,NO-PN1,NOR,2026-04-06,1,3,1.8733347225438386,1.3925344059429152,-0.2922015881022534,False
206007-1-tr-ff,NO-PN1,NOR,2026-04-06,2,0,1.6049226578512592,1.7851995113403512,-0.2922015881022534,True
206007-1-pors,NO-PN1,NOR,2026-04-06,0,1,1.9084580050794089,1.4578980862494164,-0.2922015881022534,False
206007-1-fk-eik-t-nsberg-871,NO-PN1,NOR,2026-04-06,0,1,1.9405118894679112,0.8342491145828129,-0.2922015881022534,True
206007-1-bjarg,NO-PN1,NOR,2026-04-06,3,1,2.0591785867781938,1.1419493440630633,-0.2922015881022534,False
4038045,M1L,FIN,2026-04-06,0,0,1.465267533886956,0.9618041085642247,-0.06840574777344138,True
206092-3-kfum,NO-ELI,NOR,2026-04-07,1,2,1.3921035790184577,1.159441783507818,-0.014080137765257112,True
206093-1-kongsvinger,NO-OBOS,NOR,2026-04-07,3,0,1.897526956549626,1.29812438122398,-0.24875668959438374,False
206092-3-aalesund,NO-ELI,NOR,2026-04-07,2,3,1.320536167131529,1.3472585564309303,-0.014080137765257112,True
206093-1-h-dd,NO-OBOS,NOR,2026-04-07,2,1,1.1480934923714015,1.621818407493314,-0.24875668959438374,False
6535955,SW-SE,SWE,2026-04-07,2,2,1.6405973035436052,0.9868175631195172,-0.03729438853744743,True
6537712,SW-EN,SWE,2026-04-10,1,3,1.8616826693679633,1.272857171572062,-0.13563683428111856,True
4036858,VL,FIN,2026-04-10,2,1,0.7003476848589612,1.1294733200767109,-0.1442136069054812,True
4036859,VL,FIN,2026-04-10,3,0,2.297162938241075,1.3674811220486027,-0.1442136069054812,True
4042996,M1,FIN,2026-04-10,1,2,2.1800119705296095,1.7377209896919235,0.003619202536100785,True
4038049,M1L,FIN,2026-04-10,1,0,1.6841990781412712,1.4845737735904796,-0.06840574777344138,False
4038048,M1L,FIN,2026-04-10,1,0,1.5744530808312776,1.5400528944724634,-0.06840574777344138,True
4038050,M1L,FIN,2026-04-10,2,2,1.847646027670852,2.1908281053573644,-0.06840574777344138,True
4036860,VL,FIN,2026-04-10,0,0,1.199117284582702,1.144880836473681,-0.1442136069054812,True
6537950,SW-ES,SWE,2026-04-10,1,1,2.6559996021573657,1.1487934140752454,0.05477432493571253,True
6537711,SW-EN,SWE,2026-04-11,2,4,1.9460484851809885,2.284353822774596,-0.13563683428111856,False
6537709,SW-EN,SWE,2026-04-11,0,1,1.5203238925650657,0.9439138114398571,-0.13563683428111856,True
4038052,M1L,FIN,2026-04-11,0,0,1.7473969658524384,1.1958679675539605,-0.06840574777344138,False
4038051,M1L,FIN,2026-04-11,1,2,1.3509751828292902,1.5052232374567942,-0.06840574777344138,True
6537710,SW-EN,SWE,2026-04-11,4,3,1.9358852692906636,1.6006284449575363,-0.13563683428111856,True
6537949,SW-ES,SWE,2026-04-11,1,2,2.524822702336158,2.1023495628868774,0.05477432493571253,True
4043001,M1,FIN,2026-04-11,3,2,2.7438649056220976,1.8324682130445122,0.003619202536100785,True
4042999,M1,FIN,2026-04-11,2,0,1.3450545223742194,1.1716419175195836,0.003619202536100785,True
4042998,M1,FIN,2026-04-11,1,5,1.9522003901238019,1.6327240547174204,0.003619202536100785,True
4042997,M1,FIN,2026-04-11,1,0,3.201462346038648,1.0613944295492348,0.003619202536100785,True
6537956,SW-ES,SWE,2026-04-11,1,0,1.678176667017658,1.3664893582887474,0.05477432493571253,False
6537955,SW-ES,SWE,2026-04-11,1,1,4.426994866978857,1.236404777427516,0.05477432493571253,True
206092-4-lillestr-m,NO-ELI,NOR,2026-04-11,3,1,2.837044777386102,0.6441812568073828,-0.014080137765257112,True
206092-4-troms,NO-ELI,NOR,2026-04-11,2,0,2.802337009261146,0.7171792162754242,-0.014080137765257112,True
6537953,SW-ES,SWE,2026-04-11,1,1,1.165468292865481,1.011859178706543,0.05477432493571253,True
6537954,SW-ES,SWE,2026-04-11,2,0,1.016611126960181,1.3269087925574483,0.05477432493571253,True
6537952,SW-ES,SWE,2026-04-11,0,0,2.3029250338205647,1.1995458503770007,0.05477432493571253,True
206092-4-viking,NO-ELI,NOR,2026-04-11,5,0,2.012343250136149,1.7517091324767597,-0.014080137765257112,True
4043000,M1,FIN,2026-04-11,0,0,2.1562660763207506,1.3407556848588715,0.003619202536100785,True
4036862,VL,FIN,2026-04-11,0,1,2.508721021600626,1.563409695873554,-0.1442136069054812,True
206093-2-haugesund,NO-OBOS,NOR,2026-04-11,4,2,1.337079989601149,1.5568021052238739,-0.24875668959438374,False
4036861,VL,FIN,2026-04-11,1,0,2.7452646352462224,0.990912627902657,-0.1442136069054812,True
206007-2-sandviken,NO-PN1,NOR,2026-04-11,1,3,1.3334060481826098,1.5046515347120561,-0.2922015881022534,True
206007-2-brattv-g,NO-PN1,NOR,2026-04-11,2,1,3.2057305413257913,1.2725166227073927,-0.2922015881022534,True
206007-2-lysekloster,NO-PN1,NOR,2026-04-11,1,1,2.063231856009856,1.1279693534662423,-0.2922015881022534,False
206007-2-kvik-halden,NO-PN1,NOR,2026-04-11,1,0,1.5194547635293043,1.1073565790213251,-0.2922015881022534,False
6529838,SW-AL,SWE,2026-04-11,0,2,1.512104156827078,0.9452722324823924,-0.1094084259378559,True
6529839,SW-AL,SWE,2026-04-11,0,2,1.3893754739529798,0.7197540891138496,-0.1094084259378559,True
6529843,SW-AL,SWE,2026-04-11,2,2,1.6764252789097174,0.8411896766226594,-0.1094084259378559,True
206093-2-str-mmen,NO-OBOS,NOR,2026-04-11,0,3,1.1534711424541901,1.5216376163034253,-0.24875668959438374,False
206093-2-sogndal,NO-OBOS,NOR,2026-04-11,0,3,1.2966091877611607,1.5788552991560396,-0.24875668959438374,True
206093-2-sandnes-ulf,NO-OBOS,NOR,2026-04-11,1,3,1.810011356587274,1.1688061648841293,-0.24875668959438374,False
206008-2-trygg-lade,NO-PN2,NOR,2026-04-11,2,2,2.0867959094722845,1.12611208271629,0.17803855591691006,False
206008-2-levanger,NO-PN2,NOR,2026-04-11,1,2,1.353301578095651,1.8643621585115784,0.17803855591691006,True
6535963,SW-SE,SWE,2026-04-11,0,1,1.1527031736972717,2.109448256069982,-0.03729438853744743,False
206008-2-l-renskog,NO-PN2,NOR,2026-04-11,2,1,2.040631881035306,1.5842814808732595,0.17803855591691006,False
6535964,SW-SE,SWE,2026-04-11,1,1,1.087679890451155,0.7971941440141562,-0.03729438853744743,True
6535966,SW-SE,SWE,2026-04-11,3,1,1.457048641837378,1.3650166912449309,-0.03729438853744743,False
4036863,VL,FIN,2026-04-11,2,1,1.4720769358196302,1.3267589481500435,-0.1442136069054812,True
206008-2-grorud,NO-PN2,NOR,2026-04-11,0,0,2.7030466333885803,1.2009441684360944,0.17803855591691006,True
6535962,SW-SE,SWE,2026-04-11,0,0,1.832622865128917,2.0884830639638796,-0.03729438853744743,True
6535965,SW-SE,SWE,2026-04-12,2,2,1.5509158574725783,1.258645357298251,-0.03729438853744743,True
206008-2-h-nefoss-bk,NO-PN2,NOR,2026-04-12,2,1,2.179643339032098,1.2806195849422408,0.17803855591691006,True
6537714,SW-EN,SWE,2026-04-12,0,1,1.5159837339076345,0.9415978786170902,-0.13563683428111856,True
6537716,SW-EN,SWE,2026-04-12,1,3,2.26492569370118,1.400987930215328,-0.13563683428111856,True
6537713,SW-EN,SWE,2026-04-12,0,2,1.6157732670407188,1.3140071644968478,-0.13563683428111856,False
206007-2-notodden,NO-PN1,NOR,2026-04-12,1,2,1.4356277012921104,1.3096496459964808,-0.2922015881022534,True
6529840,SW-AL,SWE,2026-04-12,3,1,1.2003574575753582,1.2647176785206735,-0.1094084259378559,True
6529837,SW-AL,SWE,2026-04-12,3,2,1.769084425801274,0.7230875633745057,-0.1094084259378559,True
6537715,SW-EN,SWE,2026-04-12,0,1,1.7390322955257393,1.5624473720671435,-0.13563683428111856,False
206092-4-rosenborg,NO-ELI,NOR,2026-04-12,2,1,1.6087242472588674,1.353162721454139,-0.014080137765257112,True
206007-2-jerv,NO-PN1,NOR,2026-04-12,1,0,2.0564662240232967,1.2685270608948584,-0.2922015881022534,False
206093-2-stab-k,NO-OBOS,NOR,2026-04-12,4,0,1.8450341665825631,1.4071491320737355,-0.24875668959438374,True
206093-2-moss,NO-OBOS,NOR,2026-04-12,1,0,1.505237211462352,1.4696708409245647,-0.24875668959438374,True
206093-2-bryne,NO-OBOS,NOR,2026-04-12,2,3,1.5880697612675252,1.613604064451717,-0.24875668959438374,False
6535967,SW-SE,SWE,2026-04-12,3,4,1.7630018858620051,1.307122418209898,-0.03729438853744743,True
206008-2-tromsdalen,NO-PN2,NOR,2026-04-12,5,1,2.6641390723550837,1.65411290484423,0.17803855591691006,True
206092-4-fredrikstad,NO-ELI,NOR,2026-04-12,1,1,1.397284865138405,1.1868043316850532,-0.014080137765257112,True
206092-4-molde,NO-ELI,NOR,2026-04-12,4,1,1.6951408815351947,1.1683026217275532,-0.014080137765257112,True
206092-4-aalesund,NO-ELI,NOR,2026-04-12,2,2,1.400971261335536,1.3526344514485642,-0.014080137765257112,True
206092-4-brann,NO-ELI,NOR,2026-04-12,0,1,1.8294887126011066,1.3332552979726924,-0.014080137765257112,True
6535960,SW-SE,SWE,2026-04-12,1,2,1.2047078049136335,1.6107923972247256,-0.03729438853744743,True
206007-2-arendal,NO-PN1,NOR,2026-04-12,0,2,2.5881930653302394,1.1585874518664636,-0.2922015881022534,False
206008-2-skeid,NO-PN2,NOR,2026-04-12,1,0,2.0358741253536663,1.5660522446250915,0.17803855591691006,False
6529844,SW-AL,SWE,2026-04-12,0,3,1.0838544808291022,1.0240266057126939,-0.1094084259378559,True
6537951,SW-ES,SWE,2026-04-12,1,2,1.9997140324109488,0.628909793544399,0.05477432493571253,True
6529841,SW-AL,SWE,2026-04-13,2,2,1.196132085038334,1.5119642408026863,-0.04064687806711613,True
6529842,SW-AL,SWE,2026-04-13,2,0,1.3576398050493816,2.1851616749995952,-0.04064687806711613,True
206093-2-raufoss,NO-OBOS,NOR,2026-04-13,1,3,1.104044556417912,2.160512977052016,-0.20353655199854098,True
6535961,SW-SE,SWE,2026-04-14,3,0,1.1334102438569844,2.2188015569537574,-0.07385713772665206,True
206092-15-troms,NO-ELI,NOR,2026-04-15,0,0,1.301224108314004,1.016021227034839,0.0361376713265056,True
206092-1-sarpsborg-08,NO-ELI,NOR,2026-04-15,1,1,1.4387198345380188,2.2442986792320103,0.0361376713265056,True
6529846,SW-AL,SWE,2026-04-17,0,1,1.638300040642083,1.3536807303816916,-0.04064687806711613,True
6529850,SW-AL,SWE,2026-04-17,0,1,1.4465855089567696,1.622859033367299,-0.04064687806711613,True
6537959,SW-ES,SWE,2026-04-17,4,0,2.2669218211679185,1.121022782986212,-0.064435793944407,True
206093-3-ranheim-tf,NO-OBOS,NOR,2026-04-17,5,1,2.2164986571046437,1.3146427085096661,-0.20353655199854098,True
4057660,M2,FIN,2026-04-17,1,1,1.9760238177097236,1.4371820650946847,0.08275894482391333,True
4057662,M2,FIN,2026-04-17,5,1,2.2706253186230643,1.6567898184558052,0.08275894482391333,False
4057840,M2,FIN,2026-04-17,0,2,2.511982693725412,2.3080706750047395,0.08275894482391333,True
4057839,M2,FIN,2026-04-17,6,5,2.4055435528250007,1.3307823367844505,0.08275894482391333,False
4057750,M2,FIN,2026-04-17,1,0,2.1447404240520074,1.6584051193085054,0.08275894482391333,False
4057749,M2,FIN,2026-04-17,2,4,1.472102798889058,1.901453211454608,0.08275894482391333,True
206008-3-follo,NO-PN2,NOR,2026-04-18,2,3,1.1236976788159334,1.7059876643122664,0.07152666242189566,True
206008-3-skeid,NO-PN2,NOR,2026-04-18,1,2,1.29902921454264,1.3539325326308653,0.07152666242189566,True
4043002,M1,FIN,2026-04-18,2,1,1.3204869541094695,1.3258082082432883,-0.030735691930714914,True
206093-3-h-dd,NO-OBOS,NOR,2026-04-18,0,2,1.167231934790938,3.51227141807355,-0.20353655199854098,True
6537718,SW-EN,SWE,2026-04-18,2,1,1.194044544769653,2.22874676809857,-0.04051409094036936,True
4038053,M1L,FIN,2026-04-18,0,0,0.9169913193638968,0.7935242313706838,-0.008261141971572681,True
4043004,M1,FIN,2026-04-18,0,2,2.131201503713325,1.6428627295976614,-0.030735691930714914,True
4043005,M1,FIN,2026-04-18,4,0,1.801121237530495,1.5703827013674068,-0.030735691930714914,True
6529852,SW-AL,SWE,2026-04-18,1,1,0.6916334338739585,1.2390499266332091,-0.04064687806711613,True
6529851,SW-AL,SWE,2026-04-18,4,1,1.598590984414166,1.3914750420466415,-0.04064687806711613,True
206093-3-kongsvinger,NO-OBOS,NOR,2026-04-18,2,1,2.4412971592509214,1.0835313235469983,-0.20353655199854098,True
206093-3-str-msgodset,NO-OBOS,NOR,2026-04-18,3,0,2.2569275852779547,1.18314415703688,-0.20353655199854098,True
206008-3-ullensaker-kisa,NO-PN2,NOR,2026-04-18,0,3,2.841912616366528,2.4567437600853697,0.07152666242189566,True
6535968,SW-SE,SWE,2026-04-18,1,0,0.845646331972335,0.9835547177267677,-0.07385713772665206,True
6535974,SW-SE,SWE,2026-04-18,0,1,3.021917676567564,1.0158286659924973,-0.07385713772665206,True
6535975,SW-SE,SWE,2026-04-18,4,1,1.9432708944985349,2.1107224137812777,-0.07385713772665206,True
6529849,SW-AL,SWE,2026-04-18,3,0,1.6887070433558837,0.8756742272872116,-0.04064687806711613,True
4057841,M2,FIN,2026-04-18,4,0,1.3063664573970764,2.6017905760536846,0.08275894482391333,True
4057661,M2,FIN,2026-04-18,1,3,1.3988022261182818,1.2922438582625186,0.08275894482391333,True
4057753,M2,FIN,2026-04-18,2,2,1.6308553227652531,2.3864539726866205,0.08275894482391333,False
4057752,M2,FIN,2026-04-18,4,0,1.8504899652489533,1.6857895356719999,0.08275894482391333,True
4057751,M2,FIN,2026-04-18,1,1,4.047636794123315,0.9326452225918392,0.08275894482391333,False
4057659,M2,FIN,2026-04-18,0,2,3.1284486293070044,1.8363012225344704,0.08275894482391333,False
6537719,SW-EN,SWE,2026-04-18,0,0,0.9403680032399968,1.3071479287606917,-0.04051409094036936,True
6537720,SW-EN,SWE,2026-04-18,1,2,1.682214953305364,1.3901568813238212,-0.04051409094036936,True
6537721,SW-EN,SWE,2026-04-18,2,1,1.531072830599884,0.619824354739685,-0.04051409094036936,True
4036865,VL,FIN,2026-04-18,1,1,0.6847406600455009,1.8720849731571823,-0.036840540629495856,True
6529847,SW-AL,SWE,2026-04-18,8,1,1.2409990170103118,1.1909528282470812,-0.04064687806711613,True
4036864,VL,FIN,2026-04-18,0,3,1.3156733139711823,2.703606867765621,-0.036840540629495856,True
4043003,M1,FIN,2026-04-18,1,1,0.8340912585921226,1.2721509893693093,-0.030735691930714914,True
6537962,SW-ES,SWE,2026-04-18,1,2,2.04301752117,2.201190752108517,-0.064435793944407,True
6537957,SW-ES,SWE,2026-04-18,1,1,1.6625225732296567,1.2464664377662973,-0.064435793944407,True
4036868,VL,FIN,2026-04-18,1,0,1.3053753497686387,1.0459843565905662,-0.036840540629495856,True
4036869,VL,FIN,2026-04-18,2,2,1.1897731477660352,2.4521225843327588,-0.036840540629495856,True
6537961,SW-ES,SWE,2026-04-18,4,1,1.2760053066657144,0.6376955284467304,-0.064435793944407,True
206007-3-arendal,NO-PN1,NOR,2026-04-18,2,2,2.616937990764947,1.1794993585572247,-0.12228153803166925,True
206107-3-grei,NO-1DK,NOR,2026-04-18,1,3,1.9884545639589197,1.095700463725696,-0.18190415237122085,True
206092-5-bod-glimt,NO-ELI,NOR,2026-04-18,3,0,4.90600092041762,1.041278556617496,0.0361376713265056,True
206092-5-sandefjord-fotball,NO-ELI,NOR,2026-04-18,0,0,1.7633496788435465,0.8730247424189035,0.0361376713265056,True
6537958,SW-ES,SWE,2026-04-18,2,2,1.0922649216889326,1.0725119350766543,-0.064435793944407,True
206007-3-vidar,NO-PN1,NOR,2026-04-18,0,1,1.884047716325475,1.3016567159169943,-0.12228153803166925,True
206092-5-viking,NO-ELI,NOR,2026-04-18,3,2,3.185154238818624,0.9965551077484287,0.0361376713265056,True
6537960,SW-ES,SWE,2026-04-18,1,0,0.9481721208854278,0.8216612021922328,-0.064435793944407,True
206007-3-tr-ff,NO-PN1,NOR,2026-04-18,0,2,1.3478901781228088,1.2573383650783048,-0.12228153803166925,True
206007-3-mj-ndalen,NO-PN1,NOR,2026-04-18,2,1,1.8355727440102185,0.8794449850271823,-0.12228153803166925,True
206007-3-bjarg,NO-PN1,NOR,2026-04-18,1,2,1.0226856480844941,0.5826098116822759,-0.12228153803166925,True
206007-3-fk-eik-t-nsberg-871,NO-PN1,NOR,2026-04-18,0,2,1.272294612150815,1.3816764517153501,-0.12228153803166925,True
206007-3-pors,NO-PN1,NOR,2026-04-18,0,3,1.4295706514608186,1.6670992460142522,-0.12228153803166925,True
4036867,VL,FIN,2026-04-18,2,0,1.4560238752416517,1.8928199933955991,-0.036840540629495856,True
4036866,VL,FIN,2026-04-18,0,2,0.7963519606994806,1.4093715010666708,-0.036840540629495856,True
6537963,SW-ES,SWE,2026-04-19,0,0,1.4039415096276209,1.5831592480510621,-0.064435793944407,True
206008-3-kjels-s,NO-PN2,NOR,2026-04-19,3,2,2.1204351229536664,1.6639435197700063,0.07152666242189566,True
6537723,SW-EN,SWE,2026-04-19,1,4,1.3112131798564015,2.0607677426572226,-0.04051409094036936,True
4038055,M1L,FIN,2026-04-19,2,1,1.9498004679104317,1.596753214453859,-0.008261141971572681,True
6537964,SW-ES,SWE,2026-04-19,2,1,0.8785707145770592,0.9188346306091599,-0.064435793944407,True
206107-3-klepp,NO-1DK,NOR,2026-04-19,1,2,1.111918955698567,1.6185453822099987,-0.18190415237122085,True
206107-3-fyllingsdalen,NO-1DK,NOR,2026-04-19,2,0,2.8347106966668467,1.2500342291750124,-0.18190415237122085,True
4057843,M2,FIN,2026-04-19,2,0,1.9711797043646087,1.0677596734149817,0.08275894482391333,False
4057663,M2,FIN,2026-04-19,3,2,3.094850492736268,1.8906476244927448,0.08275894482391333,True
4057842,M2,FIN,2026-04-19,1,1,5.446350342000527,1.1278223681250086,0.08275894482391333,True
6537724,SW-EN,SWE,2026-04-19,3,1,1.5705468984081368,1.0836518492850427,-0.04051409094036936,True
6537717,SW-EN,SWE,2026-04-19,3,4,1.6153040011774609,1.2020446139763046,-0.04051409094036936,True
206107-3-bryne,NO-1DK,NOR,2026-04-19,0,0,0.518924101634317,3.4001000174484695,-0.18190415237122085,True
6535969,SW-SE,SWE,2026-04-19,2,1,2.0332514349115947,0.9910509715637343,-0.07385713772665206,True
6529848,SW-AL,SWE,2026-04-19,2,1,1.28614041504662,1.4024636751294308,-0.04064687806711613,True
6529845,SW-AL,SWE,2026-04-19,1,0,1.54911291207236,1.172621572761395,-0.04064687806711613,True
4043006,M1,FIN,2026-04-19,1,1,1.7200236875694395,2.8517677986469727,-0.030735691930714914,True
206092-5-start,NO-ELI,NOR,2026-04-19,1,1,1.006846490091573,1.3763137275993922,0.0361376713265056,True
206092-5-sarpsborg-08,NO-ELI,NOR,2026-04-19,0,1,1.1010256373680072,1.5137686383873366,0.0361376713265056,True
206092-5-kristiansund,NO-ELI,NOR,2026-04-19,2,0,1.2021722611402477,1.4694261784642284,0.0361376713265056,True
206092-5-hamkam,NO-ELI,NOR,2026-04-19,4,0,1.7824936297286553,1.3350369065278076,0.0361376713265056,True
206092-5-v-lerenga,NO-ELI,NOR,2026-04-19,0,2,1.1152631241756097,1.3762914225633163,0.0361376713265056,True
6535973,SW-SE,SWE,2026-04-19,2,2,0.7721884256867806,1.223031684270891,-0.07385713772665206,True
206093-3-odd,NO-OBOS,NOR,2026-04-19,2,2,1.6383137936894288,1.6828171575822477,-0.20353655199854098,True
206093-3-sane,NO-OBOS,NOR,2026-04-19,4,5,1.9053954406831721,1.3483286716418943,-0.20353655199854098,True
4038056,M1L,FIN,2026-04-19,0,1,1.2946549615050067,1.5429069659250436,-0.008261141971572681,True
4038054,M1L,FIN,2026-04-19,0,1,1.0279365047157178,1.139017054548788,-0.008261141971572681,True
206008-3-rana-fk,NO-PN2,NOR,2026-04-19,2,3,1.4065079865619352,0.9522239582589974,0.07152666242189566,True
206008-3-junkeren,NO-PN2,NOR,2026-04-19,3,2,1.1885097900525838,0.7252370571351829,0.07152666242189566,True
206008-3-eidsvold-tf,NO-PN2,NOR,2026-04-19,3,0,1.8851309030288772,1.2381507846317439,0.07152666242189566,True
206107-3-troms-il,NO-1DK,NOR,2026-04-19,0,0,1.5970824293608035,1.137906780583001,-0.18190415237122085,True
206093-3-egersund,NO-OBOS,NOR,2026-04-19,1,0,2.591335187289556,0.8378706152377405,-0.20353655199854098,True
206093-3-lyn,NO-OBOS,NOR,2026-04-20,0,2,3.1362885977326997,0.9893280946718298,-0.19146331751200793,True
4043007,M1,FIN,2026-04-20,0,2,2.4538761360064587,1.1077219951007764,-0.11411887337768,True
6537722,SW-EN,SWE,2026-04-20,4,4,2.650068931469256,2.91030410061087,-0.06170376469897911,True
6535972,SW-SE,SWE,2026-04-20,1,2,1.7688958249217375,1.5928146201006932,-0.011291376117746993,True
6535971,SW-SE,SWE,2026-04-20,1,2,2.3561145352759545,0.7900613572153675,-0.011291376117746993,True
4038057,M1L,FIN,2026-04-21,5,0,0.8184398639722362,0.6443538784961037,0.06854394473049034,True
6535970,SW-SE,SWE,2026-04-21,2,1,0.7414121631211135,2.77130257710742,-0.011291376117746993,True
4036930,VL,FIN,2026-04-22,3,2,1.6874041356799538,0.9895815552413736,-0.026519135861288706,True
6529859,SW-AL,SWE,2026-04-22,3,3,1.4645947420334318,1.7970950336587317,0.04323226365990031,True
6529855,SW-AL,SWE,2026-04-22,1,2,2.305480179618539,1.9402243450059242,0.04323226365990031,True
4057844,M2,FIN,2026-04-22,3,4,6.497844666891774,2.985897147614797,0.01770073592856248,True
6529857,SW-AL,SWE,2026-04-22,2,1,1.245572968896312,1.8536495016689072,0.04323226365990031,True
6529853,SW-AL,SWE,2026-04-22,1,1,2.9916618093274607,0.581808498046941,0.04323226365990031,True
6529858,SW-AL,SWE,2026-04-23,2,1,1.04332284609761,1.2759885943378801,0.04323226365990031,True
6529860,SW-AL,SWE,2026-04-23,1,1,0.8655604568167626,1.0709279946558372,0.04323226365990031,True
6529854,SW-AL,SWE,2026-04-23,0,0,0.8798857788572093,1.2465901018339827,0.04323226365990031,True
6529856,SW-AL,SWE,2026-04-23,2,3,1.4434839869374871,1.5171939426049847,0.04323226365990031,True
4038186,NL,FIN,2026-04-24,2,3,4.0664626114919304,1.2188202172977871,-0.14534710031414727,True
4043009,M1,FIN,2026-04-24,2,3,2.275187868580097,1.1281945898842853,-0.11411887337768,True
4043010,M1,FIN,2026-04-24,0,4,1.7176469935017962,0.9348009109915287,-0.11411887337768,True
4043008,M1,FIN,2026-04-24,3,0,1.5046395582905687,1.6647228381985506,-0.11411887337768,True
4038058,M1L,FIN,2026-04-24,0,1,0.7907533320724174,0.6549369240112358,0.06854394473049034,True
4036872,VL,FIN,2026-04-24,1,1,1.8917384783528963,1.1804688013658244,-0.026519135861288706,True
4036870,VL,FIN,2026-04-24,1,1,2.1023544920067296,0.8043002467501119,-0.026519135861288706,True
206008-4-grorud,NO-PN2,NOR,2026-04-24,1,0,3.1242774061304948,1.1206877959917498,0.07839351130978636,True
4057758,M2,FIN,2026-04-24,0,1,1.7986764885042401,2.1003815724011092,0.01770073592856248,True
4057755,M2,FIN,2026-04-24,0,6,1.1117409803586882,3.1427539575603327,0.01770073592856248,True
4057664,M2,FIN,2026-04-24,2,2,3.1875477768775875,1.359727516141634,0.01770073592856248,True
4036871,VL,FIN,2026-04-24,3,2,1.017274302586246,1.5944808027792536,-0.026519135861288706,True
6537726,SW-EN,SWE,2026-04-24,1,7,1.4793155822403183,1.5698042102412828,-0.06170376469897911,True
4038059,M1L,FIN,2026-04-24,0,1,1.0507005758927643,0.5549813306888518,0.06854394473049034,True
4057754,M2,FIN,2026-04-24,3,0,2.1569673362586603,0.9589494190451995,0.01770073592856248,True
6535980,SW-SE,SWE,2026-04-24,4,1,0.986655278912016,0.8002036417607955,-0.011291376117746993,True
206119-4-aafk-kvinner,NO-TS,NOR,2026-04-24,1,0,1.123130491854364,1.6966459059020609,-0.20574789123353676,True
6536346,SW-EE,SWE,2026-04-24,1,1,0.7856406692746123,2.4221207371242506,0.10515405162803812,True
6537967,SW-ES,SWE,2026-04-24,1,1,2.0932564275863452,1.1410384871043118,-0.12374214164914235,True
6536348,SW-EE,SWE,2026-04-25,0,1,1.187562281230646,1.73917349929152,0.10515405162803812,True
6535982,SW-SE,SWE,2026-04-25,2,1,2.274652505940156,1.7097142771578289,-0.011291376117746993,True
6535981,SW-SE,SWE,2026-04-25,1,0,2.224952585315054,0.938057591867253,-0.011291376117746993,True
6535978,SW-SE,SWE,2026-04-25,1,0,1.1839465874629083,1.1973234570448779,-0.011291376117746993,True
206008-4-stj-rdals-blink,NO-PN2,NOR,2026-04-25,1,2,1.996032283904906,1.478986843483713,0.07839351130978636,True
206008-4-junkeren,NO-PN2,NOR,2026-04-25,0,1,1.1246244933404237,1.1529269336761643,0.07839351130978636,True
206008-4-l-renskog,NO-PN2,NOR,2026-04-25,5,1,2.154835557198784,1.02966980780852,0.07839351130978636,True
206008-4-trygg-lade,NO-PN2,NOR,2026-04-25,1,3,1.5502383617011908,2.609353771969057,0.07839351130978636,True
206008-4-tromsdalen,NO-PN2,NOR,2026-04-25,2,1,2.3165283504438356,1.0082952054477001,0.07839351130978636,True
4057848,M2,FIN,2026-04-25,3,5,2.1918105009021884,1.6793082769958303,0.01770073592856248,True
4057667,M2,FIN,2026-04-25,3,1,3.3381027637339487,1.0402494688696147,0.01770073592856248,True
4057668,M2,FIN,2026-04-25,0,4,2.0857930481142226,1.500178291157061,0.01770073592856248,True
4057666,M2,FIN,2026-04-25,4,1,2.264775795072027,0.5916771826676848,0.01770073592856248,True
4057665,M2,FIN,2026-04-25,0,1,2.246162573353591,2.895937252598894,0.01770073592856248,True
4057756,M2,FIN,2026-04-25,1,1,1.016372078410312,1.6611550886173487,0.01770073592856248,True
4057757,M2,FIN,2026-04-25,2,0,2.2168050690999084,1.289483805134751,0.01770073592856248,True
4057845,M2,FIN,2026-04-25,4,4,0.97210797412315,2.271496769679951,0.01770073592856248,True
4057846,M2,FIN,2026-04-25,0,2,2.7736681728689625,1.5978667742505985,0.01770073592856248,True
4057847,M2,FIN,2026-04-25,0,1,1.332921698984502,1.7217448445250143,0.01770073592856248,True
206119-4-stab-k,NO-TS,NOR,2026-04-25,0,0,0.8422425590415815,1.9202695269018055,-0.20574789123353676,True
206119-4-r-a-fotball-elite,NO-TS,NOR,2026-04-25,0,2,0.5376695529065281,3.6793781229113116,-0.20574789123353676,True
206119-4-lyn,NO-TS,NOR,2026-04-25,9,0,1.3909398163251805,0.96372141420679,-0.20574789123353676,True
206119-4-lsk-kvinner,NO-TS,NOR,2026-04-25,1,3,2.1704223117505044,1.1003989750539287,-0.20574789123353676,True
206119-4-h-nefoss-bk,NO-TS,NOR,2026-04-25,2,3,0.9821520393705304,2.764381473436227,-0.20574789123353676,True
6535979,SW-SE,SWE,2026-04-25,1,1,1.330825630203001,0.8722601339149471,-0.011291376117746993,True
206093-4-sogndal,NO-OBOS,NOR,2026-04-25,2,0,1.867961036590667,1.56558174827604,-0.19146331751200793,True
206093-4-str-mmen,NO-OBOS,NOR,2026-04-25,2,2,1.8771301086034236,3.7254677844797275,-0.19146331751200793,True
206093-4-bryne,NO-OBOS,NOR,2026-04-25,1,2,1.2111677183358052,1.7668125581824612,-0.19146331751200793,True
6537969,SW-ES,SWE,2026-04-25,0,4,0.6911717582629769,2.4375077484756558,-0.12374214164914235,True
6529559,SW-DA,SWE,2026-04-25,1,1,0.9107860482450718,1.202184636633464,0.12385796580136484,True
6529560,SW-DA,SWE,2026-04-25,1,0,2.58527726323823,1.38633586990771,0.12385796580136484,True
6529557,SW-DA,SWE,2026-04-25,1,1,1.3360450153977679,1.2576413013591567,0.12385796580136484,True
6537966,SW-ES,SWE,2026-04-25,0,3,2.002342596257781,1.1371985761332803,-0.12374214164914235,True
206107-4-viking,NO-1DK,NOR,2026-04-25,5,0,4.093920218636115,0.8641129919297131,-0.3387278978937466,True
206107-4-kolbotn-il-elite,NO-1DK,NOR,2026-04-25,0,3,1.9328318709583927,1.4056581984260987,-0.3387278978937466,True
206107-4-frigg,NO-1DK,NOR,2026-04-25,0,3,0.6021261646766679,3.026875101672622,-0.3387278978937466,True
206107-4-ik-start-kvinner,NO-1DK,NOR,2026-04-25,2,2,0.8671476978544015,1.212311543003836,-0.3387278978937466,True
4036873,VL,FIN,2026-04-25,2,1,1.0438592643063165,1.4368174419940507,-0.026519135861288706,True
4036874,VL,FIN,2026-04-25,1,0,1.981895400927631,0.8096410571213076,-0.026519135861288706,True
6537727,SW-EN,SWE,2026-04-25,1,0,3.0627637527431224,1.3623376842236297,-0.06170376469897911,True
6537970,SW-ES,SWE,2026-04-25,1,0,1.0971702457600943,0.727485391524601,-0.12374214164914235,True
206007-4-lysekloster,NO-PN1,NOR,2026-04-25,3,1,1.4451559884711973,0.8085758362586699,-0.07451579898258906,True
206007-4-sandviken,NO-PN1,NOR,2026-04-25,0,1,1.7644005258762523,1.3054293876671148,-0.07451579898258906,True
206007-4-notodden,NO-PN1,NOR,2026-04-25,0,1,1.1251963332385102,1.9729535754958463,-0.07451579898258906,True
206007-4-sotra,NO-PN1,NOR,2026-04-25,4,0,1.4312128435174283,1.160889890252262,-0.07451579898258906,True
206007-4-kvik-halden,NO-PN1,NOR,2026-04-25,3,1,1.9524713149316468,0.8060847927884217,-0.07451579898258906,True
206092-6-fredrikstad,NO-ELI,NOR,2026-04-25,1,2,1.0461581063250998,2.0913739467594175,-0.07311519194966576,True
206092-6-rosenborg,NO-ELI,NOR,2026-04-25,1,1,1.5919909489004813,1.5167394931837137,-0.07311519194966576,True
4038189,NL,FIN,2026-04-25,1,2,0.4336399450832578,2.7279103657006267,-0.14534710031414727,True
4038188,NL,FIN,2026-04-25,2,1,5.464001609713288,0.7381470980772572,-0.14534710031414727,True
4038187,NL,FIN,2026-04-25,1,0,2.355626625004973,1.7938055573500058,-0.14534710031414727,True
6536350,SW-EE,SWE,2026-04-25,1,5,0.9058142362059096,2.078610166708566,0.10515405162803812,True
6537971,SW-ES,SWE,2026-04-25,1,1,0.9639473715457828,1.8481810701460442,-0.12374214164914235,True
6537731,SW-EN,SWE,2026-04-25,0,0,1.50183900958384,1.5200996527728958,-0.06170376469897911,True
6537972,SW-ES,SWE,2026-04-25,3,0,0.9530473315410704,1.0365469333932702,-0.12374214164914235,True
4038061,M1L,FIN,2026-04-25,3,0,1.6531014033654747,1.4503813596852246,0.06854394473049034,True
4043013,M1,FIN,2026-04-25,7,0,1.7008815527337584,1.2295920792683064,-0.11411887337768,True
4043012,M1,FIN,2026-04-25,0,2,1.5796640628225154,2.2158710741488696,-0.11411887337768,True
6536352,SW-EE,SWE,2026-04-25,4,1,2.5873184147929904,0.7340735923701357,0.10515405162803812,True
4038062,M1L,FIN,2026-04-25,2,2,1.2907312542234062,0.8247245707289591,0.06854394473049034,True
6536349,SW-EE,SWE,2026-04-25,1,1,2.9426880675937244,1.491902408107381,0.10515405162803812,True
4043011,M1,FIN,2026-04-25,2,0,2.4634944523673976,1.0765989456544638,-0.11411887337768,True
4038060,M1L,FIN,2026-04-25,1,0,1.3235002214217941,0.8458866158451839,0.06854394473049034,True
206093-4-sandnes-ulf,NO-OBOS,NOR,2026-04-26,1,1,1.121159135677714,3.233708491917218,-0.19146331751200793,True
4036875,VL,FIN,2026-04-26,1,1,1.6079227216931127,1.3122600853637856,-0.026519135861288706,True
206107-4-odds-ballklubb,NO-1DK,NOR,2026-04-26,1,1,1.2832100750014077,0.5944215552093628,-0.3387278978937466,True
206107-4-grei,NO-1DK,NOR,2026-04-26,3,1,2.2591457778374306,1.365321863312836,-0.3387278978937466,True
6529561,SW-DA,SWE,2026-04-26,2,0,3.265409424438202,1.0892917215521412,0.12385796580136484,True
6529562,SW-DA,SWE,2026-04-26,1,0,1.3716845351375875,1.191497628523141,0.12385796580136484,True
6536347,SW-EE,SWE,2026-04-26,0,2,0.8433845736310723,2.373689855183941,0.10515405162803812,True
206092-6-troms,NO-ELI,NOR,2026-04-26,3,1,1.464172854332327,0.5860717175625882,-0.07311519194966576,True
206007-4-jerv,NO-PN1,NOR,2026-04-26,1,1,1.8673804117564448,0.9877403211214426,-0.07451579898258906,True
206008-4-h-nefoss-bk,NO-PN2,NOR,2026-04-26,0,1,2.3752823158770293,1.2095827684703817,0.07839351130978636,True
6536351,SW-EE,SWE,2026-04-26,1,3,2.315070320976151,0.7529470477121845,0.10515405162803812,True
206093-4-stab-k,NO-OBOS,NOR,2026-04-26,3,2,1.5964998463253766,3.1627147071739237,-0.19146331751200793,True
206093-4-raufoss,NO-OBOS,NOR,2026-04-26,1,1,1.3079320326396975,1.222720461064901,-0.19146331751200793,True
206093-4-moss,NO-OBOS,NOR,2026-04-26,2,1,1.2565520774425438,2.0179286927560587,-0.19146331751200793,True
6535977,SW-SE,SWE,2026-04-26,3,1,1.8366853213952445,1.273345258923198,-0.011291376117746993,True
6535983,SW-SE,SWE,2026-04-26,2,2,2.2876025152428583,1.607756638370468,-0.011291376117746993,True
6529863,SW-AL,SWE,2026-04-26,2,2,1.0244939338449963,1.0824037076082798,0.04323226365990031,True
6529867,SW-AL,SWE,2026-04-26,1,2,1.773773651233133,1.5808715854837954,0.04323226365990031,True
6529862,SW-AL,SWE,2026-04-26,1,1,1.376973491022098,1.8570778030681154,0.04323226365990031,True
206092-6-molde,NO-ELI,NOR,2026-04-26,5,1,1.7047641672588885,1.0359743566100765,-0.07311519194966576,True
206092-6-hamkam,NO-ELI,NOR,2026-04-26,2,1,1.9248715171481148,0.9525972101893779,-0.07311519194966576,True
206092-6-kfum,NO-ELI,NOR,2026-04-26,1,0,1.4792607940324025,1.3447201929393775,-0.07311519194966576,True
206092-6-lillestr-m,NO-ELI,NOR,2026-04-26,0,2,1.7410787500824727,0.8320778938526024,-0.07311519194966576,True
206007-4-brattv-g,NO-PN1,NOR,2026-04-26,3,0,2.3710379666970782,0.7822771983839834,-0.07451579898258906,True
6537965,SW-ES,SWE,2026-04-26,3,1,1.3083301663698939,1.4298863967423359,-0.12374214164914235,True
206092-6-aalesund,NO-ELI,NOR,2026-04-26,1,1,1.9919788128988682,1.4034855552663856,-0.07311519194966576,True
6537725,SW-EN,SWE,2026-04-26,0,2,1.5647767559272325,2.723487970598995,-0.06170376469897911,True
6537968,SW-ES,SWE,2026-04-26,4,1,1.7566238345422434,1.164351304092701,-0.12374214164914235,True
6537732,SW-EN,SWE,2026-04-26,3,0,1.2095572033814654,0.5340156748044455,-0.06170376469897911,True
6537728,SW-EN,SWE,2026-04-26,1,0,1.2557760064285797,0.7495822220920995,-0.06170376469897911,True
6537730,SW-EN,SWE,2026-04-26,3,2,1.944790748165345,1.5798306496792807,-0.06170376469897911,True
6537729,SW-EN,SWE,2026-04-27,2,2,2.224953310368387,2.734134730943424,-0.06835707432303371,True
6529868,SW-AL,SWE,2026-04-27,2,1,0.9910055264634006,1.4333483892200773,-0.06586518724716203,True
6529866,SW-AL,SWE,2026-04-27,2,0,1.5172846458529696,0.4902561799979015,-0.06586518724716203,True
6529865,SW-AL,SWE,2026-04-27,2,2,1.5990547726461588,2.3789994415085087,-0.06586518724716203,True
6529864,SW-AL,SWE,2026-04-27,1,1,1.5263401186393264,1.80392887643024,-0.06586518724716203,True
6529861,SW-AL,SWE,2026-04-27,0,1,1.194486644308574,1.4115801158521164,-0.06586518724716203,True
206093-4-egersund,NO-OBOS,NOR,2026-04-27,3,0,1.7295726155480469,1.108294839076429,-0.25246289874846983,True
206119-14-sk-brann,NO-TS,NOR,2026-04-28,2,0,3.6092405923362247,1.137973455261665,-0.21205407962807277,True
6535976,SW-SE,SWE,2026-04-28,1,3,3.06093449513126,0.5855469488119565,0.030166026704795446,True
206119-14-v-lerenga-fotball,NO-TS,NOR,2026-04-29,3,1,1.7436578929357236,0.6740048378953134,-0.21205407962807277,True
4036931,VL,FIN,2026-04-29,1,1,1.3418997753059578,1.1395495723125155,-0.08888418291590235,True
206119-14-rosenborg-bk,NO-TS,NOR,2026-04-29,1,0,2.4803943358391645,0.6562335700964185,-0.21205407962807277,True
206092-17-troms,NO-ELI,NOR,2026-04-29,0,5,2.1191604408185762,0.8693145595414394,-0.0639296907581592,True
206092-18-bod-glimt,NO-ELI,NOR,2026-04-30,5,0,3.035449075136249,0.5685772355670795,-0.0639296907581592,True
206093-5-kongsvinger,NO-OBOS,NOR,2026-05-01,2,1,1.158009388128849,1.157713837123315,-0.25246289874846983,True
206093-5-lyn,NO-OBOS,NOR,2026-05-01,0,4,1.6064419869843471,1.5516212374389426,-0.25246289874846983,True
206093-5-odd,NO-OBOS,NOR,2026-05-01,1,0,2.439987542740514,1.2121671781194217,-0.25246289874846983,True
206093-5-str-msgodset,NO-OBOS,NOR,2026-05-01,3,0,3.3947761055228973,1.764916776341858,-0.25246289874846983,True
206093-5-ranheim-tf,NO-OBOS,NOR,2026-05-01,4,0,2.550800594759052,1.4285308970412656,-0.25246289874846983,True
206107-5-arna-bj-rnar,NO-1DK,NOR,2026-05-01,2,1,2.7523242981218594,0.7950675563537657,-0.3659623451374177,True
206093-5-haugesund,NO-OBOS,NOR,2026-05-01,2,0,3.182824806009757,1.4380923904050396,-0.25246289874846983,True
6537737,SW-EN,SWE,2026-05-01,2,2,1.7691160286412333,3.4921510980714223,-0.06835707432303371,True
206092-7-viking,NO-ELI,NOR,2026-05-01,3,0,2.7472956141436637,0.6791404437595717,-0.0639296907581592,True
206093-5-h-dd,NO-OBOS,NOR,2026-05-01,1,0,1.4963582543846152,1.1222254583382563,-0.25246289874846983,True
206093-5-bryne,NO-OBOS,NOR,2026-05-01,3,3,1.2996707783540784,1.3537272387395989,-0.25246289874846983,True
6537975,SW-ES,SWE,2026-05-01,0,1,1.6114545981952337,0.8361720098181692,-0.16332532305345743,True
6536356,SW-EE,SWE,2026-05-01,1,1,1.902263861748411,1.5127778056273382,0.03904912252474321,True
6537973,SW-ES,SWE,2026-05-01,0,6,1.800877309984767,1.1532749134984577,-0.16332532305345743,True
6536359,SW-EE,SWE,2026-05-01,1,1,1.8626497166421065,0.6782690124629006,0.03904912252474321,True
6535988,SW-SE,SWE,2026-05-02,1,3,1.4569176489918818,1.2835879860319603,0.030166026704795446,True
6535989,SW-SE,SWE,2026-05-02,2,2,1.2896922143468001,0.967198782643247,0.030166026704795446,True
6535990,SW-SE,SWE,2026-05-02,0,0,1.694536542867459,1.1812979341654795,0.030166026704795446,True
6535986,SW-SE,SWE,2026-05-02,0,2,2.521825622593661,0.996334102762028,0.030166026704795446,True
6537977,SW-ES,SWE,2026-05-02,0,0,0.7959884960645931,1.3138620836404937,-0.16332532305345743,True
4036876,VL,FIN,2026-05-02,1,1,2.2832341522027164,2.101314254880585,-0.08888418291590235,True
4043016,M1,FIN,2026-05-02,0,2,1.6299025595023882,1.131395546161893,-0.09846519850454732,True
6536353,SW-EE,SWE,2026-05-02,0,1,1.3515824885934566,1.3509390754320998,0.03904912252474321,True
6537974,SW-ES,SWE,2026-05-02,0,2,2.25597557931883,1.285055625682204,-0.16332532305345743,True
6537980,SW-ES,SWE,2026-05-02,0,3,1.1885077541942737,1.493281028304761,-0.16332532305345743,True
6536358,SW-EE,SWE,2026-05-02,1,1,1.0043273984436816,2.1612089059197013,0.03904912252474321,True
6536355,SW-EE,SWE,2026-05-02,2,1,2.243904049899032,1.1756738184281004,0.03904912252474321,True
4043014,M1,FIN,2026-05-02,0,2,2.6234347316656006,1.7067560287110293,-0.09846519850454732,True
6536354,SW-EE,SWE,2026-05-02,0,0,1.1659998697774259,1.060076703679363,0.03904912252474321,True
6529566,SW-DA,SWE,2026-05-02,3,2,1.4436539032709061,2.5345192165870145,0.10346208166642201,True
206007-5-kvik-halden,NO-PN1,NOR,2026-05-02,0,2,1.8364671547411586,0.9841608160947494,-0.03567795130414259,True
6529564,SW-DA,SWE,2026-05-02,0,1,0.8918085547672319,2.2604400586609086,0.10346208166642201,True
6529568,SW-DA,SWE,2026-05-02,1,0,1.2435670732239297,1.537980202399779,0.10346208166642201,True
4036879,VL,FIN,2026-05-02,2,0,1.0916448481650547,1.8981646325117556,-0.08888418291590235,True
4036877,VL,FIN,2026-05-02,2,2,0.7275935739007475,1.19519162909722,-0.08888418291590235,True
6537979,SW-ES,SWE,2026-05-02,1,2,0.9355657680727174,0.39161894266935743,-0.16332532305345743,True
4043015,M1,FIN,2026-05-02,3,3,1.720080483843742,1.6512180754232,-0.09846519850454732,True
4043018,M1,FIN,2026-05-02,0,4,0.890606839025335,2.0721003253997528,-0.09846519850454732,True
4038066,M1L,FIN,2026-05-02,0,2,1.06053671051463,1.3262508188813302,0.14225936984139836,True
206119-5-v-lerenga-fotball,NO-TS,NOR,2026-05-02,3,2,3.4980635361647754,0.7431284319160002,-0.21205407962807277,True
4036878,VL,FIN,2026-05-02,0,1,1.0121805240946498,1.2890603254562218,-0.08888418291590235,True
4038190,NL,FIN,2026-05-02,6,0,3.229013284236525,0.8826502887877001,0.07612681038905447,True
6537978,SW-ES,SWE,2026-05-02,2,1,4.9188901482189,1.2672099743909313,-0.16332532305345743,True
6537976,SW-ES,SWE,2026-05-02,3,0,1.354258851249084,1.2464342813851013,-0.16332532305345743,True
6529875,SW-AL,SWE,2026-05-02,3,2,2.4486709483773166,0.80296407556744,-0.06586518724716203,True
6529874,SW-AL,SWE,2026-05-02,1,1,1.3813407837183336,1.5654807934582742,-0.06586518724716203,True
206092-7-brann,NO-ELI,NOR,2026-05-02,3,1,2.239808406798794,1.0605495699618601,-0.0639296907581592,True
4038191,NL,FIN,2026-05-02,2,1,1.3332326459854689,1.3207684698777942,0.07612681038905447,True
206008-5-skeid,NO-PN2,NOR,2026-05-02,1,2,1.1740410069935654,1.4762419942421665,0.18929453789924805,True
4043019,M1,FIN,2026-05-02,0,0,2.5707915768976717,1.263009526598906,-0.09846519850454732,True
206008-5-ullensaker-kisa,NO-PN2,NOR,2026-05-02,2,3,2.747579080874355,2.0520358853896874,0.18929453789924805,True
4043017,M1,FIN,2026-05-02,2,0,1.4057755173871116,1.3382506479437235,-0.09846519850454732,True
6537736,SW-EN,SWE,2026-05-02,0,2,2.4216851114209255,1.4903963776489277,-0.06835707432303371,True
6537735,SW-EN,SWE,2026-05-02,2,1,2.0647692486325857,1.9633974825153886,-0.06835707432303371,True
6537734,SW-EN,SWE,2026-05-02,0,2,1.2280212161457529,1.978476941667741,-0.06835707432303371,True
206008-5-kjels-s,NO-PN2,NOR,2026-05-02,4,1,1.5188405589246472,1.46478880338213,0.18929453789924805,True
4038064,M1L,FIN,2026-05-02,1,0,0.9356043375182027,1.1881697460049907,0.14225936984139836,True
4057672,M2,FIN,2026-05-02,1,2,1.350653633066646,1.7738523573020888,0.07891865698567631,True
4057671,M2,FIN,2026-05-02,4,1,2.6616262799241324,1.1141195883067256,0.07891865698567631,True
4057762,M2,FIN,2026-05-02,0,2,1.108587516801822,2.5683436317225485,0.07891865698567631,True
4057760,M2,FIN,2026-05-02,2,1,1.2329846402834537,1.0069134083975857,0.07891865698567631,True
4057759,M2,FIN,2026-05-02,1,1,2.451116503787931,1.1285997317717098,0.07891865698567631,True
4057669,M2,FIN,2026-05-02,1,3,2.372510092752572,2.613051360578167,0.07891865698567631,True
4057849,M2,FIN,2026-05-02,2,1,3.3276528112140253,2.981493656631881,0.07891865698567631,True
206007-5-bjarg,NO-PN1,NOR,2026-05-02,2,2,1.847833884591902,0.884751523454292,-0.03567795130414259,True
206007-5-fk-eik-t-nsberg-871,NO-PN1,NOR,2026-05-02,2,3,0.974638324672721,1.4216379616906916,-0.03567795130414259,True
4038063,M1L,FIN,2026-05-02,1,0,0.45492248863761586,1.1511461501958586,0.14225936984139836,True
4038065,M1L,FIN,2026-05-02,1,1,1.3804569008637926,1.4206167614850556,0.14225936984139836,True
206119-5-r-a-fotball-elite,NO-TS,NOR,2026-05-02,0,1,0.5893581027793425,1.8724908335560857,-0.21205407962807277,True
206119-5-molde,NO-TS,NOR,2026-05-02,2,3,0.8998416152012763,2.1138889524000755,-0.21205407962807277,True
206008-5-rana-fk,NO-PN2,NOR,2026-05-02,0,0,1.0382537634498004,1.550776613417273,0.18929453789924805,True
206107-5-ik-start-kvinner,NO-1DK,NOR,2026-05-02,2,1,1.509911258813341,0.6707981809595652,-0.3659623451374177,True
206107-5-troms-il,NO-1DK,NOR,2026-05-02,1,2,1.7355815164164918,1.3298262558168208,-0.3659623451374177,True
206119-5-haugesund,NO-TS,NOR,2026-05-02,0,3,2.950270735296221,1.680857513397772,-0.21205407962807277,True
206107-5-klepp,NO-1DK,NOR,2026-05-03,5,4,0.9840049697678295,3.335518633260256,-0.3659623451374177,True
4057673,M2,FIN,2026-05-03,2,1,2.6680726359214733,1.264500667364535,0.07891865698567631,True
6537738,SW-EN,SWE,2026-05-03,1,2,0.6961159419266452,2.613320026998241,-0.06835707432303371,True
206007-5-arendal,NO-PN1,NOR,2026-05-03,0,0,2.4767134819807635,1.2944709808879353,-0.03567795130414259,True
206119-5-bod-glimt,NO-TS,NOR,2026-05-03,0,4,0.6806830932146701,2.019968631065272,-0.21205407962807277,True
206119-5-sk-brann,NO-TS,NOR,2026-05-03,6,0,3.771656558413346,0.44519536938830073,-0.21205407962807277,True
6529569,SW-DA,SWE,2026-05-03,1,2,1.2931693893476843,1.213649795770292,0.10346208166642201,True
6529567,SW-DA,SWE,2026-05-03,0,2,1.8047496208479614,0.7914390091435385,0.10346208166642201,True
206007-5-tr-ff,NO-PN1,NOR,2026-05-03,2,2,1.4782178762775413,1.0775080724696486,-0.03567795130414259,True
6529872,SW-AL,SWE,2026-05-03,2,3,0.9630228325609778,1.0778306529688195,-0.06586518724716203,True
4038192,NL,FIN,2026-05-03,2,0,2.646669251419047,1.4016248948563246,0.07612681038905447,True
6537740,SW-EN,SWE,2026-05-03,2,1,1.198955285631364,1.7327859927756646,-0.06835707432303371,True
4038193,NL,FIN,2026-05-03,4,1,3.1365424175253755,1.3054241457782918,0.07612681038905447,True
4057670,M2,FIN,2026-05-03,0,0,1.6070565410417046,1.3750944152387625,0.07891865698567631,True
4057761,M2,FIN,2026-05-03,3,1,2.5900687052295797,1.3495320136091196,0.07891865698567631,True
206007-5-vidar,NO-PN1,NOR,2026-05-03,0,5,0.9823045303245054,1.20283520979821,-0.03567795130414259,True
4057851,M2,FIN,2026-05-03,2,2,2.311019713704179,2.153501142197477,0.07891865698567631,True
4038067,M1L,FIN,2026-05-03,5,2,0.7385033790759428,1.5134713540421467,0.14225936984139836,True
6529870,SW-AL,SWE,2026-05-03,3,0,2.863863261612688,1.1603842418008488,-0.06586518724716203,True
6529873,SW-AL,SWE,2026-05-03,1,1,1.4974711213520133,1.291820224851131,-0.06586518724716203,True
4057850,M2,FIN,2026-05-03,1,0,5.93879864029361,2.4447435785900087,0.07891865698567631,True
206107-5-sane,NO-1DK,NOR,2026-05-03,2,1,2.7535274948663835,0.9119193559005621,-0.3659623451374177,True
206107-5-bryne,NO-1DK,NOR,2026-05-03,2,0,1.5635169954106838,0.635964700508996,-0.3659623451374177,True
206007-5-pors,NO-PN1,NOR,2026-05-03,0,0,0.9481829188215835,1.8687246370186017,-0.03567795130414259,True
206008-5-follo,NO-PN2,NOR,2026-05-03,2,0,1.4910192930609119,1.1554421942113746,0.18929453789924805,True
206008-5-h-nefoss-bk,NO-PN2,NOR,2026-05-03,3,1,2.9021908301957375,1.1389309247541353,0.18929453789924805,True
6535987,SW-SE,SWE,2026-05-03,3,2,1.2711452006146684,1.5338943717658908,0.030166026704795446,True
6529871,SW-AL,SWE,2026-05-03,4,0,2.2538387174673016,1.2230585471626478,-0.06586518724716203,True
206008-5-levanger,NO-PN2,NOR,2026-05-03,2,3,1.4408210880652084,1.6358344082369995,0.18929453789924805,True
6535985,SW-SE,SWE,2026-05-03,2,0,2.4043907486837903,1.721047357250033,0.030166026704795446,True
6537739,SW-EN,SWE,2026-05-03,1,1,1.376764343378195,0.5645820348899753,-0.06835707432303371,True
4057852,M2,FIN,2026-05-03,2,2,3.5402074135504273,1.314540587023194,0.07891865698567631,True
206092-7-v-lerenga,NO-ELI,NOR,2026-05-03,2,2,1.8170109188117833,1.0271794767079523,-0.0639296907581592,True
206092-7-start,NO-ELI,NOR,2026-05-03,1,1,0.6727184688962707,1.4871562644244452,-0.0639296907581592,True
206092-7-sandefjord-fotball,NO-ELI,NOR,2026-05-03,1,0,2.385698744363221,0.8247317760701276,-0.0639296907581592,True
206092-7-kristiansund,NO-ELI,NOR,2026-05-03,1,1,1.5682268187408654,1.5955054513742004,-0.0639296907581592,True
206092-7-lillestr-m,NO-ELI,NOR,2026-05-03,4,0,1.8528360884958952,0.5489168450819029,-0.0639296907581592,True
6537733,SW-EN,SWE,2026-05-03,3,3,1.1609974688850178,0.8329108514462302,-0.06835707432303371,True
6536357,SW-EE,SWE,2026-05-03,2,1,2.168840185837781,1.937776597698541,0.03904912252474321,True
4057853,M2,FIN,2026-05-04,1,2,1.7085350117076912,0.69889163853394,0.04418502671983634,True
206092-7-bod-glimt,NO-ELI,NOR,2026-05-04,0,1,2.8119610777026742,0.9824384740943188,-0.08840365100724534,True
4036880,VL,FIN,2026-05-04,1,0,1.7280619414261469,1.0984451666000261,-0.12578271702885013,True
6529869,SW-AL,SWE,2026-05-04,6,0,1.6064198295649106,0.8564415142081935,-0.08284450828660404,True
6529876,SW-AL,SWE,2026-05-04,1,3,1.127903405114497,1.2836353577593371,-0.08284450828660404,True
6535984,SW-SE,SWE,2026-05-04,2,2,1.30590854190859,0.8829449041514159,0.006103101593674888,True
4057763,M2,FIN,2026-05-05,1,2,1.1875136899220087,1.6975687320368227,0.04418502671983634,True
4036881,VL,FIN,2026-05-05,2,0,0.776937965086498,2.001609106186598,-0.12578271702885013,True
6535991,SW-SE,SWE,2026-05-05,1,0,1.9748537679031273,1.4720803098040856,0.006103101593674888,True
206093-1-egersund,NO-OBOS,NOR,2026-05-06,2,1,2.2701791288792683,0.6139618638472519,-0.17130459815238286,True
6529565,SW-DA,SWE,2026-05-06,3,0,2.425621622035064,0.3964478129799497,0.18799184295196783,True
6529563,SW-DA,SWE,2026-05-06,3,0,2.889042532429469,0.91211247670636,0.18799184295196783,True
4038068,M1L,FIN,2026-05-07,3,1,0.7227756830914568,0.4378228229256742,0.16342648036695323,True
4057854,M2,FIN,2026-05-07,0,1,3.010622670114531,1.8755788698275622,0.04418502671983634,True
6536362,SW-EE,SWE,2026-05-07,2,0,1.7067561377070082,0.9786713718764093,-0.05150872393594915,True
206092-8-hamkam,NO-ELI,NOR,2026-05-08,1,0,2.035235076561667,1.2686830129561288,-0.08840365100724534,True
4036883,VL,FIN,2026-05-08,1,0,1.3335125782649533,1.5718221001000225,-0.12578271702885013,True
4036882,VL,FIN,2026-05-08,1,0,1.871851097050987,1.8955791552889576,-0.12578271702885013,True
4036884,VL,FIN,2026-05-08,0,0,1.7494967759672067,1.237798486025044,-0.12578271702885013,True
4038069,M1L,FIN,2026-05-08,4,3,2.8291895009717174,1.2464347182885416,0.16342648036695323,True
6537741,SW-EN,SWE,2026-05-08,2,1,2.446590404418931,2.1819930757387493,-0.07751325769636176,True
4057675,M2,FIN,2026-05-08,5,1,1.956730023684849,1.960013627051198,0.04418502671983634,True
4057765,M2,FIN,2026-05-08,2,2,3.3978737119648104,0.9576972137104036,0.04418502671983634,True
4057855,M2,FIN,2026-05-08,2,1,1.5559150541378741,1.2585996277114766,0.04418502671983634,True
6536363,SW-EE,SWE,2026-05-08,3,2,1.543722995354268,1.5913344276506514,-0.05150872393594915,True
6537981,SW-ES,SWE,2026-05-08,3,2,1.001956690820984,1.4798244284900686,-0.12418327706914595,True
206093-6-ranheim-tf,NO-OBOS,NOR,2026-05-08,1,1,1.8041779207002764,1.7814258831787935,-0.17130459815238286,True
206119-6-sk-brann,NO-TS,NOR,2026-05-08,1,0,2.2449384027089203,0.5428947730085497,-0.17490615862372544,True
206119-6-h-nefoss-bk,NO-TS,NOR,2026-05-08,0,3,0.7519068337153726,3.0278895931767624,-0.17490615862372544,True
4057674,M2,FIN,2026-05-08,3,1,1.858475979293097,1.7836678133068642,0.04418502671983634,True
206119-6-molde,NO-TS,NOR,2026-05-08,4,0,1.4793771975904315,0.9680874267105045,-0.17490615862372544,True
206119-6-lsk-kvinner,NO-TS,NOR,2026-05-08,2,1,1.7633466361992256,2.21753308119163,-0.17490615862372544,True
6535998,SW-SE,SWE,2026-05-08,3,2,2.127792984683893,1.441361893729995,0.006103101593674888,True
6529880,SW-AL,SWE,2026-05-08,2,0,1.869613095104282,1.2482795183766158,-0.08284450828660404,True
6535992,SW-SE,SWE,2026-05-08,0,3,1.6607102519004924,1.1926092410560978,0.006103101593674888,True
206119-6-rosenborg-bk,NO-TS,NOR,2026-05-08,3,0,3.155053202559002,0.40226498477693434,-0.17490615862372544,True
206119-6-aafk-kvinner,NO-TS,NOR,2026-05-08,1,0,1.966065220705312,1.3395467465450799,-0.17490615862372544,True
6537744,SW-EN,SWE,2026-05-09,4,0,2.5148184578565287,1.4196412632970528,-0.07751325769636176,True
4038195,NL,FIN,2026-05-09,0,5,2.184435163358604,2.2823557150198375,0.07545972004197633,True
4038194,NL,FIN,2026-05-09,2,3,1.1136417753527066,2.1622954287442924,0.07545972004197633,True
4038196,NL,FIN,2026-05-09,5,0,3.7757156688065145,1.1901848907810568,0.07545972004197633,True
6537742,SW-EN,SWE,2026-05-09,2,0,1.402894948162178,0.6665560416436292,-0.07751325769636176,True
206007-6-notodden,NO-PN1,NOR,2026-05-09,1,1,1.0457373336704423,1.3812015859901439,-0.12613415677223333,True
206007-6-lysekloster,NO-PN1,NOR,2026-05-09,1,2,1.7958482250882841,1.0383640618749321,-0.12613415677223333,True
4038071,M1L,FIN,2026-05-09,0,2,1.452686770505888,1.1690359136665143,0.16342648036695323,True
6536366,SW-EE,SWE,2026-05-09,2,1,1.939575490854253,0.8295099486451208,-0.05150872393594915,True
6536360,SW-EE,SWE,2026-05-09,2,3,0.7984048920208043,3.011554579980417,-0.05150872393594915,True
4057858,M2,FIN,2026-05-09,1,2,2.700297370833807,2.0598532711029924,0.04418502671983634,True
4057857,M2,FIN,2026-05-09,4,5,1.7918140716067357,1.9708378417883048,0.04418502671983634,True
6529878,SW-AL,SWE,2026-05-09,0,1,0.8485906066871,1.7764806582935153,-0.08284450828660404,True
6537745,SW-EN,SWE,2026-05-09,1,6,0.8773950673026234,2.1987503548283356,-0.07751325769636176,True
4057677,M2,FIN,2026-05-09,2,1,2.8211586677114155,1.3205550099553522,0.04418502671983634,True
6535994,SW-SE,SWE,2026-05-09,2,2,1.1585614264191986,1.584446145117848,0.006103101593674888,True
6537747,SW-EN,SWE,2026-05-09,2,2,1.4625878443897355,1.4389516601385919,-0.07751325769636176,True
4043022,M1,FIN,2026-05-09,0,0,1.6313462517891537,1.4094065055410812,-0.1653958966914216,True
4043020,M1,FIN,2026-05-09,6,0,1.7793668082769307,0.9231416122257339,-0.1653958966914216,True
4043021,M1,FIN,2026-05-09,1,0,2.7112273056272027,0.7932187268056505,-0.1653958966914216,True
4036885,VL,FIN,2026-05-09,2,0,1.4813814374368366,0.7155063005735142,-0.12578271702885013,True
4036886,VL,FIN,2026-05-09,1,1,1.5188043005859324,0.9900412386560832,-0.12578271702885013,True
206107-6-viking,NO-1DK,NOR,2026-05-09,3,4,1.6415792263414395,1.0835152431902373,-0.33601609895199375,True
6537743,SW-EN,SWE,2026-05-09,1,1,1.76760969732389,1.043228567206653,-0.07751325769636176,True
206107-6-odds-ballklubb,NO-1DK,NOR,2026-05-09,2,2,0.7098398436078187,1.5851098555545624,-0.33601609895199375,True
6537984,SW-ES,SWE,2026-05-09,0,1,1.272462757687442,0.7483343941606133,-0.12418327706914595,True
6535995,SW-SE,SWE,2026-05-09,1,3,1.2500819758132846,1.9079937220766523,0.006103101593674888,True
4043023,M1,FIN,2026-05-09,1,2,2.1556910983522646,1.4439365206961705,-0.1653958966914216,True
4038072,M1L,FIN,2026-05-09,1,1,1.2841869019682846,0.519989675430019,0.16342648036695323,True
4038070,M1L,FIN,2026-05-09,2,1,2.0469711188082136,1.4227989019373033,0.16342648036695323,True
4043024,M1,FIN,2026-05-09,3,2,1.9942900577973175,1.283421766560446,-0.1653958966914216,True
6537983,SW-ES,SWE,2026-05-09,4,0,2.5662471524302632,1.183654062925738,-0.12418327706914595,True
6537746,SW-EN,SWE,2026-05-09,0,0,1.2619351151596407,1.9447242336438735,-0.07751325769636176,True
4057766,M2,FIN,2026-05-09,1,2,1.27351281185706,1.4691328389207101,0.04418502671983634,True
4057764,M2,FIN,2026-05-09,0,2,1.2657764383546852,2.0286638083824458,0.04418502671983634,True
4057856,M2,FIN,2026-05-09,0,2,2.2524692462014158,2.4470543922275754,0.04418502671983634,True
6537987,SW-ES,SWE,2026-05-09,1,1,0.957339904447779,1.4011183658627664,-0.12418327706914595,True
6537986,SW-ES,SWE,2026-05-09,1,1,1.1983111766224133,1.5930880582816582,-0.12418327706914595,True
206107-6-frigg,NO-1DK,NOR,2026-05-09,3,2,1.3738167941365205,2.2972561492750305,-0.33601609895199375,True
206107-6-kolbotn-il-elite,NO-1DK,NOR,2026-05-09,0,1,1.7652567075979215,0.8613093007137641,-0.33601609895199375,True
206107-6-grei,NO-1DK,NOR,2026-05-09,2,4,1.444503400049852,2.5660362861888344,-0.33601609895199375,True
6529883,SW-AL,SWE,2026-05-09,0,1,1.336213069435602,1.6477021689285067,-0.08284450828660404,True
206107-6-fyllingsdalen,NO-1DK,NOR,2026-05-09,1,7,1.1095083078234063,2.0615965919731263,-0.33601609895199375,True
206008-6-junkeren,NO-PN2,NOR,2026-05-09,2,3,0.9313741617218934,2.0141610079945163,0.1160631685843626,True
206008-6-eidsvold-tf,NO-PN2,NOR,2026-05-09,4,1,1.8782218989984898,1.0107685390530732,0.1160631685843626,True
6529573,SW-DA,SWE,2026-05-09,2,2,1.6182332398188963,1.1220437862788153,0.18799184295196783,True
6529576,SW-DA,SWE,2026-05-09,3,3,1.4072852091381844,1.4721926976278246,0.18799184295196783,True
6529571,SW-DA,SWE,2026-05-09,0,1,1.707587797150773,1.8526135217156157,0.18799184295196783,True
6535993,SW-SE,SWE,2026-05-09,1,1,1.7874857254924719,1.2687374837297325,0.006103101593674888,True
206008-6-stj-rdals-blink,NO-PN2,NOR,2026-05-09,0,1,2.118794029209772,1.3154887670516544,0.1160631685843626,True
6536365,SW-EE,SWE,2026-05-09,1,0,1.7124584098923692,0.799868739155783,-0.05150872393594915,True
6537982,SW-ES,SWE,2026-05-09,2,0,2.225538356320272,1.6588955341935205,-0.12418327706914595,True
6535997,SW-SE,SWE,2026-05-09,1,0,1.1664960348351667,0.9653914423989607,0.006103101593674888,True
4057676,M2,FIN,2026-05-09,1,1,1.101213083979606,1.1591130718197435,0.04418502671983634,True
4057767,M2,FIN,2026-05-09,1,0,1.8797389848390595,1.531524867722725,0.04418502671983634,True
4057768,M2,FIN,2026-05-09,3,1,2.1527850194338964,0.580151032650931,0.04418502671983634,True
4043025,M1,FIN,2026-05-09,2,1,2.2756131752853004,1.0581166650480338,-0.1653958966914216,True
206092-8-sarpsborg-08,NO-ELI,NOR,2026-05-09,2,1,1.5019371338244485,1.0844037424288049,-0.08840365100724534,True
6535999,SW-SE,SWE,2026-05-09,4,2,1.914206609864523,1.192397769846459,0.006103101593674888,True
6529881,SW-AL,SWE,2026-05-09,1,4,0.7204859993358138,1.3822081980763707,-0.08284450828660404,True
4057678,M2,FIN,2026-05-09,1,3,2.1392696141841374,1.487567054097742,0.04418502671983634,True
6535996,SW-SE,SWE,2026-05-09,3,3,1.5824364577057934,1.374030891843474,0.006103101593674888,True
6536361,SW-EE,SWE,2026-05-09,0,1,0.9872797261252381,1.466781188691986,-0.05150872393594915,True
6529877,SW-AL,SWE,2026-05-10,2,4,1.0415857585168289,1.3921468213617698,-0.08284450828660404,True
206007-6-sotra,NO-PN1,NOR,2026-05-10,6,0,2.075147662591492,0.628351398035604,-0.12613415677223333,True
206007-6-brattv-g,NO-PN1,NOR,2026-05-10,2,0,2.6950411590699432,1.2532482554991429,-0.12613415677223333,True
6529884,SW-AL,SWE,2026-05-10,2,0,1.4168211281086045,0.8505367806551279,-0.08284450828660404,True
6529572,SW-DA,SWE,2026-05-10,3,0,0.8565952529462063,1.0615414753285655,0.18799184295196783,True
6529575,SW-DA,SWE,2026-05-10,2,1,1.2970875433632734,0.9559183785429324,0.18799184295196783,True
206007-6-mj-ndalen,NO-PN1,NOR,2026-05-10,2,0,2.7451458772199833,0.6244558225504224,-0.12613415677223333,True
206007-6-sandviken,NO-PN1,NOR,2026-05-10,4,2,1.017223675780272,1.3510656370749896,-0.12613415677223333,True
206007-6-jerv,NO-PN1,NOR,2026-05-10,3,1,1.5321501550880285,1.4356260831107401,-0.12613415677223333,True
6529879,SW-AL,SWE,2026-05-10,3,2,1.5397689648484258,1.6124152139983754,-0.08284450828660404,True
4038197,NL,FIN,2026-05-10,2,3,0.543850990865841,2.4632222319040817,0.07545972004197633,True
6537988,SW-ES,SWE,2026-05-10,1,2,1.0169620465446463,1.6256848543918723,-0.12418327706914595,True
206093-6-str-mmen,NO-OBOS,NOR,2026-05-10,1,2,1.8769339038167248,1.449509823101364,-0.17130459815238286,True
206008-6-tromsdalen,NO-PN2,NOR,2026-05-10,0,3,2.269062239133697,1.5259597293023517,0.1160631685843626,True
206008-6-grorud,NO-PN2,NOR,2026-05-10,2,3,1.8187111560135927,0.8593649516956983,0.1160631685843626,True
206008-6-trygg-lade,NO-PN2,NOR,2026-05-10,4,2,2.5680940971784953,2.433397913943524,0.1160631685843626,True
6536364,SW-EE,SWE,2026-05-10,0,5,0.8712584849929186,2.1048756010823433,-0.05150872393594915,True
206008-6-l-renskog,NO-PN2,NOR,2026-05-10,1,2,1.718910397869281,0.8644984184949996,0.1160631685843626,True
6537985,SW-ES,SWE,2026-05-10,2,1,1.3959155020496699,0.635837177885391,-0.12418327706914595,True
206092-8-troms,NO-ELI,NOR,2026-05-10,2,0,1.7226176644389446,1.0942672497331665,-0.08840365100724534,True
206092-8-kfum,NO-ELI,NOR,2026-05-10,0,2,0.9919197151814397,2.320912468152644,-0.08840365100724534,True
206092-8-rosenborg,NO-ELI,NOR,2026-05-10,2,0,0.6653290672862847,1.4109697641047498,-0.08840365100724534,True
206092-8-sandefjord-fotball,NO-ELI,NOR,2026-05-10,2,0,1.7834879431613615,0.7046232360931873,-0.08840365100724534,True
206093-6-raufoss,NO-OBOS,NOR,2026-05-10,0,1,1.3291842300704648,1.6956751978912923,-0.17130459815238286,True
206093-6-sandnes-ulf,NO-OBOS,NOR,2026-05-10,0,1,1.2385445486049105,1.6937397144993105,-0.17130459815238286,True
6537748,SW-EN,SWE,2026-05-10,1,2,2.6505169536218647,0.8511509887281431,-0.07751325769636176,True
4036887,VL,FIN,2026-05-10,1,1,1.4998193986489663,0.9046416266366476,-0.12578271702885013,True
206093-6-sogndal,NO-OBOS,NOR,2026-05-10,5,1,1.3416476671590942,3.311284891406936,-0.17130459815238286,True
206093-6-moss,NO-OBOS,NOR,2026-05-10,2,3,2.0046866845856486,1.5205508925853128,-0.17130459815238286,True
206093-6-sane,NO-OBOS,NOR,2026-05-10,0,3,0.8962429588251208,2.394745244735358,-0.17130459815238286,True
6529574,SW-DA,SWE,2026-05-11,1,2,1.1168942805187971,1.463519630162122,0.23616152651460962,True
6529882,SW-AL,SWE,2026-05-11,2,0,4.134466104243867,1.0657395042478333,-0.01883964382172093,True
206093-6-egersund,NO-OBOS,NOR,2026-05-11,0,1,1.6444654899962314,0.884345997373244,-0.11535202885104875,True
6536003,SW-SE,SWE,2026-05-12,0,1,1.8318906992098218,1.2503024033323926,0.027560830547558444,True
6536000,SW-SE,SWE,2026-05-12,1,1,1.7835032443736307,1.290391174186699,0.027560830547558444,True
6529570,SW-DA,SWE,2026-05-12,0,2,0.7992907450596253,2.4194252701839583,0.23616152651460962,True
6536006,SW-SE,SWE,2026-05-13,0,3,1.8945008177788274,1.0699323926543294,0.027560830547558444,True
6536007,SW-SE,SWE,2026-05-13,2,4,2.2165442960526995,1.187277977290758,0.027560830547558444,True
6536004,SW-SE,SWE,2026-05-13,1,0,1.5408040610641642,1.198702385457715,0.027560830547558444,True
6537995,SW-ES,SWE,2026-05-13,2,3,0.8006941498210587,1.6214507504335762,-0.1259823981664099,True
6536002,SW-SE,SWE,2026-05-13,1,1,2.921508431447965,1.7217353423304382,0.027560830547558444,True
6537992,SW-ES,SWE,2026-05-13,4,3,0.6814942820286415,1.3121310084848372,-0.1259823981664099,True
6537755,SW-EN,SWE,2026-05-13,0,2,2.548177380153123,0.784583654086716,-0.12226432933819019,True
6537754,SW-EN,SWE,2026-05-13,0,2,0.9851417733252985,2.012277498779735,-0.12226432933819019,True
6537751,SW-EN,SWE,2026-05-13,0,3,1.4982091476691377,1.6038604896619697,-0.12226432933819019,True
6537750,SW-EN,SWE,2026-05-13,1,1,2.137132244560212,1.3001001884415107,-0.12226432933819019,True
6537990,SW-ES,SWE,2026-05-13,1,3,2.3093698268329526,1.1501780728134272,-0.1259823981664099,True
6537991,SW-ES,SWE,2026-05-13,1,2,1.1421407550926665,1.2315129689673108,-0.1259823981664099,True
6536001,SW-SE,SWE,2026-05-13,2,2,2.114118142500633,1.4910143796914759,0.027560830547558444,True
206007-7-tr-ff,NO-PN1,NOR,2026-05-14,4,0,1.7365706705426214,1.3817628214436417,-0.1411452952703588,True
6537756,SW-EN,SWE,2026-05-14,1,0,2.4792630719348394,1.6257286400752233,-0.12226432933819019,True
6537753,SW-EN,SWE,2026-05-14,1,5,0.5457376548318263,1.519089653226307,-0.12226432933819019,True
6537749,SW-EN,SWE,2026-05-14,1,5,1.5502189037454135,1.4621330658519436,-0.12226432933819019,True
6537752,SW-EN,SWE,2026-05-14,1,0,2.83408688501299,1.1820039107045168,-0.12226432933819019,True
6536005,SW-SE,SWE,2026-05-14,1,0,1.2155417421666268,0.7168577224672864,0.027560830547558444,True
206007-7-bjarg,NO-PN1,NOR,2026-05-14,2,6,1.4247712140724587,1.5424025188739987,-0.1411452952703588,True
6537994,SW-ES,SWE,2026-05-14,1,0,1.108218353223254,1.1948792865577749,-0.1259823981664099,True
6537996,SW-ES,SWE,2026-05-14,2,2,1.1442151766072954,1.151691685448239,-0.1259823981664099,True
6537993,SW-ES,SWE,2026-05-14,1,1,2.602433875194524,0.8623706542475608,-0.1259823981664099,True
6537989,SW-ES,SWE,2026-05-14,0,2,1.6774678563629513,1.850607391593192,-0.1259823981664099,True
206008-7-tromsdalen,NO-PN2,NOR,2026-05-14,0,2,1.6353157266080331,1.4731781630835015,0.11766712122721898,True
206008-7-h-nefoss-bk,NO-PN2,NOR,2026-05-14,3,2,2.4274493568055395,0.9610940655155169,0.11766712122721898,True
206007-7-vidar,NO-PN1,NOR,2026-05-14,1,3,0.40643993167721787,2.778129148666398,-0.1411452952703588,True
206119-7-lyn,NO-TS,NOR,2026-05-15,0,0,2.1341282726931494,0.6388412822324535,-0.1319124570299753,True
6529580,SW-DA,SWE,2026-05-15,2,2,1.3451955840953262,1.8213755928405075,0.23616152651460962,True
206107-7-viking,NO-1DK,NOR,2026-05-15,3,0,3.6269978977710338,0.6075566085447632,-0.22979166487195024,True
206119-7-stab-k,NO-TS,NOR,2026-05-15,1,2,0.7658733544589137,0.9719364972202894,-0.1319124570299753,True
206107-7-ik-start-kvinner,NO-1DK,NOR,2026-05-15,2,1,2.068730438824384,0.9657383379691374,-0.22979166487195024,True
206119-7-aafk-kvinner,NO-TS,NOR,2026-05-15,2,0,2.872262807749708,0.6075978536745078,-0.1319124570299753,True
206008-7-ullensaker-kisa,NO-PN2,NOR,2026-05-15,2,5,1.626661037267804,2.572100136780579,0.11766712122721898,True
206107-7-odds-ballklubb,NO-1DK,NOR,2026-05-15,2,1,1.8473349845019487,1.069229453451033,-0.22979166487195024,True
206119-7-haugesund,NO-TS,NOR,2026-05-15,0,7,0.6846237281756216,2.944287147623297,-0.1319124570299753,True
206119-7-bod-glimt,NO-TS,NOR,2026-05-15,0,6,1.131482821229775,2.6185342172232438,-0.1319124570299753,True
6536367,SW-EE,SWE,2026-05-15,0,1,0.3653546996548545,1.3213146806435627,-0.0189348874697638,True
6536368,SW-EE,SWE,2026-05-15,1,2,0.9382378711280502,1.5566356237848187,-0.0189348874697638,True
206119-7-v-lerenga-fotball,NO-TS,NOR,2026-05-15,1,2,2.8956493624223576,1.0135783637689628,-0.1319124570299753,True
206093-7-sandnes-ulf,NO-OBOS,NOR,2026-05-15,4,2,0.638603178080377,1.3230087160101822,-0.11535202885104875,True
206092-9-bod-glimt,NO-ELI,NOR,2026-05-16,5,0,2.000508373123158,0.8629107396678727,-0.0036588817796946393,True
6536015,SW-SE,SWE,2026-05-16,0,0,1.8739982547179685,1.8726793476907417,0.027560830547558444,True
6537764,SW-EN,SWE,2026-05-16,1,3,1.6927469689863546,1.2358213157087488,-0.12226432933819019,True
6537761,SW-EN,SWE,2026-05-16,3,1,1.2528303772703626,1.2904329665105236,-0.12226432933819019,True
4038076,M1L,FIN,2026-05-16,0,1,1.2948917857528084,0.962332773803904,0.11515039381222741,True
206008-7-rana-fk,NO-PN2,NOR,2026-05-16,1,2,1.4561501350614858,0.8253481998193536,0.11766712122721898,True
4043026,M1,FIN,2026-05-16,2,1,1.437533592434559,2.231910647264002,-0.17870681450645348,True
206008-7-follo,NO-PN2,NOR,2026-05-16,0,1,1.591591892579365,1.7382899114082686,0.11766712122721898,True
206008-7-kjels-s,NO-PN2,NOR,2026-05-16,1,0,2.8604597874643476,1.0058611355648448,0.11766712122721898,True
6529887,SW-AL,SWE,2026-05-16,1,1,1.622823034367283,0.7564505126203661,-0.01883964382172093,True
6529892,SW-AL,SWE,2026-05-16,1,1,0.812398604635807,1.5313388457838388,-0.01883964382172093,True
4043027,M1,FIN,2026-05-16,2,2,0.5376107660870164,1.7550394599747725,-0.17870681450645348,True
206092-9-v-lerenga,NO-ELI,NOR,2026-05-16,3,2,1.7292472853872252,1.0789125608285794,-0.0036588817796946393,True
4043029,M1,FIN,2026-05-16,0,6,1.0663149452744267,1.885193426184104,-0.17870681450645348,True
206008-7-levanger,NO-PN2,NOR,2026-05-16,3,0,2.497911189582505,1.381131770806454,0.11766712122721898,True
4043030,M1,FIN,2026-05-16,2,2,1.6561355575293666,1.5855946202328515,-0.17870681450645348,True
206092-9-rosenborg,NO-ELI,NOR,2026-05-16,2,3,1.976624844336455,0.7560926366736674,-0.0036588817796946393,True
6536372,SW-EE,SWE,2026-05-16,4,3,1.7843246325027913,1.622111652172329,-0.0189348874697638,True
6536369,SW-EE,SWE,2026-05-16,0,2,0.8287444428711218,2.7298469242898897,-0.0189348874697638,True
6536370,SW-EE,SWE,2026-05-16,2,1,1.6552656454625605,1.1437877325204464,-0.0189348874697638,True
4057770,M2,FIN,2026-05-16,1,5,0.8177637414901201,2.8061367869841933,0.10524710967444303,True
4057859,M2,FIN,2026-05-16,4,2,2.4221879036859746,1.4435197066698233,0.10524710967444303,True
4057769,M2,FIN,2026-05-16,6,1,1.7589315669802288,0.9729102344845513,0.10524710967444303,True
4057682,M2,FIN,2026-05-16,0,5,1.9967224402781012,2.9275959131442404,0.10524710967444303,True
4057680,M2,FIN,2026-05-16,1,2,1.3475563532201216,1.2994297351151287,0.10524710967444303,True
4057681,M2,FIN,2026-05-16,4,3,2.7190582287884406,1.2253713288103623,0.10524710967444303,True
4057860,M2,FIN,2026-05-16,3,1,2.092067446964291,2.48739779229259,0.10524710967444303,True
206092-9-viking,NO-ELI,NOR,2026-05-16,6,3,3.642774837474584,0.49409262584389096,-0.0036588817796946393,True
4057861,M2,FIN,2026-05-16,3,0,2.0290023466527245,1.108614025482613,0.10524710967444303,True
206007-7-kvik-halden,NO-PN1,NOR,2026-05-16,0,0,1.6695195094748778,0.7466199215874074,-0.1411452952703588,True
206007-7-fk-eik-t-nsberg-871,NO-PN1,NOR,2026-05-16,1,2,1.127977713945064,1.57942279410809,-0.1411452952703588,True
206007-7-arendal,NO-PN1,NOR,2026-05-16,1,2,1.5480921283159974,1.9156732435486703,-0.1411452952703588,True
206007-7-pors,NO-PN1,NOR,2026-05-16,1,2,1.48390945638394,1.1456070379814134,-0.1411452952703588,True
6536371,SW-EE,SWE,2026-05-16,4,1,1.4296202828051225,2.121722866851569,-0.0189348874697638,True
6536373,SW-EE,SWE,2026-05-16,2,0,2.9249455875440953,0.6269896420651548,-0.0189348874697638,True
4057679,M2,FIN,2026-05-16,2,2,0.9062406982786545,3.5610361569903466,0.10524710967444303,True
206093-7-stab-k,NO-OBOS,NOR,2026-05-16,1,2,2.6143638946783625,0.9103158286924039,-0.11535202885104875,True
206107-7-troms-il,NO-1DK,NOR,2026-05-16,1,1,3.8872593824229673,1.3389797804331443,-0.22979166487195024,True
206107-7-sane,NO-1DK,NOR,2026-05-16,2,1,1.49950147404939,1.2285511662102273,-0.22979166487195024,True
4036888,VL,FIN,2026-05-16,2,2,2.0817630402396445,1.472917650319417,-0.11241850741939627,True
206092-9-molde,NO-ELI,NOR,2026-05-16,1,0,2.532947802104624,0.7005480532896005,-0.0036588817796946393,True
206092-9-lillestr-m,NO-ELI,NOR,2026-05-16,3,1,1.5512824373316754,0.6198454723067927,-0.0036588817796946393,True
206092-9-fredrikstad,NO-ELI,NOR,2026-05-16,2,1,1.6173390037541169,1.2814839359323793,-0.0036588817796946393,True
4036889,VL,FIN,2026-05-16,1,1,0.8043074667200937,1.7971235288919527,-0.11241850741939627,True
4036891,VL,FIN,2026-05-16,1,3,1.1434807739530977,1.2939027873002187,-0.11241850741939627,True
206093-7-str-msgodset,NO-OBOS,NOR,2026-05-16,5,4,1.8995081321732068,1.226694143065893,-0.11535202885104875,True
4036892,VL,FIN,2026-05-16,1,0,1.0888717980975635,1.2674477977004608,-0.11241850741939627,True
206092-9-brann,NO-ELI,NOR,2026-05-16,2,1,3.0214772616416936,0.9360137399140279,-0.0036588817796946393,True
4036890,VL,FIN,2026-05-16,5,0,1.5052593500678901,1.422349156488844,-0.11241850741939627,True
206093-7-odd,NO-OBOS,NOR,2026-05-16,2,3,2.269855335809222,1.1937878218102946,-0.11535202885104875,True
206093-7-lyn,NO-OBOS,NOR,2026-05-16,0,3,1.1374919224777678,1.694464535091099,-0.11535202885104875,True
206093-7-haugesund,NO-OBOS,NOR,2026-05-16,1,1,4.015511904227724,1.3690678435245422,-0.11535202885104875,True
206093-7-h-dd,NO-OBOS,NOR,2026-05-16,2,2,1.1869821722011065,1.3113836193818713,-0.11535202885104875,True
206093-7-bryne,NO-OBOS,NOR,2026-05-16,4,2,2.994578007327195,2.171065115462877,-0.11535202885104875,True
6537762,SW-EN,SWE,2026-05-17,5,0,1.699099005314163,1.317626756734446,-0.12226432933819019,True
4057862,M2,FIN,2026-05-17,6,2,2.410750838192985,1.6862486361272384,0.10524710967444303,True
4038074,M1L,FIN,2026-05-17,0,0,1.184703251707369,1.633966867907269,0.11515039381222741,True
4038073,M1L,FIN,2026-05-17,3,0,2.5278224680377677,1.7158120823759277,0.11515039381222741,True
4038199,NL,FIN,2026-05-17,2,1,3.5167636890352063,0.8596639681935185,0.06693090150339127,True
6537760,SW-EN,SWE,2026-05-17,0,0,1.8494129839088227,1.8117437061152224,-0.12226432933819019,True
4038075,M1L,FIN,2026-05-17,1,3,0.457489617551354,0.7784732721055928,0.11515039381222741,True
4038198,NL,FIN,2026-05-17,2,3,3.3006186696352846,1.9599762047988336,0.06693090150339127,True
6537759,SW-EN,SWE,2026-05-17,1,1,1.4435938077897537,0.6603218485611771,-0.12226432933819019,True
6537763,SW-EN,SWE,2026-05-17,2,3,2.002551907798702,1.7718370580386649,-0.12226432933819019,True
6537758,SW-EN,SWE,2026-05-17,1,0,1.3428028168630346,1.5421687113717288,-0.12226432933819019,True
4038200,NL,FIN,2026-05-17,1,6,1.926695406732361,1.4421012727028806,0.06693090150339127,True
6536009,SW-SE,SWE,2026-05-17,2,2,2.4035414351265185,1.8272441514230544,0.027560830547558444,True
4057773,M2,FIN,2026-05-17,2,3,1.0839267998308133,1.4303799019859764,0.10524710967444303,True
6536010,SW-SE,SWE,2026-05-17,1,4,1.1948012411349485,0.9119513980326038,0.027560830547558444,True
6536014,SW-SE,SWE,2026-05-17,1,4,1.977677663539667,1.878292262660795,0.027560830547558444,True
6536012,SW-SE,SWE,2026-05-17,2,1,1.3944524253362427,1.1673545080647587,0.027560830547558444,True
6529577,SW-DA,SWE,2026-05-17,2,1,1.3537241650853635,1.2115523250951457,0.23616152651460962,True
6529579,SW-DA,SWE,2026-05-17,1,0,1.1145181351988807,0.7554787041858718,0.23616152651460962,True
6529582,SW-DA,SWE,2026-05-17,3,0,1.8252458080929814,1.2032626271010671,0.23616152651460962,True
6529583,SW-DA,SWE,2026-05-17,1,0,1.2445822722630202,1.571174704352711,0.23616152651460962,True
4038201,NL,FIN,2026-05-17,1,2,1.193314280227744,1.591923622407441,0.06693090150339127,True
4043031,M1,FIN,2026-05-17,4,2,2.6257415240355115,1.9102188767633166,-0.17870681450645348,True
6538003,SW-ES,SWE,2026-05-17,2,2,3.8494435842258685,1.0449129906266494,-0.1259823981664099,True
6529886,SW-AL,SWE,2026-05-17,4,1,2.0188543727094763,0.9424975678536304,-0.01883964382172093,True
6529891,SW-AL,SWE,2026-05-17,1,1,1.4798290381968344,1.3918645269950445,-0.01883964382172093,True
6529889,SW-AL,SWE,2026-05-17,0,1,2.014716989322422,1.0080853437012918,-0.01883964382172093,True
6537999,SW-ES,SWE,2026-05-17,1,1,1.4408415731510273,1.0656319745416254,-0.1259823981664099,True
6537998,SW-ES,SWE,2026-05-17,2,3,1.112567484257733,1.3891830707564334,-0.1259823981664099,True
4057772,M2,FIN,2026-05-17,3,2,2.489069173368544,1.161615116241587,0.10524710967444303,True
6538000,SW-ES,SWE,2026-05-17,2,0,1.127934800780952,1.3920054726453845,-0.1259823981664099,True
6538002,SW-ES,SWE,2026-05-17,5,0,2.569178288119574,0.5527100029793498,-0.1259823981664099,True
6529890,SW-AL,SWE,2026-05-17,1,0,1.342071691555155,1.4123765965938202,-0.01883964382172093,True
4057683,M2,FIN,2026-05-18,3,3,2.1906710001649845,0.962212251771143,0.1291412279332035,True
4057771,M2,FIN,2026-05-18,4,1,3.847859505005207,0.5960172157628055,0.1291412279332035,True
4036893,VL,FIN,2026-05-18,1,1,0.8752515065848956,0.8385981398563456,-0.1191891649545577,True
4057863,M2,FIN,2026-05-18,3,2,1.8942333633828485,2.6084175817953654,0.1291412279332035,True
4038077,M1L,FIN,2026-05-18,1,1,2.1731487945352628,0.9831302856108616,0.11010692988713947,True
6538001,SW-ES,SWE,2026-05-18,1,3,1.3895589478877284,1.4026203867040608,-0.12365973989743612,True
6537757,SW-EN,SWE,2026-05-18,0,0,1.3814246875386744,2.49950177112647,-0.1070936688330487,True
6529885,SW-AL,SWE,2026-05-18,2,3,2.240929179005006,1.6396735669391758,-0.01594165866025706,True
6537997,SW-ES,SWE,2026-05-18,0,1,1.0984463734868286,0.690856730089059,-0.12365973989743612,True
6538004,SW-ES,SWE,2026-05-18,0,1,2.2319346162889464,0.997850331710049,-0.12365973989743612,True
6536011,SW-SE,SWE,2026-05-18,4,1,1.4253987746304368,1.0796846110404386,0.016198732402691245,True
6536013,SW-SE,SWE,2026-05-18,2,1,1.0724021245656241,1.3403060809621135,0.016198732402691245,True
6529888,SW-AL,SWE,2026-05-19,2,3,1.1457272866410944,1.428691633317996,-0.01594165866025706,True
6536008,SW-SE,SWE,2026-05-19,1,3,1.714415353595616,1.7164995262546117,0.016198732402691245,True
6529944,SW-AL,SWE,2026-05-20,2,0,0.9396509366756044,1.5424200862399857,-0.01594165866025706,True
4036937,VL,FIN,2026-05-20,3,0,2.0449927510837878,0.6855667586918183,-0.1191891649545577,True
206093-8-sane,NO-OBOS,NOR,2026-05-20,2,0,1.0923570885526555,1.7640281570295842,-0.06115667981648844,True
6529581,SW-DA,SWE,2026-05-20,2,1,1.765023900565792,0.7860896252585231,0.3071047931011791,True
4036936,VL,FIN,2026-05-20,1,3,1.3016254051652387,1.506110379626455,-0.1191891649545577,True
206093-8-moss,NO-OBOS,NOR,2026-05-20,1,1,1.4046945033777114,2.681672369614765,-0.06115667981648844,True
206093-8-str-mmen,NO-OBOS,NOR,2026-05-20,0,7,2.1654925763988846,3.4586023557885626,-0.06115667981648844,True
206093-8-sogndal,NO-OBOS,NOR,2026-05-20,2,2,1.5944316155586313,2.078215474219187,-0.06115667981648844,True
206093-8-raufoss,NO-OBOS,NOR,2026-05-20,3,0,1.6081905502764104,1.871053756302633,-0.06115667981648844,True
206092-8-aalesund,NO-ELI,NOR,2026-05-20,2,1,1.6129455407445992,2.189147073211635,0.0247711625110349,True
6529578,SW-DA,SWE,2026-05-20,4,2,3.771588902621298,0.7672457599034339,0.3071047931011791,True
206092-8-start,NO-ELI,NOR,2026-05-20,1,4,0.9762789151725215,2.634255874506914,0.0247711625110349,True
206092-2-lillestr-m,NO-ELI,NOR,2026-05-20,1,2,2.4100097518195116,0.4885106825491853,0.0247711625110349,True
206093-8-egersund,NO-OBOS,NOR,2026-05-20,0,0,1.7193905716625886,0.9023761420929296,-0.06115667981648844,True
206093-8-kongsvinger,NO-OBOS,NOR,2026-05-20,4,2,1.8359402670976555,1.060929556948896,-0.06115667981648844,True
206093-8-ranheim-tf,NO-OBOS,NOR,2026-05-20,3,2,2.166800869595458,1.0622058082882433,-0.06115667981648844,True
4057864,M2,FIN,2026-05-21,2,1,2.0685948646619,2.642569692014629,0.1291412279332035,True
6529946,SW-AL,SWE,2026-05-21,1,1,0.9475735374047247,1.4211750140282207,-0.01594165866025706,True
4038205,NL,FIN,2026-05-21,0,2,0.9197658332084148,3.6373778596544133,0.05659501829061619,True
4057686,M2,FIN,2026-05-22,8,0,1.4075955172643222,2.2975954083522327,0.1291412279332035,True
4057685,M2,FIN,2026-05-22,3,0,1.7963473668020593,1.8362086168392069,0.1291412279332035,True
6536380,SW-EE,SWE,2026-05-22,0,3,1.549829560656703,2.142326631088796,-0.004003206610397181,True
4057684,M2,FIN,2026-05-22,0,2,2.0786013096366998,0.9228504155244931,0.1291412279332035,True
4057775,M2,FIN,2026-05-22,2,1,3.0588982568283116,0.9136850644147526,0.1291412279332035,True
6536376,SW-EE,SWE,2026-05-22,0,3,1.5894977632052185,2.6107196441897136,-0.004003206610397181,True
4038078,M1L,FIN,2026-05-22,0,2,1.3745624595922694,0.6689126761492815,0.11010692988713947,True
6529893,SW-AL,SWE,2026-05-22,1,2,2.752138343061802,0.9754641466013766,-0.01594165866025706,True
6529589,SW-DA,SWE,2026-05-22,0,1,1.288564115993662,1.0698086430152451,0.3071047931011791,True
4043032,M1,FIN,2026-05-22,1,0,1.7965422791345242,1.4031684060928813,-0.16487915814373533,True
6538008,SW-ES,SWE,2026-05-22,4,2,1.80290514398607,1.207098670050538,-0.12365973989743612,True
4036894,VL,FIN,2026-05-22,2,1,0.9585718536258403,1.34713462246934,-0.1191891649545577,True
4038203,NL,FIN,2026-05-22,2,1,4.165461867987453,1.0684113389898426,0.05659501829061619,True
6538007,SW-ES,SWE,2026-05-22,1,3,1.09127005713295,1.9226754848185135,-0.12365973989743612,True
4038079,M1L,FIN,2026-05-22,0,1,1.1323795160785641,1.962284960086939,0.11010692988713947,True
4038202,NL,FIN,2026-05-22,1,0,1.5297699797620754,1.9977567672361325,0.05659501829061619,True
6536018,SW-SE,SWE,2026-05-23,1,0,1.8572059032542685,1.479774152212147,0.016198732402691245,True
6536377,SW-EE,SWE,2026-05-23,1,0,2.391708098207525,0.4131706606690078,-0.004003206610397181,True
6536375,SW-EE,SWE,2026-05-23,0,1,0.49851885423500736,2.2065785371616826,-0.004003206610397181,True
6536022,SW-SE,SWE,2026-05-23,3,1,2.5309096078684,1.2572098110841474,0.016198732402691245,True
6536023,SW-SE,SWE,2026-05-23,1,0,2.4617598448847926,2.1198300372920578,0.016198732402691245,True
6536019,SW-SE,SWE,2026-05-23,2,1,1.2124177535916363,1.2686936377489995,0.016198732402691245,True
206107-7-bryne,NO-1DK,NOR,2026-05-23,1,2,2.314953617764667,1.033263833746599,-0.26041541895862785,True
6536378,SW-EE,SWE,2026-05-23,4,1,2.331885707609827,1.1869113616178975,-0.004003206610397181,True
6536374,SW-EE,SWE,2026-05-23,2,0,0.49885946916223434,1.6135140461010384,-0.004003206610397181,True
6536379,SW-EE,SWE,2026-05-23,3,0,1.380541637193842,1.0691061905173005,-0.004003206610397181,True
4057866,M2,FIN,2026-05-23,4,4,2.1528252265338037,1.7662634138970612,0.1291412279332035,True
4036895,VL,FIN,2026-05-23,2,1,1.101992209769853,0.7170676936628003,-0.1191891649545577,True
4036899,VL,FIN,2026-05-23,0,1,1.528223855776221,1.447584692642161,-0.1191891649545577,True
4036897,VL,FIN,2026-05-23,2,0,2.5398505872214456,1.6284447473890284,-0.1191891649545577,True
4036896,VL,FIN,2026-05-23,2,1,1.4424175750054737,0.656950292557226,-0.1191891649545577,True
4057774,M2,FIN,2026-05-23,3,4,1.2058120718697662,3.2952316490933704,0.1291412279332035,True
4057865,M2,FIN,2026-05-23,4,0,1.8066387632891734,2.062189878107992,0.1291412279332035,True
4057776,M2,FIN,2026-05-23,5,0,2.5856686226963537,1.1030636687694746,0.1291412279332035,True
4036898,VL,FIN,2026-05-23,3,0,1.2884100073295188,1.2378549714504075,-0.1191891649545577,True
4057688,M2,FIN,2026-05-23,3,1,2.649809726941771,1.5060364043143006,0.1291412279332035,True
4057868,M2,FIN,2026-05-23,1,2,2.637298347965758,3.0149235680396744,0.1291412279332035,True
4057777,M2,FIN,2026-05-23,1,1,1.020177359439665,1.6118479103835655,0.1291412279332035,True
4057687,M2,FIN,2026-05-23,1,1,4.304039248606571,0.9029240462822303,0.1291412279332035,True
4057867,M2,FIN,2026-05-23,3,2,1.0338500581988679,1.9560822701251983,0.1291412279332035,True
4038204,NL,FIN,2026-05-23,5,0,3.5541675267513475,0.7794555517243298,0.05659501829061619,True
6529584,SW-DA,SWE,2026-05-23,2,2,1.0697534400803224,1.8002190310628534,0.3071047931011791,True
206007-8-fk-eik-t-nsberg-871,NO-PN1,NOR,2026-05-23,3,1,1.6913889691360695,0.72816021996085,-0.13449945940792368,True
4038081,M1L,FIN,2026-05-23,0,1,0.900365999379241,0.6196078327690426,0.11010692988713947,True
4038080,M1L,FIN,2026-05-23,1,0,2.988899612348926,1.7986317674381143,0.11010692988713947,True
4038082,M1L,FIN,2026-05-23,0,1,1.0102489692000827,1.1878343926523804,0.11010692988713947,True
6538010,SW-ES,SWE,2026-05-23,1,1,1.0750256456199834,0.9371490557740872,-0.12365973989743612,True
6538005,SW-ES,SWE,2026-05-23,2,1,1.5951675843339153,1.3285288635087338,-0.12365973989743612,True
6538011,SW-ES,SWE,2026-05-23,0,0,0.7798593642964324,4.993424612940446,-0.12365973989743612,True
6538009,SW-ES,SWE,2026-05-23,0,4,0.9315736447402801,1.25075320316531,-0.12365973989743612,True
4043034,M1,FIN,2026-05-23,5,0,2.8629010590822896,0.7088794666681978,-0.16487915814373533,True
4043033,M1,FIN,2026-05-23,4,2,1.9691836209088567,0.7058509283230245,-0.16487915814373533,True
6537766,SW-EN,SWE,2026-05-23,0,1,1.1145381023969858,2.9588554728498724,-0.1070936688330487,True
6529899,SW-AL,SWE,2026-05-23,2,1,1.3241023420854288,0.9920324223497462,-0.01594165866025706,True
6529900,SW-AL,SWE,2026-05-23,2,0,1.279955548285224,1.0895997874127186,-0.01594165866025706,True
6537769,SW-EN,SWE,2026-05-23,3,3,2.060258657567838,2.3459823475732606,-0.1070936688330487,True
6537768,SW-EN,SWE,2026-05-23,4,0,1.2361653659632423,1.491221098380125,-0.1070936688330487,True
6537767,SW-EN,SWE,2026-05-23,0,0,1.4133083833307618,1.0209376112110593,-0.1070936688330487,True
6537771,SW-EN,SWE,2026-05-23,2,1,1.7449963715486299,0.9800455109644939,-0.1070936688330487,True
206008-8-skeid,NO-PN2,NOR,2026-05-23,2,0,1.3652503554014894,1.1628028749559365,0.16527960178422227,True
206007-8-jerv,NO-PN1,NOR,2026-05-23,2,1,1.2448916465445738,0.8494290333819484,-0.13449945940792368,True
206007-8-mj-ndalen,NO-PN1,NOR,2026-05-23,4,0,1.749391148776801,1.038335707903016,-0.13449945940792368,True
206008-8-grorud,NO-PN2,NOR,2026-05-23,3,2,1.6221590230972238,1.2168788715085699,0.16527960178422227,True
206008-8-stj-rdals-blink,NO-PN2,NOR,2026-05-23,1,1,1.3988528827319584,2.4942395516642066,0.16527960178422227,True
6529587,SW-DA,SWE,2026-05-23,4,2,1.2890181537330199,1.2377902735898696,0.3071047931011791,True
6529588,SW-DA,SWE,2026-05-23,0,1,0.9504366949867354,2.5558512136731366,0.3071047931011791,True
6529586,SW-DA,SWE,2026-05-23,0,3,1.4384379491992654,0.7999801846349599,0.3071047931011791,True
4043037,M1,FIN,2026-05-24,2,1,2.0932346002963067,1.858803680817817,-0.16487915814373533,True
4057778,M2,FIN,2026-05-24,1,0,1.8228619800014993,1.345593240300633,0.1291412279332035,True
6529585,SW-DA,SWE,2026-05-24,2,0,2.3522957298222895,0.6783054145085766,0.3071047931011791,True
4043036,M1,FIN,2026-05-24,1,2,2.455353497750773,0.9308003029436075,-0.16487915814373533,True
6538012,SW-ES,SWE,2026-05-24,3,1,2.1486613678296087,1.0490229455084503,-0.12365973989743612,True
4043035,M1,FIN,2026-05-24,0,1,1.5574248160233375,2.191115374388135,-0.16487915814373533,True
206092-10-kristiansund,NO-ELI,NOR,2026-05-24,1,2,0.9004689280307646,2.40053797191147,0.0247711625110349,True
206092-10-bod-glimt,NO-ELI,NOR,2026-05-24,3,1,2.975274676904431,1.0678143192149694,0.0247711625110349,True
6536020,SW-SE,SWE,2026-05-24,0,1,1.197080742525203,1.1728224045452655,0.016198732402691245,True
6538006,SW-ES,SWE,2026-05-24,3,0,1.3421885661269135,1.0838909001176187,-0.12365973989743612,True
6529590,SW-DA,SWE,2026-05-24,0,2,1.8018527621734868,1.3010024577882946,0.3071047931011791,True
6536021,SW-SE,SWE,2026-05-24,1,0,2.0634128087976964,0.8855114446369128,0.016198732402691245,True
6529894,SW-AL,SWE,2026-05-24,1,2,2.350981534309135,0.7357077549532445,-0.01594165866025706,True
6529898,SW-AL,SWE,2026-05-24,2,1,1.80236911552742,1.1677446341155129,-0.01594165866025706,True
206008-8-trygg-lade,NO-PN2,NOR,2026-05-24,1,2,1.4966326071459393,2.2744927604185325,0.16527960178422227,True
206007-8-tr-ff,NO-PN1,NOR,2026-05-24,3,3,1.8091728392204294,1.008323268072852,-0.13449945940792368,True
6537772,SW-EN,SWE,2026-05-24,0,2,1.0104783704760256,1.6350945533076673,-0.1070936688330487,True
6537770,SW-EN,SWE,2026-05-24,2,2,1.4073636818289366,1.0649079130001817,-0.1070936688330487,True
6537765,SW-EN,SWE,2026-05-24,0,3,1.833908099344478,2.5349555664626826,-0.1070936688330487,True
6529896,SW-AL,SWE,2026-05-24,2,3,2.1187156092642185,1.2302451486554784,-0.01594165866025706,True
206093-9-odd,NO-OBOS,NOR,2026-05-25,3,1,2.0201953239136143,2.169842669576735,-0.11937057548644583,True
206093-9-sandnes-ulf,NO-OBOS,NOR,2026-05-25,2,0,1.5372330354052635,1.5963649179711514,-0.11937057548644583,True
206093-9-stab-k,NO-OBOS,NOR,2026-05-25,2,0,1.5314193960282056,1.7636811391528535,-0.11937057548644583,True
206093-9-str-msgodset,NO-OBOS,NOR,2026-05-25,1,0,2.968397854072056,1.134318526034261,-0.11937057548644583,True
206093-9-sane,NO-OBOS,NOR,2026-05-25,3,0,1.3084065619001901,1.447970189738424,-0.11937057548644583,True
206092-10-start,NO-ELI,NOR,2026-05-25,2,0,1.714931639584671,1.5646078471353595,0.02715845836495244,True
206092-10-hamkam,NO-ELI,NOR,2026-05-25,2,0,1.242625243618841,1.4384129397234358,0.02715845836495244,True
206092-10-sandefjord-fotball,NO-ELI,NOR,2026-05-25,1,1,1.6330162739294107,0.8708995012183803,0.02715845836495244,True
206092-10-sarpsborg-08,NO-ELI,NOR,2026-05-25,2,1,1.219834867777424,1.4623845528968593,0.02715845836495244,True
206092-10-troms,NO-ELI,NOR,2026-05-25,1,1,2.161684586541509,0.9226497710484495,0.02715845836495244,True
206008-8-l-renskog,NO-PN2,NOR,2026-05-25,1,0,1.6213547216958601,1.2708022466618845,0.1236653048706053,True
206093-9-haugesund,NO-OBOS,NOR,2026-05-25,3,1,3.107557454441075,1.4928179368525427,-0.11937057548644583,True
206008-8-junkeren,NO-PN2,NOR,2026-05-25,3,0,2.662483232799857,1.8828328770411902,0.1236653048706053,True
206008-8-eidsvold-tf,NO-PN2,NOR,2026-05-25,4,1,1.851317219170327,0.8555303294980131,0.1236653048706053,True
206093-9-h-dd,NO-OBOS,NOR,2026-05-25,3,1,0.813135090362525,1.2671336172284011,-0.11937057548644583,True
206092-10-kfum,NO-ELI,NOR,2026-05-25,2,0,1.3717192642649096,1.0334776548703164,0.02715845836495244,True
206093-9-lyn,NO-OBOS,NOR,2026-05-25,1,0,2.8397089716170165,1.2625375776092096,-0.11937057548644583,True
206107-3-arna-bj-rnar,NO-1DK,NOR,2026-05-25,1,1,2.107331577656845,0.9132015337468361,-0.2523843202514667,True
206007-8-lysekloster,NO-PN1,NOR,2026-05-25,1,1,1.7849217749895965,1.3747081707133215,-0.12104698739912863,True
206007-8-brattv-g,NO-PN1,NOR,2026-05-25,2,0,2.532611036457021,0.9789842687434521,-0.12104698739912863,True
6529895,SW-AL,SWE,2026-05-25,1,1,0.7935080934488379,1.564545029391717,-0.024816161569286052,True
6529897,SW-AL,SWE,2026-05-25,1,1,1.482226631366338,1.4956139914891715,-0.024816161569286052,True
6536016,SW-SE,SWE,2026-05-25,2,0,2.1096202722023567,0.8428084159061908,0.09370348040303411,True
206007-8-sotra,NO-PN1,NOR,2026-05-25,1,2,3.1667657666190454,0.9395756283893639,-0.12104698739912863,True
206119-8-stab-k,NO-TS,NOR,2026-05-26,3,0,1.9463768683763498,1.094538387448587,-0.16232146440586404,True
206119-8-r-a-fotball-elite,NO-TS,NOR,2026-05-26,2,3,0.5187785204266868,1.9007502837838353,-0.16232146440586404,True
206119-8-molde,NO-TS,NOR,2026-05-26,2,3,0.9799990963669327,1.6004939232496762,-0.16232146440586404,True
206119-8-lsk-kvinner,NO-TS,NOR,2026-05-26,3,2,2.38517518127453,1.1110696541455503,-0.16232146440586404,True
206119-8-sk-brann,NO-TS,NOR,2026-05-26,4,0,2.54293084630369,0.519259392207214,-0.16232146440586404,True
206119-8-v-lerenga-fotball,NO-TS,NOR,2026-05-26,7,1,4.692880411495806,0.5052622156274008,-0.16232146440586404,True
6536017,SW-SE,SWE,2026-05-26,1,2,1.3550555091248901,1.4335765277877173,0.09370348040303411,True
6529556,SW-DA,SWE,2026-05-27,2,1,1.0150792944378693,2.6229213221731293,0.3691308996028335,True
4038088,M1L,FIN,2026-05-27,0,1,0.7477283657860208,1.140562458484224,0.208359544174477,True
4057870,M2,FIN,2026-05-27,2,2,3.96431290091393,1.3904599736778904,0.10891966780118373,True
6529558,SW-DA,SWE,2026-05-27,0,1,0.4591505462199946,2.0310817348633305,0.3691308996028335,True
4057869,M2,FIN,2026-05-27,3,0,2.52098045037089,1.5860060353184253,0.10891966780118373,True
4043038,M1,FIN,2026-05-28,1,2,1.5823093918854965,1.9970366708273921,-0.0639367768066051,True
4043086,M1,FIN,2026-05-28,1,0,1.4478190970336742,1.7006540033413493,-0.0639367768066051,True
4057872,M2,FIN,2026-05-29,1,2,2.6669131400034036,1.754407076476425,0.10891966780118373,True
4057780,M2,FIN,2026-05-29,1,1,1.1930213056243264,1.6330008371671272,0.10891966780118373,True
4057691,M2,FIN,2026-05-29,0,2,1.4167413374422362,1.569470412393118,0.10891966780118373,True
4057689,M2,FIN,2026-05-29,0,0,1.2403859170544933,1.9494910310328055,0.10891966780118373,True
4057779,M2,FIN,2026-05-29,2,2,1.9992268033975988,0.8760361396121982,0.10891966780118373,True
4057782,M2,FIN,2026-05-29,4,2,3.9211688107194993,0.7107334450693924,0.10891966780118373,True
4057871,M2,FIN,2026-05-29,0,3,1.6925286216949893,1.2271512997864016,0.10891966780118373,True
4057690,M2,FIN,2026-05-29,0,2,1.6820452813498652,2.8134595286085955,0.10891966780118373,True
4057781,M2,FIN,2026-05-29,0,2,0.8630220796016578,4.433625821828334,0.10891966780118373,True
206092-11-brann,NO-ELI,NOR,2026-05-29,1,2,2.7562703109684312,1.0408762261379776,0.02715845836495244,True
4038209,NL,FIN,2026-05-29,3,2,1.1195849954684234,1.533113746028445,0.1817075624420907,True
4057783,M2,FIN,2026-05-29,0,0,2.139210391759727,1.4447713776057107,0.10891966780118373,True
206092-11-fredrikstad,NO-ELI,NOR,2026-05-29,2,1,2.1243316592330976,1.080092697147188,0.02715845836495244,True
206092-11-kfum,NO-ELI,NOR,2026-05-29,0,0,1.1464103567405053,1.2972326346060332,0.02715845836495244,True
206092-11-rosenborg,NO-ELI,NOR,2026-05-29,2,2,0.913091140255741,2.044368748073391,0.02715845836495244,True
206092-11-v-lerenga,NO-ELI,NOR,2026-05-29,3,1,1.7647499013215258,0.9914440845376185,0.02715845836495244,True
206092-11-aalesund,NO-ELI,NOR,2026-05-29,2,2,1.8160286962612813,1.4214380354379659,0.02715845836495244,True
6536381,SW-EE,SWE,2026-05-29,1,1,1.0773027090219731,1.8675749145449607,0.022401001475508383,True
6529903,SW-AL,SWE,2026-05-29,2,2,1.0067267895548992,2.1282067152815434,-0.024816161569286052,True
4043041,M1,FIN,2026-05-29,4,2,1.41962979434475,3.5015292482906015,-0.0639367768066051,True
4043040,M1,FIN,2026-05-29,3,0,1.801435913696189,1.1690647889797803,-0.0639367768066051,True
4038206,NL,FIN,2026-05-29,4,0,4.731873684221285,0.33805143856198855,0.1817075624420907,True
206119-9-h-nefoss-bk,NO-TS,NOR,2026-05-29,1,2,0.6736510845845157,1.7999742610908398,-0.16232146440586404,True
4043039,M1,FIN,2026-05-29,0,3,0.8975153625630768,1.6407895667098977,-0.0639367768066051,True
4038083,M1L,FIN,2026-05-29,1,0,1.4741496757802275,0.7385536178679843,0.208359544174477,True
4038084,M1L,FIN,2026-05-29,2,1,1.0952571835349958,0.9503915134887075,0.208359544174477,True
4038085,M1L,FIN,2026-05-29,2,1,1.2563603751526808,1.2559006961185122,0.208359544174477,True
6538015,SW-ES,SWE,2026-05-30,2,3,1.280293906348913,2.2930846325598107,-0.10666717993425087,True
6536385,SW-EE,SWE,2026-05-30,2,0,1.9582907176805848,1.0272279995512905,0.022401001475508383,True
206008-9-follo,NO-PN2,NOR,2026-05-30,1,2,2.781795828925753,2.0787165357421507,0.1236653048706053,True
206008-9-kjels-s,NO-PN2,NOR,2026-05-30,0,4,1.914945530752132,1.4483101354643535,0.1236653048706053,True
6529902,SW-AL,SWE,2026-05-30,3,0,1.3568732723581238,0.8000390943504996,-0.024816161569286052,True
206107-8-grei,NO-1DK,NOR,2026-05-30,0,2,1.5707626165791009,1.0481700585077594,-0.2523843202514667,True
6529591,SW-DA,SWE,2026-05-30,0,0,1.3145892540873265,0.8835311311448837,0.3691308996028335,True
6529593,SW-DA,SWE,2026-05-30,1,2,1.178913204020199,0.8176940692504246,0.3691308996028335,True
6529594,SW-DA,SWE,2026-05-30,2,2,1.1968506659718856,1.581383059421861,0.3691308996028335,True
6536383,SW-EE,SWE,2026-05-30,3,0,1.2593621136040287,0.830753107148918,0.022401001475508383,True
206007-9-bjarg,NO-PN1,NOR,2026-05-30,2,0,2.399452844425942,1.2912235130018261,-0.12104698739912863,True
206007-9-vidar,NO-PN1,NOR,2026-05-30,1,1,0.8386880165158871,2.3938589165731865,-0.12104698739912863,True
206092-11-molde,NO-ELI,NOR,2026-05-30,2,1,1.6208848265661848,0.8350409598796223,0.02715845836495244,True
206093-10-moss,NO-OBOS,NOR,2026-05-30,2,2,1.4645798937307457,2.131488729403492,-0.11937057548644583,True
206093-10-odd,NO-OBOS,NOR,2026-05-30,3,0,1.6797859204585375,1.1964929397838662,-0.11937057548644583,True
4036901,VL,FIN,2026-05-30,1,1,1.1764775140206356,1.0489750926650003,-0.11498932484651815,True
4036904,VL,FIN,2026-05-30,5,0,1.2443679637810576,1.5168041956361171,-0.11498932484651815,True
4036903,VL,FIN,2026-05-30,3,2,1.675333702276155,1.6287967330985318,-0.11498932484651815,True
4036902,VL,FIN,2026-05-30,1,0,1.115121646126056,0.7771552723104327,-0.11498932484651815,True
4036900,VL,FIN,2026-05-30,1,0,2.392003709632895,0.8054422913770383,-0.11498932484651815,True
6538020,SW-ES,SWE,2026-05-30,1,2,1.0499700904467788,0.633323646240626,-0.10666717993425087,True
6538018,SW-ES,SWE,2026-05-30,3,0,3.1642948707790275,0.7467689676932281,-0.10666717993425087,True
6529901,SW-AL,SWE,2026-05-30,0,3,1.3269915400868604,1.905614481474999,-0.024816161569286052,True
6538013,SW-ES,SWE,2026-05-30,4,2,2.7352553857881423,1.0336869995286195,-0.10666717993425087,True
6538017,SW-ES,SWE,2026-05-30,3,3,1.3137251577594373,1.8206735229180724,-0.10666717993425087,True
6536387,SW-EE,SWE,2026-05-30,0,2,1.6840533927885797,1.3073627727206474,0.022401001475508383,True
6536386,SW-EE,SWE,2026-05-30,0,0,0.8377013896928392,2.343093444163282,0.022401001475508383,True
206107-8-fyllingsdalen,NO-1DK,NOR,2026-05-30,1,5,1.1665946845859252,2.945960436658109,-0.2523843202514667,True
206119-9-rosenborg-bk,NO-TS,NOR,2026-05-30,0,1,2.1325501809346243,0.8908566041512042,-0.16232146440586404,True
6529906,SW-AL,SWE,2026-05-30,5,2,1.9720946867490396,0.8524908627416693,-0.024816161569286052,True
6536384,SW-EE,SWE,2026-05-30,2,1,3.3493013149838875,0.6953673573951363,0.022401001475508383,True
206119-9-haugesund,NO-TS,NOR,2026-05-30,2,1,1.73626902968533,1.060718745418233,-0.16232146440586404,True
6537776,SW-EN,SWE,2026-05-30,0,0,1.521991800090721,0.6046075864494812,-0.13910785945559376,True
206119-9-aafk-kvinner,NO-TS,NOR,2026-05-30,1,2,0.6525109285906902,1.8882642539835317,-0.16232146440586404,True
6536027,SW-SE,SWE,2026-05-30,2,1,1.5245684973844,1.8577053090598845,0.09370348040303411,True
6536030,SW-SE,SWE,2026-05-30,0,3,1.1531390056007433,1.08100531213314,0.09370348040303411,True
6536031,SW-SE,SWE,2026-05-30,2,1,2.0163656579435414,1.287265830843764,0.09370348040303411,True
6536024,SW-SE,SWE,2026-05-30,2,2,1.5022796526818696,1.3415167760542237,0.09370348040303411,True
6536028,SW-SE,SWE,2026-05-30,1,3,1.2030682506481982,1.2461215732751456,0.09370348040303411,True
6537775,SW-EN,SWE,2026-05-30,1,2,2.9625188645958183,0.9087821183305208,-0.13910785945559376,True
206093-10-kongsvinger,NO-OBOS,NOR,2026-05-31,3,1,2.6851362397706406,0.8075352843530318,-0.11937057548644583,True
206093-10-egersund,NO-OBOS,NOR,2026-05-31,0,5,1.2864629112125008,1.2924579174358095,-0.11937057548644583,True
206093-10-ranheim-tf,NO-OBOS,NOR,2026-05-31,5,1,2.4885710799310514,1.3129317361183956,-0.11937057548644583,True
206093-10-raufoss,NO-OBOS,NOR,2026-05-31,3,4,1.4391541594539545,2.4367518297760156,-0.11937057548644583,True
206093-10-str-mmen,NO-OBOS,NOR,2026-05-31,2,3,1.7777934452721076,3.3034981183816403,-0.11937057548644583,True
6536026,SW-SE,SWE,2026-05-31,0,2,2.1373046076232396,2.284056465996054,0.09370348040303411,True
206007-9-pors,NO-PN1,NOR,2026-05-31,1,0,1.3230184677189167,1.614685600817649,-0.12104698739912863,True
206007-9-arendal,NO-PN1,NOR,2026-05-31,1,1,1.0099637710722622,2.1095040054198737,-0.12104698739912863,True
206007-9-notodden,NO-PN1,NOR,2026-05-31,0,0,1.3534743085157064,1.661088339214622,-0.12104698739912863,True
206093-10-bryne,NO-OBOS,NOR,2026-05-31,1,0,1.4539862003836688,1.4350541344932581,-0.11937057548644583,True
6536029,SW-SE,SWE,2026-05-31,3,2,1.4181485259595892,0.9885763658576685,0.09370348040303411,True
6536025,SW-SE,SWE,2026-05-31,0,2,1.3439102984427704,1.5762758757277509,0.09370348040303411,True
6537777,SW-EN,SWE,2026-05-31,1,1,0.7721962682179485,1.8974692964056223,-0.13910785945559376,True
6537779,SW-EN,SWE,2026-05-31,2,2,2.8767281818956083,1.8222576050622545,-0.13910785945559376,True
206008-9-tromsdalen,NO-PN2,NOR,2026-05-31,2,0,1.5918034057689605,1.0338278865272947,0.1236653048706053,True
206008-9-rana-fk,NO-PN2,NOR,2026-05-31,3,2,1.4898773170080777,1.1357480281162848,0.1236653048706053,True
206008-9-levanger,NO-PN2,NOR,2026-05-31,3,0,1.9628314954763442,1.0803720000710522,0.1236653048706053,True
206008-9-h-nefoss-bk,NO-PN2,NOR,2026-05-31,1,1,1.8608708238244775,1.3141936811361494,0.1236653048706053,True
206008-9-grorud,NO-PN2,NOR,2026-05-31,2,1,2.744720349057445,0.8453074260022346,0.1236653048706053,True
206007-9-sandviken,NO-PN1,NOR,2026-05-31,1,0,1.0149723620271154,2.1333566102065813,-0.12104698739912863,True
6537778,SW-EN,SWE,2026-05-31,2,2,0.8724072533888423,2.2029881471854016,-0.13910785945559376,True
206107-8-arna-bj-rnar,NO-1DK,NOR,2026-05-31,1,3,1.5324204162125503,1.4709817595461354,-0.2523843202514667,True
206107-8-frigg,NO-1DK,NOR,2026-05-31,0,1,0.4985942567017415,3.1010083195765303,-0.2523843202514667,True
6529596,SW-DA,SWE,2026-05-31,3,0,2.7575745719363227,0.9613322804865557,0.3691308996028335,True
6529595,SW-DA,SWE,2026-05-31,0,3,1.15187442843252,2.5363087030513563,0.3691308996028335,True
6529597,SW-DA,SWE,2026-05-31,1,2,0.5214569169902437,2.1627189062215053,0.3691308996028335,True
206107-8-klepp,NO-1DK,NOR,2026-05-31,0,2,1.3614325846476267,3.888010162760655,-0.2523843202514667,True
206107-8-kolbotn-il-elite,NO-1DK,NOR,2026-05-31,1,1,1.2018442913974505,1.1720285496785456,-0.2523843202514667,True
6536382,SW-EE,SWE,2026-05-31,1,3,0.5249337188795811,1.567760125093199,0.022401001475508383,True
6529592,SW-DA,SWE,2026-05-31,1,2,2.4674747370193266,1.491828257239758,0.3691308996028335,True
206007-9-kvik-halden,NO-PN1,NOR,2026-05-31,4,0,1.3882778878239714,0.7999499567859096,-0.12104698739912863,True
6529907,SW-AL,SWE,2026-05-31,2,2,1.3169175109282523,1.385551954992518,-0.024816161569286052,True
4038087,M1L,FIN,2026-05-31,1,0,1.571071825578852,1.7999677279060275,0.208359544174477,True
4038086,M1L,FIN,2026-05-31,1,1,1.3005813868011191,0.6557305154557831,0.208359544174477,True
4057873,M2,FIN,2026-05-31,1,2,3.4347868836045947,2.2192889031119867,0.10891966780118373,True
4057692,M2,FIN,2026-05-31,2,2,1.3627040696413661,1.378079189658359,0.10891966780118373,True
6529908,SW-AL,SWE,2026-05-31,4,5,1.8270138451194537,1.2297658664079645,-0.024816161569286052,True
4038207,NL,FIN,2026-05-31,1,4,2.220515960507006,2.9207223888917886,0.1817075624420907,True
4038208,NL,FIN,2026-05-31,0,2,2.041304948351517,2.115062404504857,0.1817075624420907,True
4036905,VL,FIN,2026-05-31,2,1,1.9357113468568898,0.7865122986169157,-0.11498932484651815,True
4057693,M2,FIN,2026-05-31,1,0,3.866690953987725,2.4332193036483214,0.10891966780118373,True
206119-9-lyn,NO-TS,NOR,2026-05-31,2,0,1.0624933898150295,1.8299103135211174,-0.16232146440586404,True
6529904,SW-AL,SWE,2026-05-31,3,2,1.3517520479797542,1.8283550079178774,-0.024816161569286052,True
6538019,SW-ES,SWE,2026-06-01,1,0,0.6830644951019657,1.2929804218665972,-0.09413687464234555,True
6537774,SW-EN,SWE,2026-06-01,2,3,1.898173633504226,0.9608517378796997,-0.16379877361087342,True
6538016,SW-ES,SWE,2026-06-02,1,2,1.4915426912027963,1.0467169929338824,-0.09413687464234555,True
4043043,M1,FIN,2026-06-02,1,1,1.531198677206346,1.3693887445936106,-0.03142458636080207,True
6537773,SW-EN,SWE,2026-06-02,4,2,1.4937321043450584,2.073179594397339,-0.16379877361087342,True
4043042,M1,FIN,2026-06-02,2,2,1.3214201846066196,1.3802339157669283,-0.03142458636080207,True
6538014,SW-ES,SWE,2026-06-03,1,3,1.4059816982962783,1.9426236695062369,-0.09413687464234555,True
6537780,SW-EN,SWE,2026-06-03,3,1,1.7854330750206768,1.567736222917669,-0.16379877361087342,True
6538024,SW-ES,SWE,2026-06-04,1,2,1.3120393895884948,2.3621402732100543,-0.09413687464234555,True
4057786,M2,FIN,2026-06-04,2,0,2.211218735970847,1.0221654457171927,0.02769230634039254,True
6537781,SW-EN,SWE,2026-06-04,3,2,1.7394731026263903,1.9484913407939657,-0.16379877361087342,True
4057694,M2,FIN,2026-06-04,2,1,1.6685192196287035,1.375550156363717,0.02769230634039254,True
4057784,M2,FIN,2026-06-05,0,0,2.713899673952205,1.7037191813822516,0.02769230634039254,True
4057874,M2,FIN,2026-06-05,1,5,1.5555027629908484,2.4696254920623204,0.02769230634039254,True
4043044,M1,FIN,2026-06-05,4,1,2.62057678018201,1.2530317483653026,-0.03142458636080207,True
4038090,M1L,FIN,2026-06-05,1,2,1.899648703806497,0.8818461097415202,0.2258507324172553,True
4038089,M1L,FIN,2026-06-05,1,2,1.008500344106344,1.3033503643779063,0.2258507324172553,True
6537782,SW-EN,SWE,2026-06-05,2,3,0.7948409372221104,0.8576148265862024,-0.16379877361087342,True
4057878,M2,FIN,2026-06-06,0,4,2.6879895301518912,2.2553674990765398,0.02769230634039254,True
4057785,M2,FIN,2026-06-06,4,1,3.282492532161532,0.7672364293819655,0.02769230634039254,True
4057695,M2,FIN,2026-06-06,0,2,1.2699166605081749,2.6545660209323843,0.02769230634039254,True
4057696,M2,FIN,2026-06-06,3,2,1.9830081477173935,1.9168966083053873,0.02769230634039254,True
4057875,M2,FIN,2026-06-06,7,1,1.943556804993088,2.624872684542069,0.02769230634039254,True
4057876,M2,FIN,2026-06-06,0,1,2.7036962795635886,1.6448650757160348,0.02769230634039254,True
4043046,M1,FIN,2026-06-06,1,1,1.1795399709342906,1.6359967620666498,-0.03142458636080207,True
4057787,M2,FIN,2026-06-06,1,3,1.5834354019946757,1.0204839784322048,0.02769230634039254,True
4057697,M2,FIN,2026-06-06,1,3,1.1128810584090065,2.0266331729761164,0.02769230634039254,True
4038091,M1L,FIN,2026-06-06,1,0,1.6987642716923788,1.2427385364631187,0.2258507324172553,True
4057877,M2,FIN,2026-06-06,1,1,1.694375725195119,1.340786596392377,0.02769230634039254,True
6538022,SW-ES,SWE,2026-06-06,4,1,1.8170616018449737,1.0182287425735592,-0.09413687464234555,True
4043049,M1,FIN,2026-06-06,1,3,1.612441680129792,1.199450783867513,-0.03142458636080207,True
4043045,M1,FIN,2026-06-06,1,1,1.626904242315531,2.258336238620679,-0.03142458636080207,True
4043048,M1,FIN,2026-06-06,5,0,1.7996196807543599,1.335872189119974,-0.03142458636080207,True
6537785,SW-EN,SWE,2026-06-06,0,4,0.838090581456333,2.600692223382507,-0.16379877361087342,True
4043047,M1,FIN,2026-06-06,0,1,1.4863215115271355,1.2715085003250532,-0.03142458636080207,True
6538025,SW-ES,SWE,2026-06-07,4,0,2.1466079169674956,0.678583128074743,-0.09413687464234555,True
6538028,SW-ES,SWE,2026-06-07,2,2,1.2618601826377909,0.7239588516803424,-0.09413687464234555,True
6537786,SW-EN,SWE,2026-06-07,0,2,1.5726496392264868,2.242977885093232,-0.16379877361087342,True
6537783,SW-EN,SWE,2026-06-07,2,0,2.030749132485904,1.0484862218674478,-0.16379877361087342,True
206093-1-ranheim-tf,NO-OBOS,NOR,2026-06-07,2,2,5.1441041240722685,1.3743709174119643,-0.03378726177609461,True
6538021,SW-ES,SWE,2026-06-07,2,1,2.4955676136063882,1.4077230008758403,-0.09413687464234555,True
6537787,SW-EN,SWE,2026-06-07,1,1,1.0953935704197384,1.3443033264739113,-0.16379877361087342,True
6538023,SW-ES,SWE,2026-06-07,1,1,1.1497954792287695,1.7732349410931323,-0.09413687464234555,True
6537788,SW-EN,SWE,2026-06-08,4,1,1.5876578797318417,1.3625870049035884,-0.18531742170209478,True
6537784,SW-EN,SWE,2026-06-08,1,6,2.29203224648889,1.8720709554494501,-0.18531742170209478,True
4038043,M1L,FIN,2026-06-08,0,2,1.289321922165515,1.1347161433938107,0.24047339615685878,True
4057698,M2,FIN,2026-06-08,2,0,2.6017553751393723,1.3305287806291424,-0.013494700657816829,True
6538027,SW-ES,SWE,2026-06-08,1,1,1.9750849767611331,1.3968221416278392,-0.08506785208622672,True
6538026,SW-ES,SWE,2026-06-08,0,1,0.7821737068084788,2.109907463329636,-0.08506785208622672,True
4038092,M1L,FIN,2026-06-09,0,0,0.7253220588925051,1.2617530635956047,0.24047339615685878,True
6536039,SW-SE,SWE,2026-06-09,2,2,1.6173099461073905,1.3105707382114327,0.09126797825194344,True
6536033,SW-SE,SWE,2026-06-09,3,0,1.8067553342165343,1.5861063406766875,0.09126797825194344,True
6536035,SW-SE,SWE,2026-06-09,1,2,1.0690325640421696,1.4675626449571524,0.09126797825194344,True
6536036,SW-SE,SWE,2026-06-09,4,2,1.1004822889550896,1.5301435678007296,0.09126797825194344,True
6536038,SW-SE,SWE,2026-06-09,1,1,2.083555493321514,1.4482274621497837,0.09126797825194344,True
6536037,SW-SE,SWE,2026-06-10,2,0,2.1808187297646455,1.166034038363551,0.09126797825194344,True
6536034,SW-SE,SWE,2026-06-10,0,1,1.3605413687676107,0.9691844381803523,0.09126797825194344,True
6536032,SW-SE,SWE,2026-06-11,0,3,1.686476145914052,1.3822605050210268,0.09126797825194344,True
4043050,M1,FIN,2026-06-11,3,0,1.2520119672791743,1.1192519234865521,-0.07288426302764642,True
4057699,M2,FIN,2026-06-11,3,3,2.6601982377794684,1.6023034910793423,-0.013494700657816829,True
6538033,SW-ES,SWE,2026-06-12,1,4,1.524516610443859,1.385655917154633,-0.08506785208622672,True
4038210,NL,FIN,2026-06-12,1,2,1.1138796781193787,2.8605265791430736,0.14113431378258842,True
4057789,M2,FIN,2026-06-12,2,2,0.993167721234021,1.5371149737341354,-0.013494700657816829,True
4057880,M2,FIN,2026-06-12,3,0,1.7661880951248576,1.0663875950456518,-0.013494700657816829,True
4057703,M2,FIN,2026-06-12,1,2,2.2169377363603315,1.6943361997320827,-0.013494700657816829,True
4038211,NL,FIN,2026-06-12,2,3,1.3967477124694807,2.26649641137135,0.14113431378258842,True
4057791,M2,FIN,2026-06-12,0,2,2.6965897931292906,1.3001009018160838,-0.013494700657816829,True
4038093,M1L,FIN,2026-06-12,5,1,1.7416154356306492,1.2127713127516941,0.24047339615685878,True
4038094,M1L,FIN,2026-06-12,0,5,0.7800277532432176,1.0361565043157688,0.24047339615685878,True
6537796,SW-EN,SWE,2026-06-12,2,0,2.002394079370831,1.327347615434695,-0.18531742170209478,True
4043053,M1,FIN,2026-06-12,1,1,2.3142556715796587,1.853973685839357,-0.07288426302764642,True
4043052,M1,FIN,2026-06-12,4,3,2.617259220074393,1.3889038513995509,-0.07288426302764642,True
6529603,SW-DA,SWE,2026-06-12,1,1,1.3525431347592618,1.5743652459064097,0.32028573577263053,True
206008-10-follo,NO-PN2,NOR,2026-06-12,1,4,1.3435990631963317,2.2031675098725394,0.12041311273568203,True
4038095,M1L,FIN,2026-06-13,3,0,1.6099770658638237,0.8229437627119932,0.24047339615685878,True
4036909,VL,FIN,2026-06-13,1,1,0.8543996840753662,1.123527232605251,-0.09553065960530104,True
4036906,VL,FIN,2026-06-13,1,0,1.3613322356517963,1.3579470960212727,-0.09553065960530104,True
4036907,VL,FIN,2026-06-13,0,0,1.4238412808829821,0.8336027737279472,-0.09553065960530104,True
4057702,M2,FIN,2026-06-13,2,1,1.370663766746085,1.173937555832354,-0.013494700657816829,True
4057700,M2,FIN,2026-06-13,4,2,3.6247414372436553,0.8431115012598093,-0.013494700657816829,True
6537793,SW-EN,SWE,2026-06-13,3,3,1.447058070125409,1.8162012903713143,-0.18531742170209478,True
4057792,M2,FIN,2026-06-13,1,5,1.07539475116483,2.298307933784181,-0.013494700657816829,True
6538035,SW-ES,SWE,2026-06-13,4,2,2.6351469667680782,0.7542489382764377,-0.08506785208622672,True
4057701,M2,FIN,2026-06-13,1,1,2.0434162334949226,1.4076446137355154,-0.013494700657816829,True
4038212,NL,FIN,2026-06-13,4,0,2.8581221126436787,1.2726393697351854,0.14113431378258842,True
4043054,M1,FIN,2026-06-13,2,3,1.2987915127012046,2.730307257817693,-0.07288426302764642,True
4043051,M1,FIN,2026-06-13,0,2,1.5498204989274995,1.1059115203937662,-0.07288426302764642,True
206119-10-v-lerenga-fotball,NO-TS,NOR,2026-06-13,0,3,0.8499244694084754,2.182564451725334,-0.06314930935257622,True
206119-10-stab-k,NO-TS,NOR,2026-06-13,2,1,1.6497919005363482,1.258871933750165,-0.06314930935257622,True
206119-10-r-a-fotball-elite,NO-TS,NOR,2026-06-13,1,1,1.250620034877384,1.0638133862723111,-0.06314930935257622,True
206119-10-lyn,NO-TS,NOR,2026-06-13,4,4,0.8749141443644067,1.1772296424050657,-0.06314930935257622,True
206119-10-lsk-kvinner,NO-TS,NOR,2026-06-13,0,3,1.40983149169254,2.1177691084373564,-0.06314930935257622,True
206119-10-haugesund,NO-TS,NOR,2026-06-13,2,1,3.202801546072129,1.0451617483022726,-0.06314930935257622,True
4057793,M2,FIN,2026-06-13,1,7,1.0090089953701444,2.8136768290564933,-0.013494700657816829,True
6538031,SW-ES,SWE,2026-06-13,1,1,1.8560425771249909,1.4989982568741251,-0.08506785208622672,True
6538036,SW-ES,SWE,2026-06-13,4,0,2.4104618124469868,1.535433840448221,-0.08506785208622672,True
6538029,SW-ES,SWE,2026-06-13,3,2,2.3839064997149024,1.655476615140538,-0.08506785208622672,True
6529604,SW-DA,SWE,2026-06-13,4,0,1.6819773706165002,1.496429065385942,0.32028573577263053,True
6529601,SW-DA,SWE,2026-06-13,0,1,1.4358129274915061,1.0650421927811407,0.32028573577263053,True
6529599,SW-DA,SWE,2026-06-13,1,1,0.5791459158901028,1.2748796320391642,0.32028573577263053,True
6529598,SW-DA,SWE,2026-06-13,3,0,1.6797562122033043,1.140883617756832,0.32028573577263053,True
6538034,SW-ES,SWE,2026-06-13,2,1,0.7066483326986547,0.9589142425688495,-0.08506785208622672,True
6537792,SW-EN,SWE,2026-06-13,2,0,2.1683471217114385,0.7778518422222566,-0.18531742170209478,True
4057790,M2,FIN,2026-06-13,1,2,1.3966459594891707,1.6600866454084036,-0.013494700657816829,True
6537791,SW-EN,SWE,2026-06-13,2,3,1.04883065240427,1.6969596348761782,-0.18531742170209478,True
206008-10-ullensaker-kisa,NO-PN2,NOR,2026-06-13,2,1,1.513307689886796,2.8468233346841636,0.12041311273568203,True
6536392,SW-EE,SWE,2026-06-13,3,4,0.7027380573174598,1.1610455608160195,-0.05252195203992693,True
6536389,SW-EE,SWE,2026-06-13,1,1,1.096718834333953,0.8876757497993342,-0.05252195203992693,True
4036910,VL,FIN,2026-06-13,2,3,1.8341903798183594,1.0883336914592732,-0.09553065960530104,True
4036911,VL,FIN,2026-06-13,0,3,1.3026807639266016,1.5652693611102664,-0.09553065960530104,True
6536388,SW-EE,SWE,2026-06-13,0,0,1.2171114091530075,0.8882478521867219,-0.05252195203992693,True
206107-9-sane,NO-1DK,NOR,2026-06-13,1,0,3.108070463760844,0.8351601463431044,-0.2995641941897434,True
4036908,VL,FIN,2026-06-13,2,5,1.105266661066591,1.7574641961701845,-0.09553065960530104,True
206007-10-vidar,NO-PN1,NOR,2026-06-13,1,1,0.8481187290483821,1.750551891631241,-0.15330148850997566,True
206107-9-odds-ballklubb,NO-1DK,NOR,2026-06-13,3,3,1.0511852195290534,2.007689601832329,-0.2995641941897434,True
206007-10-mj-ndalen,NO-PN1,NOR,2026-06-13,3,3,1.1275170245991488,1.0398077319248027,-0.15330148850997566,True
6529600,SW-DA,SWE,2026-06-13,1,1,1.2906332756598378,1.2232959862369843,0.32028573577263053,True
6529602,SW-DA,SWE,2026-06-13,1,2,1.834793200845641,1.3387363411931132,0.32028573577263053,True
206007-10-fk-eik-t-nsberg-871,NO-PN1,NOR,2026-06-13,0,0,1.3094613661929362,1.496428591993031,-0.15330148850997566,True
206107-9-ik-start-kvinner,NO-1DK,NOR,2026-06-14,4,2,2.4043471927646825,1.232051538034384,-0.2995641941897434,True
4038213,NL,FIN,2026-06-14,0,3,0.8115106114488726,2.4022202177172494,0.14113431378258842,True
6536394,SW-EE,SWE,2026-06-14,1,2,1.0350472366103216,1.4372508882399433,-0.05252195203992693,True
6538032,SW-ES,SWE,2026-06-14,0,2,1.2730078895885075,1.7199747409653934,-0.08506785208622672,True
6538030,SW-ES,SWE,2026-06-14,3,0,1.4325919657924362,0.7672865527247348,-0.08506785208622672,True
6536393,SW-EE,SWE,2026-06-14,2,1,1.524884786342147,1.0047458832539173,-0.05252195203992693,True
4057882,M2,FIN,2026-06-14,3,2,2.0730101419675506,2.151850355289527,-0.013494700657816829,True
4057881,M2,FIN,2026-06-14,2,1,3.4744324316150648,1.5432435312588226,-0.013494700657816829,True
4057883,M2,FIN,2026-06-14,1,3,3.1532372247560434,2.623930614365912,-0.013494700657816829,True
4057879,M2,FIN,2026-06-14,3,4,2.679928221949669,1.2188544670440677,-0.013494700657816829,True
206093-11-sogndal,NO-OBOS,NOR,2026-06-14,2,4,2.128431904754287,1.6211067411485116,-0.029564228496211896,True
6536390,SW-EE,SWE,2026-06-14,1,2,1.7038880924189588,1.9962000550064183,-0.05252195203992693,True
6536391,SW-EE,SWE,2026-06-14,3,0,3.812982089297612,1.0962724004255713,-0.05252195203992693,True
6536046,SW-SE,SWE,2026-06-14,3,2,1.461944861868715,1.4080695292482772,0.09126797825194344,True
4038096,M1L,FIN,2026-06-14,2,2,0.9664430916253101,0.8212011078885985,0.24047339615685878,True
206093-11-sane,NO-OBOS,NOR,2026-06-14,2,1,1.313641363098863,1.8761912123890239,-0.029564228496211896,True
4043055,M1,FIN,2026-06-14,2,2,2.135606557708305,0.6819758973384783,-0.07288426302764642,True
206107-9-bryne,NO-1DK,NOR,2026-06-14,2,1,0.7148130304208832,1.5370967563512568,-0.2995641941897434,True
206107-9-kolbotn-il-elite,NO-1DK,NOR,2026-06-14,5,0,1.8623661579323514,0.6174450627751117,-0.2995641941897434,True
206107-9-klepp,NO-1DK,NOR,2026-06-14,1,9,1.246608039359262,3.6327334361623387,-0.2995641941897434,True
206093-11-str-msgodset,NO-OBOS,NOR,2026-06-14,6,1,2.9087559099908473,0.8150585279099842,-0.029564228496211896,True
206093-11-stab-k,NO-OBOS,NOR,2026-06-14,3,1,1.962966401240141,1.0837322649390344,-0.029564228496211896,True
6537790,SW-EN,SWE,2026-06-14,1,1,1.563854653937034,2.172743537301941,-0.18531742170209478,True
6537795,SW-EN,SWE,2026-06-14,3,1,0.9985819912466961,1.167033668027859,-0.18531742170209478,True
206008-10-l-renskog,NO-PN2,NOR,2026-06-14,6,0,1.5203878499469712,1.1335393855311429,0.12041311273568203,True
206093-11-lyn,NO-OBOS,NOR,2026-06-14,0,3,1.3872239883902917,1.1348263578452014,-0.029564228496211896,True
206093-11-sandnes-ulf,NO-OBOS,NOR,2026-06-14,2,0,2.4116520969509576,1.3160814340898341,-0.029564228496211896,True
206008-10-stj-rdals-blink,NO-PN2,NOR,2026-06-14,2,1,2.1626454330343012,1.3671342748084074,0.12041311273568203,True
206008-10-junkeren,NO-PN2,NOR,2026-06-14,4,3,1.2413433426693266,1.7444766308166795,0.12041311273568203,True
206008-10-eidsvold-tf,NO-PN2,NOR,2026-06-14,1,3,2.100510386070791,1.0712526772645459,0.12041311273568203,True
206008-10-skeid,NO-PN2,NOR,2026-06-14,3,3,1.2420785086564423,1.041970289600812,0.12041311273568203,True
206007-10-lysekloster,NO-PN1,NOR,2026-06-14,0,2,1.4022678112410358,1.324691961253583,-0.15330148850997566,True
206093-11-h-dd,NO-OBOS,NOR,2026-06-14,1,2,0.9919438559194933,1.6608303620514113,-0.029564228496211896,True
206007-10-sotra,NO-PN1,NOR,2026-06-14,0,1,1.6930741017711453,1.2116351024189764,-0.15330148850997566,True
6536045,SW-SE,SWE,2026-06-14,0,2,1.652980357348796,1.7202616349450535,0.09126797825194344,True
206007-10-tr-ff,NO-PN1,NOR,2026-06-14,2,3,2.107105045968568,1.665629387839141,-0.15330148850997566,True
6537789,SW-EN,SWE,2026-06-14,1,0,2.0728784580179145,1.8307864185997642,-0.18531742170209478,True
6537794,SW-EN,SWE,2026-06-14,0,2,0.926929144093602,2.6641359870992205,-0.18531742170209478,True
6536047,SW-SE,SWE,2026-06-14,1,1,1.9661755336426374,0.8516699281388336,0.09126797825194344,True
6536043,SW-SE,SWE,2026-06-14,1,1,1.4851916552554312,1.266621858856593,0.09126797825194344,True
206007-10-jerv,NO-PN1,NOR,2026-06-14,2,1,2.11446721682564,0.7779969177470404,-0.15330148850997566,True
206093-11-haugesund,NO-OBOS,NOR,2026-06-14,4,1,3.441629158577651,2.273217557476216,-0.029564228496211896,True
6536044,SW-SE,SWE,2026-06-15,0,4,1.2097491405483294,1.3592090271410973,0.06470753148407307,True
4038097,M1L,FIN,2026-06-15,0,2,0.8224696408348634,1.6438914529126234,0.21103315666318925,True
6536041,SW-SE,SWE,2026-06-15,2,0,1.3639316875002152,0.9964816740887235,0.06470753148407307,True
6536040,SW-SE,SWE,2026-06-16,2,0,1.5018342807159022,1.3621193061067598,0.06470753148407307,True
6536042,SW-SE,SWE,2026-06-16,0,1,1.6901517373285873,2.080655388266597,0.06470753148407307,True
4036916,VL,FIN,2026-06-17,1,2,1.4299670708979646,1.0768042735447352,-0.11350555184837745,True
6529608,SW-DA,SWE,2026-06-17,4,1,2.3266967847053484,0.7266649264471025,0.20404959570362538,True
6529606,SW-DA,SWE,2026-06-17,0,1,0.8295120382067943,1.6813848066138988,0.20404959570362538,True
4036914,VL,FIN,2026-06-17,1,2,0.8345376457253415,0.9543973628880563,-0.11350555184837745,True
4036913,VL,FIN,2026-06-17,5,0,2.571513603382742,1.2672624311477667,-0.11350555184837745,True
4036917,VL,FIN,2026-06-17,1,0,1.7391374392048413,1.6210935665538317,-0.11350555184837745,True
6538044,SW-ES,SWE,2026-06-17,0,3,0.8249424357413775,3.1575450331853476,-0.09488795778692004,True
6536395,SW-EE,SWE,2026-06-17,1,2,1.3243756829462379,1.5292524110189718,-0.10465428891029475,True
4036912,VL,FIN,2026-06-17,3,3,1.255467195265603,1.249415366998914,-0.11350555184837745,True
6536396,SW-EE,SWE,2026-06-18,1,1,0.5751985684356471,2.038970241872972,-0.10465428891029475,True
6538038,SW-ES,SWE,2026-06-18,2,0,2.1580668677250054,1.8098022530331226,-0.09488795778692004,True
6538039,SW-ES,SWE,2026-06-18,0,0,1.44770549116865,1.1285395647633714,-0.09488795778692004,True
6538041,SW-ES,SWE,2026-06-18,2,2,0.8356997458044974,1.528897472913486,-0.09488795778692004,True
6538042,SW-ES,SWE,2026-06-18,3,2,1.8512381387246826,0.7928339574236514,-0.09488795778692004,True
6538043,SW-ES,SWE,2026-06-18,3,2,1.2222799692932012,0.9500665437281121,-0.09488795778692004,True
6536399,SW-EE,SWE,2026-06-18,4,0,1.2136947904699829,0.4035608009377198,-0.10465428891029475,True
6536398,SW-EE,SWE,2026-06-18,0,1,1.544572376364529,2.9854177326247595,-0.10465428891029475,True
6529605,SW-DA,SWE,2026-06-18,2,0,2.8919230936092273,0.6418254468665953,0.20404959570362538,True
6537799,SW-EN,SWE,2026-06-18,1,0,2.805120637804576,1.7568783053518553,-0.14811526591687668,True
6537800,SW-EN,SWE,2026-06-18,0,2,0.871289770719808,2.356154542975295,-0.14811526591687668,True
6537801,SW-EN,SWE,2026-06-18,1,1,3.014882341754477,0.7791932453274567,-0.14811526591687668,True
6529609,SW-DA,SWE,2026-06-18,1,2,1.7773704146827003,1.4849592719057414,0.20404959570362538,True
6529607,SW-DA,SWE,2026-06-18,2,0,0.8603039462050198,0.7479185026674806,0.20404959570362538,True
6529611,SW-DA,SWE,2026-06-18,3,2,2.3383454727492974,0.9897601596110408,0.20404959570362538,True
6537803,SW-EN,SWE,2026-06-18,0,2,0.8394533161566619,1.4517706165441617,-0.14811526591687668,True
6529610,SW-DA,SWE,2026-06-18,0,0,1.813242943963772,1.2293916370451339,0.20404959570362538,True
6537804,SW-EN,SWE,2026-06-18,0,4,2.034945321022753,1.6055640993574036,-0.14811526591687668,True
4036915,VL,FIN,2026-06-18,2,1,1.7977465889648194,0.5447502756818212,-0.11350555184837745,True
206093-12-ranheim-tf,NO-OBOS,NOR,2026-06-19,3,2,2.4054290327335583,1.077655629400289,-0.024633316848718324,True
206008-11-levanger,NO-PN2,NOR,2026-06-20,2,1,1.9354333551966736,0.8999796926354247,0.1267103589586601,True
206007-11-notodden,NO-PN1,NOR,2026-06-20,1,2,1.5721587447933103,1.3027982090772823,-0.14672091897751757,True
206107-10-fyllingsdalen,NO-1DK,NOR,2026-06-20,2,0,2.8375027442095533,2.0016728099989303,-0.25909107643259305,True
206008-11-tromsdalen,NO-PN2,NOR,2026-06-20,2,4,2.1227814635387734,1.406240210924115,0.1267103589586601,True
206007-11-kvik-halden,NO-PN1,NOR,2026-06-20,2,1,1.3083835116967304,1.1619692743133854,-0.14672091897751757,True
206007-11-bjarg,NO-PN1,NOR,2026-06-20,3,1,3.3933808218749073,0.713764872595501,-0.14672091897751757,True
206007-11-sandviken,NO-PN1,NOR,2026-06-20,2,3,1.642011612969402,1.0271366715123107,-0.14672091897751757,True
206007-11-pors,NO-PN1,NOR,2026-06-20,2,0,1.6958982045761228,0.8360813452496562,-0.14672091897751757,True
206119-11-aafk-kvinner,NO-TS,NOR,2026-06-20,8,1,4.152105762936902,0.4979017040315206,-0.08307245970132984,True
206008-11-kjels-s,NO-PN2,NOR,2026-06-20,3,0,4.23878817304597,1.5628808338041398,0.1267103589586601,True
206119-11-rosenborg-bk,NO-TS,NOR,2026-06-20,3,2,1.4341084971046256,1.4905287768132733,-0.08307245970132984,True
206119-11-stab-k,NO-TS,NOR,2026-06-20,0,1,1.7080999383508528,0.5630407193738705,-0.08307245970132984,True
206119-11-molde,NO-TS,NOR,2026-06-20,3,3,2.6197426010418385,1.3674544158656932,-0.08307245970132984,True
206119-11-h-nefoss-bk,NO-TS,NOR,2026-06-20,1,0,0.9355673220147833,2.2202041585829932,-0.08307245970132984,True
6536053,SW-SE,SWE,2026-06-21,0,0,1.3249853026866998,1.737086141125339,0.06470753148407307,True
6536049,SW-SE,SWE,2026-06-21,1,3,1.402431408176182,1.8412269429080441,0.06470753148407307,True
6536048,SW-SE,SWE,2026-06-21,5,2,1.7833101323499647,1.1580589487514483,0.06470753148407307,True
6536055,SW-SE,SWE,2026-06-21,5,1,2.6352974764129624,1.4305058442739071,0.06470753148407307,True
206008-11-grorud,NO-PN2,NOR,2026-06-21,3,0,1.891533630294302,0.9465450064636761,0.1267103589586601,True
206093-12-moss,NO-OBOS,NOR,2026-06-21,1,4,1.7874798448105307,1.2869801118481417,-0.024633316848718324,True
6537798,SW-EN,SWE,2026-06-21,3,1,1.370675088597921,1.620511288292826,-0.14811526591687668,True
6537797,SW-EN,SWE,2026-06-21,2,2,0.7144197520889702,2.134553031613615,-0.14811526591687668,True
206093-12-odd,NO-OBOS,NOR,2026-06-21,0,0,1.7487801866856532,1.002834266516904,-0.024633316848718324,True
206093-12-kongsvinger,NO-OBOS,NOR,2026-06-21,4,4,1.5338821178462592,1.7847693343533644,-0.024633316848718324,True
206093-12-egersund,NO-OBOS,NOR,2026-06-21,5,2,1.5553638932998497,2.3928351257985554,-0.024633316848718324,True
206107-10-grei,NO-1DK,NOR,2026-06-21,1,3,1.6643300920198965,1.9935864980729276,-0.25909107643259305,True
206107-10-frigg,NO-1DK,NOR,2026-06-21,1,3,0.4793779031219458,2.844401788873798,-0.25909107643259305,True
206093-12-bryne,NO-OBOS,NOR,2026-06-21,1,0,1.8162777122931275,1.248379931541082,-0.024633316848718324,True
206007-11-arendal,NO-PN1,NOR,2026-06-21,3,1,1.764816885595124,1.4477832398369153,-0.14672091897751757,True
206107-10-arna-bj-rnar,NO-1DK,NOR,2026-06-21,3,0,1.5008565446278594,0.8209781097534631,-0.25909107643259305,True
6537802,SW-EN,SWE,2026-06-21,2,2,1.2749789802176723,2.0775264054254867,-0.14811526591687668,True
6536052,SW-SE,SWE,2026-06-21,0,2,0.9149606834880287,1.4845144799149081,0.06470753148407307,True
206107-10-viking,NO-1DK,NOR,2026-06-21,3,1,2.087353301755894,1.4938813450053723,-0.25909107643259305,True
206008-11-h-nefoss-bk,NO-PN2,NOR,2026-06-21,2,1,1.7922764374322324,1.9188489795057448,0.1267103589586601,True
6536401,SW-EE,SWE,2026-06-21,1,0,1.0080583360008402,1.5206934786733268,-0.10465428891029475,True
6536400,SW-EE,SWE,2026-06-21,4,0,2.3326733246416294,0.8369750574677896,-0.10465428891029475,True
6538037,SW-ES,SWE,2026-06-21,1,2,2.781700064519767,1.146679631014157,-0.09488795778692004,True
6538040,SW-ES,SWE,2026-06-21,0,3,1.9013500360825608,1.3209488139615586,-0.09488795778692004,True
206119-11-sk-brann,NO-TS,NOR,2026-06-21,0,0,3.7517061426165377,0.5178311371221339,-0.08307245970132984,True
6536397,SW-EE,SWE,2026-06-21,3,1,1.8526783730821876,1.3007841254592407,-0.10465428891029475,True
206093-12-str-mmen,NO-OBOS,NOR,2026-06-21,1,0,1.2063726829396735,2.970817152360942,-0.024633316848718324,True
206008-11-trygg-lade,NO-PN2,NOR,2026-06-21,1,4,0.893578338485208,2.1442931650745125,0.1267103589586601,True
206107-10-troms-il,NO-1DK,NOR,2026-06-21,0,2,1.2639445765783217,1.2666349784885007,-0.25909107643259305,True
206007-11-brattv-g,NO-PN1,NOR,2026-06-21,1,2,1.9206758289616825,1.0154242834295844,-0.14672091897751757,True
206093-12-raufoss,NO-OBOS,NOR,2026-06-21,3,1,1.819250033905085,1.9425917356522504,-0.024633316848718324,True
6536051,SW-SE,SWE,2026-06-22,0,0,1.6433422398474569,1.1886487118686853,0.05796340037654407,True
6536050,SW-SE,SWE,2026-06-22,1,1,1.1089207803467793,1.3664606938356265,0.05796340037654407,True
6536054,SW-SE,SWE,2026-06-22,2,3,1.4895981652215586,1.102140326245058,0.05796340037654407,True
4036920,VL,FIN,2026-06-23,5,1,0.9249091405179325,0.9629927617904898,-0.07718175809472184,True
4036919,VL,FIN,2026-06-23,0,0,1.070929874791925,0.8981750149358422,-0.07718175809472184,True
4036918,VL,FIN,2026-06-23,4,3,1.9615905981047146,1.1793331825550921,-0.07718175809472184,True
4036922,VL,FIN,2026-06-23,1,1,2.015376849176029,0.9743604433547816,-0.07718175809472184,True
4036923,VL,FIN,2026-06-23,0,4,0.9288634099700542,2.145361076989598,-0.07718175809472184,True
4036921,VL,FIN,2026-06-23,1,1,1.33960023350724,2.071170462764623,-0.07718175809472184,True
6529612,SW-DA,SWE,2026-06-24,1,0,1.3607113633081969,0.9614830451492432,0.1425817259129613,True
6529618,SW-DA,SWE,2026-06-24,2,1,2.2988558870308613,1.7852587827527944,0.1425817259129613,True
6529613,SW-DA,SWE,2026-06-24,4,1,1.2942975352212147,0.9478076647317765,0.1425817259129613,True
6537809,SW-EN,SWE,2026-06-24,3,1,2.0991367857857024,1.3305077234480966,-0.12885879856665305,True
6529615,SW-DA,SWE,2026-06-24,2,3,0.6315263277640139,3.01835375988996,0.1425817259129613,True
6529614,SW-DA,SWE,2026-06-24,1,1,1.1323060601556876,0.8432369454927768,0.1425817259129613,True
4043057,M1,FIN,2026-06-25,0,1,0.9665195977303197,1.5123993334547297,-0.11269044382315213,True
6529617,SW-DA,SWE,2026-06-25,1,1,0.5523557250178148,2.0435013440630847,0.1425817259129613,True
4043056,M1,FIN,2026-06-25,11,1,2.6189896650533626,1.6673999058454336,-0.11269044382315213,True
4057794,M2,FIN,2026-06-26,0,1,1.432353956812544,1.6936309182986027,-0.03358149992631866,True
206008-12-eidsvold-tf,NO-PN2,NOR,2026-06-26,2,1,2.758692138132956,1.1904206034198155,0.12401344079044552,True
6537810,SW-EN,SWE,2026-06-26,1,4,1.2401793586054255,1.4420957972159743,-0.12885879856665305,True
6536063,SW-SE,SWE,2026-06-26,2,4,1.9114893585263846,2.0281453479353937,0.05796340037654407,True
6537806,SW-EN,SWE,2026-06-26,0,7,0.9448420628400854,1.511196071844317,-0.12885879856665305,True
6537805,SW-EN,SWE,2026-06-26,3,1,1.6495073169586634,2.166166955396402,-0.12885879856665305,True
6538048,SW-ES,SWE,2026-06-26,4,2,1.3123732715769212,1.0488933308939714,-0.1083825763799489,True
6538049,SW-ES,SWE,2026-06-26,0,0,0.7894803172263561,2.330708267214926,-0.1083825763799489,True
4038099,M1L,FIN,2026-06-26,2,1,1.2850629995943341,0.5401313491177238,0.21014919603332316,True
4038098,M1L,FIN,2026-06-26,2,0,1.290848330196687,0.854128854245389,0.21014919603332316,True
6536061,SW-SE,SWE,2026-06-27,2,1,2.0878234952829287,1.19725022589202,0.05796340037654407,True
4057708,M2,FIN,2026-06-27,3,2,2.183572396932582,1.9288022377993295,-0.03358149992631866,True
6536062,SW-SE,SWE,2026-06-27,3,3,1.4866684266674313,1.468522041035608,0.05796340037654407,True
6536059,SW-SE,SWE,2026-06-27,0,2,1.108358302312989,1.656436035791962,0.05796340037654407,True
4057886,M2,FIN,2026-06-27,0,3,2.2208716247359597,2.5047166904835008,-0.03358149992631866,True
4036925,VL,FIN,2026-06-27,0,4,1.5470867118388485,1.4281201265294226,-0.07718175809472184,True
4036928,VL,FIN,2026-06-27,3,2,1.7698078146518956,0.7413791290907791,-0.07718175809472184,True
4036927,VL,FIN,2026-06-27,1,1,1.3395933966901965,1.102252435945297,-0.07718175809472184,True
6529616,SW-DA,SWE,2026-06-27,6,0,2.262945049672167,1.0082847520259448,0.1425817259129613,True
4036929,VL,FIN,2026-06-27,1,1,1.3707904377034585,0.8950422998707922,-0.07718175809472184,True
6536058,SW-SE,SWE,2026-06-27,3,2,1.3874254765181466,0.8878130641056081,0.05796340037654407,True
206107-11-odds-ballklubb,NO-1DK,NOR,2026-06-27,1,0,2.455196982121429,0.5753776617885313,-0.2606171028944567,True
6538052,SW-ES,SWE,2026-06-27,3,3,1.7769752607432923,1.1304354167512773,-0.1083825763799489,True
6538051,SW-ES,SWE,2026-06-27,2,1,1.830631280883064,0.78747808671707,-0.1083825763799489,True
4057706,M2,FIN,2026-06-27,0,2,1.234993173857084,1.7275369879382172,-0.03358149992631866,True
6538047,SW-ES,SWE,2026-06-27,1,1,1.7133577191566143,1.7866995112470507,-0.1083825763799489,True
6538050,SW-ES,SWE,2026-06-27,3,1,2.8915601689610395,1.0050460754969408,-0.1083825763799489,True
206093-13-sandnes-ulf,NO-OBOS,NOR,2026-06-27,3,0,2.0391090268981507,1.1441106596472304,0.016586831143181605,True
206093-13-stab-k,NO-OBOS,NOR,2026-06-27,2,0,1.8945909935352367,1.0591502790098304,0.016586831143181605,True
206093-13-str-mmen,NO-OBOS,NOR,2026-06-27,3,2,1.7431179346211165,2.153989557391784,0.016586831143181605,True
206093-13-sane,NO-OBOS,NOR,2026-06-27,3,0,1.6287705531163283,2.116276318128214,0.016586831143181605,True
4043059,M1,FIN,2026-06-27,2,2,2.3714436989266727,1.3412761384360476,-0.11269044382315213,True
206093-13-str-msgodset,NO-OBOS,NOR,2026-06-27,2,2,2.7587166806405223,1.1700591694873996,0.016586831143181605,True
206093-13-sogndal,NO-OBOS,NOR,2026-06-27,4,2,1.7017572212130063,1.8225097070532579,0.016586831143181605,True
6538045,SW-ES,SWE,2026-06-27,1,0,1.4321424940360947,1.0973787429049173,-0.1083825763799489,True
4057705,M2,FIN,2026-06-27,2,2,1.4004572010689535,1.2711618704271825,-0.03358149992631866,True
4057797,M2,FIN,2026-06-27,3,0,2.85956967035466,0.7648016055332413,-0.03358149992631866,True
4057796,M2,FIN,2026-06-27,1,3,2.2734731745369388,0.968422071224357,-0.03358149992631866,True
6537808,SW-EN,SWE,2026-06-27,2,1,1.985442942043902,2.5279855473608657,-0.12885879856665305,True
4038100,M1L,FIN,2026-06-27,0,2,1.4115160424586444,1.045662929805679,0.21014919603332316,True
4038101,M1L,FIN,2026-06-27,1,1,1.8241787476809912,0.9898807557037801,0.21014919603332316,True
6537811,SW-EN,SWE,2026-06-27,2,0,1.8819609048763457,1.0708285179123354,-0.12885879856665305,True
4038214,NL,FIN,2026-06-27,3,0,2.4652462412525162,1.8943210164103503,0.13960422971277156,True
4038215,NL,FIN,2026-06-27,5,1,4.08633833834178,0.40567871386338195,0.13960422971277156,True
4038216,NL,FIN,2026-06-27,1,3,1.0886750990105216,2.3009682486560354,0.13960422971277156,True
206008-12-ullensaker-kisa,NO-PN2,NOR,2026-06-27,1,3,2.074065791000731,2.142066376230856,0.12401344079044552,True
206008-12-kjels-s,NO-PN2,NOR,2026-06-27,1,3,2.3789512487770845,1.6059249626580225,0.12401344079044552,True
206093-13-haugesund,NO-OBOS,NOR,2026-06-27,4,2,2.6531987030775634,2.376610922452448,0.016586831143181605,True
206093-13-lyn,NO-OBOS,NOR,2026-06-27,1,4,1.0213104226682166,1.013213599529234,0.016586831143181605,True
206008-12-l-renskog,NO-PN2,NOR,2026-06-27,1,0,1.6102416911874797,0.9396091216164194,0.12401344079044552,True
4036924,VL,FIN,2026-06-27,2,2,2.298387021942031,1.5981704611986407,-0.07718175809472184,True
4036926,VL,FIN,2026-06-27,0,2,0.6377766081814508,1.7489557014260553,-0.07718175809472184,True
206007-12-tr-ff,NO-PN1,NOR,2026-06-27,3,1,2.168211894199121,0.9735833380137394,-0.14695206313943804,True
206007-12-lysekloster,NO-PN1,NOR,2026-06-27,1,1,1.0740801936102857,2.1716629017737374,-0.14695206313943804,True
206007-12-vidar,NO-PN1,NOR,2026-06-27,2,4,0.645378853642355,2.2106101846411415,-0.14695206313943804,True
206007-12-mj-ndalen,NO-PN1,NOR,2026-06-27,1,0,2.302893353565182,1.6230718223682155,-0.14695206313943804,True
206007-12-sandviken,NO-PN1,NOR,2026-06-27,0,4,1.1952749874129758,1.2037880289971883,-0.14695206313943804,True
206007-12-pors,NO-PN1,NOR,2026-06-27,2,4,1.4411284132430566,1.150668739468085,-0.14695206313943804,True
4057704,M2,FIN,2026-06-27,0,3,1.0053277964056109,2.5518638623675813,-0.03358149992631866,True
4057885,M2,FIN,2026-06-27,7,0,2.3857796057511167,1.3046897275917368,-0.03358149992631866,True
4057795,M2,FIN,2026-06-27,2,2,1.4986122933617159,2.100118139814158,-0.03358149992631866,True
4057884,M2,FIN,2026-06-27,3,2,1.8754185112272093,1.3643306975252802,-0.03358149992631866,True
206107-11-bryne,NO-1DK,NOR,2026-06-27,0,1,1.332811211649484,0.8242804918444598,-0.2606171028944567,True
4057707,M2,FIN,2026-06-27,1,2,1.9186915520138588,3.016851272025008,-0.03358149992631866,True
6537807,SW-EN,SWE,2026-06-27,1,0,0.9025321676780621,1.3016989287256802,-0.12885879856665305,True
206107-11-ik-start-kvinner,NO-1DK,NOR,2026-06-28,1,0,1.4862883976459476,1.7978344837913554,-0.2606171028944567,True
4038102,M1L,FIN,2026-06-28,3,1,1.4753697388890181,1.3764174416227912,0.21014919603332316,True
206008-12-stj-rdals-blink,NO-PN2,NOR,2026-06-28,1,1,2.03669893431502,1.346545491625853,0.12401344079044552,True
206008-12-follo,NO-PN2,NOR,2026-06-28,0,2,1.0973597691858812,1.9054598366069866,0.12401344079044552,True
206008-12-skeid,NO-PN2,NOR,2026-06-28,7,1,1.9752793666624873,1.1030026403259532,0.12401344079044552,True
4057798,M2,FIN,2026-06-28,3,2,3.0399973170656516,1.002671613956283,-0.03358149992631866,True
6538046,SW-ES,SWE,2026-06-28,2,1,1.9895706498327654,1.713548522005155,-0.1083825763799489,True
6537812,SW-EN,SWE,2026-06-28,1,3,1.8106512202211493,1.440479333402329,-0.12885879856665305,True
4043060,M1,FIN,2026-06-28,2,2,2.6669270543516266,1.004245893497016,-0.11269044382315213,True
4043058,M1,FIN,2026-06-28,1,3,1.1961894462331826,2.585795652127514,-0.11269044382315213,True
6536057,SW-SE,SWE,2026-06-28,0,1,1.8026283992708076,0.5194007014273285,0.05796340037654407,True
6536056,SW-SE,SWE,2026-06-28,1,0,2.281204708454006,0.8422244237881626,0.05796340037654407,True
206107-11-kolbotn-il-elite,NO-1DK,NOR,2026-06-28,0,3,2.560336833476957,1.5380320418668914,-0.2606171028944567,True
4038217,NL,FIN,2026-06-28,0,0,2.0488939062038427,1.64587704498755,0.13960422971277156,True
206007-12-sotra,NO-PN1,NOR,2026-06-28,1,3,1.574281113794379,1.151045850413999,-0.14695206313943804,True
6536060,SW-SE,SWE,2026-06-28,4,2,1.9375387644937012,1.5364968113205812,0.05796340037654407,True
4043061,M1,FIN,2026-06-29,2,1,1.966326291322033,0.7040385553329758,-0.07837545842243673,True
4057887,M2,FIN,2026-06-30,3,0,2.138533383314763,1.995510931574473,-0.00787488550235586,True
6538054,SW-ES,SWE,2026-07-01,3,2,1.5884477022164978,1.0819212223396355,-0.10565126732943332,True
206093-14-lyn,NO-OBOS,NOR,2026-07-02,6,2,1.2131388938444956,1.3126797362443028,0.01386605659655888,True
4043066,M1,FIN,2026-07-02,0,1,2.723723494424182,0.9713719320996239,-0.07837545842243673,True
4057799,M2,FIN,2026-07-02,1,6,0.8327136354131407,2.0627591038630597,-0.00787488550235586,True
4057709,M2,FIN,2026-07-02,1,2,2.0694534011159162,1.5625493614779036,-0.00787488550235586,True
6529914,SW-AL,SWE,2026-07-03,4,4,1.5479657057151806,1.1741462266247487,-0.0487454478655681,True
206093-14-kongsvinger,NO-OBOS,NOR,2026-07-03,5,1,3.1246961458959275,1.4119880322010177,0.01386605659655888,True
4038103,M1L,FIN,2026-07-03,1,0,1.276540302532446,0.91808731846803,0.17256355872970852,True
4057801,M2,FIN,2026-07-03,2,0,2.4452239807370897,0.9452951276692891,-0.00787488550235586,True
4038104,M1L,FIN,2026-07-03,3,3,0.938451125168145,0.731017029114324,0.17256355872970852,True
206093-14-raufoss,NO-OBOS,NOR,2026-07-03,1,0,2.170015572092798,1.510444672770406,0.01386605659655888,True
206093-14-ranheim-tf,NO-OBOS,NOR,2026-07-03,2,5,1.8130182323136643,1.8893525742200443,0.01386605659655888,True
4057713,M2,FIN,2026-07-04,4,0,2.4997212683113355,0.8987294872910859,-0.00787488550235586,True
206093-14-bryne,NO-OBOS,NOR,2026-07-04,1,1,1.2860457983353082,1.2904825117180476,0.01386605659655888,True
6529916,SW-AL,SWE,2026-07-04,1,3,1.3668038146008266,1.9940135277428372,-0.0487454478655681,True
6529913,SW-AL,SWE,2026-07-04,0,1,1.4618958866206277,1.8968527501996257,-0.0487454478655681,True
4038220,NL,FIN,2026-07-04,2,0,2.310337282551324,1.1747115877762613,-0.06214280996845358,True
4038218,NL,FIN,2026-07-04,0,2,1.9018824445093296,2.0711377700404388,-0.06214280996845358,True
4038219,NL,FIN,2026-07-04,0,1,0.9608313159433165,2.0034102483189393,-0.06214280996845358,True
206093-14-egersund,NO-OBOS,NOR,2026-07-04,3,0,2.2797363728695093,1.4600484990136287,0.01386605659655888,True
4057711,M2,FIN,2026-07-04,2,1,1.2377869142851068,1.5994422094607026,-0.00787488550235586,True
4057890,M2,FIN,2026-07-04,3,4,1.8297046178029779,2.0184214596667576,-0.00787488550235586,True
4057712,M2,FIN,2026-07-04,3,2,2.0074445080430054,1.8061022459769722,-0.00787488550235586,True
4057800,M2,FIN,2026-07-04,7,1,4.67553194961921,0.6836973183376187,-0.00787488550235586,True
4057891,M2,FIN,2026-07-04,2,2,1.7974087085699684,2.4578981823046187,-0.00787488550235586,True
4057710,M2,FIN,2026-07-04,5,1,2.0939046961885275,1.8784690742179917,-0.00787488550235586,True
206093-14-h-dd,NO-OBOS,NOR,2026-07-04,4,3,1.22408732184902,1.9874373610639027,0.01386605659655888,True
4057888,M2,FIN,2026-07-04,8,0,2.731275608117682,2.248401219609169,-0.00787488550235586,True
4057802,M2,FIN,2026-07-04,3,0,1.3472078057382781,1.5267262175259364,-0.00787488550235586,True
4036934,VL,FIN,2026-07-04,3,1,1.2676221155280285,1.117230160415226,-0.1555331018272617,True
4043062,M1,FIN,2026-07-04,2,2,1.8215394996343657,1.5350868369762483,-0.07837545842243673,True
4043063,M1,FIN,2026-07-04,2,3,1.0227990875871322,1.8201590456986194,-0.07837545842243673,True
4043065,M1,FIN,2026-07-04,1,3,3.5139769470657476,1.2003340406120024,-0.07837545842243673,True
4036932,VL,FIN,2026-07-04,1,0,1.344902281199969,1.1184861036488323,-0.1555331018272617,True
4038105,M1L,FIN,2026-07-04,0,3,1.1488424692454542,1.8843920560771241,0.17256355872970852,True
4036935,VL,FIN,2026-07-04,4,0,1.8628939878250839,0.5378994987225256,-0.1555331018272617,True
4036933,VL,FIN,2026-07-04,2,1,1.4772259321374077,2.606192755444937,-0.1555331018272617,True
4057889,M2,FIN,2026-07-05,3,1,2.9233322015745564,2.3314927735289355,-0.00787488550235586,True
6529911,SW-AL,SWE,2026-07-05,1,2,1.1226713573804368,1.7060807900058115,-0.0487454478655681,True
4043067,M1,FIN,2026-07-05,4,3,1.6867498705240174,1.0786267559176992,-0.07837545842243673,True
4043064,M1,FIN,2026-07-05,1,0,1.1978962261636041,2.1641943594199726,-0.07837545842243673,True
4038106,M1L,FIN,2026-07-05,2,1,0.919085633924103,1.3726772323896204,0.17256355872970852,True
6529909,SW-AL,SWE,2026-07-05,1,2,1.4513669778294287,1.285990010608595,-0.0487454478655681,True
4057803,M2,FIN,2026-07-05,4,2,2.7115741837703875,1.5517681746586798,-0.00787488550235586,True
206093-14-odd,NO-OBOS,NOR,2026-07-05,1,3,2.181921982617025,2.183538886567719,0.01386605659655888,True
6529915,SW-AL,SWE,2026-07-05,3,0,1.8970532703898009,1.011798254654005,-0.0487454478655681,True
4038221,NL,FIN,2026-07-05,0,1,1.151074312820324,2.4774951867264363,-0.06214280996845358,True
6529910,SW-AL,SWE,2026-07-06,2,4,1.6985349163226822,1.775034292357373,-0.02019818589737753,True
6529912,SW-AL,SWE,2026-07-06,1,1,0.9765645657217992,1.4366493260510849,-0.02019818589737753,True
4057892,M2,FIN,2026-07-07,4,2,1.7879064847217616,1.6510595649145692,0.006524254137883842,True
4057893,M2,FIN,2026-07-08,2,3,2.3364294474856755,2.020481424157036,0.006524254137883842,True
4057804,M2,FIN,2026-07-09,3,1,1.5785416899182638,1.795718371556095,0.006524254137883842,True
4038108,M1L,FIN,2026-07-10,4,1,2.023950525615532,0.8484573677084601,0.1973460691097504,True
4038109,M1L,FIN,2026-07-10,3,1,1.9888113863844874,0.6895556037382609,0.1973460691097504,True
4036938,VL,FIN,2026-07-10,1,0,1.7517632345707632,1.1513876602193232,-0.12962607312602112,True
4057714,M2,FIN,2026-07-10,3,5,2.8238512489616814,2.194094663304889,0.006524254137883842,True
4057898,M2,FIN,2026-07-10,2,0,1.7042567486303473,1.3241486910235258,0.006524254137883842,True
4043068,M1,FIN,2026-07-10,0,2,1.8475728246966936,2.6621447991782494,0.036140280412773784,True
4043069,M1,FIN,2026-07-10,0,1,2.3083995804993327,1.129450233732452,0.036140280412773784,True
4057805,M2,FIN,2026-07-10,1,1,2.5202566936358717,1.3278332936604094,0.006524254137883842,True
206092-13-troms,NO-ELI,NOR,2026-07-11,4,0,1.854582637252259,0.8555294944523977,-0.034617812534767416,True
4038112,M1L,FIN,2026-07-11,0,2,0.8873970578189847,1.1846846446827641,0.1973460691097504,True
4038111,M1L,FIN,2026-07-11,1,1,0.7072517501636957,1.1000349558319262,0.1973460691097504,True
206092-13-fredrikstad,NO-ELI,NOR,2026-07-11,0,2,1.1933884213782062,1.211713889349946,-0.034617812534767416,True
4038110,M1L,FIN,2026-07-11,3,1,2.3098973298634586,1.410100207412161,0.1973460691097504,True
206092-13-aalesund,NO-ELI,NOR,2026-07-11,2,2,1.4074269728602462,1.480324563274043,-0.034617812534767416,True
4036940,VL,FIN,2026-07-11,4,2,2.119181175813399,0.6651026115613151,-0.12962607312602112,True
4057715,M2,FIN,2026-07-11,4,1,1.0228874136421802,1.8651613812592798,0.006524254137883842,True
4043071,M1,FIN,2026-07-11,4,3,1.4357004141831722,1.2074845496512556,0.036140280412773784,True
6529920,SW-AL,SWE,2026-07-11,4,3,0.9938238974886342,2.657687076817521,-0.02019818589737753,True
6529921,SW-AL,SWE,2026-07-11,1,2,1.6904974642734238,0.8878448417665425,-0.02019818589737753,True
4043072,M1,FIN,2026-07-11,4,4,2.9467007646504744,1.4817298068308247,0.036140280412773784,True
4043073,M1,FIN,2026-07-11,1,3,1.3035760582882279,1.5517826649651605,0.036140280412773784,True
4036939,VL,FIN,2026-07-11,2,0,1.3313962780252955,1.3222994138391269,-0.12962607312602112,True
4043070,M1,FIN,2026-07-11,2,1,1.830318038390354,1.0049485400679927,0.036140280412773784,True
4057806,M2,FIN,2026-07-11,2,0,1.9167495641513064,1.5557203992076205,0.006524254137883842,True
4057716,M2,FIN,2026-07-11,2,0,2.0245929352887275,1.2505781781804366,0.006524254137883842,True
4057717,M2,FIN,2026-07-11,2,0,1.5875124015779394,1.4222984800834617,0.006524254137883842,True
4036941,VL,FIN,2026-07-11,3,0,1.1174914656899444,1.0119227338006898,-0.12962607312602112,True
4057807,M2,FIN,2026-07-11,1,3,1.2865392121806938,1.867130504208889,0.006524254137883842,True
4057894,M2,FIN,2026-07-11,0,0,3.991636634993118,1.2755143982772517,0.006524254137883842,True
4038223,NL,FIN,2026-07-12,1,1,3.0244007053468462,0.35491517994438165,0.09058793318983553,True
4038222,NL,FIN,2026-07-12,2,4,2.783840205179654,1.0610107020865591,0.09058793318983553,True
4038224,NL,FIN,2026-07-12,0,1,0.9598629974380464,3.3038497638582394,0.09058793318983553,True
6529924,SW-AL,SWE,2026-07-12,2,0,2.1528258742214215,1.3525750019266254,-0.02019818589737753,True
6529922,SW-AL,SWE,2026-07-12,4,0,2.1846107864820903,1.3165701485942825,-0.02019818589737753,True
6529918,SW-AL,SWE,2026-07-12,2,0,1.9804550608531022,0.8654070580616587,-0.02019818589737753,True
6529923,SW-AL,SWE,2026-07-12,1,2,1.45545583392841,2.4383967031083635,-0.02019818589737753,True
4038225,NL,FIN,2026-07-12,4,1,3.497761137301991,0.9465992627353726,0.09058793318983553,True
6529919,SW-AL,SWE,2026-07-12,1,0,1.477997475314803,0.8096275737865231,-0.02019818589737753,True
206092-13-kfum,NO-ELI,NOR,2026-07-12,0,2,0.963566496007177,1.996690683134916,-0.034617812534767416,True
206092-13-sarpsborg-08,NO-ELI,NOR,2026-07-12,1,0,1.274707789246486,2.191629804237306,-0.034617812534767416,True
206092-13-sandefjord-fotball,NO-ELI,NOR,2026-07-12,2,2,1.6307515653666904,1.0774375798763993,-0.034617812534767416,True
206092-13-rosenborg,NO-ELI,NOR,2026-07-12,3,0,1.6494624270144385,0.8970823852221471,-0.034617812534767416,True
4057897,M2,FIN,2026-07-12,3,2,2.5874223247404085,2.3865052928154586,0.006524254137883842,True
4057718,M2,FIN,2026-07-12,1,1,1.7683137016964359,1.934435049641132,0.006524254137883842,True
4057896,M2,FIN,2026-07-12,0,0,2.147908776579945,1.8052995313864382,0.006524254137883842,True
4057895,M2,FIN,2026-07-12,5,2,2.5615070036101746,2.1528320029193098,0.006524254137883842,True
206092-13-brann,NO-ELI,NOR,2026-07-12,2,1,3.066394156301545,1.0739070832888806,-0.034617812534767416,True
6529917,SW-AL,SWE,2026-07-13,3,0,3.050152168294354,0.7653937251510748,-0.03044578283933925,True
4057808,M2,FIN,2026-07-13,1,1,2.9786068274258994,0.7319827259446651,-0.08649159478236017,True
4057788,M2,FIN,2026-07-14,6,2,3.0224997489401244,1.021491937963539,-0.08649159478236017,True
4057899,M2,FIN,2026-07-15,6,2,2.8468450539608403,2.2155369497639184,-0.08649159478236017,True
4038113,M1L,FIN,2026-07-15,3,1,1.2675505669285798,0.661031927516274,0.15457709951895493,True
4057719,M2,FIN,2026-07-16,1,2,2.097571353056603,1.0748911077190908,-0.08649159478236017,True
206092-14-v-lerenga,NO-ELI,NOR,2026-07-16,6,1,1.9310975496136316,1.4244159928801612,0.01558268647366896,True
206092-14-bod-glimt,NO-ELI,NOR,2026-07-17,1,0,3.3328147462578226,0.6223789596509736,0.01558268647366896,True
4057900,M2,FIN,2026-07-17,0,1,2.0597511993103783,2.4135737998765374,-0.08649159478236017,True
6529927,SW-AL,SWE,2026-07-17,2,1,1.4240005371033109,1.4975901710792903,-0.03044578283933925,True
4038115,M1L,FIN,2026-07-17,2,2,1.0639095619129693,1.4977360872559902,0.15457709951895493,True
4038114,M1L,FIN,2026-07-17,2,2,1.4765522792885766,0.9025771749057134,0.15457709951895493,True
6529929,SW-AL,SWE,2026-07-17,0,0,2.2341480076060076,1.3640501413324306,-0.03044578283933925,True
4057809,M2,FIN,2026-07-17,0,1,0.8192943343232884,2.0405696800578372,-0.08649159478236017,True
4057903,M2,FIN,2026-07-18,5,3,1.0715796513464797,1.784160379159173,-0.08649159478236017,True
4043078,M1,FIN,2026-07-18,1,3,2.2076943685696024,1.1718146675487011,0.05596968413872097,True
4043075,M1,FIN,2026-07-18,1,2,2.0596835868836574,2.8645206220394908,0.05596968413872097,True
4043076,M1,FIN,2026-07-18,0,1,1.1924328985054482,1.2940190583696785,0.05596968413872097,True
4036942,VL,FIN,2026-07-18,2,1,1.4559742949226098,1.292260230608784,-0.09473265328875541,True
4036943,VL,FIN,2026-07-18,0,2,1.3198583108499589,1.6774045660612573,-0.09473265328875541,True
206092-14-viking,NO-ELI,NOR,2026-07-18,2,1,2.728811089768761,0.7761400394535107,0.01558268647366896,True
206092-14-start,NO-ELI,NOR,2026-07-18,0,3,1.5602109003833295,1.2852913281068483,0.01558268647366896,True
4057812,M2,FIN,2026-07-18,2,1,2.587175122795692,1.1279022069702742,-0.08649159478236017,True
206092-14-lillestr-m,NO-ELI,NOR,2026-07-18,2,1,1.882198554683345,0.5801745734654421,0.01558268647366896,True
206092-14-kristiansund,NO-ELI,NOR,2026-07-18,0,0,1.2154093012309874,1.2810363283266075,0.01558268647366896,True
206092-14-hamkam,NO-ELI,NOR,2026-07-18,1,4,1.46914060811577,1.2625369096386694,0.01558268647366896,True
4036944,VL,FIN,2026-07-18,0,2,1.5875320872874294,1.2972630011522226,-0.09473265328875541,True
4043077,M1,FIN,2026-07-18,1,1,1.7345642678413797,1.5718833218333381,0.05596968413872097,True
4043074,M1,FIN,2026-07-18,3,1,1.6318743641808282,1.613899491041735,0.05596968413872097,True
4038117,M1L,FIN,2026-07-18,0,1,1.1027488037554651,1.1975685420802724,0.15457709951895493,True
4038116,M1L,FIN,2026-07-18,0,1,2.1585520163422145,1.4549084288988248,0.15457709951895493,True
206092-14-molde,NO-ELI,NOR,2026-07-18,1,2,2.016841245573195,1.2651336310671901,0.01558268647366896,True
4057811,M2,FIN,2026-07-18,1,1,1.5307823761810144,1.7516036754142146,-0.08649159478236017,True
4057720,M2,FIN,2026-07-18,3,6,1.518272992768059,3.627261615386295,-0.08649159478236017,True
4057721,M2,FIN,2026-07-18,2,0,2.066227740925156,1.311796953599854,-0.08649159478236017,True
4057722,M2,FIN,2026-07-18,4,1,1.4957988003322742,2.0949467578921763,-0.08649159478236017,True
4057723,M2,FIN,2026-07-18,5,2,2.3532675127782925,0.960356512328385,-0.08649159478236017,True
6536067,SW-SE,SWE,2026-07-18,2,4,1.5804502425192315,1.6135966762536669,0.037518336689850884,True
6529925,SW-AL,SWE,2026-07-18,2,0,0.9309731612947221,1.1416699141592155,-0.03044578283933925,True
6536068,SW-SE,SWE,2026-07-18,2,0,1.1643922224921828,1.3297493276905064,0.037518336689850884,True
6536066,SW-SE,SWE,2026-07-18,3,2,2.0561338007649743,1.9641808006467556,0.037518336689850884,True
4057902,M2,FIN,2026-07-18,2,0,2.350848496800155,2.3526948751031607,-0.08649159478236017,True
4057813,M2,FIN,2026-07-18,2,2,1.558720267098496,2.475275156056431,-0.08649159478236017,True
4057810,M2,FIN,2026-07-18,2,1,3.3020118693534717,0.7644708711760648,-0.08649159478236017,True
4038226,NL,FIN,2026-07-18,2,2,2.657503109825727,1.389464818994636,0.06236317112105919,True
4038227,NL,FIN,2026-07-18,1,3,2.324089267561389,1.8913184025185974,0.06236317112105919,True
6529930,SW-AL,SWE,2026-07-19,1,3,1.3014360376405978,2.0298483468384054,-0.03044578283933925,True
6529926,SW-AL,SWE,2026-07-19,4,0,2.243521339129223,0.662787471194378,-0.03044578283933925,True
4038229,NL,FIN,2026-07-19,4,0,1.8579062636625177,0.664518964499554,0.06236317112105919,True
4036945,VL,FIN,2026-07-19,0,0,0.8567320080686356,1.8412440569912158,-0.09473265328875541,True
4057901,M2,FIN,2026-07-19,6,2,2.8701558079107365,1.282965065708783,-0.08649159478236017,True
6536065,SW-SE,SWE,2026-07-19,2,3,0.9723476923711222,1.739382317124987,0.037518336689850884,True
6536071,SW-SE,SWE,2026-07-19,2,0,1.6949104411419798,1.0767223819230707,0.037518336689850884,True
6536064,SW-SE,SWE,2026-07-19,3,0,1.5894850121563506,0.7867776463167563,0.037518336689850884,True
4038228,NL,FIN,2026-07-19,1,1,1.038882564534465,1.7188772887623585,0.06236317112105919,True
6529932,SW-AL,SWE,2026-07-19,0,2,1.16063983166718,2.105059862914262,-0.03044578283933925,True
6536069,SW-SE,SWE,2026-07-20,3,1,1.5640341550182668,0.7780821112713601,0.035932635351020266,True
4036946,VL,FIN,2026-07-20,1,3,1.7404318657711075,1.3258248226447673,-0.11438177469458001,True
4036947,VL,FIN,2026-07-20,0,2,0.635306160396057,1.559475946725909,-0.11438177469458001,True
6529928,SW-AL,SWE,2026-07-20,0,0,1.2229708940446364,3.3366676865720395,-0.07267577167270306,True
6529931,SW-AL,SWE,2026-07-20,2,2,1.2155495218592691,1.5466465000974747,-0.07267577167270306,True
4043079,M1,FIN,2026-07-20,1,1,0.9813631046786061,2.901728863865266,0.058452913669697064,True
