match_id,date,league_code,season,group_id,home_team,away_team,home_team_id,away_team_id,home_goals,away_goals,result,model,cutoff,p_home,p_draw,p_away
4038178,2026-03-28,NL,2026,1,Idrottsföreningen Kamraterna Vasa,Helsingin Jalkapalloklubi,60691,60682,0,3,A,b0_base_rate,2026-03-23,0.5348837209302325,0.12790697674418605,0.3372093023255814
4038180,2026-03-28,NL,2026,1,Kuopion Palloseura,Helsingin Palloseura,157420,60781,0,0,D,b0_base_rate,2026-03-23,0.5348837209302325,0.12790697674418605,0.3372093023255814
4038179,2026-03-28,NL,2026,1,Ilves,PK-35 Vantaa,60776,60671,2,5,A,b0_base_rate,2026-03-23,0.5348837209302325,0.12790697674418605,0.3372093023255814
4038181,2026-03-28,NL,2026,1,Åland United,IF Gnistan,60532,35209545,6,1,H,b0_base_rate,2026-03-23,0.5348837209302325,0.12790697674418605,0.3372093023255814
4038178,2026-03-28,NL,2026,1,Idrottsföreningen Kamraterna Vasa,Helsingin Jalkapalloklubi,60691,60682,0,3,A,g0_logistic_dppg,2026-03-23,0.5348837209302325,0.12790697674418605,0.3372093023255814
4038180,2026-03-28,NL,2026,1,Kuopion Palloseura,Helsingin Palloseura,157420,60781,0,0,D,g0_logistic_dppg,2026-03-23,0.5348837209302325,0.12790697674418605,0.3372093023255814
4038179,2026-03-28,NL,2026,1,Ilves,PK-35 Vantaa,60776,60671,2,5,A,g0_logistic_dppg,2026-03-23,0.5348837209302325,0.12790697674418605,0.3372093023255814
4038181,2026-03-28,NL,2026,1,Åland United,IF Gnistan,60532,35209545,6,1,H,g0_logistic_dppg,2026-03-23,0.5348837209302325,0.12790697674418605,0.3372093023255814
4038178,2026-03-28,NL,2026,1,Idrottsföreningen Kamraterna Vasa,Helsingin Jalkapalloklubi,60691,60682,0,3,A,poisson_plain,2026-03-23,0.009430176788903035,0.036832279034002394,0.9537375441770946
4038180,2026-03-28,NL,2026,1,Kuopion Palloseura,Helsingin Palloseura,157420,60781,0,0,D,poisson_plain,2026-03-23,0.7032903058901394,0.15889698487606246,0.13781270923379815
4038179,2026-03-28,NL,2026,1,Ilves,PK-35 Vantaa,60776,60671,2,5,A,poisson_plain,2026-03-23,0.4673749841650481,0.22333788980432626,0.3092871260306257
4038181,2026-03-28,NL,2026,1,Åland United,IF Gnistan,60532,35209545,6,1,H,poisson_plain,2026-03-23,0.5835389335317198,0.2003882014476888,0.21607286502059142
4038178,2026-03-28,NL,2026,1,Idrottsföreningen Kamraterna Vasa,Helsingin Jalkapalloklubi,60691,60682,0,3,A,dc_best,2026-03-23,0.023228375180834683,0.0502865686024516,0.9264850562167137
4038180,2026-03-28,NL,2026,1,Kuopion Palloseura,Helsingin Palloseura,157420,60781,0,0,D,dc_best,2026-03-23,0.7394803219074203,0.13079581211202515,0.12972386598055452
4038179,2026-03-28,NL,2026,1,Ilves,PK-35 Vantaa,60776,60671,2,5,A,dc_best,2026-03-23,0.5207179235642581,0.18609025250620154,0.29319182392954035
4038181,2026-03-28,NL,2026,1,Åland United,IF Gnistan,60532,35209545,6,1,H,dc_best,2026-03-23,0.6275112500047875,0.1664331132083481,0.20605563678686456
4038182,2026-04-02,NL,2026,1,Helsingin Jalkapalloklubi,Åland United,60682,60532,3,2,H,b0_base_rate,2026-03-30,0.5222222222222223,0.13333333333333333,0.34444444444444444
4042990,2026-04-02,M1,2026,1,Jalkapalloseura Tampere United,FC Jazz Juniorit,106945,60521,4,0,H,b0_base_rate,2026-03-30,0.5185185185185185,0.19135802469135801,0.29012345679012347
4038044,2026-04-03,M1L,2026,1,Pallokerho-35,Ekenäs Idrottsförening,50775,60495,4,2,H,b0_base_rate,2026-03-30,0.42962962962962964,0.25925925925925924,0.3111111111111111
4038183,2026-04-03,NL,2026,1,Ilves,Idrottsföreningen Kamraterna Vasa,60776,60691,3,0,H,b0_base_rate,2026-03-30,0.5222222222222223,0.13333333333333333,0.34444444444444444
4036855,2026-04-04,VL,2026,1,Ilves,Kuopion Palloseura,60745,60756,1,3,A,b0_base_rate,2026-03-30,0.4067796610169492,0.22598870056497175,0.3672316384180791
4042993,2026-04-04,M1,2026,1,Pallokerho Keski-Uusimaa,KPV Juniorit,60929,60536,2,2,D,b0_base_rate,2026-03-30,0.5185185185185185,0.19135802469135801,0.29012345679012347
4042991,2026-04-04,M1,2026,1,Salon Palloilijat,Rovaniemen Palloseura,60690,60973,1,1,D,b0_base_rate,2026-03-30,0.5185185185185185,0.19135802469135801,0.29012345679012347
4036857,2026-04-04,VL,2026,1,IF Gnistan,Oulun edustusjalkapallo AC Oulu,60534,60493,1,5,A,b0_base_rate,2026-03-30,0.4067796610169492,0.22598870056497175,0.3672316384180791
4036856,2026-04-04,VL,2026,1,Fotbollsföreningen JARO Jalkapalloseura,FC Lahti,60974,60969,0,1,A,b0_base_rate,2026-03-30,0.4067796610169492,0.22598870056497175,0.3672316384180791
4036854,2026-04-04,VL,2026,1,IFK Mariehamn Fotboll,TPS Juniorijalkapallo,60759,60971,1,1,D,b0_base_rate,2026-03-30,0.4067796610169492,0.22598870056497175,0.3672316384180791
4036853,2026-04-04,VL,2026,1,Helsingin Jalkapalloklubin Liiga-HJK,SEINÄJOEN JALKAPALLOKERHO,60731,60970,3,0,H,b0_base_rate,2026-03-30,0.4067796610169492,0.22598870056497175,0.3672316384180791
4038184,2026-04-04,NL,2026,1,IF Gnistan,Helsingin Palloseura,35209545,60781,1,2,A,b0_base_rate,2026-03-30,0.5222222222222223,0.13333333333333333,0.34444444444444444
4042992,2026-04-04,M1,2026,1,Tampereen Pallo-Veikot,Vantaan Jalkapalloseura,60704,63440,3,1,H,b0_base_rate,2026-03-30,0.5185185185185185,0.19135802469135801,0.29012345679012347
4038185,2026-04-04,NL,2026,1,Kuopion Palloseura,PK-35 Vantaa,157420,60671,3,1,H,b0_base_rate,2026-03-30,0.5222222222222223,0.13333333333333333,0.34444444444444444
4036852,2026-04-04,VL,2026,1,Football Club International Turku,Vaasan Palloseura,60987,60901,0,0,D,b0_base_rate,2026-03-30,0.4067796610169492,0.22598870056497175,0.3672316384180791
4042994,2026-04-05,M1,2026,1,Football Club International Turku,JJK Jyväskylä,60860,144858,3,5,A,b0_base_rate,2026-03-30,0.5185185185185185,0.19135802469135801,0.29012345679012347
4042995,2026-04-05,M1,2026,1,Kuopion Palloseura,Oulun Luistinseura,106331,106449,2,4,A,b0_base_rate,2026-03-30,0.5185185185185185,0.19135802469135801,0.29012345679012347
4038182,2026-04-02,NL,2026,1,Helsingin Jalkapalloklubi,Åland United,60682,60532,3,2,H,g0_logistic_dppg,2026-03-30,0.48843087553287406,0.18752101436585983,0.3240481101012661
4042990,2026-04-02,M1,2026,1,Jalkapalloseura Tampere United,FC Jazz Juniorit,106945,60521,4,0,H,g0_logistic_dppg,2026-03-30,0.5185185185185185,0.19135802469135801,0.29012345679012347
4038044,2026-04-03,M1L,2026,1,Pallokerho-35,Ekenäs Idrottsförening,50775,60495,4,2,H,g0_logistic_dppg,2026-03-30,0.42962962962962964,0.25925925925925924,0.3111111111111111
4038183,2026-04-03,NL,2026,1,Ilves,Idrottsföreningen Kamraterna Vasa,60776,60691,3,0,H,g0_logistic_dppg,2026-03-30,0.48843087553287406,0.18752101436585983,0.3240481101012661
4036855,2026-04-04,VL,2026,1,Ilves,Kuopion Palloseura,60745,60756,1,3,A,g0_logistic_dppg,2026-03-30,0.4067796610169492,0.22598870056497175,0.3672316384180791
4042993,2026-04-04,M1,2026,1,Pallokerho Keski-Uusimaa,KPV Juniorit,60929,60536,2,2,D,g0_logistic_dppg,2026-03-30,0.5185185185185185,0.19135802469135801,0.29012345679012347
4042991,2026-04-04,M1,2026,1,Salon Palloilijat,Rovaniemen Palloseura,60690,60973,1,1,D,g0_logistic_dppg,2026-03-30,0.5185185185185185,0.19135802469135801,0.29012345679012347
4036857,2026-04-04,VL,2026,1,IF Gnistan,Oulun edustusjalkapallo AC Oulu,60534,60493,1,5,A,g0_logistic_dppg,2026-03-30,0.4067796610169492,0.22598870056497175,0.3672316384180791
4036856,2026-04-04,VL,2026,1,Fotbollsföreningen JARO Jalkapalloseura,FC Lahti,60974,60969,0,1,A,g0_logistic_dppg,2026-03-30,0.4067796610169492,0.22598870056497175,0.3672316384180791
4036854,2026-04-04,VL,2026,1,IFK Mariehamn Fotboll,TPS Juniorijalkapallo,60759,60971,1,1,D,g0_logistic_dppg,2026-03-30,0.4067796610169492,0.22598870056497175,0.3672316384180791
4036853,2026-04-04,VL,2026,1,Helsingin Jalkapalloklubin Liiga-HJK,SEINÄJOEN JALKAPALLOKERHO,60731,60970,3,0,H,g0_logistic_dppg,2026-03-30,0.4067796610169492,0.22598870056497175,0.3672316384180791
4038184,2026-04-04,NL,2026,1,IF Gnistan,Helsingin Palloseura,35209545,60781,1,2,A,g0_logistic_dppg,2026-03-30,0.3371468579625964,0.20119512468465386,0.4616580173527497
4042992,2026-04-04,M1,2026,1,Tampereen Pallo-Veikot,Vantaan Jalkapalloseura,60704,63440,3,1,H,g0_logistic_dppg,2026-03-30,0.5185185185185185,0.19135802469135801,0.29012345679012347
4038185,2026-04-04,NL,2026,1,Kuopion Palloseura,PK-35 Vantaa,157420,60671,3,1,H,g0_logistic_dppg,2026-03-30,0.21036100191255142,0.195125967227054,0.5945130308603945
4036852,2026-04-04,VL,2026,1,Football Club International Turku,Vaasan Palloseura,60987,60901,0,0,D,g0_logistic_dppg,2026-03-30,0.4067796610169492,0.22598870056497175,0.3672316384180791
4042994,2026-04-05,M1,2026,1,Football Club International Turku,JJK Jyväskylä,60860,144858,3,5,A,g0_logistic_dppg,2026-03-30,0.5185185185185185,0.19135802469135801,0.29012345679012347
4042995,2026-04-05,M1,2026,1,Kuopion Palloseura,Oulun Luistinseura,106331,106449,2,4,A,g0_logistic_dppg,2026-03-30,0.5185185185185185,0.19135802469135801,0.29012345679012347
4038182,2026-04-02,NL,2026,1,Helsingin Jalkapalloklubi,Åland United,60682,60532,3,2,H,poisson_plain,2026-03-30,0.8503782104759121,0.09832434442844468,0.051297445095643074
4042990,2026-04-02,M1,2026,1,Jalkapalloseura Tampere United,FC Jazz Juniorit,106945,60521,4,0,H,poisson_plain,2026-03-30,0.39446546337128324,0.24256795844784165,0.36296657818087513
4038044,2026-04-03,M1L,2026,1,Pallokerho-35,Ekenäs Idrottsförening,50775,60495,4,2,H,poisson_plain,2026-03-30,0.4403788223411196,0.261458466799254,0.2981627108596264
4038183,2026-04-03,NL,2026,1,Ilves,Idrottsföreningen Kamraterna Vasa,60776,60691,3,0,H,poisson_plain,2026-03-30,0.6726955025035918,0.15915465242982244,0.16814984506658584
4036855,2026-04-04,VL,2026,1,Ilves,Kuopion Palloseura,60745,60756,1,3,A,poisson_plain,2026-03-30,0.328853348063934,0.24392116945532039,0.42722548248074554
4042993,2026-04-04,M1,2026,1,Pallokerho Keski-Uusimaa,KPV Juniorit,60929,60536,2,2,D,poisson_plain,2026-03-30,0.46144072877571124,0.22265982111758575,0.31589945010670295
4042991,2026-04-04,M1,2026,1,Salon Palloilijat,Rovaniemen Palloseura,60690,60973,1,1,D,poisson_plain,2026-03-30,0.5537789989492424,0.20546176722348958,0.240759233827268
4036857,2026-04-04,VL,2026,1,IF Gnistan,Oulun edustusjalkapallo AC Oulu,60534,60493,1,5,A,poisson_plain,2026-03-30,0.4955973802324418,0.21948129514391837,0.2849213246236399
4036856,2026-04-04,VL,2026,1,Fotbollsföreningen JARO Jalkapalloseura,FC Lahti,60974,60969,0,1,A,poisson_plain,2026-03-30,0.2955656755034852,0.2459694372105642,0.4584648872859507
4036854,2026-04-04,VL,2026,1,IFK Mariehamn Fotboll,TPS Juniorijalkapallo,60759,60971,1,1,D,poisson_plain,2026-03-30,0.24369229740566534,0.22209265824748056,0.5342150443468541
4036853,2026-04-04,VL,2026,1,Helsingin Jalkapalloklubin Liiga-HJK,SEINÄJOEN JALKAPALLOKERHO,60731,60970,3,0,H,poisson_plain,2026-03-30,0.42002064445472725,0.19566482104514685,0.3843145345001259
4038184,2026-04-04,NL,2026,1,IF Gnistan,Helsingin Palloseura,35209545,60781,1,2,A,poisson_plain,2026-03-30,0.09244061952194207,0.09779936881654394,0.809760011661514
4042992,2026-04-04,M1,2026,1,Tampereen Pallo-Veikot,Vantaan Jalkapalloseura,60704,63440,3,1,H,poisson_plain,2026-03-30,0.4979745735192078,0.21946534719331728,0.28256007928747506
4038185,2026-04-04,NL,2026,1,Kuopion Palloseura,PK-35 Vantaa,157420,60671,3,1,H,poisson_plain,2026-03-30,0.7481361081812441,0.15097484922540003,0.1008890425933558
4036852,2026-04-04,VL,2026,1,Football Club International Turku,Vaasan Palloseura,60987,60901,0,0,D,poisson_plain,2026-03-30,0.6259346140328698,0.22008405721051116,0.15398132875661913
4042994,2026-04-05,M1,2026,1,Football Club International Turku,JJK Jyväskylä,60860,144858,3,5,A,poisson_plain,2026-03-30,0.5544481954649064,0.20133966650661325,0.2442121380284804
4042995,2026-04-05,M1,2026,1,Kuopion Palloseura,Oulun Luistinseura,106331,106449,2,4,A,poisson_plain,2026-03-30,0.35332123071870825,0.21377286801633802,0.4329059012649538
4038182,2026-04-02,NL,2026,1,Helsingin Jalkapalloklubi,Åland United,60682,60532,3,2,H,dc_best,2026-03-30,0.7967078967893962,0.1333258710223071,0.06996623218829673
4042990,2026-04-02,M1,2026,1,Jalkapalloseura Tampere United,FC Jazz Juniorit,106945,60521,4,0,H,dc_best,2026-03-30,0.38999858236311025,0.2269611530826066,0.3830402645542832
4038044,2026-04-03,M1L,2026,1,Pallokerho-35,Ekenäs Idrottsförening,50775,60495,4,2,H,dc_best,2026-03-30,0.4347787596333825,0.2679445757672759,0.29727666459934154
4038183,2026-04-03,NL,2026,1,Ilves,Idrottsföreningen Kamraterna Vasa,60776,60691,3,0,H,dc_best,2026-03-30,0.678694438384152,0.1751936598165702,0.1461119017992778
4036855,2026-04-04,VL,2026,1,Ilves,Kuopion Palloseura,60745,60756,1,3,A,dc_best,2026-03-30,0.29141307552362183,0.26168247362404706,0.4469044508523312
4042993,2026-04-04,M1,2026,1,Pallokerho Keski-Uusimaa,KPV Juniorit,60929,60536,2,2,D,dc_best,2026-03-30,0.4191870834016083,0.22025899996747558,0.3605539166309162
4042991,2026-04-04,M1,2026,1,Salon Palloilijat,Rovaniemen Palloseura,60690,60973,1,1,D,dc_best,2026-03-30,0.5087477787748059,0.2022733281018653,0.2889788931233288
4036857,2026-04-04,VL,2026,1,IF Gnistan,Oulun edustusjalkapallo AC Oulu,60534,60493,1,5,A,dc_best,2026-03-30,0.4580219572423096,0.24715084795216863,0.29482719480552183
4036856,2026-04-04,VL,2026,1,Fotbollsföreningen JARO Jalkapalloseura,FC Lahti,60974,60969,0,1,A,dc_best,2026-03-30,0.3027542506966969,0.26112761473299495,0.4361181345703081
4036854,2026-04-04,VL,2026,1,IFK Mariehamn Fotboll,TPS Juniorijalkapallo,60759,60971,1,1,D,dc_best,2026-03-30,0.2633021265773598,0.24660574897318382,0.4900921244494563
4036853,2026-04-04,VL,2026,1,Helsingin Jalkapalloklubin Liiga-HJK,SEINÄJOEN JALKAPALLOKERHO,60731,60970,3,0,H,dc_best,2026-03-30,0.35481798480377696,0.2017641662577132,0.4434178489385097
4038184,2026-04-04,NL,2026,1,IF Gnistan,Helsingin Palloseura,35209545,60781,1,2,A,dc_best,2026-03-30,0.13377021012304371,0.14668402320054197,0.7195457666764143
4042992,2026-04-04,M1,2026,1,Tampereen Pallo-Veikot,Vantaan Jalkapalloseura,60704,63440,3,1,H,dc_best,2026-03-30,0.49195695630722414,0.20968021366424164,0.29836283002853425
4038185,2026-04-04,NL,2026,1,Kuopion Palloseura,PK-35 Vantaa,157420,60671,3,1,H,dc_best,2026-03-30,0.7318620204453508,0.16855032247440838,0.09958765708024081
4036852,2026-04-04,VL,2026,1,Football Club International Turku,Vaasan Palloseura,60987,60901,0,0,D,dc_best,2026-03-30,0.5845021273892081,0.2515625595286656,0.16393531308212633
4042994,2026-04-05,M1,2026,1,Football Club International Turku,JJK Jyväskylä,60860,144858,3,5,A,dc_best,2026-03-30,0.5351755868259975,0.19809201875799595,0.26673239441600655
4042995,2026-04-05,M1,2026,1,Kuopion Palloseura,Oulun Luistinseura,106331,106449,2,4,A,dc_best,2026-03-30,0.3594143955725505,0.20872099787360615,0.4318646065538434
4038045,2026-04-06,M1L,2026,1,Jippo,Järvenpään Palloseura,129811,60676,0,0,D,b0_base_rate,2026-04-06,0.4338235294117647,0.25735294117647056,0.3088235294117647
4038047,2026-04-06,M1L,2026,1,SJK Akatemia,Mikkelin Palloilijat,168874,60494,1,0,H,b0_base_rate,2026-04-06,0.4338235294117647,0.25735294117647056,0.3088235294117647
4038046,2026-04-06,M1L,2026,1,Helsingin Jalkapalloklubi,Käpylän Pallo,60692,60487,1,2,A,b0_base_rate,2026-04-06,0.4338235294117647,0.25735294117647056,0.3088235294117647
4038049,2026-04-10,M1L,2026,1,FC KTP Kotka,Mikkelin Palloilijat,60972,60494,1,0,H,b0_base_rate,2026-04-06,0.4338235294117647,0.25735294117647056,0.3088235294117647
4038048,2026-04-10,M1L,2026,1,Järvenpään Palloseura,Helsingin Jalkapalloklubi,60676,60692,1,0,H,b0_base_rate,2026-04-06,0.4338235294117647,0.25735294117647056,0.3088235294117647
4038050,2026-04-10,M1L,2026,1,Käpylän Pallo,SJK Akatemia,60487,168874,2,2,D,b0_base_rate,2026-04-06,0.4338235294117647,0.25735294117647056,0.3088235294117647
4042996,2026-04-10,M1,2026,1,Kuopion Palloseura,JJK Jyväskylä,106331,144858,1,2,A,b0_base_rate,2026-04-06,0.5119047619047619,0.19642857142857142,0.2916666666666667
4036860,2026-04-10,VL,2026,1,Vaasan Palloseura,Fotbollsföreningen JARO Jalkapalloseura,60901,60974,0,0,D,b0_base_rate,2026-04-06,0.3989071038251366,0.22950819672131148,0.37158469945355194
4036859,2026-04-10,VL,2026,1,SEINÄJOEN JALKAPALLOKERHO,IFK Mariehamn Fotboll,60970,60759,3,0,H,b0_base_rate,2026-04-06,0.3989071038251366,0.22950819672131148,0.37158469945355194
4036858,2026-04-10,VL,2026,1,TPS Juniorijalkapallo,FC Lahti,60971,60969,2,1,H,b0_base_rate,2026-04-06,0.3989071038251366,0.22950819672131148,0.37158469945355194
4042998,2026-04-11,M1,2026,1,FC Jazz Juniorit,Pallokerho Keski-Uusimaa,60521,60929,1,5,A,b0_base_rate,2026-04-06,0.5119047619047619,0.19642857142857142,0.2916666666666667
4042997,2026-04-11,M1,2026,1,Oulun Luistinseura,Vantaan Jalkapalloseura,106449,63440,1,0,H,b0_base_rate,2026-04-06,0.5119047619047619,0.19642857142857142,0.2916666666666667
4036863,2026-04-11,VL,2026,1,Football Club International Turku,Ilves,60987,60745,2,1,H,b0_base_rate,2026-04-06,0.3989071038251366,0.22950819672131148,0.37158469945355194
4036862,2026-04-11,VL,2026,1,Helsingin Jalkapalloklubin Liiga-HJK,Oulun edustusjalkapallo AC Oulu,60731,60493,0,1,A,b0_base_rate,2026-04-06,0.3989071038251366,0.22950819672131148,0.37158469945355194
4038051,2026-04-11,M1L,2026,1,Ekenäs Idrottsförening,Jippo,60495,129811,1,2,A,b0_base_rate,2026-04-06,0.4338235294117647,0.25735294117647056,0.3088235294117647
4036861,2026-04-11,VL,2026,1,Kuopion Palloseura,IF Gnistan,60756,60534,1,0,H,b0_base_rate,2026-04-06,0.3989071038251366,0.22950819672131148,0.37158469945355194
4043001,2026-04-11,M1,2026,1,Rovaniemen Palloseura,Football Club International Turku,60973,60860,3,2,H,b0_base_rate,2026-04-06,0.5119047619047619,0.19642857142857142,0.2916666666666667
4043000,2026-04-11,M1,2026,1,Tampereen Pallo-Veikot,KPV Juniorit,60704,60536,0,0,D,b0_base_rate,2026-04-06,0.5119047619047619,0.19642857142857142,0.2916666666666667
4042999,2026-04-11,M1,2026,1,Salon Palloilijat,Jalkapalloseura Tampere United,60690,106945,2,0,H,b0_base_rate,2026-04-06,0.5119047619047619,0.19642857142857142,0.2916666666666667
4038052,2026-04-11,M1L,2026,1,Pallokerho-35,Football Club Haka,50775,60561,0,0,D,b0_base_rate,2026-04-06,0.4338235294117647,0.25735294117647056,0.3088235294117647
4038045,2026-04-06,M1L,2026,1,Jippo,Järvenpään Palloseura,129811,60676,0,0,D,g0_logistic_dppg,2026-04-06,0.4338235294117647,0.25735294117647056,0.3088235294117647
4038047,2026-04-06,M1L,2026,1,SJK Akatemia,Mikkelin Palloilijat,168874,60494,1,0,H,g0_logistic_dppg,2026-04-06,0.4338235294117647,0.25735294117647056,0.3088235294117647
4038046,2026-04-06,M1L,2026,1,Helsingin Jalkapalloklubi,Käpylän Pallo,60692,60487,1,2,A,g0_logistic_dppg,2026-04-06,0.4338235294117647,0.25735294117647056,0.3088235294117647
4038049,2026-04-10,M1L,2026,1,FC KTP Kotka,Mikkelin Palloilijat,60972,60494,1,0,H,g0_logistic_dppg,2026-04-06,0.4338235294117647,0.25735294117647056,0.3088235294117647
4038048,2026-04-10,M1L,2026,1,Järvenpään Palloseura,Helsingin Jalkapalloklubi,60676,60692,1,0,H,g0_logistic_dppg,2026-04-06,0.6378003733356481,0.15722266847965377,0.20497695818469824
4038050,2026-04-10,M1L,2026,1,Käpylän Pallo,SJK Akatemia,60487,168874,2,2,D,g0_logistic_dppg,2026-04-06,0.4905390091600927,0.18643873470747002,0.3230222561324373
4042996,2026-04-10,M1,2026,1,Kuopion Palloseura,JJK Jyväskylä,106331,144858,1,2,A,g0_logistic_dppg,2026-04-06,0.12410492626680644,0.17288138308675413,0.7030136906464395
4036860,2026-04-10,VL,2026,1,Vaasan Palloseura,Fotbollsföreningen JARO Jalkapalloseura,60901,60974,0,0,D,g0_logistic_dppg,2026-04-06,0.6378003733356481,0.15722266847965377,0.20497695818469824
4036859,2026-04-10,VL,2026,1,SEINÄJOEN JALKAPALLOKERHO,IFK Mariehamn Fotboll,60970,60759,3,0,H,g0_logistic_dppg,2026-04-06,0.3406850881716436,0.19964016750479577,0.4596747443235606
4036858,2026-04-10,VL,2026,1,TPS Juniorijalkapallo,FC Lahti,60971,60969,2,1,H,g0_logistic_dppg,2026-04-06,0.2142189075320055,0.1935462691958555,0.5922348232721389
4042998,2026-04-11,M1,2026,1,FC Jazz Juniorit,Pallokerho Keski-Uusimaa,60521,60929,1,5,A,g0_logistic_dppg,2026-04-06,0.3406850881716436,0.19964016750479577,0.4596747443235606
4042997,2026-04-11,M1,2026,1,Oulun Luistinseura,Vantaan Jalkapalloseura,106449,63440,1,0,H,g0_logistic_dppg,2026-04-06,0.8472805815953014,0.08786041300248518,0.06485900540221352
4036863,2026-04-11,VL,2026,1,Football Club International Turku,Ilves,60987,60745,2,1,H,g0_logistic_dppg,2026-04-06,0.6378003733356481,0.15722266847965377,0.20497695818469824
4036862,2026-04-11,VL,2026,1,Helsingin Jalkapalloklubin Liiga-HJK,Oulun edustusjalkapallo AC Oulu,60731,60493,0,1,A,g0_logistic_dppg,2026-04-06,0.4905390091600927,0.18643873470747002,0.3230222561324373
4038051,2026-04-11,M1L,2026,1,Ekenäs Idrottsförening,Jippo,60495,129811,1,2,A,g0_logistic_dppg,2026-04-06,0.3406850881716436,0.19964016750479577,0.4596747443235606
4036861,2026-04-11,VL,2026,1,Kuopion Palloseura,IF Gnistan,60756,60534,1,0,H,g0_logistic_dppg,2026-04-06,0.8472805815953014,0.08786041300248518,0.06485900540221352
4043001,2026-04-11,M1,2026,1,Rovaniemen Palloseura,Football Club International Turku,60973,60860,3,2,H,g0_logistic_dppg,2026-04-06,0.6378003733356481,0.15722266847965377,0.20497695818469824
4043000,2026-04-11,M1,2026,1,Tampereen Pallo-Veikot,KPV Juniorit,60704,60536,0,0,D,g0_logistic_dppg,2026-04-06,0.7594568776808223,0.12142309821721707,0.11912002410196075
4042999,2026-04-11,M1,2026,1,Salon Palloilijat,Jalkapalloseura Tampere United,60690,106945,2,0,H,g0_logistic_dppg,2026-04-06,0.2142189075320055,0.1935462691958555,0.5922348232721389
4038052,2026-04-11,M1L,2026,1,Pallokerho-35,Football Club Haka,50775,60561,0,0,D,g0_logistic_dppg,2026-04-06,0.4338235294117647,0.25735294117647056,0.3088235294117647
4038045,2026-04-06,M1L,2026,1,Jippo,Järvenpään Palloseura,129811,60676,0,0,D,poisson_plain,2026-04-06,0.5005931470200765,0.2538376574378343,0.24556919554208922
4038047,2026-04-06,M1L,2026,1,SJK Akatemia,Mikkelin Palloilijat,168874,60494,1,0,H,poisson_plain,2026-04-06,0.4097873126419316,0.22527607621161758,0.36493661114645093
4038046,2026-04-06,M1L,2026,1,Helsingin Jalkapalloklubi,Käpylän Pallo,60692,60487,1,2,A,poisson_plain,2026-04-06,0.6451720124479874,0.1656960285402535,0.18913195901175922
4038049,2026-04-10,M1L,2026,1,FC KTP Kotka,Mikkelin Palloilijat,60972,60494,1,0,H,poisson_plain,2026-04-06,0.4180811026110952,0.23694761870739542,0.34497127868150934
4038048,2026-04-10,M1L,2026,1,Järvenpään Palloseura,Helsingin Jalkapalloklubi,60676,60692,1,0,H,poisson_plain,2026-04-06,0.34425564008964704,0.22008743616445617,0.4356569237458969
4038050,2026-04-10,M1L,2026,1,Käpylän Pallo,SJK Akatemia,60487,168874,2,2,D,poisson_plain,2026-04-06,0.2948565012246749,0.19217911859334166,0.5129643801819834
4042996,2026-04-10,M1,2026,1,Kuopion Palloseura,JJK Jyväskylä,106331,144858,1,2,A,poisson_plain,2026-04-06,0.5015219213102166,0.2198504109081684,0.2786276677816151
4036860,2026-04-10,VL,2026,1,Vaasan Palloseura,Fotbollsföreningen JARO Jalkapalloseura,60901,60974,0,0,D,poisson_plain,2026-04-06,0.4003044988576693,0.27051015664792877,0.32918534449440207
4036859,2026-04-10,VL,2026,1,SEINÄJOEN JALKAPALLOKERHO,IFK Mariehamn Fotboll,60970,60759,3,0,H,poisson_plain,2026-04-06,0.69040511030131,0.1635691035411073,0.1460257861575827
4036858,2026-04-10,VL,2026,1,TPS Juniorijalkapallo,FC Lahti,60971,60969,2,1,H,poisson_plain,2026-04-06,0.23431388410301418,0.31283775514691287,0.45284836075007306
4042998,2026-04-11,M1,2026,1,FC Jazz Juniorit,Pallokerho Keski-Uusimaa,60521,60929,1,5,A,poisson_plain,2026-04-06,0.5312826194538224,0.2047680686255096,0.26394931192066806
4042997,2026-04-11,M1,2026,1,Oulun Luistinseura,Vantaan Jalkapalloseura,106449,63440,1,0,H,poisson_plain,2026-04-06,0.7772803360978747,0.12827617939252078,0.09444348450960448
4036863,2026-04-11,VL,2026,1,Football Club International Turku,Ilves,60987,60745,2,1,H,poisson_plain,2026-04-06,0.43485472138279546,0.24960431774257766,0.3155409608746269
4036862,2026-04-11,VL,2026,1,Helsingin Jalkapalloklubin Liiga-HJK,Oulun edustusjalkapallo AC Oulu,60731,60493,0,1,A,poisson_plain,2026-04-06,0.7069465077302031,0.15117022381000272,0.1418832684597941
4038051,2026-04-11,M1L,2026,1,Ekenäs Idrottsförening,Jippo,60495,129811,1,2,A,poisson_plain,2026-04-06,0.371846782467682,0.2630246319972923,0.3651285855350257
4036861,2026-04-11,VL,2026,1,Kuopion Palloseura,IF Gnistan,60756,60534,1,0,H,poisson_plain,2026-04-06,0.6810581610428165,0.17966277024623464,0.139279068710949
4043001,2026-04-11,M1,2026,1,Rovaniemen Palloseura,Football Club International Turku,60973,60860,3,2,H,poisson_plain,2026-04-06,0.45869128110869395,0.19453380597872083,0.3467749129125853
4043000,2026-04-11,M1,2026,1,Tampereen Pallo-Veikot,KPV Juniorit,60704,60536,0,0,D,poisson_plain,2026-04-06,0.5753495294901192,0.20526489733713013,0.21938557317275065
4042999,2026-04-11,M1,2026,1,Salon Palloilijat,Jalkapalloseura Tampere United,60690,106945,2,0,H,poisson_plain,2026-04-06,0.43287213094885685,0.2730979286117686,0.29402994043937447
4038052,2026-04-11,M1L,2026,1,Pallokerho-35,Football Club Haka,50775,60561,0,0,D,poisson_plain,2026-04-06,0.47974790044545923,0.2567869427221707,0.26346515683237
4038045,2026-04-06,M1L,2026,1,Jippo,Järvenpään Palloseura,129811,60676,0,0,D,dc_best,2026-04-06,0.47962163718635603,0.28110176063024206,0.23927660218340188
4038047,2026-04-06,M1L,2026,1,SJK Akatemia,Mikkelin Palloilijat,168874,60494,1,0,H,dc_best,2026-04-06,0.4020903659584203,0.23829551790969983,0.35961411613187994
4038046,2026-04-06,M1L,2026,1,Helsingin Jalkapalloklubi,Käpylän Pallo,60692,60487,1,2,A,dc_best,2026-04-06,0.5762498386614959,0.20089926017949433,0.22285090115900985
4038049,2026-04-10,M1L,2026,1,FC KTP Kotka,Mikkelin Palloilijat,60972,60494,1,0,H,dc_best,2026-04-06,0.4183974465492749,0.2487418176438769,0.3328607358068482
4038048,2026-04-10,M1L,2026,1,Järvenpään Palloseura,Helsingin Jalkapalloklubi,60676,60692,1,0,H,dc_best,2026-04-06,0.3811493995367293,0.25257624497029396,0.3662743554929768
4038050,2026-04-10,M1L,2026,1,Käpylän Pallo,SJK Akatemia,60487,168874,2,2,D,dc_best,2026-04-06,0.3278012309632986,0.21310511731881934,0.459093651717882
4042996,2026-04-10,M1,2026,1,Kuopion Palloseura,JJK Jyväskylä,106331,144858,1,2,A,dc_best,2026-04-06,0.4833980793605625,0.20436538561631273,0.3122365350231248
4036860,2026-04-10,VL,2026,1,Vaasan Palloseura,Fotbollsföreningen JARO Jalkapalloseura,60901,60974,0,0,D,dc_best,2026-04-06,0.3540991460673759,0.31837639541313484,0.3275244585194893
4036859,2026-04-10,VL,2026,1,SEINÄJOEN JALKAPALLOKERHO,IFK Mariehamn Fotboll,60970,60759,3,0,H,dc_best,2026-04-06,0.5715815617654939,0.21945330097841795,0.2089651372560881
4036858,2026-04-10,VL,2026,1,TPS Juniorijalkapallo,FC Lahti,60971,60969,2,1,H,dc_best,2026-04-06,0.20889172881578907,0.35137789040997214,0.43973038077423876
4042998,2026-04-11,M1,2026,1,FC Jazz Juniorit,Pallokerho Keski-Uusimaa,60521,60929,1,5,A,dc_best,2026-04-06,0.4562875836406289,0.21658429091486153,0.32712812544450964
4042997,2026-04-11,M1,2026,1,Oulun Luistinseura,Vantaan Jalkapalloseura,106449,63440,1,0,H,dc_best,2026-04-06,0.7891678589390175,0.12139146459105817,0.08944067646992442
4036863,2026-04-11,VL,2026,1,Football Club International Turku,Ilves,60987,60745,2,1,H,dc_best,2026-04-06,0.38972866453913985,0.2864054519887855,0.32386588347207473
4036862,2026-04-11,VL,2026,1,Helsingin Jalkapalloklubin Liiga-HJK,Oulun edustusjalkapallo AC Oulu,60731,60493,0,1,A,dc_best,2026-04-06,0.5730500366124728,0.20549693831352414,0.22145302507400302
4038051,2026-04-11,M1L,2026,1,Ekenäs Idrottsförening,Jippo,60495,129811,1,2,A,dc_best,2026-04-06,0.33281399197470757,0.26509436433375,0.4020916436915423
4036861,2026-04-11,VL,2026,1,Kuopion Palloseura,IF Gnistan,60756,60534,1,0,H,dc_best,2026-04-06,0.7318222533206368,0.1674250079484559,0.10075273873090743
4043001,2026-04-11,M1,2026,1,Rovaniemen Palloseura,Football Club International Turku,60973,60860,3,2,H,dc_best,2026-04-06,0.5725665763895988,0.17716390882620062,0.25026951478420056
4043000,2026-04-11,M1,2026,1,Tampereen Pallo-Veikot,KPV Juniorit,60704,60536,0,0,D,dc_best,2026-04-06,0.560982106091139,0.20496798919945447,0.23404990470940662
4042999,2026-04-11,M1,2026,1,Salon Palloilijat,Jalkapalloseura Tampere United,60690,106945,2,0,H,dc_best,2026-04-06,0.407733044945332,0.2668418279650114,0.32542512708965654
4038052,2026-04-11,M1L,2026,1,Pallokerho-35,Football Club Haka,50775,60561,0,0,D,dc_best,2026-04-06,0.49554393442030786,0.2506497561680575,0.2538063094116347
4057839,2026-04-17,M2,2026,3,Fotbollsföreningen JARO Jalkapalloseura,Idrottsföreningen Kraft,144364,60686,6,5,H,b0_base_rate,2026-04-13,0.5198776758409785,0.11926605504587157,0.36085626911314983
4057662,2026-04-17,M2,2026,1,HIFK Soccer,Union Plaani,49735,61723,5,1,H,b0_base_rate,2026-04-13,0.5198776758409785,0.11926605504587157,0.36085626911314983
4057660,2026-04-17,M2,2026,1,Pallo-Pojat Juniorit,Pepo Lappeenranta,48924,61010,1,1,D,b0_base_rate,2026-04-13,0.5198776758409785,0.11926605504587157,0.36085626911314983
4057750,2026-04-17,M2,2026,2,GrIFK - Fotboll,Espoon Palloseuran Jalkapallo,60549,62296,1,0,H,b0_base_rate,2026-04-13,0.5198776758409785,0.11926605504587157,0.36085626911314983
4057840,2026-04-17,M2,2026,3,FC Vaajakoski,SJK Akatemia,60496,131834,0,2,A,b0_base_rate,2026-04-13,0.5198776758409785,0.11926605504587157,0.36085626911314983
4057749,2026-04-17,M2,2026,2,Nurmijärven Jalkapalloseura,Hämeenlinnan Jalkapalloseura,60537,35121579,2,4,A,b0_base_rate,2026-04-13,0.5198776758409785,0.11926605504587157,0.36085626911314983
4057661,2026-04-18,M2,2026,1,Helsingin Palloseura,Puistolan Urheilijat,49949,49973,1,3,A,b0_base_rate,2026-04-13,0.5198776758409785,0.11926605504587157,0.36085626911314983
4057841,2026-04-18,M2,2026,3,Jalkapalloseura Hercules,Gamlakarleby Bollklubb,61004,60492,4,0,H,b0_base_rate,2026-04-13,0.5198776758409785,0.11926605504587157,0.36085626911314983
4057753,2026-04-18,M2,2026,2,Esbo Bollklubb,Ilves,63411,106905,2,2,D,b0_base_rate,2026-04-13,0.5198776758409785,0.11926605504587157,0.36085626911314983
4057751,2026-04-18,M2,2026,2,FC Honka,Idrottsföreningen Kamraterna i Åbo,62416,60996,1,1,D,b0_base_rate,2026-04-13,0.5198776758409785,0.11926605504587157,0.36085626911314983
4043004,2026-04-18,M1,2026,1,Pallokerho Keski-Uusimaa,Rovaniemen Palloseura,60929,60973,0,2,A,b0_base_rate,2026-04-13,0.5114942528735632,0.19540229885057472,0.29310344827586204
4057659,2026-04-18,M2,2026,1,Atlantis FC Edustus,MYPA,60702,129934,0,2,A,b0_base_rate,2026-04-13,0.5198776758409785,0.11926605504587157,0.36085626911314983
4043003,2026-04-18,M1,2026,1,Vantaan Jalkapalloseura,Salon Palloilijat,63440,60690,1,1,D,b0_base_rate,2026-04-13,0.5114942528735632,0.19540229885057472,0.29310344827586204
4043005,2026-04-18,M1,2026,1,Jalkapalloseura Tampere United,Kuopion Palloseura,106945,106331,4,0,H,b0_base_rate,2026-04-13,0.5114942528735632,0.19540229885057472,0.29310344827586204
4038053,2026-04-18,M1L,2026,1,Jippo,FC KTP Kotka,129811,60972,0,0,D,b0_base_rate,2026-04-13,0.4305555555555556,0.2638888888888889,0.3055555555555556
4057752,2026-04-18,M2,2026,2,Pallo-Iirot,Musan Salama,107307,60696,4,0,H,b0_base_rate,2026-04-13,0.5198776758409785,0.11926605504587157,0.36085626911314983
4043002,2026-04-18,M1,2026,1,JJK Jyväskylä,Tampereen Pallo-Veikot,144858,60704,2,1,H,b0_base_rate,2026-04-13,0.5114942528735632,0.19540229885057472,0.29310344827586204
4036869,2026-04-18,VL,2026,1,IFK Mariehamn Fotboll,Ilves,60759,60745,2,2,D,b0_base_rate,2026-04-13,0.4074074074074074,0.2275132275132275,0.36507936507936506
4036864,2026-04-18,VL,2026,1,IF Gnistan,Helsingin Jalkapalloklubin Liiga-HJK,60534,60731,0,3,A,b0_base_rate,2026-04-13,0.4074074074074074,0.2275132275132275,0.36507936507936506
4036865,2026-04-18,VL,2026,1,Fotbollsföreningen JARO Jalkapalloseura,Kuopion Palloseura,60974,60756,1,1,D,b0_base_rate,2026-04-13,0.4074074074074074,0.2275132275132275,0.36507936507936506
4036867,2026-04-18,VL,2026,1,TPS Juniorijalkapallo,SEINÄJOEN JALKAPALLOKERHO,60971,60970,2,0,H,b0_base_rate,2026-04-13,0.4074074074074074,0.2275132275132275,0.36507936507936506
4036866,2026-04-18,VL,2026,1,FC Lahti,Football Club International Turku,60969,60987,0,2,A,b0_base_rate,2026-04-13,0.4074074074074074,0.2275132275132275,0.36507936507936506
4036868,2026-04-18,VL,2026,1,Oulun edustusjalkapallo AC Oulu,Vaasan Palloseura,60493,60901,1,0,H,b0_base_rate,2026-04-13,0.4074074074074074,0.2275132275132275,0.36507936507936506
4043006,2026-04-19,M1,2026,1,Football Club International Turku,Oulun Luistinseura,60860,106449,1,1,D,b0_base_rate,2026-04-13,0.5114942528735632,0.19540229885057472,0.29310344827586204
4038055,2026-04-19,M1L,2026,1,Ekenäs Idrottsförening,Helsingin Jalkapalloklubi,60495,60692,2,1,H,b0_base_rate,2026-04-13,0.4305555555555556,0.2638888888888889,0.3055555555555556
4038054,2026-04-19,M1L,2026,1,Mikkelin Palloilijat,Käpylän Pallo,60494,60487,0,1,A,b0_base_rate,2026-04-13,0.4305555555555556,0.2638888888888889,0.3055555555555556
4038056,2026-04-19,M1L,2026,1,SJK Akatemia,Pallokerho-35,168874,50775,0,1,A,b0_base_rate,2026-04-13,0.4305555555555556,0.2638888888888889,0.3055555555555556
4057843,2026-04-19,M2,2026,3,Jakobstads Bollklubb,Äänekosken Huima,61766,35117343,2,0,H,b0_base_rate,2026-04-13,0.5198776758409785,0.11926605504587157,0.36085626911314983
4057663,2026-04-19,M2,2026,1,Lahden Reipas,Football Club Kiffen 08,61562,60554,3,2,H,b0_base_rate,2026-04-13,0.5198776758409785,0.11926605504587157,0.36085626911314983
4057842,2026-04-19,M2,2026,3,Vaasan Palloseura,Tornion Pallo-47,169909,60666,1,1,D,b0_base_rate,2026-04-13,0.5198776758409785,0.11926605504587157,0.36085626911314983
4057839,2026-04-17,M2,2026,3,Fotbollsföreningen JARO Jalkapalloseura,Idrottsföreningen Kraft,144364,60686,6,5,H,g0_logistic_dppg,2026-04-13,0.5198776758409785,0.11926605504587157,0.36085626911314983
4057662,2026-04-17,M2,2026,1,HIFK Soccer,Union Plaani,49735,61723,5,1,H,g0_logistic_dppg,2026-04-13,0.5198776758409785,0.11926605504587157,0.36085626911314983
4057660,2026-04-17,M2,2026,1,Pallo-Pojat Juniorit,Pepo Lappeenranta,48924,61010,1,1,D,g0_logistic_dppg,2026-04-13,0.5198776758409785,0.11926605504587157,0.36085626911314983
4057750,2026-04-17,M2,2026,2,GrIFK - Fotboll,Espoon Palloseuran Jalkapallo,60549,62296,1,0,H,g0_logistic_dppg,2026-04-13,0.5198776758409785,0.11926605504587157,0.36085626911314983
4057840,2026-04-17,M2,2026,3,FC Vaajakoski,SJK Akatemia,60496,131834,0,2,A,g0_logistic_dppg,2026-04-13,0.5198776758409785,0.11926605504587157,0.36085626911314983
4057749,2026-04-17,M2,2026,2,Nurmijärven Jalkapalloseura,Hämeenlinnan Jalkapalloseura,60537,35121579,2,4,A,g0_logistic_dppg,2026-04-13,0.5198776758409785,0.11926605504587157,0.36085626911314983
4057661,2026-04-18,M2,2026,1,Helsingin Palloseura,Puistolan Urheilijat,49949,49973,1,3,A,g0_logistic_dppg,2026-04-13,0.5198776758409785,0.11926605504587157,0.36085626911314983
4057841,2026-04-18,M2,2026,3,Jalkapalloseura Hercules,Gamlakarleby Bollklubb,61004,60492,4,0,H,g0_logistic_dppg,2026-04-13,0.5198776758409785,0.11926605504587157,0.36085626911314983
4057753,2026-04-18,M2,2026,2,Esbo Bollklubb,Ilves,63411,106905,2,2,D,g0_logistic_dppg,2026-04-13,0.5198776758409785,0.11926605504587157,0.36085626911314983
4057751,2026-04-18,M2,2026,2,FC Honka,Idrottsföreningen Kamraterna i Åbo,62416,60996,1,1,D,g0_logistic_dppg,2026-04-13,0.5198776758409785,0.11926605504587157,0.36085626911314983
4043004,2026-04-18,M1,2026,1,Pallokerho Keski-Uusimaa,Rovaniemen Palloseura,60929,60973,0,2,A,g0_logistic_dppg,2026-04-13,0.49140609892917425,0.18742876735792244,0.32116513371290334
4057659,2026-04-18,M2,2026,1,Atlantis FC Edustus,MYPA,60702,129934,0,2,A,g0_logistic_dppg,2026-04-13,0.5198776758409785,0.11926605504587157,0.36085626911314983
4043003,2026-04-18,M1,2026,1,Vantaan Jalkapalloseura,Salon Palloilijat,63440,60690,1,1,D,g0_logistic_dppg,2026-04-13,0.21883509969633072,0.18652269150750958,0.5946422087961597
4043005,2026-04-18,M1,2026,1,Jalkapalloseura Tampere United,Kuopion Palloseura,106945,106331,4,0,H,g0_logistic_dppg,2026-04-13,0.6977656907017459,0.14560995870773885,0.15662435059051533
4038053,2026-04-18,M1L,2026,1,Jippo,FC KTP Kotka,129811,60972,0,0,D,g0_logistic_dppg,2026-04-13,0.34449348728879964,0.19642023011607937,0.459086282595121
4057752,2026-04-18,M2,2026,2,Pallo-Iirot,Musan Salama,107307,60696,4,0,H,g0_logistic_dppg,2026-04-13,0.5198776758409785,0.11926605504587157,0.36085626911314983
4043002,2026-04-18,M1,2026,1,JJK Jyväskylä,Tampereen Pallo-Veikot,144858,60704,2,1,H,g0_logistic_dppg,2026-04-13,0.6346507119273354,0.16192763966138846,0.20342164841127622
4036869,2026-04-18,VL,2026,1,IFK Mariehamn Fotboll,Ilves,60759,60745,2,2,D,g0_logistic_dppg,2026-04-13,0.5650840698616634,0.17628039893879557,0.2586355311995411
4036864,2026-04-18,VL,2026,1,IF Gnistan,Helsingin Jalkapalloklubin Liiga-HJK,60534,60731,0,3,A,g0_logistic_dppg,2026-04-13,0.27777253580893274,0.1936418617982193,0.528585602392848
4036865,2026-04-18,VL,2026,1,Fotbollsföreningen JARO Jalkapalloseura,Kuopion Palloseura,60974,60756,1,1,D,g0_logistic_dppg,2026-04-13,0.1688533009709517,0.17596609408646202,0.6551806049425863
4036867,2026-04-18,VL,2026,1,TPS Juniorijalkapallo,SEINÄJOEN JALKAPALLOKERHO,60971,60970,2,0,H,g0_logistic_dppg,2026-04-13,0.5650840698616634,0.17628039893879557,0.2586355311995411
4036866,2026-04-18,VL,2026,1,FC Lahti,Football Club International Turku,60969,60987,0,2,A,g0_logistic_dppg,2026-04-13,0.41673731107148915,0.19434028637195866,0.38892240255655225
4036868,2026-04-18,VL,2026,1,Oulun edustusjalkapallo AC Oulu,Vaasan Palloseura,60493,60901,1,0,H,g0_logistic_dppg,2026-04-13,0.7530846169654443,0.12853473233255552,0.1183806507020002
4043006,2026-04-19,M1,2026,1,Football Club International Turku,Oulun Luistinseura,60860,106449,1,1,D,g0_logistic_dppg,2026-04-13,0.12796142537719285,0.16304341170434214,0.7089951629184651
4038055,2026-04-19,M1L,2026,1,Ekenäs Idrottsförening,Helsingin Jalkapalloklubi,60495,60692,2,1,H,g0_logistic_dppg,2026-04-13,0.49140609892917425,0.18742876735792244,0.32116513371290334
4038054,2026-04-19,M1L,2026,1,Mikkelin Palloilijat,Käpylän Pallo,60494,60487,0,1,A,g0_logistic_dppg,2026-04-13,0.21883509969633072,0.18652269150750958,0.5946422087961597
4038056,2026-04-19,M1L,2026,1,SJK Akatemia,Pallokerho-35,168874,50775,0,1,A,g0_logistic_dppg,2026-04-13,0.49140609892917425,0.18742876735792244,0.32116513371290334
4057843,2026-04-19,M2,2026,3,Jakobstads Bollklubb,Äänekosken Huima,61766,35117343,2,0,H,g0_logistic_dppg,2026-04-13,0.5198776758409785,0.11926605504587157,0.36085626911314983
4057663,2026-04-19,M2,2026,1,Lahden Reipas,Football Club Kiffen 08,61562,60554,3,2,H,g0_logistic_dppg,2026-04-13,0.5198776758409785,0.11926605504587157,0.36085626911314983
4057842,2026-04-19,M2,2026,3,Vaasan Palloseura,Tornion Pallo-47,169909,60666,1,1,D,g0_logistic_dppg,2026-04-13,0.5198776758409785,0.11926605504587157,0.36085626911314983
4057839,2026-04-17,M2,2026,3,Fotbollsföreningen JARO Jalkapalloseura,Idrottsföreningen Kraft,144364,60686,6,5,H,poisson_plain,2026-04-13,0.6158663327274929,0.1902662431014184,0.1938674241710887
4057662,2026-04-17,M2,2026,1,HIFK Soccer,Union Plaani,49735,61723,5,1,H,poisson_plain,2026-04-13,0.5037458736086458,0.20622778293125393,0.2900263434601004
4057660,2026-04-17,M2,2026,1,Pallo-Pojat Juniorit,Pepo Lappeenranta,48924,61010,1,1,D,poisson_plain,2026-04-13,0.47582487368524307,0.22059458396903814,0.30358054234571874
4057750,2026-04-17,M2,2026,2,GrIFK - Fotboll,Espoon Palloseuran Jalkapallo,60549,62296,1,0,H,poisson_plain,2026-04-13,0.49456327667986627,0.20946466216473947,0.2959720611553942
4057840,2026-04-17,M2,2026,3,FC Vaajakoski,SJK Akatemia,60496,131834,0,2,A,poisson_plain,2026-04-13,0.41590365244924477,0.18306676489379425,0.40102958265696104
4057749,2026-04-17,M2,2026,2,Nurmijärven Jalkapalloseura,Hämeenlinnan Jalkapalloseura,60537,35121579,2,4,A,poisson_plain,2026-04-13,0.24043125775878046,0.2117294339751824,0.5478393082660372
4057661,2026-04-18,M2,2026,1,Helsingin Palloseura,Puistolan Urheilijat,49949,49973,1,3,A,poisson_plain,2026-04-13,0.3595248252904246,0.27304796856487007,0.3674272061447052
4057841,2026-04-18,M2,2026,3,Jalkapalloseura Hercules,Gamlakarleby Bollklubb,61004,60492,4,0,H,poisson_plain,2026-04-13,0.17862878784543826,0.17301590389746693,0.6483553082570949
4057753,2026-04-18,M2,2026,2,Esbo Bollklubb,Ilves,63411,106905,2,2,D,poisson_plain,2026-04-13,0.2350656708320934,0.191852850779524,0.5730814783883826
4057751,2026-04-18,M2,2026,2,FC Honka,Idrottsföreningen Kamraterna i Åbo,62416,60996,1,1,D,poisson_plain,2026-04-13,0.9156899134406534,0.0565562616267835,0.02775382493256309
4043004,2026-04-18,M1,2026,1,Pallokerho Keski-Uusimaa,Rovaniemen Palloseura,60929,60973,0,2,A,poisson_plain,2026-04-13,0.5393190104113955,0.20129928102690242,0.2593817085617021
4057659,2026-04-18,M2,2026,1,Atlantis FC Edustus,MYPA,60702,129934,0,2,A,poisson_plain,2026-04-13,0.5857663710385711,0.16902068165667883,0.24521294730475013
4043003,2026-04-18,M1,2026,1,Vantaan Jalkapalloseura,Salon Palloilijat,63440,60690,1,1,D,poisson_plain,2026-04-13,0.28782362292450003,0.3025616115613218,0.40961476551417825
4043005,2026-04-18,M1,2026,1,Jalkapalloseura Tampere United,Kuopion Palloseura,106945,106331,4,0,H,poisson_plain,2026-04-13,0.424947609521686,0.23097993947005324,0.3440724510082607
4038053,2026-04-18,M1L,2026,1,Jippo,FC KTP Kotka,129811,60972,0,0,D,poisson_plain,2026-04-13,0.3527300511370292,0.3269639433495705,0.3203060055134003
4057752,2026-04-18,M2,2026,2,Pallo-Iirot,Musan Salama,107307,60696,4,0,H,poisson_plain,2026-04-13,0.4542123715999964,0.22297503923012282,0.3228125891698807
4043002,2026-04-18,M1,2026,1,JJK Jyväskylä,Tampereen Pallo-Veikot,144858,60704,2,1,H,poisson_plain,2026-04-13,0.3726460828704871,0.28303628959536303,0.34431762753414996
4036869,2026-04-18,VL,2026,1,IFK Mariehamn Fotboll,Ilves,60759,60745,2,2,D,poisson_plain,2026-04-13,0.12732627771406047,0.15900096444075626,0.7136727578451834
4036864,2026-04-18,VL,2026,1,IF Gnistan,Helsingin Jalkapalloklubin Liiga-HJK,60534,60731,0,3,A,poisson_plain,2026-04-13,0.17918393205557898,0.1680019031456843,0.6528141647987367
4036865,2026-04-18,VL,2026,1,Fotbollsföreningen JARO Jalkapalloseura,Kuopion Palloseura,60974,60756,1,1,D,poisson_plain,2026-04-13,0.13282740704973284,0.20905978514109014,0.658112807809177
4036867,2026-04-18,VL,2026,1,TPS Juniorijalkapallo,SEINÄJOEN JALKAPALLOKERHO,60971,60970,2,0,H,poisson_plain,2026-04-13,0.27817211313537377,0.2211795339334283,0.500648352931198
4036866,2026-04-18,VL,2026,1,FC Lahti,Football Club International Turku,60969,60987,0,2,A,poisson_plain,2026-04-13,0.18188735645772747,0.2583223396127005,0.5597903039295721
4036868,2026-04-18,VL,2026,1,Oulun edustusjalkapallo AC Oulu,Vaasan Palloseura,60493,60901,1,0,H,poisson_plain,2026-04-13,0.3331255185520645,0.25358754310501247,0.413286938342923
4043006,2026-04-19,M1,2026,1,Football Club International Turku,Oulun Luistinseura,60860,106449,1,1,D,poisson_plain,2026-04-13,0.32657143862673527,0.19228539384774146,0.4811431675255233
4038055,2026-04-19,M1L,2026,1,Ekenäs Idrottsförening,Helsingin Jalkapalloklubi,60495,60692,2,1,H,poisson_plain,2026-04-13,0.441434753455735,0.21734222051949154,0.3412230260247735
4038054,2026-04-19,M1L,2026,1,Mikkelin Palloilijat,Käpylän Pallo,60494,60487,0,1,A,poisson_plain,2026-04-13,0.3567982045719552,0.28867952837075495,0.35452226705728984
4038056,2026-04-19,M1L,2026,1,SJK Akatemia,Pallokerho-35,168874,50775,0,1,A,poisson_plain,2026-04-13,0.31188725024172415,0.253561010626329,0.4345517391319469
4057843,2026-04-19,M2,2026,3,Jakobstads Bollklubb,Äänekosken Huima,61766,35117343,2,0,H,poisson_plain,2026-04-13,0.5699201964649305,0.22726445989873234,0.20281534363633713
4057663,2026-04-19,M2,2026,1,Lahden Reipas,Football Club Kiffen 08,61562,60554,3,2,H,poisson_plain,2026-04-13,0.5495776704909706,0.17804135948496874,0.27238097002406075
4057842,2026-04-19,M2,2026,3,Vaasan Palloseura,Tornion Pallo-47,169909,60666,1,1,D,poisson_plain,2026-04-13,0.9337450536454719,0.04189241921282346,0.024362527141704615
4057839,2026-04-17,M2,2026,3,Fotbollsföreningen JARO Jalkapalloseura,Idrottsföreningen Kraft,144364,60686,6,5,H,dc_best,2026-04-13,0.6176933372226107,0.17533708487380886,0.20696957790358056
4057662,2026-04-17,M2,2026,1,HIFK Soccer,Union Plaani,49735,61723,5,1,H,dc_best,2026-04-13,0.5239003519692452,0.18822329919203967,0.28787634883871516
4057660,2026-04-17,M2,2026,1,Pallo-Pojat Juniorit,Pepo Lappeenranta,48924,61010,1,1,D,dc_best,2026-04-13,0.5098286894113426,0.20236052551976755,0.2878107850688899
4057750,2026-04-17,M2,2026,2,GrIFK - Fotboll,Espoon Palloseuran Jalkapallo,60549,62296,1,0,H,dc_best,2026-04-13,0.498269334266341,0.19399253088919124,0.30773813484446777
4057840,2026-04-17,M2,2026,3,FC Vaajakoski,SJK Akatemia,60496,131834,0,2,A,dc_best,2026-04-13,0.4473393675080343,0.17872854159894064,0.37393209089302504
4057749,2026-04-17,M2,2026,2,Nurmijärven Jalkapalloseura,Hämeenlinnan Jalkapalloseura,60537,35121579,2,4,A,dc_best,2026-04-13,0.30883996884585996,0.20642140936411246,0.4847386217900276
4057661,2026-04-18,M2,2026,1,Helsingin Palloseura,Puistolan Urheilijat,49949,49973,1,3,A,dc_best,2026-04-13,0.4061358020410468,0.23766265133006145,0.3562015466288918
4057841,2026-04-18,M2,2026,3,Jalkapalloseura Hercules,Gamlakarleby Bollklubb,61004,60492,4,0,H,dc_best,2026-04-13,0.18072049506743684,0.16262012248929988,0.6566593824432633
4057753,2026-04-18,M2,2026,2,Esbo Bollklubb,Ilves,63411,106905,2,2,D,dc_best,2026-04-13,0.26683740974270753,0.18264385190743368,0.5505187383498588
4057751,2026-04-18,M2,2026,2,FC Honka,Idrottsföreningen Kamraterna i Åbo,62416,60996,1,1,D,dc_best,2026-04-13,0.8899608097347018,0.06659870625938032,0.04344048400591772
4043004,2026-04-18,M1,2026,1,Pallokerho Keski-Uusimaa,Rovaniemen Palloseura,60929,60973,0,2,A,dc_best,2026-04-13,0.4895743260757785,0.21298954838345768,0.2974361255407638
4057659,2026-04-18,M2,2026,1,Atlantis FC Edustus,MYPA,60702,129934,0,2,A,dc_best,2026-04-13,0.6394164239107191,0.15163308051476992,0.208950495574511
4043003,2026-04-18,M1,2026,1,Vantaan Jalkapalloseura,Salon Palloilijat,63440,60690,1,1,D,dc_best,2026-04-13,0.2417714975899465,0.29693102791833564,0.4612974744917179
4043005,2026-04-18,M1,2026,1,Jalkapalloseura Tampere United,Kuopion Palloseura,106945,106331,4,0,H,dc_best,2026-04-13,0.43225841146648547,0.2320123398637523,0.3357292486697622
4038053,2026-04-18,M1L,2026,1,Jippo,FC KTP Kotka,129811,60972,0,0,D,dc_best,2026-04-13,0.3651768166790654,0.3396881103169782,0.29513507300395636
4057752,2026-04-18,M2,2026,2,Pallo-Iirot,Musan Salama,107307,60696,4,0,H,dc_best,2026-04-13,0.43071574766937526,0.20570441458440494,0.3635798377462198
4043002,2026-04-18,M1,2026,1,JJK Jyväskylä,Tampereen Pallo-Veikot,144858,60704,2,1,H,dc_best,2026-04-13,0.3656657717463993,0.26848919576512154,0.3658450324884792
4036869,2026-04-18,VL,2026,1,IFK Mariehamn Fotboll,Ilves,60759,60745,2,2,D,dc_best,2026-04-13,0.16689029686595833,0.18622207064373356,0.6468876324903081
4036864,2026-04-18,VL,2026,1,IF Gnistan,Helsingin Jalkapalloklubin Liiga-HJK,60534,60731,0,3,A,dc_best,2026-04-13,0.16314868581170064,0.17189295825598633,0.6649583559323131
4036865,2026-04-18,VL,2026,1,Fotbollsföreningen JARO Jalkapalloseura,Kuopion Palloseura,60974,60756,1,1,D,dc_best,2026-04-13,0.12622360200937613,0.2214248302881881,0.6523515677024359
4036867,2026-04-18,VL,2026,1,TPS Juniorijalkapallo,SEINÄJOEN JALKAPALLOKERHO,60971,60970,2,0,H,dc_best,2026-04-13,0.2944577756978191,0.23021792903975102,0.47532429526242986
4036866,2026-04-18,VL,2026,1,FC Lahti,Football Club International Turku,60969,60987,0,2,A,dc_best,2026-04-13,0.20809984375923252,0.2821545863293371,0.5097455699114304
4036868,2026-04-18,VL,2026,1,Oulun edustusjalkapallo AC Oulu,Vaasan Palloseura,60493,60901,1,0,H,dc_best,2026-04-13,0.41982316915275764,0.28647498226488377,0.2937018485823586
4043006,2026-04-19,M1,2026,1,Football Club International Turku,Oulun Luistinseura,60860,106449,1,1,D,dc_best,2026-04-13,0.2164629667153318,0.17329065038302455,0.6102463829016437
4038055,2026-04-19,M1L,2026,1,Ekenäs Idrottsförening,Helsingin Jalkapalloklubi,60495,60692,2,1,H,dc_best,2026-04-13,0.4617305161794944,0.21947920188955827,0.3187902819309474
4038054,2026-04-19,M1L,2026,1,Mikkelin Palloilijat,Käpylän Pallo,60494,60487,0,1,A,dc_best,2026-04-13,0.3263281476959121,0.29471424423880255,0.37895760806528533
4038056,2026-04-19,M1L,2026,1,SJK Akatemia,Pallokerho-35,168874,50775,0,1,A,dc_best,2026-04-13,0.319347374688133,0.25075267122857936,0.4298999540832876
4057843,2026-04-19,M2,2026,3,Jakobstads Bollklubb,Äänekosken Huima,61766,35117343,2,0,H,dc_best,2026-04-13,0.5916067418987365,0.19903457391476834,0.2093586841864952
4057663,2026-04-19,M2,2026,1,Lahden Reipas,Football Club Kiffen 08,61562,60554,3,2,H,dc_best,2026-04-13,0.6245486832331547,0.1545240778367735,0.2209272389300717
4057842,2026-04-19,M2,2026,3,Vaasan Palloseura,Tornion Pallo-47,169909,60666,1,1,D,dc_best,2026-04-13,0.9408471070179543,0.03630645233256644,0.022846440649479355
4043007,2026-04-20,M1,2026,1,KPV Juniorit,FC Jazz Juniorit,60536,60521,0,2,A,b0_base_rate,2026-04-20,0.5083798882681564,0.2011173184357542,0.2905027932960894
4038057,2026-04-21,M1L,2026,1,Football Club Haka,Järvenpään Palloseura,60561,60676,5,0,H,b0_base_rate,2026-04-20,0.42567567567567566,0.2635135135135135,0.3108108108108108
4057844,2026-04-22,M2,2026,3,SJK Akatemia,Fotbollsföreningen JARO Jalkapalloseura,131834,144364,3,4,A,b0_base_rate,2026-04-20,0.5175438596491229,0.12573099415204678,0.3567251461988304
4036930,2026-04-22,VL,2026,1,Kuopion Palloseura,Oulun edustusjalkapallo AC Oulu,60756,60493,3,2,H,b0_base_rate,2026-04-20,0.40512820512820513,0.23076923076923078,0.3641025641025641
4038058,2026-04-24,M1L,2026,1,Pallokerho-35,FC KTP Kotka,50775,60972,0,1,A,b0_base_rate,2026-04-20,0.42567567567567566,0.2635135135135135,0.3108108108108108
4043008,2026-04-24,M1,2026,1,Kuopion Palloseura,Tampereen Pallo-Veikot,106331,60704,3,0,H,b0_base_rate,2026-04-20,0.5083798882681564,0.2011173184357542,0.2905027932960894
4043010,2026-04-24,M1,2026,1,Jalkapalloseura Tampere United,Vantaan Jalkapalloseura,106945,63440,0,4,A,b0_base_rate,2026-04-20,0.5083798882681564,0.2011173184357542,0.2905027932960894
4043009,2026-04-24,M1,2026,1,Salon Palloilijat,Football Club International Turku,60690,60860,2,3,A,b0_base_rate,2026-04-20,0.5083798882681564,0.2011173184357542,0.2905027932960894
4038186,2026-04-24,NL,2026,1,PK-35 Vantaa,IF Gnistan,60671,35209545,2,3,A,b0_base_rate,2026-04-20,0.5319148936170213,0.1276595744680851,0.3404255319148936
4036871,2026-04-24,VL,2026,1,Vaasan Palloseura,Ilves,60901,60745,3,2,H,b0_base_rate,2026-04-20,0.40512820512820513,0.23076923076923078,0.3641025641025641
4036870,2026-04-24,VL,2026,1,TPS Juniorijalkapallo,IF Gnistan,60971,60534,1,1,D,b0_base_rate,2026-04-20,0.40512820512820513,0.23076923076923078,0.3641025641025641
4057758,2026-04-24,M2,2026,2,Nurmijärven Jalkapalloseura,GrIFK - Fotboll,60537,60549,0,1,A,b0_base_rate,2026-04-20,0.5175438596491229,0.12573099415204678,0.3567251461988304
4038059,2026-04-24,M1L,2026,1,Helsingin Jalkapalloklubi,Mikkelin Palloilijat,60692,60494,0,1,A,b0_base_rate,2026-04-20,0.42567567567567566,0.2635135135135135,0.3108108108108108
4057755,2026-04-24,M2,2026,2,Musan Salama,FC Honka,60696,62416,0,6,A,b0_base_rate,2026-04-20,0.5175438596491229,0.12573099415204678,0.3567251461988304
4057664,2026-04-24,M2,2026,1,Lahden Reipas,Helsingin Palloseura,61562,49949,2,2,D,b0_base_rate,2026-04-20,0.5175438596491229,0.12573099415204678,0.3567251461988304
4057754,2026-04-24,M2,2026,2,Idrottsföreningen Kamraterna i Åbo,Esbo Bollklubb,60996,63411,3,0,H,b0_base_rate,2026-04-20,0.5175438596491229,0.12573099415204678,0.3567251461988304
4036872,2026-04-24,VL,2026,1,SEINÄJOEN JALKAPALLOKERHO,Fotbollsföreningen JARO Jalkapalloseura,60970,60974,1,1,D,b0_base_rate,2026-04-20,0.40512820512820513,0.23076923076923078,0.3641025641025641
4038189,2026-04-25,NL,2026,1,Idrottsföreningen Kamraterna Vasa,Kuopion Palloseura,60691,157420,1,2,A,b0_base_rate,2026-04-20,0.5319148936170213,0.1276595744680851,0.3404255319148936
4057847,2026-04-25,M2,2026,3,Idrottsföreningen Kraft,Jakobstads Bollklubb,60686,61766,0,1,A,b0_base_rate,2026-04-20,0.5175438596491229,0.12573099415204678,0.3567251461988304
4038187,2026-04-25,NL,2026,1,Helsingin Palloseura,Åland United,60781,60532,1,0,H,b0_base_rate,2026-04-20,0.5319148936170213,0.1276595744680851,0.3404255319148936
4057846,2026-04-25,M2,2026,3,Gamlakarleby Bollklubb,Tornion Pallo-47,60492,60666,0,2,A,b0_base_rate,2026-04-20,0.5175438596491229,0.12573099415204678,0.3567251461988304
4057845,2026-04-25,M2,2026,3,Äänekosken Huima,Vaasan Palloseura,35117343,169909,4,4,D,b0_base_rate,2026-04-20,0.5175438596491229,0.12573099415204678,0.3567251461988304
4043013,2026-04-25,M1,2026,1,Rovaniemen Palloseura,KPV Juniorit,60973,60536,7,0,H,b0_base_rate,2026-04-20,0.5083798882681564,0.2011173184357542,0.2905027932960894
4057756,2026-04-25,M2,2026,2,Espoon Palloseuran Jalkapallo,Ilves,62296,106905,1,1,D,b0_base_rate,2026-04-20,0.5175438596491229,0.12573099415204678,0.3567251461988304
4057665,2026-04-25,M2,2026,1,MYPA,HIFK Soccer,129934,49735,0,1,A,b0_base_rate,2026-04-20,0.5175438596491229,0.12573099415204678,0.3567251461988304
4057666,2026-04-25,M2,2026,1,Pepo Lappeenranta,Atlantis FC Edustus,61010,60702,4,1,H,b0_base_rate,2026-04-20,0.5175438596491229,0.12573099415204678,0.3567251461988304
4057668,2026-04-25,M2,2026,1,Football Club Kiffen 08,Pallo-Pojat Juniorit,60554,48924,0,4,A,b0_base_rate,2026-04-20,0.5175438596491229,0.12573099415204678,0.3567251461988304
4057667,2026-04-25,M2,2026,1,Puistolan Urheilijat,Union Plaani,49973,61723,3,1,H,b0_base_rate,2026-04-20,0.5175438596491229,0.12573099415204678,0.3567251461988304
4057848,2026-04-25,M2,2026,3,FC Vaajakoski,Jalkapalloseura Hercules,60496,61004,3,5,A,b0_base_rate,2026-04-20,0.5175438596491229,0.12573099415204678,0.3567251461988304
4043011,2026-04-25,M1,2026,1,Oulun Luistinseura,Pallokerho Keski-Uusimaa,106449,60929,2,0,H,b0_base_rate,2026-04-20,0.5083798882681564,0.2011173184357542,0.2905027932960894
4043012,2026-04-25,M1,2026,1,FC Jazz Juniorit,JJK Jyväskylä,60521,144858,0,2,A,b0_base_rate,2026-04-20,0.5083798882681564,0.2011173184357542,0.2905027932960894
4038188,2026-04-25,NL,2026,1,Helsingin Jalkapalloklubi,Ilves,60682,60776,2,1,H,b0_base_rate,2026-04-20,0.5319148936170213,0.1276595744680851,0.3404255319148936
4057757,2026-04-25,M2,2026,2,Hämeenlinnan Jalkapalloseura,Pallo-Iirot,35121579,107307,2,0,H,b0_base_rate,2026-04-20,0.5175438596491229,0.12573099415204678,0.3567251461988304
4036873,2026-04-25,VL,2026,1,FC Lahti,Oulun edustusjalkapallo AC Oulu,60969,60493,2,1,H,b0_base_rate,2026-04-20,0.40512820512820513,0.23076923076923078,0.3641025641025641
4038062,2026-04-25,M1L,2026,1,Football Club Haka,Käpylän Pallo,60561,60487,2,2,D,b0_base_rate,2026-04-20,0.42567567567567566,0.2635135135135135,0.3108108108108108
4036874,2026-04-25,VL,2026,1,Football Club International Turku,IFK Mariehamn Fotboll,60987,60759,1,0,H,b0_base_rate,2026-04-20,0.40512820512820513,0.23076923076923078,0.3641025641025641
4038060,2026-04-25,M1L,2026,1,Jippo,SJK Akatemia,129811,168874,1,0,H,b0_base_rate,2026-04-20,0.42567567567567566,0.2635135135135135,0.3108108108108108
4038061,2026-04-25,M1L,2026,1,Järvenpään Palloseura,Ekenäs Idrottsförening,60676,60495,3,0,H,b0_base_rate,2026-04-20,0.42567567567567566,0.2635135135135135,0.3108108108108108
4036875,2026-04-26,VL,2026,1,Kuopion Palloseura,Helsingin Jalkapalloklubin Liiga-HJK,60756,60731,1,1,D,b0_base_rate,2026-04-20,0.40512820512820513,0.23076923076923078,0.3641025641025641
4043007,2026-04-20,M1,2026,1,KPV Juniorit,FC Jazz Juniorit,60536,60521,0,2,A,g0_logistic_dppg,2026-04-20,0.6376920463793546,0.15744546888958952,0.2048624847310558
4038057,2026-04-21,M1L,2026,1,Football Club Haka,Järvenpään Palloseura,60561,60676,5,0,H,g0_logistic_dppg,2026-04-20,0.3384928011250478,0.20598900755226662,0.4555181913226856
4057844,2026-04-22,M2,2026,3,SJK Akatemia,Fotbollsföreningen JARO Jalkapalloseura,131834,144364,3,4,A,g0_logistic_dppg,2026-04-20,0.488965777156238,0.18953322446595477,0.32150099837780727
4036930,2026-04-22,VL,2026,1,Kuopion Palloseura,Oulun edustusjalkapallo AC Oulu,60756,60493,3,2,H,g0_logistic_dppg,2026-04-20,0.3870693184549761,0.2026690581197951,0.4102616234252288
4038058,2026-04-24,M1L,2026,1,Pallokerho-35,FC KTP Kotka,50775,60972,0,1,A,g0_logistic_dppg,2026-04-20,0.5401375115763054,0.1801421408380229,0.2797203475856717
4043008,2026-04-24,M1,2026,1,Kuopion Palloseura,Tampereen Pallo-Veikot,106331,60704,3,0,H,g0_logistic_dppg,2026-04-20,0.2927504414456454,0.2070561211829825,0.5001934373713721
4043010,2026-04-24,M1,2026,1,Jalkapalloseura Tampere United,Vantaan Jalkapalloseura,106945,63440,0,4,A,g0_logistic_dppg,2026-04-20,0.7235532095951428,0.1322506534836958,0.14419613692116143
4043009,2026-04-24,M1,2026,1,Salon Palloilijat,Football Club International Turku,60690,60860,2,3,A,g0_logistic_dppg,2026-04-20,0.6823791873882941,0.1449602841683381,0.1726605284433679
4038186,2026-04-24,NL,2026,1,PK-35 Vantaa,IF Gnistan,60671,35209545,2,3,A,g0_logistic_dppg,2026-04-20,0.7034298944436683,0.1386104989713681,0.15795960658496372
4036871,2026-04-24,VL,2026,1,Vaasan Palloseura,Ilves,60901,60745,3,2,H,g0_logistic_dppg,2026-04-20,0.5401375115763054,0.1801421408380229,0.2797203475856717
4036870,2026-04-24,VL,2026,1,TPS Juniorijalkapallo,IF Gnistan,60971,60534,1,1,D,g0_logistic_dppg,2026-04-20,0.7943195376353479,0.10748077349248325,0.09819968887216883
4057758,2026-04-24,M2,2026,2,Nurmijärven Jalkapalloseura,GrIFK - Fotboll,60537,60549,0,1,A,g0_logistic_dppg,2026-04-20,0.12289395289493203,0.1843319273461596,0.6927741197589083
4038059,2026-04-24,M1L,2026,1,Helsingin Jalkapalloklubi,Mikkelin Palloilijat,60692,60494,0,1,A,g0_logistic_dppg,2026-04-20,0.488965777156238,0.18953322446595477,0.32150099837780727
4057755,2026-04-24,M2,2026,2,Musan Salama,FC Honka,60696,62416,0,6,A,g0_logistic_dppg,2026-04-20,0.3384928011250478,0.20598900755226662,0.4555181913226856
4057664,2026-04-24,M2,2026,1,Lahden Reipas,Helsingin Palloseura,61562,49949,2,2,D,g0_logistic_dppg,2026-04-20,0.8497167352649166,0.0851173112036303,0.06516595353145307
4057754,2026-04-24,M2,2026,2,Idrottsföreningen Kamraterna i Åbo,Esbo Bollklubb,60996,63411,3,0,H,g0_logistic_dppg,2026-04-20,0.488965777156238,0.18953322446595477,0.32150099837780727
4036872,2026-04-24,VL,2026,1,SEINÄJOEN JALKAPALLOKERHO,Fotbollsföreningen JARO Jalkapalloseura,60970,60974,1,1,D,g0_logistic_dppg,2026-04-20,0.5401375115763054,0.1801421408380229,0.2797203475856717
4038189,2026-04-25,NL,2026,1,Idrottsföreningen Kamraterna Vasa,Kuopion Palloseura,60691,157420,1,2,A,g0_logistic_dppg,2026-04-20,0.21232875998696407,0.20285753919507296,0.584813700817963
4057847,2026-04-25,M2,2026,3,Idrottsföreningen Kraft,Jakobstads Bollklubb,60686,61766,0,1,A,g0_logistic_dppg,2026-04-20,0.12289395289493203,0.1843319273461596,0.6927741197589083
4038187,2026-04-25,NL,2026,1,Helsingin Palloseura,Åland United,60781,60532,1,0,H,g0_logistic_dppg,2026-04-20,0.5653049670151276,0.17488228867803934,0.2598127443068331
4057846,2026-04-25,M2,2026,3,Gamlakarleby Bollklubb,Tornion Pallo-47,60492,60666,0,2,A,g0_logistic_dppg,2026-04-20,0.3384928011250478,0.20598900755226662,0.4555181913226856
4057845,2026-04-25,M2,2026,3,Äänekosken Huima,Vaasan Palloseura,35117343,169909,4,4,D,g0_logistic_dppg,2026-04-20,0.3384928011250478,0.20598900755226662,0.4555181913226856
4043013,2026-04-25,M1,2026,1,Rovaniemen Palloseura,KPV Juniorit,60973,60536,7,0,H,g0_logistic_dppg,2026-04-20,0.7235532095951429,0.13225065348369577,0.1441961369211614
4057756,2026-04-25,M2,2026,2,Espoon Palloseuran Jalkapallo,Ilves,62296,106905,1,1,D,g0_logistic_dppg,2026-04-20,0.3384928011250478,0.20598900755226662,0.4555181913226856
4057665,2026-04-25,M2,2026,1,MYPA,HIFK Soccer,129934,49735,0,1,A,g0_logistic_dppg,2026-04-20,0.488965777156238,0.18953322446595477,0.32150099837780727
4057666,2026-04-25,M2,2026,1,Pepo Lappeenranta,Atlantis FC Edustus,61010,60702,4,1,H,g0_logistic_dppg,2026-04-20,0.6376920463793546,0.15744546888958952,0.2048624847310558
4057668,2026-04-25,M2,2026,1,Football Club Kiffen 08,Pallo-Pojat Juniorit,60554,48924,0,4,A,g0_logistic_dppg,2026-04-20,0.3384928011250478,0.20598900755226662,0.4555181913226856
4057667,2026-04-25,M2,2026,1,Puistolan Urheilijat,Union Plaani,49973,61723,3,1,H,g0_logistic_dppg,2026-04-20,0.8497167352649166,0.0851173112036303,0.06516595353145307
4057848,2026-04-25,M2,2026,3,FC Vaajakoski,Jalkapalloseura Hercules,60496,61004,3,5,A,g0_logistic_dppg,2026-04-20,0.12289395289493203,0.1843319273461596,0.6927741197589083
4043011,2026-04-25,M1,2026,1,Oulun Luistinseura,Pallokerho Keski-Uusimaa,106449,60929,2,0,H,g0_logistic_dppg,2026-04-20,0.6376920463793547,0.15744546888958952,0.20486248473105578
4043012,2026-04-25,M1,2026,1,FC Jazz Juniorit,JJK Jyväskylä,60521,144858,0,2,A,g0_logistic_dppg,2026-04-20,0.21232875998696407,0.20285753919507296,0.584813700817963
4038188,2026-04-25,NL,2026,1,Helsingin Jalkapalloklubi,Ilves,60682,60776,2,1,H,g0_logistic_dppg,2026-04-20,0.7034298944436683,0.1386104989713681,0.15795960658496372
4057757,2026-04-25,M2,2026,2,Hämeenlinnan Jalkapalloseura,Pallo-Iirot,35121579,107307,2,0,H,g0_logistic_dppg,2026-04-20,0.488965777156238,0.18953322446595477,0.32150099837780727
4036873,2026-04-25,VL,2026,1,FC Lahti,Oulun edustusjalkapallo AC Oulu,60969,60493,2,1,H,g0_logistic_dppg,2026-04-20,0.30387815984280636,0.20699794144206812,0.48912389871512557
4038062,2026-04-25,M1L,2026,1,Football Club Haka,Käpylän Pallo,60561,60487,2,2,D,g0_logistic_dppg,2026-04-20,0.4375756746648835,0.19713147227657113,0.36529285305854525
4036874,2026-04-25,VL,2026,1,Football Club International Turku,IFK Mariehamn Fotboll,60987,60759,1,0,H,g0_logistic_dppg,2026-04-20,0.7235532095951429,0.13225065348369577,0.1441961369211614
4038060,2026-04-25,M1L,2026,1,Jippo,SJK Akatemia,129811,168874,1,0,H,g0_logistic_dppg,2026-04-20,0.5401375115763054,0.1801421408380229,0.2797203475856717
4038061,2026-04-25,M1L,2026,1,Järvenpään Palloseura,Ekenäs Idrottsförening,60676,60495,3,0,H,g0_logistic_dppg,2026-04-20,0.5401375115763054,0.1801421408380229,0.2797203475856717
4036875,2026-04-26,VL,2026,1,Kuopion Palloseura,Helsingin Jalkapalloklubin Liiga-HJK,60756,60731,1,1,D,g0_logistic_dppg,2026-04-20,0.5653049670151276,0.17488228867803934,0.2598127443068331
4043007,2026-04-20,M1,2026,1,KPV Juniorit,FC Jazz Juniorit,60536,60521,0,2,A,poisson_plain,2026-04-20,0.5421070638490164,0.2138200454397401,0.2440728907112435
4038057,2026-04-21,M1L,2026,1,Football Club Haka,Järvenpään Palloseura,60561,60676,5,0,H,poisson_plain,2026-04-20,0.42038562312558986,0.3212088136063692,0.25840556326804104
4057844,2026-04-22,M2,2026,3,SJK Akatemia,Fotbollsföreningen JARO Jalkapalloseura,131834,144364,3,4,A,poisson_plain,2026-04-20,0.8235580897431239,0.07231552748333338,0.10412638277354268
4036930,2026-04-22,VL,2026,1,Kuopion Palloseura,Oulun edustusjalkapallo AC Oulu,60756,60493,3,2,H,poisson_plain,2026-04-20,0.6814249759212887,0.1870004553968808,0.13157456868183054
4038058,2026-04-24,M1L,2026,1,Pallokerho-35,FC KTP Kotka,50775,60972,0,1,A,poisson_plain,2026-04-20,0.3429511752692109,0.3785437070740464,0.27850511765674274
4043008,2026-04-24,M1,2026,1,Kuopion Palloseura,Tampereen Pallo-Veikot,106331,60704,3,0,H,poisson_plain,2026-04-20,0.4363548576730102,0.23744540818234566,0.3261997341446442
4043010,2026-04-24,M1,2026,1,Jalkapalloseura Tampere United,Vantaan Jalkapalloseura,106945,63440,0,4,A,poisson_plain,2026-04-20,0.5127560615555082,0.2542834821780091,0.23296045626648265
4043009,2026-04-24,M1,2026,1,Salon Palloilijat,Football Club International Turku,60690,60860,2,3,A,poisson_plain,2026-04-20,0.5532848986537129,0.2155628758167605,0.23115222552952652
4038186,2026-04-24,NL,2026,1,PK-35 Vantaa,IF Gnistan,60671,35209545,2,3,A,poisson_plain,2026-04-20,0.8199202900151338,0.10410645886832944,0.07597325111653686
4036871,2026-04-24,VL,2026,1,Vaasan Palloseura,Ilves,60901,60745,3,2,H,poisson_plain,2026-04-20,0.20321770212836118,0.21586941931806183,0.5809128785535771
4036870,2026-04-24,VL,2026,1,TPS Juniorijalkapallo,IF Gnistan,60971,60534,1,1,D,poisson_plain,2026-04-20,0.6125133495856946,0.2170270923517179,0.17045955806258753
4057758,2026-04-24,M2,2026,2,Nurmijärven Jalkapalloseura,GrIFK - Fotboll,60537,60549,0,1,A,poisson_plain,2026-04-20,0.30343467787913686,0.20731530121712258,0.48925002090374065
4038059,2026-04-24,M1L,2026,1,Helsingin Jalkapalloklubi,Mikkelin Palloilijat,60692,60494,0,1,A,poisson_plain,2026-04-20,0.5613379984531394,0.2905793307605047,0.14808267078635598
4057755,2026-04-24,M2,2026,2,Musan Salama,FC Honka,60696,62416,0,6,A,poisson_plain,2026-04-20,0.07461031533073707,0.11140682663799742,0.8139828580312656
4057664,2026-04-24,M2,2026,1,Lahden Reipas,Helsingin Palloseura,61562,49949,2,2,D,poisson_plain,2026-04-20,0.6909364438779303,0.15767761554213006,0.15138594057993968
4057754,2026-04-24,M2,2026,2,Idrottsföreningen Kamraterna i Åbo,Esbo Bollklubb,60996,63411,3,0,H,poisson_plain,2026-04-20,0.6618704937755836,0.19096584851850007,0.14716365770591627
4036872,2026-04-24,VL,2026,1,SEINÄJOEN JALKAPALLOKERHO,Fotbollsföreningen JARO Jalkapalloseura,60970,60974,1,1,D,poisson_plain,2026-04-20,0.6069620512922858,0.20144607695057679,0.19159187175713754
4038189,2026-04-25,NL,2026,1,Idrottsföreningen Kamraterna Vasa,Kuopion Palloseura,60691,157420,1,2,A,poisson_plain,2026-04-20,0.03090225432323305,0.09245571004024547,0.8766420356365215
4057847,2026-04-25,M2,2026,3,Idrottsföreningen Kraft,Jakobstads Bollklubb,60686,61766,0,1,A,poisson_plain,2026-04-20,0.26671696638855014,0.25450868796943493,0.478774345642015
4038187,2026-04-25,NL,2026,1,Helsingin Palloseura,Åland United,60781,60532,1,0,H,poisson_plain,2026-04-20,0.541086052654763,0.18334703765481908,0.2755669096904181
4057846,2026-04-25,M2,2026,3,Gamlakarleby Bollklubb,Tornion Pallo-47,60492,60666,0,2,A,poisson_plain,2026-04-20,0.7027061901807445,0.14414835105852772,0.15314545876072783
4057845,2026-04-25,M2,2026,3,Äänekosken Huima,Vaasan Palloseura,35117343,169909,4,4,D,poisson_plain,2026-04-20,0.09671802806448676,0.1488137449378867,0.7544682269976264
4043013,2026-04-25,M1,2026,1,Rovaniemen Palloseura,KPV Juniorit,60973,60536,7,0,H,poisson_plain,2026-04-20,0.4467123116798155,0.23339447312012448,0.3198932152000601
4057756,2026-04-25,M2,2026,2,Espoon Palloseuran Jalkapallo,Ilves,62296,106905,1,1,D,poisson_plain,2026-04-20,0.21615448594535747,0.24521975142788913,0.5386257626267534
4057665,2026-04-25,M2,2026,1,MYPA,HIFK Soccer,129934,49735,0,1,A,poisson_plain,2026-04-20,0.2960475930679943,0.1693132331599979,0.5346391737720078
4057666,2026-04-25,M2,2026,1,Pepo Lappeenranta,Atlantis FC Edustus,61010,60702,4,1,H,poisson_plain,2026-04-20,0.7176968472742308,0.18607746672559017,0.09622568600017907
4057668,2026-04-25,M2,2026,1,Football Club Kiffen 08,Pallo-Pojat Juniorit,60554,48924,0,4,A,poisson_plain,2026-04-20,0.530605892693308,0.20115144205230326,0.26824266525438867
4057667,2026-04-25,M2,2026,1,Puistolan Urheilijat,Union Plaani,49973,61723,3,1,H,poisson_plain,2026-04-20,0.7558358905004194,0.14012538038769456,0.10403872911188601
4057848,2026-04-25,M2,2026,3,FC Vaajakoski,Jalkapalloseura Hercules,60496,61004,3,5,A,poisson_plain,2026-04-20,0.6278159701772198,0.17045172233485126,0.20173230748792906
4043011,2026-04-25,M1,2026,1,Oulun Luistinseura,Pallokerho Keski-Uusimaa,106449,60929,2,0,H,poisson_plain,2026-04-20,0.7061027201205083,0.15780872301043736,0.13608855686905424
4043012,2026-04-25,M1,2026,1,FC Jazz Juniorit,JJK Jyväskylä,60521,144858,0,2,A,poisson_plain,2026-04-20,0.4326230393116054,0.23303788344848722,0.33433907723990736
4038188,2026-04-25,NL,2026,1,Helsingin Jalkapalloklubi,Ilves,60682,60776,2,1,H,poisson_plain,2026-04-20,0.9816895158202408,0.01375272318783879,0.0045577609919203775
4057757,2026-04-25,M2,2026,2,Hämeenlinnan Jalkapalloseura,Pallo-Iirot,35121579,107307,2,0,H,poisson_plain,2026-04-20,0.5932320414901918,0.20703822624624538,0.19972973226356283
4036873,2026-04-25,VL,2026,1,FC Lahti,Oulun edustusjalkapallo AC Oulu,60969,60493,2,1,H,poisson_plain,2026-04-20,0.39251851935297766,0.26707612931804453,0.34040535132897787
4038062,2026-04-25,M1L,2026,1,Football Club Haka,Käpylän Pallo,60561,60487,2,2,D,poisson_plain,2026-04-20,0.5242594686848151,0.26419646873097896,0.211544062584206
4036874,2026-04-25,VL,2026,1,Football Club International Turku,IFK Mariehamn Fotboll,60987,60759,1,0,H,poisson_plain,2026-04-20,0.7184218526433153,0.17551392516675549,0.10606422218992927
4038060,2026-04-25,M1L,2026,1,Jippo,SJK Akatemia,129811,168874,1,0,H,poisson_plain,2026-04-20,0.4707548421956892,0.2616037059258042,0.2676414518785067
4038061,2026-04-25,M1L,2026,1,Järvenpään Palloseura,Ekenäs Idrottsförening,60676,60495,3,0,H,poisson_plain,2026-04-20,0.35298273369433475,0.22469075832032667,0.42232650798533855
4036875,2026-04-26,VL,2026,1,Kuopion Palloseura,Helsingin Jalkapalloklubin Liiga-HJK,60756,60731,1,1,D,poisson_plain,2026-04-20,0.4524659244754152,0.23169430271302807,0.31583977281155684
4043007,2026-04-20,M1,2026,1,KPV Juniorit,FC Jazz Juniorit,60536,60521,0,2,A,dc_best,2026-04-20,0.6601174419397928,0.19449304154175667,0.14538951651845056
4038057,2026-04-21,M1L,2026,1,Football Club Haka,Järvenpään Palloseura,60561,60676,5,0,H,dc_best,2026-04-20,0.3744118860303145,0.35405447878578505,0.2715336351839005
4057844,2026-04-22,M2,2026,3,SJK Akatemia,Fotbollsföreningen JARO Jalkapalloseura,131834,144364,3,4,A,dc_best,2026-04-20,0.8278294173462676,0.0744601116758469,0.09771047097788557
4036930,2026-04-22,VL,2026,1,Kuopion Palloseura,Oulun edustusjalkapallo AC Oulu,60756,60493,3,2,H,dc_best,2026-04-20,0.5344060398113067,0.24752095371411048,0.21807300647458286
4038058,2026-04-24,M1L,2026,1,Pallokerho-35,FC KTP Kotka,50775,60972,0,1,A,dc_best,2026-04-20,0.36153228438413704,0.3576005890891132,0.2808671265267498
4043008,2026-04-24,M1,2026,1,Kuopion Palloseura,Tampereen Pallo-Veikot,106331,60704,3,0,H,dc_best,2026-04-20,0.33629168802996123,0.25879148764398663,0.40491682432605225
4043010,2026-04-24,M1,2026,1,Jalkapalloseura Tampere United,Vantaan Jalkapalloseura,106945,63440,0,4,A,dc_best,2026-04-20,0.5452653455567308,0.26386986457232975,0.1908647898709396
4043009,2026-04-24,M1,2026,1,Salon Palloilijat,Football Club International Turku,60690,60860,2,3,A,dc_best,2026-04-20,0.6217155554658143,0.21132220078661496,0.16696224374757074
4038186,2026-04-24,NL,2026,1,PK-35 Vantaa,IF Gnistan,60671,35209545,2,3,A,dc_best,2026-04-20,0.8485128980461152,0.09252750054815287,0.05895960140573207
4036871,2026-04-24,VL,2026,1,Vaasan Palloseura,Ilves,60901,60745,3,2,H,dc_best,2026-04-20,0.23857279385830207,0.25671247069455594,0.5047147354471421
4036870,2026-04-24,VL,2026,1,TPS Juniorijalkapallo,IF Gnistan,60971,60534,1,1,D,dc_best,2026-04-20,0.6713324775486618,0.1992272952821584,0.12944022716917983
4057758,2026-04-24,M2,2026,2,Nurmijärven Jalkapalloseura,GrIFK - Fotboll,60537,60549,0,1,A,dc_best,2026-04-20,0.33873656014686454,0.20511054976335297,0.4561528900897825
4038059,2026-04-24,M1L,2026,1,Helsingin Jalkapalloklubi,Mikkelin Palloilijat,60692,60494,0,1,A,dc_best,2026-04-20,0.47980214533298904,0.31997971888254906,0.2002181357844618
4057755,2026-04-24,M2,2026,2,Musan Salama,FC Honka,60696,62416,0,6,A,dc_best,2026-04-20,0.10009052884906376,0.12651499009139525,0.773394481059541
4057664,2026-04-24,M2,2026,1,Lahden Reipas,Helsingin Palloseura,61562,49949,2,2,D,dc_best,2026-04-20,0.7336593605595019,0.13645319366622086,0.1298874457742772
4057754,2026-04-24,M2,2026,2,Idrottsföreningen Kamraterna i Åbo,Esbo Bollklubb,60996,63411,3,0,H,dc_best,2026-04-20,0.6490485093774248,0.1926578423267816,0.15829364829579368
4036872,2026-04-24,VL,2026,1,SEINÄJOEN JALKAPALLOKERHO,Fotbollsföreningen JARO Jalkapalloseura,60970,60974,1,1,D,dc_best,2026-04-20,0.5370364672679936,0.2295078815328986,0.23345565119910786
4038189,2026-04-25,NL,2026,1,Idrottsföreningen Kamraterna Vasa,Kuopion Palloseura,60691,157420,1,2,A,dc_best,2026-04-20,0.03097858140950313,0.12396928754309182,0.8450521310474052
4057847,2026-04-25,M2,2026,3,Idrottsföreningen Kraft,Jakobstads Bollklubb,60686,61766,0,1,A,dc_best,2026-04-20,0.2997376096063331,0.2318758533798064,0.46838653701386057
4038187,2026-04-25,NL,2026,1,Helsingin Palloseura,Åland United,60781,60532,1,0,H,dc_best,2026-04-20,0.497644911008044,0.21566927455558604,0.2866858144363701
4057846,2026-04-25,M2,2026,3,Gamlakarleby Bollklubb,Tornion Pallo-47,60492,60666,0,2,A,dc_best,2026-04-20,0.6241056444118498,0.1693981124864874,0.2064962431016628
4057845,2026-04-25,M2,2026,3,Äänekosken Huima,Vaasan Palloseura,35117343,169909,4,4,D,dc_best,2026-04-20,0.14909367745695623,0.1831465117850743,0.6677598107579695
4043013,2026-04-25,M1,2026,1,Rovaniemen Palloseura,KPV Juniorit,60973,60536,7,0,H,dc_best,2026-04-20,0.471657250490443,0.26432209118702776,0.2640206583225294
4057756,2026-04-25,M2,2026,2,Espoon Palloseuran Jalkapallo,Ilves,62296,106905,1,1,D,dc_best,2026-04-20,0.23349642311893715,0.23987895712545906,0.5266246197556038
4057665,2026-04-25,M2,2026,1,MYPA,HIFK Soccer,129934,49735,0,1,A,dc_best,2026-04-20,0.30340670049379626,0.17296100997886374,0.52363228952734
4057666,2026-04-25,M2,2026,1,Pepo Lappeenranta,Atlantis FC Edustus,61010,60702,4,1,H,dc_best,2026-04-20,0.755854851276643,0.16174390144389886,0.08240124727945827
4057668,2026-04-25,M2,2026,1,Football Club Kiffen 08,Pallo-Pojat Juniorit,60554,48924,0,4,A,dc_best,2026-04-20,0.5133827769427151,0.2079990232476446,0.27861819980964025
4057667,2026-04-25,M2,2026,1,Puistolan Urheilijat,Union Plaani,49973,61723,3,1,H,dc_best,2026-04-20,0.8094202043122742,0.11071093077283567,0.07986886491488998
4057848,2026-04-25,M2,2026,3,FC Vaajakoski,Jalkapalloseura Hercules,60496,61004,3,5,A,dc_best,2026-04-20,0.4985098693705966,0.20196379601344447,0.29952633461595896
4043011,2026-04-25,M1,2026,1,Oulun Luistinseura,Pallokerho Keski-Uusimaa,106449,60929,2,0,H,dc_best,2026-04-20,0.6686389951789371,0.19235089940471994,0.13901010541634304
4043012,2026-04-25,M1,2026,1,FC Jazz Juniorit,JJK Jyväskylä,60521,144858,0,2,A,dc_best,2026-04-20,0.26523890264984606,0.22144547090066025,0.5133156264494937
4038188,2026-04-25,NL,2026,1,Helsingin Jalkapalloklubi,Ilves,60682,60776,2,1,H,dc_best,2026-04-20,0.9651866899339041,0.026227485564826684,0.008585824501269103
4057757,2026-04-25,M2,2026,2,Hämeenlinnan Jalkapalloseura,Pallo-Iirot,35121579,107307,2,0,H,dc_best,2026-04-20,0.5856887312610686,0.19743519170409768,0.21687607703483375
4036873,2026-04-25,VL,2026,1,FC Lahti,Oulun edustusjalkapallo AC Oulu,60969,60493,2,1,H,dc_best,2026-04-20,0.27089522819767575,0.2715477439168584,0.45755702788546604
4038062,2026-04-25,M1L,2026,1,Football Club Haka,Käpylän Pallo,60561,60487,2,2,D,dc_best,2026-04-20,0.4831018565074949,0.2698170467264949,0.24708109676601023
4036874,2026-04-25,VL,2026,1,Football Club International Turku,IFK Mariehamn Fotboll,60987,60759,1,0,H,dc_best,2026-04-20,0.6456933388329547,0.21222232481802625,0.14208433634901915
4038060,2026-04-25,M1L,2026,1,Jippo,SJK Akatemia,129811,168874,1,0,H,dc_best,2026-04-20,0.4870394033970882,0.26519451930332777,0.24776607729958394
4038061,2026-04-25,M1L,2026,1,Järvenpään Palloseura,Ekenäs Idrottsförening,60676,60495,3,0,H,dc_best,2026-04-20,0.4326795332724114,0.2223182648518054,0.3450022018757833
4036875,2026-04-26,VL,2026,1,Kuopion Palloseura,Helsingin Jalkapalloklubin Liiga-HJK,60756,60731,1,1,D,dc_best,2026-04-20,0.4406544716431778,0.24985137120809034,0.30949415714873185
4036931,2026-04-29,VL,2026,1,Football Club International Turku,Helsingin Jalkapalloklubin Liiga-HJK,60987,60731,1,1,D,b0_base_rate,2026-04-27,0.4108910891089109,0.23762376237623764,0.3514851485148515
4057672,2026-05-02,M2,2026,1,Helsingin Palloseura,Pepo Lappeenranta,49949,61010,1,2,A,b0_base_rate,2026-04-27,0.5070028011204482,0.12885154061624648,0.3641456582633053
4057671,2026-05-02,M2,2026,1,Football Club Kiffen 08,Atlantis FC Edustus,60554,60702,4,1,H,b0_base_rate,2026-04-27,0.5070028011204482,0.12885154061624648,0.3641456582633053
4057762,2026-05-02,M2,2026,2,Hämeenlinnan Jalkapalloseura,FC Honka,35121579,62416,0,2,A,b0_base_rate,2026-04-27,0.5070028011204482,0.12885154061624648,0.3641456582633053
4043018,2026-05-02,M1,2026,1,KPV Juniorit,Oulun Luistinseura,60536,106449,0,4,A,b0_base_rate,2026-04-27,0.5053763440860215,0.1935483870967742,0.3010752688172043
4057760,2026-05-02,M2,2026,2,Pallo-Iirot,Espoon Palloseuran Jalkapallo,107307,62296,2,1,H,b0_base_rate,2026-04-27,0.5070028011204482,0.12885154061624648,0.3641456582633053
4057759,2026-05-02,M2,2026,2,GrIFK - Fotboll,Musan Salama,60549,60696,1,1,D,b0_base_rate,2026-04-27,0.5070028011204482,0.12885154061624648,0.3641456582633053
4057669,2026-05-02,M2,2026,1,Union Plaani,MYPA,61723,129934,1,3,A,b0_base_rate,2026-04-27,0.5070028011204482,0.12885154061624648,0.3641456582633053
4057849,2026-05-02,M2,2026,3,Jalkapalloseura Hercules,Äänekosken Huima,61004,35117343,2,1,H,b0_base_rate,2026-04-27,0.5070028011204482,0.12885154061624648,0.3641456582633053
4036876,2026-05-02,VL,2026,1,SEINÄJOEN JALKAPALLOKERHO,Ilves,60970,60745,1,1,D,b0_base_rate,2026-04-27,0.4108910891089109,0.23762376237623764,0.3514851485148515
4043016,2026-05-02,M1,2026,1,Tampereen Pallo-Veikot,FC Jazz Juniorit,60704,60521,0,2,A,b0_base_rate,2026-04-27,0.5053763440860215,0.1935483870967742,0.3010752688172043
4043019,2026-05-02,M1,2026,1,Vantaan Jalkapalloseura,Kuopion Palloseura,63440,106331,0,0,D,b0_base_rate,2026-04-27,0.5053763440860215,0.1935483870967742,0.3010752688172043
4043017,2026-05-02,M1,2026,1,Pallokerho Keski-Uusimaa,Salon Palloilijat,60929,60690,2,0,H,b0_base_rate,2026-04-27,0.5053763440860215,0.1935483870967742,0.3010752688172043
4043015,2026-05-02,M1,2026,1,JJK Jyväskylä,Rovaniemen Palloseura,144858,60973,3,3,D,b0_base_rate,2026-04-27,0.5053763440860215,0.1935483870967742,0.3010752688172043
4043014,2026-05-02,M1,2026,1,Football Club International Turku,Jalkapalloseura Tampere United,60860,106945,0,2,A,b0_base_rate,2026-04-27,0.5053763440860215,0.1935483870967742,0.3010752688172043
4036878,2026-05-02,VL,2026,1,IFK Mariehamn Fotboll,Vaasan Palloseura,60759,60901,0,1,A,b0_base_rate,2026-04-27,0.4108910891089109,0.23762376237623764,0.3514851485148515
4038190,2026-05-02,NL,2026,1,IF Gnistan,Idrottsföreningen Kamraterna Vasa,35209545,60691,6,0,H,b0_base_rate,2026-04-27,0.5306122448979592,0.12244897959183673,0.3469387755102041
4038065,2026-05-02,M1L,2026,1,Helsingin Jalkapalloklubi,SJK Akatemia,60692,168874,1,1,D,b0_base_rate,2026-04-27,0.4285714285714286,0.25974025974025977,0.31168831168831174
4038063,2026-05-02,M1L,2026,1,Mikkelin Palloilijat,Football Club Haka,60494,60561,1,0,H,b0_base_rate,2026-04-27,0.4285714285714286,0.25974025974025977,0.31168831168831174
4038064,2026-05-02,M1L,2026,1,Järvenpään Palloseura,Pallokerho-35,60676,50775,1,0,H,b0_base_rate,2026-04-27,0.4285714285714286,0.25974025974025977,0.31168831168831174
4038066,2026-05-02,M1L,2026,1,Käpylän Pallo,Jippo,60487,129811,0,2,A,b0_base_rate,2026-04-27,0.4285714285714286,0.25974025974025977,0.31168831168831174
4038191,2026-05-02,NL,2026,1,Kuopion Palloseura,Helsingin Jalkapalloklubi,157420,60682,2,1,H,b0_base_rate,2026-04-27,0.5306122448979592,0.12244897959183673,0.3469387755102041
4036877,2026-05-02,VL,2026,1,Fotbollsföreningen JARO Jalkapalloseura,TPS Juniorijalkapallo,60974,60971,2,2,D,b0_base_rate,2026-04-27,0.4108910891089109,0.23762376237623764,0.3514851485148515
4036879,2026-05-02,VL,2026,1,Oulun edustusjalkapallo AC Oulu,Kuopion Palloseura,60493,60756,2,0,H,b0_base_rate,2026-04-27,0.4108910891089109,0.23762376237623764,0.3514851485148515
4057852,2026-05-03,M2,2026,3,Vaasan Palloseura,Idrottsföreningen Kraft,169909,60686,2,2,D,b0_base_rate,2026-04-27,0.5070028011204482,0.12885154061624648,0.3641456582633053
4057673,2026-05-03,M2,2026,1,HIFK Soccer,Lahden Reipas,49735,61562,2,1,H,b0_base_rate,2026-04-27,0.5070028011204482,0.12885154061624648,0.3641456582633053
4038193,2026-05-03,NL,2026,1,Åland United,Ilves,60532,60776,4,1,H,b0_base_rate,2026-04-27,0.5306122448979592,0.12244897959183673,0.3469387755102041
4057850,2026-05-03,M2,2026,3,Fotbollsföreningen JARO Jalkapalloseura,FC Vaajakoski,144364,60496,1,0,H,b0_base_rate,2026-04-27,0.5070028011204482,0.12885154061624648,0.3641456582633053
4038192,2026-05-03,NL,2026,1,Helsingin Palloseura,PK-35 Vantaa,60781,60671,2,0,H,b0_base_rate,2026-04-27,0.5306122448979592,0.12244897959183673,0.3469387755102041
4057851,2026-05-03,M2,2026,3,Tornion Pallo-47,SJK Akatemia,60666,131834,2,2,D,b0_base_rate,2026-04-27,0.5070028011204482,0.12885154061624648,0.3641456582633053
4038067,2026-05-03,M1L,2026,1,Ekenäs Idrottsförening,FC KTP Kotka,60495,60972,5,2,H,b0_base_rate,2026-04-27,0.4285714285714286,0.25974025974025977,0.31168831168831174
4057761,2026-05-03,M2,2026,2,Esbo Bollklubb,Nurmijärven Jalkapalloseura,63411,60537,3,1,H,b0_base_rate,2026-04-27,0.5070028011204482,0.12885154061624648,0.3641456582633053
4057670,2026-05-03,M2,2026,1,Pallo-Pojat Juniorit,Puistolan Urheilijat,48924,49973,0,0,D,b0_base_rate,2026-04-27,0.5070028011204482,0.12885154061624648,0.3641456582633053
4036931,2026-04-29,VL,2026,1,Football Club International Turku,Helsingin Jalkapalloklubin Liiga-HJK,60987,60731,1,1,D,g0_logistic_dppg,2026-04-27,0.594327181273182,0.17112394026756597,0.23454887845925212
4057672,2026-05-02,M2,2026,1,Helsingin Palloseura,Pepo Lappeenranta,49949,61010,1,2,A,g0_logistic_dppg,2026-04-27,0.2743817469005079,0.19918830587190794,0.5264299472275843
4057671,2026-05-02,M2,2026,1,Football Club Kiffen 08,Atlantis FC Edustus,60554,60702,4,1,H,g0_logistic_dppg,2026-04-27,0.48533428447228866,0.19019567232685353,0.3244700432008579
4057762,2026-05-02,M2,2026,2,Hämeenlinnan Jalkapalloseura,FC Honka,35121579,62416,0,2,A,g0_logistic_dppg,2026-04-27,0.6285880915151073,0.16331516006835248,0.2080967484165403
4043018,2026-05-02,M1,2026,1,KPV Juniorit,Oulun Luistinseura,60536,106449,0,4,A,g0_logistic_dppg,2026-04-27,0.21654125356069467,0.1930629427220589,0.5903958037172465
4057760,2026-05-02,M2,2026,2,Pallo-Iirot,Espoon Palloseuran Jalkapallo,107307,62296,2,1,H,g0_logistic_dppg,2026-04-27,0.6285880915151073,0.16331516006835248,0.2080967484165403
4057759,2026-05-02,M2,2026,2,GrIFK - Fotboll,Musan Salama,60549,60696,1,1,D,g0_logistic_dppg,2026-04-27,0.836557340211476,0.09553388748217599,0.06790877230634812
4057669,2026-05-02,M2,2026,1,Union Plaani,MYPA,61723,129934,1,3,A,g0_logistic_dppg,2026-04-27,0.2743817469005079,0.19918830587190794,0.5264299472275843
4057849,2026-05-02,M2,2026,3,Jalkapalloseura Hercules,Äänekosken Huima,61004,35117343,2,1,H,g0_logistic_dppg,2026-04-27,0.7964252169148788,0.11170082806101399,0.09187395502410725
4036876,2026-05-02,VL,2026,1,SEINÄJOEN JALKAPALLOKERHO,Ilves,60970,60745,1,1,D,g0_logistic_dppg,2026-04-27,0.594327181273182,0.17112394026756597,0.23454887845925212
4043016,2026-05-02,M1,2026,1,Tampereen Pallo-Veikot,FC Jazz Juniorit,60704,60521,0,2,A,g0_logistic_dppg,2026-04-27,0.5223458662431129,0.18471110001489044,0.2929430337419967
4043019,2026-05-02,M1,2026,1,Vantaan Jalkapalloseura,Kuopion Palloseura,63440,106331,0,0,D,g0_logistic_dppg,2026-04-27,0.5223458662431129,0.18471110001489044,0.2929430337419967
4043017,2026-05-02,M1,2026,1,Pallokerho Keski-Uusimaa,Salon Palloilijat,60929,60690,2,0,H,g0_logistic_dppg,2026-04-27,0.44817622295677834,0.194640539038553,0.3571832380046688
4043015,2026-05-02,M1,2026,1,JJK Jyväskylä,Rovaniemen Palloseura,144858,60973,3,3,D,g0_logistic_dppg,2026-04-27,0.5588025655293973,0.1783070015900549,0.2628904328805478
4043014,2026-05-02,M1,2026,1,Football Club International Turku,Jalkapalloseura Tampere United,60860,106945,0,2,A,g0_logistic_dppg,2026-04-27,0.41129372970364564,0.19795268734250968,0.39075358295384466
4036878,2026-05-02,VL,2026,1,IFK Mariehamn Fotboll,Vaasan Palloseura,60759,60901,0,1,A,g0_logistic_dppg,2026-04-27,0.37510329207912463,0.20007140225967243,0.424825305661203
4038190,2026-05-02,NL,2026,1,IF Gnistan,Idrottsföreningen Kamraterna Vasa,35209545,60691,6,0,H,g0_logistic_dppg,2026-04-27,0.6285880915151073,0.16331516006835248,0.2080967484165403
4038065,2026-05-02,M1L,2026,1,Helsingin Jalkapalloklubi,SJK Akatemia,60692,168874,1,1,D,g0_logistic_dppg,2026-04-27,0.3399968071368386,0.20097119083599094,0.45903200202717037
4038063,2026-05-02,M1L,2026,1,Mikkelin Palloilijat,Football Club Haka,60494,60561,1,0,H,g0_logistic_dppg,2026-04-27,0.3515558850120871,0.20080679162631376,0.44763732336159906
4038064,2026-05-02,M1L,2026,1,Järvenpään Palloseura,Pallokerho-35,60676,50775,1,0,H,g0_logistic_dppg,2026-04-27,0.48533428447228866,0.19019567232685353,0.3244700432008579
4038066,2026-05-02,M1L,2026,1,Käpylän Pallo,Jippo,60487,129811,0,2,A,g0_logistic_dppg,2026-04-27,0.48533428447228866,0.19019567232685353,0.3244700432008579
4038191,2026-05-02,NL,2026,1,Kuopion Palloseura,Helsingin Jalkapalloklubi,157420,60682,2,1,H,g0_logistic_dppg,2026-04-27,0.3870649798546786,0.1995000816609986,0.41343493848432283
4036877,2026-05-02,VL,2026,1,Fotbollsföreningen JARO Jalkapalloseura,TPS Juniorijalkapallo,60974,60971,2,2,D,g0_logistic_dppg,2026-04-27,0.3063245595582302,0.20066221963410538,0.49301322080766435
4036879,2026-05-02,VL,2026,1,Oulun edustusjalkapallo AC Oulu,Kuopion Palloseura,60493,60756,2,0,H,g0_logistic_dppg,2026-04-27,0.4259866520402324,0.19676840879218901,0.3772449391675787
4057852,2026-05-03,M2,2026,3,Vaasan Palloseura,Idrottsföreningen Kraft,169909,60686,2,2,D,g0_logistic_dppg,2026-04-27,0.6285880915151073,0.16331516006835248,0.2080967484165403
4057673,2026-05-03,M2,2026,1,HIFK Soccer,Lahden Reipas,49735,61562,2,1,H,g0_logistic_dppg,2026-04-27,0.6285880915151073,0.16331516006835248,0.2080967484165403
4038193,2026-05-03,NL,2026,1,Åland United,Ilves,60532,60776,4,1,H,g0_logistic_dppg,2026-04-27,0.48533428447228866,0.19019567232685353,0.3244700432008579
4057850,2026-05-03,M2,2026,3,Fotbollsföreningen JARO Jalkapalloseura,FC Vaajakoski,144364,60496,1,0,H,g0_logistic_dppg,2026-04-27,0.836557340211476,0.09553388748217599,0.06790877230634812
4038192,2026-05-03,NL,2026,1,Helsingin Palloseura,PK-35 Vantaa,60781,60671,2,0,H,g0_logistic_dppg,2026-04-27,0.6718355317939554,0.15220311871930767,0.17596134948673697
4057851,2026-05-03,M2,2026,3,Tornion Pallo-47,SJK Akatemia,60666,131834,2,2,D,g0_logistic_dppg,2026-04-27,0.5588025655293973,0.1783070015900549,0.2628904328805478
4038067,2026-05-03,M1L,2026,1,Ekenäs Idrottsförening,FC KTP Kotka,60495,60972,5,2,H,g0_logistic_dppg,2026-04-27,0.2641603678881515,0.1984500552496184,0.5373895768622301
4057761,2026-05-03,M2,2026,2,Esbo Bollklubb,Nurmijärven Jalkapalloseura,63411,60537,3,1,H,g0_logistic_dppg,2026-04-27,0.5588025655293973,0.1783070015900549,0.2628904328805478
4057670,2026-05-03,M2,2026,1,Pallo-Pojat Juniorit,Puistolan Urheilijat,48924,49973,0,0,D,g0_logistic_dppg,2026-04-27,0.3399968071368386,0.20097119083599094,0.45903200202717037
4036931,2026-04-29,VL,2026,1,Football Club International Turku,Helsingin Jalkapalloklubin Liiga-HJK,60987,60731,1,1,D,poisson_plain,2026-04-27,0.4480439658684743,0.2419075184339153,0.31004851569761044
4057672,2026-05-02,M2,2026,1,Helsingin Palloseura,Pepo Lappeenranta,49949,61010,1,2,A,poisson_plain,2026-04-27,0.3010572736004929,0.2503030997756074,0.4486396266238998
4057671,2026-05-02,M2,2026,1,Football Club Kiffen 08,Atlantis FC Edustus,60554,60702,4,1,H,poisson_plain,2026-04-27,0.7540771553045622,0.14533730712915677,0.10058553756628104
4057762,2026-05-02,M2,2026,2,Hämeenlinnan Jalkapalloseura,FC Honka,35121579,62416,0,2,A,poisson_plain,2026-04-27,0.11479571949570135,0.15698905938209626,0.7282152211222024
4043018,2026-05-02,M1,2026,1,KPV Juniorit,Oulun Luistinseura,60536,106449,0,4,A,poisson_plain,2026-04-27,0.2652675949230623,0.22654263669882993,0.5081897683781079
4057760,2026-05-02,M2,2026,2,Pallo-Iirot,Espoon Palloseuran Jalkapallo,107307,62296,2,1,H,poisson_plain,2026-04-27,0.39986964259568963,0.29342814234977677,0.30670221505453354
4057759,2026-05-02,M2,2026,2,GrIFK - Fotboll,Musan Salama,60549,60696,1,1,D,poisson_plain,2026-04-27,0.5957222460996137,0.1925348450969008,0.21174290880348567
4057669,2026-05-02,M2,2026,1,Union Plaani,MYPA,61723,129934,1,3,A,poisson_plain,2026-04-27,0.3472888823799795,0.16436024706322946,0.4883508705567911
4057849,2026-05-02,M2,2026,3,Jalkapalloseura Hercules,Äänekosken Huima,61004,35117343,2,1,H,poisson_plain,2026-04-27,0.29016674986801655,0.15968082446978288,0.5501524256622006
4036876,2026-05-02,VL,2026,1,SEINÄJOEN JALKAPALLOKERHO,Ilves,60970,60745,1,1,D,poisson_plain,2026-04-27,0.384881356591848,0.20583633060132703,0.40928231280682487
4043016,2026-05-02,M1,2026,1,Tampereen Pallo-Veikot,FC Jazz Juniorit,60704,60521,0,2,A,poisson_plain,2026-04-27,0.4253409457259983,0.25293522244079597,0.3217238318332058
4043019,2026-05-02,M1,2026,1,Vantaan Jalkapalloseura,Kuopion Palloseura,63440,106331,0,0,D,poisson_plain,2026-04-27,0.6211409589928785,0.18801569333729817,0.19084334766982342
4043017,2026-05-02,M1,2026,1,Pallokerho Keski-Uusimaa,Salon Palloilijat,60929,60690,2,0,H,poisson_plain,2026-04-27,0.43375342214918977,0.2469933871015082,0.3192531907493021
4043015,2026-05-02,M1,2026,1,JJK Jyväskylä,Rovaniemen Palloseura,144858,60973,3,3,D,poisson_plain,2026-04-27,0.503726186218934,0.2262085748380213,0.2700652389430447
4043014,2026-05-02,M1,2026,1,Football Club International Turku,Jalkapalloseura Tampere United,60860,106945,0,2,A,poisson_plain,2026-04-27,0.6001373238411583,0.18373946983390288,0.21612320632493887
4036878,2026-05-02,VL,2026,1,IFK Mariehamn Fotboll,Vaasan Palloseura,60759,60901,0,1,A,poisson_plain,2026-04-27,0.2872188354100301,0.2551731801851846,0.45760798440478545
4038190,2026-05-02,NL,2026,1,IF Gnistan,Idrottsföreningen Kamraterna Vasa,35209545,60691,6,0,H,poisson_plain,2026-04-27,0.7987434881282905,0.12206650380377308,0.07919000806793647
4038065,2026-05-02,M1L,2026,1,Helsingin Jalkapalloklubi,SJK Akatemia,60692,168874,1,1,D,poisson_plain,2026-04-27,0.44593610180961374,0.2222011212827896,0.3318627769075968
4038063,2026-05-02,M1L,2026,1,Mikkelin Palloilijat,Football Club Haka,60494,60561,1,0,H,poisson_plain,2026-04-27,0.13706883055548486,0.34233891047503384,0.5205922589694814
4038064,2026-05-02,M1L,2026,1,Järvenpään Palloseura,Pallokerho-35,60676,50775,1,0,H,poisson_plain,2026-04-27,0.27768681905204073,0.2649060450763232,0.4574071358716362
4038066,2026-05-02,M1L,2026,1,Käpylän Pallo,Jippo,60487,129811,0,2,A,poisson_plain,2026-04-27,0.24756848069039453,0.23644935529533087,0.5159821640142747
4038191,2026-05-02,NL,2026,1,Kuopion Palloseura,Helsingin Jalkapalloklubi,157420,60682,2,1,H,poisson_plain,2026-04-27,0.29180945775305106,0.2730727709161297,0.43511777133081925
4036877,2026-05-02,VL,2026,1,Fotbollsföreningen JARO Jalkapalloseura,TPS Juniorijalkapallo,60974,60971,2,2,D,poisson_plain,2026-04-27,0.19839605603572927,0.2775851346112569,0.5240188093530139
4036879,2026-05-02,VL,2026,1,Oulun edustusjalkapallo AC Oulu,Kuopion Palloseura,60493,60756,2,0,H,poisson_plain,2026-04-27,0.1375088767631669,0.1864532873690778,0.6760378358677553
4057852,2026-05-03,M2,2026,3,Vaasan Palloseura,Idrottsföreningen Kraft,169909,60686,2,2,D,poisson_plain,2026-04-27,0.8634936712684746,0.08628804390673145,0.05021828482479395
4057673,2026-05-03,M2,2026,1,HIFK Soccer,Lahden Reipas,49735,61562,2,1,H,poisson_plain,2026-04-27,0.6720376018023676,0.17269040046983894,0.15527199772779343
4038193,2026-05-03,NL,2026,1,Åland United,Ilves,60532,60776,4,1,H,poisson_plain,2026-04-27,0.6852423898403952,0.15630525333039072,0.15845235682921419
4057850,2026-05-03,M2,2026,3,Fotbollsföreningen JARO Jalkapalloseura,FC Vaajakoski,144364,60496,1,0,H,poisson_plain,2026-04-27,0.8262082531773745,0.07990611956579913,0.09388562725682628
4038192,2026-05-03,NL,2026,1,Helsingin Palloseura,PK-35 Vantaa,60781,60671,2,0,H,poisson_plain,2026-04-27,0.6382565735159942,0.16477981148467075,0.19696361499933507
4057851,2026-05-03,M2,2026,3,Tornion Pallo-47,SJK Akatemia,60666,131834,2,2,D,poisson_plain,2026-04-27,0.3846617815140494,0.17022760087834582,0.44511061760760473
4038067,2026-05-03,M1L,2026,1,Ekenäs Idrottsförening,FC KTP Kotka,60495,60972,5,2,H,poisson_plain,2026-04-27,0.21438475631130033,0.29541056688986334,0.4902046767988364
4057761,2026-05-03,M2,2026,2,Esbo Bollklubb,Nurmijärven Jalkapalloseura,63411,60537,3,1,H,poisson_plain,2026-04-27,0.6870579230353828,0.16236606295062375,0.15057601401399354
4057670,2026-05-03,M2,2026,1,Pallo-Pojat Juniorit,Puistolan Urheilijat,48924,49973,0,0,D,poisson_plain,2026-04-27,0.3742578395259288,0.2393728751451788,0.3863692853288924
4036931,2026-04-29,VL,2026,1,Football Club International Turku,Helsingin Jalkapalloklubin Liiga-HJK,60987,60731,1,1,D,dc_best,2026-04-27,0.4020759790964195,0.292201116394382,0.3057229045091985
4057672,2026-05-02,M2,2026,1,Helsingin Palloseura,Pepo Lappeenranta,49949,61010,1,2,A,dc_best,2026-04-27,0.301950369288726,0.2152313950576054,0.48281823565366855
4057671,2026-05-02,M2,2026,1,Football Club Kiffen 08,Atlantis FC Edustus,60554,60702,4,1,H,dc_best,2026-04-27,0.7072771472149615,0.15079048737129938,0.14193236541373921
4057762,2026-05-02,M2,2026,2,Hämeenlinnan Jalkapalloseura,FC Honka,35121579,62416,0,2,A,dc_best,2026-04-27,0.14971457754183914,0.1568843272277329,0.6934010952304279
4043018,2026-05-02,M1,2026,1,KPV Juniorit,Oulun Luistinseura,60536,106449,0,4,A,dc_best,2026-04-27,0.14285475977076945,0.22011698234460858,0.637028257884622
4057760,2026-05-02,M2,2026,2,Pallo-Iirot,Espoon Palloseuran Jalkapallo,107307,62296,2,1,H,dc_best,2026-04-27,0.42422484293307405,0.26441387317735776,0.31136128388956824
4057759,2026-05-02,M2,2026,2,GrIFK - Fotboll,Musan Salama,60549,60696,1,1,D,dc_best,2026-04-27,0.669563584932655,0.16583382099760086,0.1646025940697442
4057669,2026-05-02,M2,2026,1,Union Plaani,MYPA,61723,129934,1,3,A,dc_best,2026-04-27,0.3702316820153303,0.17628714218925665,0.453481175795413
4057849,2026-05-02,M2,2026,3,Jalkapalloseura Hercules,Äänekosken Huima,61004,35117343,2,1,H,dc_best,2026-04-27,0.475120436848539,0.158275322324486,0.3666042408269749
4036876,2026-05-02,VL,2026,1,SEINÄJOEN JALKAPALLOKERHO,Ilves,60970,60745,1,1,D,dc_best,2026-04-27,0.4300708198386909,0.20701041405531814,0.36291876610599105
4043016,2026-05-02,M1,2026,1,Tampereen Pallo-Veikot,FC Jazz Juniorit,60704,60521,0,2,A,dc_best,2026-04-27,0.4784304266607025,0.2686928762037183,0.2528766971355792
4043019,2026-05-02,M1,2026,1,Vantaan Jalkapalloseura,Kuopion Palloseura,63440,106331,0,0,D,dc_best,2026-04-27,0.6487106237473158,0.18826142829983558,0.1630279479528486
4043017,2026-05-02,M1,2026,1,Pallokerho Keski-Uusimaa,Salon Palloilijat,60929,60690,2,0,H,dc_best,2026-04-27,0.3760267279327074,0.27933563844845777,0.34463763361883487
4043015,2026-05-02,M1,2026,1,JJK Jyväskylä,Rovaniemen Palloseura,144858,60973,3,3,D,dc_best,2026-04-27,0.39111396066811477,0.24658923808162778,0.36229680125025754
4043014,2026-05-02,M1,2026,1,Football Club International Turku,Jalkapalloseura Tampere United,60860,106945,0,2,A,dc_best,2026-04-27,0.5691600018448038,0.19368804134126305,0.23715195681393314
4036878,2026-05-02,VL,2026,1,IFK Mariehamn Fotboll,Vaasan Palloseura,60759,60901,0,1,A,dc_best,2026-04-27,0.280264501521001,0.30327680364654247,0.41645869483245646
4038190,2026-05-02,NL,2026,1,IF Gnistan,Idrottsföreningen Kamraterna Vasa,35209545,60691,6,0,H,dc_best,2026-04-27,0.8269133157348934,0.10212351542485408,0.07096316884025264
4038065,2026-05-02,M1L,2026,1,Helsingin Jalkapalloklubi,SJK Akatemia,60692,168874,1,1,D,dc_best,2026-04-27,0.381709872183036,0.21875309662067852,0.39953703119628553
4038063,2026-05-02,M1L,2026,1,Mikkelin Palloilijat,Football Club Haka,60494,60561,1,0,H,dc_best,2026-04-27,0.16182055193036715,0.2901512342305894,0.5480282138390434
4038064,2026-05-02,M1L,2026,1,Järvenpään Palloseura,Pallokerho-35,60676,50775,1,0,H,dc_best,2026-04-27,0.3077151758957865,0.25642209900124363,0.43586272510296986
4038066,2026-05-02,M1L,2026,1,Käpylän Pallo,Jippo,60487,129811,0,2,A,dc_best,2026-04-27,0.3170907114003915,0.23757628261181626,0.44533300598779235
4038191,2026-05-02,NL,2026,1,Kuopion Palloseura,Helsingin Jalkapalloklubi,157420,60682,2,1,H,dc_best,2026-04-27,0.3820856340633505,0.24179810683213898,0.3761162591045105
4036877,2026-05-02,VL,2026,1,Fotbollsföreningen JARO Jalkapalloseura,TPS Juniorijalkapallo,60974,60971,2,2,D,dc_best,2026-04-27,0.21410561978492382,0.3262963521726779,0.4595980280423983
4036879,2026-05-02,VL,2026,1,Oulun edustusjalkapallo AC Oulu,Kuopion Palloseura,60493,60756,2,0,H,dc_best,2026-04-27,0.20640185656745977,0.24129574307002263,0.5523024003625175
4057852,2026-05-03,M2,2026,3,Vaasan Palloseura,Idrottsföreningen Kraft,169909,60686,2,2,D,dc_best,2026-04-27,0.7879808967329611,0.110189691997832,0.10182941126920687
4057673,2026-05-03,M2,2026,1,HIFK Soccer,Lahden Reipas,49735,61562,2,1,H,dc_best,2026-04-27,0.6766973214949065,0.15715006869386838,0.16615260981122518
4038193,2026-05-03,NL,2026,1,Åland United,Ilves,60532,60776,4,1,H,dc_best,2026-04-27,0.7391270265050213,0.13144633002797193,0.12942664346700686
4057850,2026-05-03,M2,2026,3,Fotbollsföreningen JARO Jalkapalloseura,FC Vaajakoski,144364,60496,1,0,H,dc_best,2026-04-27,0.8467357761320268,0.07132108818700619,0.081943135680967
4038192,2026-05-03,NL,2026,1,Helsingin Palloseura,PK-35 Vantaa,60781,60671,2,0,H,dc_best,2026-04-27,0.6452912324234971,0.16390686416077258,0.19080190341573036
4057851,2026-05-03,M2,2026,3,Tornion Pallo-47,SJK Akatemia,60666,131834,2,2,D,dc_best,2026-04-27,0.4360165919616025,0.18547082149146912,0.3785125865469284
4038067,2026-05-03,M1L,2026,1,Ekenäs Idrottsförening,FC KTP Kotka,60495,60972,5,2,H,dc_best,2026-04-27,0.199894030064318,0.22654492746214078,0.5735610424735412
4057761,2026-05-03,M2,2026,2,Esbo Bollklubb,Nurmijärven Jalkapalloseura,63411,60537,3,1,H,dc_best,2026-04-27,0.6460762376439305,0.16521810668551767,0.18870565567055178
4057670,2026-05-03,M2,2026,1,Pallo-Pojat Juniorit,Puistolan Urheilijat,48924,49973,0,0,D,dc_best,2026-04-27,0.43929620864996555,0.22417093206187,0.3365328592881644
4036880,2026-05-04,VL,2026,1,Helsingin Jalkapalloklubin Liiga-HJK,FC Lahti,60731,60969,1,0,H,b0_base_rate,2026-05-04,0.4057971014492754,0.2463768115942029,0.34782608695652173
4057853,2026-05-04,M2,2026,3,Jakobstads Bollklubb,Gamlakarleby Bollklubb,61766,60492,1,2,A,b0_base_rate,2026-05-04,0.5054054054054055,0.13513513513513517,0.3594594594594595
4036881,2026-05-05,VL,2026,1,IF Gnistan,Football Club International Turku,60534,60987,2,0,H,b0_base_rate,2026-05-04,0.4057971014492754,0.2463768115942029,0.34782608695652173
4057763,2026-05-05,M2,2026,2,Ilves,Idrottsföreningen Kamraterna i Åbo,106905,60996,1,2,A,b0_base_rate,2026-05-04,0.5054054054054055,0.13513513513513517,0.3594594594594595
4057854,2026-05-07,M2,2026,3,SJK Akatemia,Äänekosken Huima,131834,35117343,0,1,A,b0_base_rate,2026-05-04,0.5054054054054055,0.13513513513513517,0.3594594594594595
4038068,2026-05-07,M1L,2026,1,Pallokerho-35,Mikkelin Palloilijat,50775,60494,3,1,H,b0_base_rate,2026-05-04,0.4339622641509434,0.2578616352201258,0.3081761006289308
4057675,2026-05-08,M2,2026,1,Atlantis FC Edustus,Union Plaani,60702,61723,5,1,H,b0_base_rate,2026-05-04,0.5054054054054055,0.13513513513513517,0.3594594594594595
4036882,2026-05-08,VL,2026,1,Ilves,Oulun edustusjalkapallo AC Oulu,60745,60493,1,0,H,b0_base_rate,2026-05-04,0.4057971014492754,0.2463768115942029,0.34782608695652173
4057674,2026-05-08,M2,2026,1,Lahden Reipas,Puistolan Urheilijat,61562,49973,3,1,H,b0_base_rate,2026-05-04,0.5054054054054055,0.13513513513513517,0.3594594594594595
4036884,2026-05-08,VL,2026,1,Kuopion Palloseura,SEINÄJOEN JALKAPALLOKERHO,60756,60970,0,0,D,b0_base_rate,2026-05-04,0.4057971014492754,0.2463768115942029,0.34782608695652173
4038069,2026-05-08,M1L,2026,1,Football Club Haka,Ekenäs Idrottsförening,60561,60495,4,3,H,b0_base_rate,2026-05-04,0.4339622641509434,0.2578616352201258,0.3081761006289308
4036883,2026-05-08,VL,2026,1,TPS Juniorijalkapallo,Helsingin Jalkapalloklubin Liiga-HJK,60971,60731,1,0,H,b0_base_rate,2026-05-04,0.4057971014492754,0.2463768115942029,0.34782608695652173
4057765,2026-05-08,M2,2026,2,FC Honka,Ilves,62416,106905,2,2,D,b0_base_rate,2026-05-04,0.5054054054054055,0.13513513513513517,0.3594594594594595
4057855,2026-05-08,M2,2026,3,Vaasan Palloseura,Jakobstads Bollklubb,169909,61766,2,1,H,b0_base_rate,2026-05-04,0.5054054054054055,0.13513513513513517,0.3594594594594595
4057676,2026-05-09,M2,2026,1,Pallo-Pojat Juniorit,HIFK Soccer,48924,49735,1,1,D,b0_base_rate,2026-05-04,0.5054054054054055,0.13513513513513517,0.3594594594594595
4057764,2026-05-09,M2,2026,2,Musan Salama,Hämeenlinnan Jalkapalloseura,60696,35121579,0,2,A,b0_base_rate,2026-05-04,0.5054054054054055,0.13513513513513517,0.3594594594594595
4057856,2026-05-09,M2,2026,3,Gamlakarleby Bollklubb,Fotbollsföreningen JARO Jalkapalloseura,60492,144364,0,2,A,b0_base_rate,2026-05-04,0.5054054054054055,0.13513513513513517,0.3594594594594595
4057768,2026-05-09,M2,2026,2,Idrottsföreningen Kamraterna i Åbo,GrIFK - Fotboll,60996,60549,3,1,H,b0_base_rate,2026-05-04,0.5054054054054055,0.13513513513513517,0.3594594594594595
4057677,2026-05-09,M2,2026,1,Pepo Lappeenranta,Football Club Kiffen 08,61010,60554,2,1,H,b0_base_rate,2026-05-04,0.5054054054054055,0.13513513513513517,0.3594594594594595
4057766,2026-05-09,M2,2026,2,Nurmijärven Jalkapalloseura,Espoon Palloseuran Jalkapallo,60537,62296,1,2,A,b0_base_rate,2026-05-04,0.5054054054054055,0.13513513513513517,0.3594594594594595
4057857,2026-05-09,M2,2026,3,FC Vaajakoski,Idrottsföreningen Kraft,60496,60686,4,5,A,b0_base_rate,2026-05-04,0.5054054054054055,0.13513513513513517,0.3594594594594595
4057858,2026-05-09,M2,2026,3,Jalkapalloseura Hercules,Tornion Pallo-47,61004,60666,1,2,A,b0_base_rate,2026-05-04,0.5054054054054055,0.13513513513513517,0.3594594594594595
4036886,2026-05-09,VL,2026,1,Vaasan Palloseura,IF Gnistan,60901,60534,1,1,D,b0_base_rate,2026-05-04,0.4057971014492754,0.2463768115942029,0.34782608695652173
4036885,2026-05-09,VL,2026,1,Football Club International Turku,Fotbollsföreningen JARO Jalkapalloseura,60987,60974,2,0,H,b0_base_rate,2026-05-04,0.4057971014492754,0.2463768115942029,0.34782608695652173
4057767,2026-05-09,M2,2026,2,Pallo-Iirot,Esbo Bollklubb,107307,63411,1,0,H,b0_base_rate,2026-05-04,0.5054054054054055,0.13513513513513517,0.3594594594594595
4057678,2026-05-09,M2,2026,1,MYPA,Helsingin Palloseura,129934,49949,1,3,A,b0_base_rate,2026-05-04,0.5054054054054055,0.13513513513513517,0.3594594594594595
4043022,2026-05-09,M1,2026,1,Jalkapalloseura Tampere United,Pallokerho Keski-Uusimaa,106945,60929,0,0,D,b0_base_rate,2026-05-04,0.4947916666666667,0.19791666666666666,0.3072916666666667
4043020,2026-05-09,M1,2026,1,Salon Palloilijat,KPV Juniorit,60690,60536,6,0,H,b0_base_rate,2026-05-04,0.4947916666666667,0.19791666666666666,0.3072916666666667
4038196,2026-05-09,NL,2026,1,Helsingin Jalkapalloklubi,IF Gnistan,60682,35209545,5,0,H,b0_base_rate,2026-05-04,0.5490196078431373,0.11764705882352941,0.3333333333333333
4038194,2026-05-09,NL,2026,1,Ilves,Kuopion Palloseura,60776,157420,2,3,A,b0_base_rate,2026-05-04,0.5490196078431373,0.11764705882352941,0.3333333333333333
4038195,2026-05-09,NL,2026,1,PK-35 Vantaa,Åland United,60671,60532,0,5,A,b0_base_rate,2026-05-04,0.5490196078431373,0.11764705882352941,0.3333333333333333
4038072,2026-05-09,M1L,2026,1,Jippo,Helsingin Jalkapalloklubi,129811,60692,1,1,D,b0_base_rate,2026-05-04,0.4339622641509434,0.2578616352201258,0.3081761006289308
4043023,2026-05-09,M1,2026,1,Kuopion Palloseura,FC Jazz Juniorit,106331,60521,1,2,A,b0_base_rate,2026-05-04,0.4947916666666667,0.19791666666666666,0.3072916666666667
4043021,2026-05-09,M1,2026,1,Rovaniemen Palloseura,Tampereen Pallo-Veikot,60973,60704,1,0,H,b0_base_rate,2026-05-04,0.4947916666666667,0.19791666666666666,0.3072916666666667
4043025,2026-05-09,M1,2026,1,Oulun Luistinseura,JJK Jyväskylä,106449,144858,2,1,H,b0_base_rate,2026-05-04,0.4947916666666667,0.19791666666666666,0.3072916666666667
4038070,2026-05-09,M1L,2026,1,FC KTP Kotka,Käpylän Pallo,60972,60487,2,1,H,b0_base_rate,2026-05-04,0.4339622641509434,0.2578616352201258,0.3081761006289308
4038071,2026-05-09,M1L,2026,1,SJK Akatemia,Järvenpään Palloseura,168874,60676,0,2,A,b0_base_rate,2026-05-04,0.4339622641509434,0.2578616352201258,0.3081761006289308
4043024,2026-05-09,M1,2026,1,Vantaan Jalkapalloseura,Football Club International Turku,63440,60860,3,2,H,b0_base_rate,2026-05-04,0.4947916666666667,0.19791666666666666,0.3072916666666667
4038197,2026-05-10,NL,2026,1,Idrottsföreningen Kamraterna Vasa,Helsingin Palloseura,60691,60781,2,3,A,b0_base_rate,2026-05-04,0.5490196078431373,0.11764705882352941,0.3333333333333333
4036887,2026-05-10,VL,2026,1,FC Lahti,IFK Mariehamn Fotboll,60969,60759,1,1,D,b0_base_rate,2026-05-04,0.4057971014492754,0.2463768115942029,0.34782608695652173
4036880,2026-05-04,VL,2026,1,Helsingin Jalkapalloklubin Liiga-HJK,FC Lahti,60731,60969,1,0,H,g0_logistic_dppg,2026-05-04,0.49866320032604955,0.19358659057270064,0.30775020910124984
4057853,2026-05-04,M2,2026,3,Jakobstads Bollklubb,Gamlakarleby Bollklubb,61766,60492,1,2,A,g0_logistic_dppg,2026-05-04,0.8285455126087171,0.10535727448937858,0.06609721290190433
4036881,2026-05-05,VL,2026,1,IF Gnistan,Football Club International Turku,60534,60987,2,0,H,g0_logistic_dppg,2026-05-04,0.22343281354943734,0.1909244974611144,0.5856426889894483
4057763,2026-05-05,M2,2026,2,Ilves,Idrottsföreningen Kamraterna i Åbo,106905,60996,1,2,A,g0_logistic_dppg,2026-05-04,0.340855905687913,0.20206821554649254,0.4570758787655945
4057854,2026-05-07,M2,2026,3,SJK Akatemia,Äänekosken Huima,131834,35117343,0,1,A,g0_logistic_dppg,2026-05-04,0.6243634133618287,0.17142537836228144,0.2042112082758899
4038068,2026-05-07,M1L,2026,1,Pallokerho-35,Mikkelin Palloilijat,50775,60494,3,1,H,g0_logistic_dppg,2026-05-04,0.5131716115789509,0.19169734544880576,0.2951310429722435
4057675,2026-05-08,M2,2026,1,Atlantis FC Edustus,Union Plaani,60702,61723,5,1,H,g0_logistic_dppg,2026-05-04,0.4840961873431301,0.19530532706745443,0.3205984855894155
4036882,2026-05-08,VL,2026,1,Ilves,Oulun edustusjalkapallo AC Oulu,60745,60493,1,0,H,g0_logistic_dppg,2026-05-04,0.26354349119993525,0.19681868773408215,0.5396378210659827
4057674,2026-05-08,M2,2026,1,Lahden Reipas,Puistolan Urheilijat,61562,49973,3,1,H,g0_logistic_dppg,2026-05-04,0.34085590568791296,0.2020682155464925,0.4570758787655945
4036884,2026-05-08,VL,2026,1,Kuopion Palloseura,SEINÄJOEN JALKAPALLOKERHO,60756,60970,0,0,D,g0_logistic_dppg,2026-05-04,0.6021813604436453,0.17628787322324585,0.22153076633310892
4038069,2026-05-08,M1L,2026,1,Football Club Haka,Ekenäs Idrottsförening,60561,60495,4,3,H,g0_logistic_dppg,2026-05-04,0.491385447674325,0.19446770090926982,0.3141468514164052
4036883,2026-05-08,VL,2026,1,TPS Juniorijalkapallo,Helsingin Jalkapalloklubin Liiga-HJK,60971,60731,1,0,H,g0_logistic_dppg,2026-05-04,0.4792318596581824,0.19583918867589492,0.32492895166592267
4057765,2026-05-08,M2,2026,2,FC Honka,Ilves,62416,106905,2,2,D,g0_logistic_dppg,2026-05-04,0.705825722002925,0.14993579058199,0.14423848741508496
4057855,2026-05-08,M2,2026,3,Vaasan Palloseura,Jakobstads Bollklubb,169909,61766,2,1,H,g0_logistic_dppg,2026-05-04,0.340855905687913,0.20206821554649254,0.4570758787655945
4057676,2026-05-09,M2,2026,1,Pallo-Pojat Juniorit,HIFK Soccer,48924,49735,1,1,D,g0_logistic_dppg,2026-05-04,0.29669677807387335,0.19996543499953323,0.5033377869265934
4057764,2026-05-09,M2,2026,2,Musan Salama,Hämeenlinnan Jalkapalloseura,60696,35121579,0,2,A,g0_logistic_dppg,2026-05-04,0.2555940198439202,0.1958428448733042,0.5485631352827757
4057856,2026-05-09,M2,2026,3,Gamlakarleby Bollklubb,Fotbollsföreningen JARO Jalkapalloseura,60492,144364,0,2,A,g0_logistic_dppg,2026-05-04,0.21803932210820068,0.18993577043883533,0.592024907452964
4057768,2026-05-09,M2,2026,2,Idrottsföreningen Kamraterna i Åbo,GrIFK - Fotboll,60996,60549,3,1,H,g0_logistic_dppg,2026-05-04,0.4840961873431301,0.19530532706745443,0.3205984855894155
4057677,2026-05-09,M2,2026,1,Pepo Lappeenranta,Football Club Kiffen 08,61010,60554,2,1,H,g0_logistic_dppg,2026-05-04,0.6666514276965596,0.16099840191811168,0.17235017038532863
4057766,2026-05-09,M2,2026,2,Nurmijärven Jalkapalloseura,Espoon Palloseuran Jalkapallo,60537,62296,1,2,A,g0_logistic_dppg,2026-05-04,0.4354446992588185,0.19972404528466575,0.3648312554565158
4057857,2026-05-09,M2,2026,3,FC Vaajakoski,Idrottsföreningen Kraft,60496,60686,4,5,A,g0_logistic_dppg,2026-05-04,0.4354446992588185,0.19972404528466575,0.3648312554565158
4057858,2026-05-09,M2,2026,3,Jalkapalloseura Hercules,Tornion Pallo-47,61004,60666,1,2,A,g0_logistic_dppg,2026-05-04,0.6666514276965596,0.1609984019181117,0.17235017038532863
4036886,2026-05-09,VL,2026,1,Vaasan Palloseura,IF Gnistan,60901,60534,1,1,D,g0_logistic_dppg,2026-05-04,0.5976704910144542,0.17722640808136358,0.22510310090418217
4036885,2026-05-09,VL,2026,1,Football Club International Turku,Fotbollsföreningen JARO Jalkapalloseura,60987,60974,2,0,H,g0_logistic_dppg,2026-05-04,0.62872131473911,0.1704214917643295,0.20085719349656048
4057767,2026-05-09,M2,2026,2,Pallo-Iirot,Esbo Bollklubb,107307,63411,1,0,H,g0_logistic_dppg,2026-05-04,0.5793997732697831,0.1808551625028902,0.23974506422732678
4057678,2026-05-09,M2,2026,1,MYPA,Helsingin Palloseura,129934,49949,1,3,A,g0_logistic_dppg,2026-05-04,0.705825722002925,0.14993579058199,0.14423848741508496
4043022,2026-05-09,M1,2026,1,Jalkapalloseura Tampere United,Pallokerho Keski-Uusimaa,106945,60929,0,0,D,g0_logistic_dppg,2026-05-04,0.5419145468343232,0.1874370038080566,0.2706484493576202
4043020,2026-05-09,M1,2026,1,Salon Palloilijat,KPV Juniorit,60690,60536,6,0,H,g0_logistic_dppg,2026-05-04,0.5701376133297988,0.1825892759365039,0.24727311073369723
4038196,2026-05-09,NL,2026,1,Helsingin Jalkapalloklubi,IF Gnistan,60682,35209545,5,0,H,g0_logistic_dppg,2026-05-04,0.5908605446802399,0.17861126653089798,0.23052818878886214
4038194,2026-05-09,NL,2026,1,Ilves,Kuopion Palloseura,60776,157420,2,3,A,g0_logistic_dppg,2026-05-04,0.24585805397874066,0.19452265578583636,0.559619290235423
4038195,2026-05-09,NL,2026,1,PK-35 Vantaa,Åland United,60671,60532,0,5,A,g0_logistic_dppg,2026-05-04,0.37557486799887996,0.20222624481635337,0.4221988871847667
4038072,2026-05-09,M1L,2026,1,Jippo,Helsingin Jalkapalloklubi,129811,60692,1,1,D,g0_logistic_dppg,2026-05-04,0.7416304843055064,0.13857359597768645,0.11979591971680724
4043023,2026-05-09,M1,2026,1,Kuopion Palloseura,FC Jazz Juniorit,106331,60521,1,2,A,g0_logistic_dppg,2026-05-04,0.4257547328351394,0.2003548287577256,0.37389043840713504
4043021,2026-05-09,M1,2026,1,Rovaniemen Palloseura,Tampereen Pallo-Veikot,60973,60704,1,0,H,g0_logistic_dppg,2026-05-04,0.6747461188863285,0.15882547509543243,0.16642840601823905
4043025,2026-05-09,M1,2026,1,Oulun Luistinseura,JJK Jyväskylä,106449,144858,2,1,H,g0_logistic_dppg,2026-05-04,0.4840961873431301,0.19530532706745443,0.3205984855894155
4038070,2026-05-09,M1L,2026,1,FC KTP Kotka,Käpylän Pallo,60972,60487,2,1,H,g0_logistic_dppg,2026-05-04,0.5059262927198279,0.19266284249072907,0.301410864789443
4038071,2026-05-09,M1L,2026,1,SJK Akatemia,Järvenpään Palloseura,168874,60676,0,2,A,g0_logistic_dppg,2026-05-04,0.340855905687913,0.20206821554649254,0.4570758787655945
4043024,2026-05-09,M1,2026,1,Vantaan Jalkapalloseura,Football Club International Turku,63440,60860,3,2,H,g0_logistic_dppg,2026-05-04,0.5131716115789509,0.19169734544880576,0.2951310429722435
4038197,2026-05-10,NL,2026,1,Idrottsföreningen Kamraterna Vasa,Helsingin Palloseura,60691,60781,2,3,A,g0_logistic_dppg,2026-05-04,0.16892995768659336,0.17838198447882803,0.6526880578345787
4036887,2026-05-10,VL,2026,1,FC Lahti,IFK Mariehamn Fotboll,60969,60759,1,1,D,g0_logistic_dppg,2026-05-04,0.5976704910144542,0.17722640808136358,0.22510310090418217
4036880,2026-05-04,VL,2026,1,Helsingin Jalkapalloklubin Liiga-HJK,FC Lahti,60731,60969,1,0,H,poisson_plain,2026-05-04,0.5780111173111296,0.21385083562679327,0.20813804706207717
4057853,2026-05-04,M2,2026,3,Jakobstads Bollklubb,Gamlakarleby Bollklubb,61766,60492,1,2,A,poisson_plain,2026-05-04,0.5238416979062971,0.253885535954769,0.22227276613893404
4036881,2026-05-05,VL,2026,1,IF Gnistan,Football Club International Turku,60534,60987,2,0,H,poisson_plain,2026-05-04,0.14350779513492815,0.1974822034674435,0.6590100013976284
4057763,2026-05-05,M2,2026,2,Ilves,Idrottsföreningen Kamraterna i Åbo,106905,60996,1,2,A,poisson_plain,2026-05-04,0.2902974823097778,0.2477118330528767,0.4619906846373455
4057854,2026-05-07,M2,2026,3,SJK Akatemia,Äänekosken Huima,131834,35117343,0,1,A,poisson_plain,2026-05-04,0.6764908204239699,0.14230021819719768,0.18120896137883247
4038068,2026-05-07,M1L,2026,1,Pallokerho-35,Mikkelin Palloilijat,50775,60494,3,1,H,poisson_plain,2026-05-04,0.38276580630737644,0.4281927753515755,0.189041418341048
4057675,2026-05-08,M2,2026,1,Atlantis FC Edustus,Union Plaani,60702,61723,5,1,H,poisson_plain,2026-05-04,0.41014941628767987,0.21501701249274813,0.37483357121957217
4036882,2026-05-08,VL,2026,1,Ilves,Oulun edustusjalkapallo AC Oulu,60745,60493,1,0,H,poisson_plain,2026-05-04,0.6259277860133201,0.18368966725785396,0.19038254672882587
4057674,2026-05-08,M2,2026,1,Lahden Reipas,Puistolan Urheilijat,61562,49973,3,1,H,poisson_plain,2026-05-04,0.4727290337846068,0.21055881957683312,0.31671214663856007
4036884,2026-05-08,VL,2026,1,Kuopion Palloseura,SEINÄJOEN JALKAPALLOKERHO,60756,60970,0,0,D,poisson_plain,2026-05-04,0.473231626265867,0.2321116053984703,0.2946567683356627
4038069,2026-05-08,M1L,2026,1,Football Club Haka,Ekenäs Idrottsförening,60561,60495,4,3,H,poisson_plain,2026-05-04,0.5785040744712336,0.20943094603315554,0.21206497949561087
4036883,2026-05-08,VL,2026,1,TPS Juniorijalkapallo,Helsingin Jalkapalloklubin Liiga-HJK,60971,60731,1,0,H,poisson_plain,2026-05-04,0.31754855838335205,0.2351241822010466,0.4473272594156013
4057765,2026-05-08,M2,2026,2,FC Honka,Ilves,62416,106905,2,2,D,poisson_plain,2026-05-04,0.8223581232006112,0.10709292873699681,0.0705489480623919
4057855,2026-05-08,M2,2026,3,Vaasan Palloseura,Jakobstads Bollklubb,169909,61766,2,1,H,poisson_plain,2026-05-04,0.5972736056943758,0.22020026281488855,0.18252613149073568
4057676,2026-05-09,M2,2026,1,Pallo-Pojat Juniorit,HIFK Soccer,48924,49735,1,1,D,poisson_plain,2026-05-04,0.26058989563453566,0.25094501066801794,0.4884650936974464
4057764,2026-05-09,M2,2026,2,Musan Salama,Hämeenlinnan Jalkapalloseura,60696,35121579,0,2,A,poisson_plain,2026-05-04,0.3319265947093581,0.23190226635189062,0.4361711389387512
4057856,2026-05-09,M2,2026,3,Gamlakarleby Bollklubb,Fotbollsföreningen JARO Jalkapalloseura,60492,144364,0,2,A,poisson_plain,2026-05-04,0.5360153356131762,0.17651601147088525,0.2874686529159386
4057768,2026-05-09,M2,2026,2,Idrottsföreningen Kamraterna i Åbo,GrIFK - Fotboll,60996,60549,3,1,H,poisson_plain,2026-05-04,0.7751251849770917,0.14799000364160744,0.07688481138130092
4057677,2026-05-09,M2,2026,1,Pepo Lappeenranta,Football Club Kiffen 08,61010,60554,2,1,H,poisson_plain,2026-05-04,0.5999552715479041,0.19536542521210642,0.2046793032399895
4057766,2026-05-09,M2,2026,2,Nurmijärven Jalkapalloseura,Espoon Palloseuran Jalkapallo,60537,62296,1,2,A,poisson_plain,2026-05-04,0.32770624849976776,0.2656099397196768,0.40668381178055557
4057857,2026-05-09,M2,2026,3,FC Vaajakoski,Idrottsföreningen Kraft,60496,60686,4,5,A,poisson_plain,2026-05-04,0.44895044190619526,0.21440927091582807,0.33664028717797667
4057858,2026-05-09,M2,2026,3,Jalkapalloseura Hercules,Tornion Pallo-47,61004,60666,1,2,A,poisson_plain,2026-05-04,0.41801025625669497,0.1798904857419606,0.4020992580013445
4036886,2026-05-09,VL,2026,1,Vaasan Palloseura,IF Gnistan,60901,60534,1,1,D,poisson_plain,2026-05-04,0.4146478033471522,0.24957087190026117,0.33578132475258665
4036885,2026-05-09,VL,2026,1,Football Club International Turku,Fotbollsföreningen JARO Jalkapalloseura,60987,60974,2,0,H,poisson_plain,2026-05-04,0.629701915906401,0.22723280746520355,0.1430652766283955
4057767,2026-05-09,M2,2026,2,Pallo-Iirot,Esbo Bollklubb,107307,63411,1,0,H,poisson_plain,2026-05-04,0.44085729544512503,0.22599255484500985,0.3331501497098652
4057678,2026-05-09,M2,2026,1,MYPA,Helsingin Palloseura,129934,49949,1,3,A,poisson_plain,2026-05-04,0.590029474952873,0.18776757133892366,0.22220295370820337
4043022,2026-05-09,M1,2026,1,Jalkapalloseura Tampere United,Pallokerho Keski-Uusimaa,106945,60929,0,0,D,poisson_plain,2026-05-04,0.44782187544605623,0.2348391999516784,0.31733892460226537
4043020,2026-05-09,M1,2026,1,Salon Palloilijat,KPV Juniorit,60690,60536,6,0,H,poisson_plain,2026-05-04,0.45704897211606654,0.2593628334400701,0.28358819444386335
4038196,2026-05-09,NL,2026,1,Helsingin Jalkapalloklubi,IF Gnistan,60682,35209545,5,0,H,poisson_plain,2026-05-04,0.9119793356030916,0.05759793889972793,0.030422725497180406
4038194,2026-05-09,NL,2026,1,Ilves,Kuopion Palloseura,60776,157420,2,3,A,poisson_plain,2026-05-04,0.13922912691032507,0.17445400514394074,0.6863168679457342
4038195,2026-05-09,NL,2026,1,PK-35 Vantaa,Åland United,60671,60532,0,5,A,poisson_plain,2026-05-04,0.40285016596588175,0.20467565834794607,0.3924741756861722
4038072,2026-05-09,M1L,2026,1,Jippo,Helsingin Jalkapalloklubi,129811,60692,1,1,D,poisson_plain,2026-05-04,0.4718240449515044,0.2740139093469097,0.25416204570158596
4043023,2026-05-09,M1,2026,1,Kuopion Palloseura,FC Jazz Juniorit,106331,60521,1,2,A,poisson_plain,2026-05-04,0.5172557041574396,0.20578421846021444,0.27696007738234596
4043021,2026-05-09,M1,2026,1,Rovaniemen Palloseura,Tampereen Pallo-Veikot,60973,60704,1,0,H,poisson_plain,2026-05-04,0.6576618935046746,0.195272210804477,0.1470658956908484
4043025,2026-05-09,M1,2026,1,Oulun Luistinseura,JJK Jyväskylä,106449,144858,2,1,H,poisson_plain,2026-05-04,0.651115657376618,0.19034616719444564,0.15853817542893628
4038070,2026-05-09,M1L,2026,1,FC KTP Kotka,Käpylän Pallo,60972,60487,2,1,H,poisson_plain,2026-05-04,0.5756584598438891,0.1973057283566747,0.2270358117994361
4038071,2026-05-09,M1L,2026,1,SJK Akatemia,Järvenpään Palloseura,168874,60676,0,2,A,poisson_plain,2026-05-04,0.4619546844030523,0.22563559777226733,0.3124097178246803
4043024,2026-05-09,M1,2026,1,Vantaan Jalkapalloseura,Football Club International Turku,63440,60860,3,2,H,poisson_plain,2026-05-04,0.5238549072672265,0.21927743500689495,0.2568676577258786
4038197,2026-05-10,NL,2026,1,Idrottsföreningen Kamraterna Vasa,Helsingin Palloseura,60691,60781,2,3,A,poisson_plain,2026-05-04,0.05645605869054459,0.10478295394468334,0.8387609873647721
4036887,2026-05-10,VL,2026,1,FC Lahti,IFK Mariehamn Fotboll,60969,60759,1,1,D,poisson_plain,2026-05-04,0.48757219923010103,0.2581087928279107,0.2543190079419882
4036880,2026-05-04,VL,2026,1,Helsingin Jalkapalloklubin Liiga-HJK,FC Lahti,60731,60969,1,0,H,dc_best,2026-05-04,0.5069552612214122,0.26594251728417995,0.22710222149440779
4057853,2026-05-04,M2,2026,3,Jakobstads Bollklubb,Gamlakarleby Bollklubb,61766,60492,1,2,A,dc_best,2026-05-04,0.6214045772105676,0.22475837108293684,0.15383705170649548
4036881,2026-05-05,VL,2026,1,IF Gnistan,Football Club International Turku,60534,60987,2,0,H,dc_best,2026-05-04,0.12387176008662798,0.22778007716981252,0.6483481627435596
4057763,2026-05-05,M2,2026,2,Ilves,Idrottsföreningen Kamraterna i Åbo,106905,60996,1,2,A,dc_best,2026-05-04,0.27220057711547596,0.22967708563384243,0.49812233725068167
4057854,2026-05-07,M2,2026,3,SJK Akatemia,Äänekosken Huima,131834,35117343,0,1,A,dc_best,2026-05-04,0.6117566250603685,0.16127378734453257,0.22696958759509883
4038068,2026-05-07,M1L,2026,1,Pallokerho-35,Mikkelin Palloilijat,50775,60494,3,1,H,dc_best,2026-05-04,0.39696656956231846,0.3881608313800742,0.21487259905760742
4057675,2026-05-08,M2,2026,1,Atlantis FC Edustus,Union Plaani,60702,61723,5,1,H,dc_best,2026-05-04,0.39803424572225654,0.2026518377769334,0.39931391650081016
4036882,2026-05-08,VL,2026,1,Ilves,Oulun edustusjalkapallo AC Oulu,60745,60493,1,0,H,dc_best,2026-05-04,0.37803107417384635,0.2345285049858073,0.3874404208403464
4057674,2026-05-08,M2,2026,1,Lahden Reipas,Puistolan Urheilijat,61562,49973,3,1,H,dc_best,2026-05-04,0.4100005073328674,0.21012383595753653,0.379875656709596
4036884,2026-05-08,VL,2026,1,Kuopion Palloseura,SEINÄJOEN JALKAPALLOKERHO,60756,60970,0,0,D,dc_best,2026-05-04,0.48033184679639107,0.26252895029136686,0.2571392029122421
4038069,2026-05-08,M1L,2026,1,Football Club Haka,Ekenäs Idrottsförening,60561,60495,4,3,H,dc_best,2026-05-04,0.7119212255498119,0.13606518188534367,0.15201359256484448
4036883,2026-05-08,VL,2026,1,TPS Juniorijalkapallo,Helsingin Jalkapalloklubin Liiga-HJK,60971,60731,1,0,H,dc_best,2026-05-04,0.30974827772550395,0.27441764413338526,0.4158340781411109
4057765,2026-05-08,M2,2026,2,FC Honka,Ilves,62416,106905,2,2,D,dc_best,2026-05-04,0.8308430072586628,0.10011236381833238,0.06904462892300497
4057855,2026-05-08,M2,2026,3,Vaasan Palloseura,Jakobstads Bollklubb,169909,61766,2,1,H,dc_best,2026-05-04,0.44775375961774194,0.23854735955923265,0.31369888082302544
4057676,2026-05-09,M2,2026,1,Pallo-Pojat Juniorit,HIFK Soccer,48924,49735,1,1,D,dc_best,2026-05-04,0.34823182683913284,0.2747249728593683,0.3770432003014989
4057764,2026-05-09,M2,2026,2,Musan Salama,Hämeenlinnan Jalkapalloseura,60696,35121579,0,2,A,dc_best,2026-05-04,0.23974426500105583,0.20560389101369547,0.5546518439852488
4057856,2026-05-09,M2,2026,3,Gamlakarleby Bollklubb,Fotbollsföreningen JARO Jalkapalloseura,60492,144364,0,2,A,dc_best,2026-05-04,0.3729219257380255,0.18462927066683993,0.4424488035951347
4057768,2026-05-09,M2,2026,2,Idrottsföreningen Kamraterna i Åbo,GrIFK - Fotboll,60996,60549,3,1,H,dc_best,2026-05-04,0.7418622651730878,0.16823646109693807,0.089901273729974
4057677,2026-05-09,M2,2026,1,Pepo Lappeenranta,Football Club Kiffen 08,61010,60554,2,1,H,dc_best,2026-05-04,0.6886614934019799,0.15409110996667946,0.15724739663134063
4057766,2026-05-09,M2,2026,2,Nurmijärven Jalkapalloseura,Espoon Palloseuran Jalkapallo,60537,62296,1,2,A,dc_best,2026-05-04,0.3334054893948658,0.24379317064482864,0.4228013399603055
4057857,2026-05-09,M2,2026,3,FC Vaajakoski,Idrottsföreningen Kraft,60496,60686,4,5,A,dc_best,2026-05-04,0.36150192883386767,0.20603785038226927,0.43246022078386315
4057858,2026-05-09,M2,2026,3,Jalkapalloseura Hercules,Tornion Pallo-47,61004,60666,1,2,A,dc_best,2026-05-04,0.5239754034596992,0.177142691756112,0.2988819047841888
4036886,2026-05-09,VL,2026,1,Vaasan Palloseura,IF Gnistan,60901,60534,1,1,D,dc_best,2026-05-04,0.4798401898668312,0.288924280831542,0.23123552930162689
4036885,2026-05-09,VL,2026,1,Football Club International Turku,Fotbollsföreningen JARO Jalkapalloseura,60987,60974,2,0,H,dc_best,2026-05-04,0.5408114287643746,0.2937450121166141,0.1654435591190114
4057767,2026-05-09,M2,2026,2,Pallo-Iirot,Esbo Bollklubb,107307,63411,1,0,H,dc_best,2026-05-04,0.46480681752616765,0.2142782311682522,0.3209149513055802
4057678,2026-05-09,M2,2026,1,MYPA,Helsingin Palloseura,129934,49949,1,3,A,dc_best,2026-05-04,0.5294372528248688,0.20032716467151623,0.2702355825036151
4043022,2026-05-09,M1,2026,1,Jalkapalloseura Tampere United,Pallokerho Keski-Uusimaa,106945,60929,0,0,D,dc_best,2026-05-04,0.41046510029980043,0.2759111090813326,0.31362379061886697
4043020,2026-05-09,M1,2026,1,Salon Palloilijat,KPV Juniorit,60690,60536,6,0,H,dc_best,2026-05-04,0.5573509610092888,0.26795701537685646,0.17469202361385472
4038196,2026-05-09,NL,2026,1,Helsingin Jalkapalloklubi,IF Gnistan,60682,35209545,5,0,H,dc_best,2026-05-04,0.832398851046675,0.09245849823036316,0.07514265072296193
4038194,2026-05-09,NL,2026,1,Ilves,Kuopion Palloseura,60776,157420,2,3,A,dc_best,2026-05-04,0.19363617614255127,0.1868892258552478,0.619474598002201
4038195,2026-05-09,NL,2026,1,PK-35 Vantaa,Åland United,60671,60532,0,5,A,dc_best,2026-05-04,0.3889891791004974,0.1861583501006193,0.42485247079888333
4038072,2026-05-09,M1L,2026,1,Jippo,Helsingin Jalkapalloklubi,129811,60692,1,1,D,dc_best,2026-05-04,0.5733027540372942,0.2583730069946578,0.168324238968048
4043023,2026-05-09,M1,2026,1,Kuopion Palloseura,FC Jazz Juniorit,106331,60521,1,2,A,dc_best,2026-05-04,0.5242581867822741,0.23473078197098182,0.24101103124674417
4043021,2026-05-09,M1,2026,1,Rovaniemen Palloseura,Tampereen Pallo-Veikot,60973,60704,1,0,H,dc_best,2026-05-04,0.7663575458591805,0.16041108347496633,0.07323137066585314
4043025,2026-05-09,M1,2026,1,Oulun Luistinseura,JJK Jyväskylä,106449,144858,2,1,H,dc_best,2026-05-04,0.6331560130785061,0.21774431707480027,0.14909966984669373
4038070,2026-05-09,M1L,2026,1,FC KTP Kotka,Käpylän Pallo,60972,60487,2,1,H,dc_best,2026-05-04,0.5348254471892133,0.183883107503842,0.2812914453069447
4038071,2026-05-09,M1L,2026,1,SJK Akatemia,Järvenpään Palloseura,168874,60676,0,2,A,dc_best,2026-05-04,0.45640203107914495,0.21917285802985434,0.3244251108910008
4043024,2026-05-09,M1,2026,1,Vantaan Jalkapalloseura,Football Club International Turku,63440,60860,3,2,H,dc_best,2026-05-04,0.5231419129736508,0.24863223632826636,0.22822585069808288
4038197,2026-05-10,NL,2026,1,Idrottsföreningen Kamraterna Vasa,Helsingin Palloseura,60691,60781,2,3,A,dc_best,2026-05-04,0.06766486205591923,0.1314471336500866,0.8008880042939941
4036887,2026-05-10,VL,2026,1,FC Lahti,IFK Mariehamn Fotboll,60969,60759,1,1,D,dc_best,2026-05-04,0.49595758656688127,0.29207126097258673,0.21197115246053205
4043027,2026-05-16,M1,2026,1,Tampereen Pallo-Veikot,Oulun Luistinseura,60704,106449,2,2,D,b0_base_rate,2026-05-11,0.5,0.19696969696969696,0.30303030303030304
4043029,2026-05-16,M1,2026,1,KPV Juniorit,Jalkapalloseura Tampere United,60536,106945,0,6,A,b0_base_rate,2026-05-11,0.5,0.19696969696969696,0.30303030303030304
4043026,2026-05-16,M1,2026,1,FC Jazz Juniorit,Rovaniemen Palloseura,60521,60973,2,1,H,b0_base_rate,2026-05-11,0.5,0.19696969696969696,0.30303030303030304
4036892,2026-05-16,VL,2026,1,Oulun edustusjalkapallo AC Oulu,TPS Juniorijalkapallo,60493,60971,1,0,H,b0_base_rate,2026-05-11,0.413953488372093,0.25116279069767444,0.33488372093023255
4043030,2026-05-16,M1,2026,1,JJK Jyväskylä,Salon Palloilijat,144858,60690,2,2,D,b0_base_rate,2026-05-11,0.5,0.19696969696969696,0.30303030303030304
4036890,2026-05-16,VL,2026,1,IF Gnistan,Fotbollsföreningen JARO Jalkapalloseura,60534,60974,5,0,H,b0_base_rate,2026-05-11,0.413953488372093,0.25116279069767444,0.33488372093023255
4036888,2026-05-16,VL,2026,1,Helsingin Jalkapalloklubin Liiga-HJK,Ilves,60731,60745,2,2,D,b0_base_rate,2026-05-11,0.413953488372093,0.25116279069767444,0.33488372093023255
4036889,2026-05-16,VL,2026,1,IFK Mariehamn Fotboll,Kuopion Palloseura,60759,60756,1,1,D,b0_base_rate,2026-05-11,0.413953488372093,0.25116279069767444,0.33488372093023255
4057679,2026-05-16,M2,2026,1,Union Plaani,Pallo-Pojat Juniorit,61723,48924,2,2,D,b0_base_rate,2026-05-11,0.49870801033591733,0.1343669250645995,0.3669250645994832
4057770,2026-05-16,M2,2026,2,GrIFK - Fotboll,FC Honka,60549,62416,1,5,A,b0_base_rate,2026-05-11,0.49870801033591733,0.1343669250645995,0.3669250645994832
4057859,2026-05-16,M2,2026,3,Äänekosken Huima,FC Vaajakoski,35117343,60496,4,2,H,b0_base_rate,2026-05-11,0.49870801033591733,0.1343669250645995,0.3669250645994832
4057769,2026-05-16,M2,2026,2,Espoon Palloseuran Jalkapallo,Musan Salama,62296,60696,6,1,H,b0_base_rate,2026-05-11,0.49870801033591733,0.1343669250645995,0.3669250645994832
4057682,2026-05-16,M2,2026,1,MYPA,Lahden Reipas,129934,61562,0,5,A,b0_base_rate,2026-05-11,0.49870801033591733,0.1343669250645995,0.3669250645994832
4057680,2026-05-16,M2,2026,1,Puistolan Urheilijat,Pepo Lappeenranta,49973,61010,1,2,A,b0_base_rate,2026-05-11,0.49870801033591733,0.1343669250645995,0.3669250645994832
4057681,2026-05-16,M2,2026,1,Helsingin Palloseura,Atlantis FC Edustus,49949,60702,4,3,H,b0_base_rate,2026-05-11,0.49870801033591733,0.1343669250645995,0.3669250645994832
4057860,2026-05-16,M2,2026,3,Tornion Pallo-47,Fotbollsföreningen JARO Jalkapalloseura,60666,144364,3,1,H,b0_base_rate,2026-05-11,0.49870801033591733,0.1343669250645995,0.3669250645994832
4057861,2026-05-16,M2,2026,3,Jakobstads Bollklubb,Jalkapalloseura Hercules,61766,61004,3,0,H,b0_base_rate,2026-05-11,0.49870801033591733,0.1343669250645995,0.3669250645994832
4038076,2026-05-16,M1L,2026,1,Järvenpään Palloseura,FC KTP Kotka,60676,60972,0,1,A,b0_base_rate,2026-05-11,0.43902439024390244,0.25609756097560976,0.3048780487804878
4036891,2026-05-16,VL,2026,1,SEINÄJOEN JALKAPALLOKERHO,Football Club International Turku,60970,60987,1,3,A,b0_base_rate,2026-05-11,0.413953488372093,0.25116279069767444,0.33488372093023255
4038073,2026-05-17,M1L,2026,1,Ekenäs Idrottsförening,SJK Akatemia,60495,168874,3,0,H,b0_base_rate,2026-05-11,0.43902439024390244,0.25609756097560976,0.3048780487804878
4038074,2026-05-17,M1L,2026,1,Käpylän Pallo,Pallokerho-35,60487,50775,0,0,D,b0_base_rate,2026-05-11,0.43902439024390244,0.25609756097560976,0.3048780487804878
4038075,2026-05-17,M1L,2026,1,Mikkelin Palloilijat,Jippo,60494,129811,1,3,A,b0_base_rate,2026-05-11,0.43902439024390244,0.25609756097560976,0.3048780487804878
4043031,2026-05-17,M1,2026,1,Football Club International Turku,Kuopion Palloseura,60860,106331,4,2,H,b0_base_rate,2026-05-11,0.5,0.19696969696969696,0.30303030303030304
4057772,2026-05-17,M2,2026,2,Ilves,Pallo-Iirot,106905,107307,3,2,H,b0_base_rate,2026-05-11,0.49870801033591733,0.1343669250645995,0.3669250645994832
4038198,2026-05-17,NL,2026,1,IF Gnistan,Ilves,35209545,60776,2,3,A,b0_base_rate,2026-05-11,0.5377358490566038,0.11320754716981132,0.3490566037735849
4038199,2026-05-17,NL,2026,1,PK-35 Vantaa,Idrottsföreningen Kamraterna Vasa,60671,60691,2,1,H,b0_base_rate,2026-05-11,0.5377358490566038,0.11320754716981132,0.3490566037735849
4038200,2026-05-17,NL,2026,1,Åland United,Kuopion Palloseura,60532,157420,1,6,A,b0_base_rate,2026-05-11,0.5377358490566038,0.11320754716981132,0.3490566037735849
4038201,2026-05-17,NL,2026,1,Helsingin Palloseura,Helsingin Jalkapalloklubi,60781,60682,1,2,A,b0_base_rate,2026-05-11,0.5377358490566038,0.11320754716981132,0.3490566037735849
4057773,2026-05-17,M2,2026,2,Esbo Bollklubb,Hämeenlinnan Jalkapalloseura,63411,35121579,2,3,A,b0_base_rate,2026-05-11,0.49870801033591733,0.1343669250645995,0.3669250645994832
4057862,2026-05-17,M2,2026,3,Idrottsföreningen Kraft,Gamlakarleby Bollklubb,60686,60492,6,2,H,b0_base_rate,2026-05-11,0.49870801033591733,0.1343669250645995,0.3669250645994832
4043027,2026-05-16,M1,2026,1,Tampereen Pallo-Veikot,Oulun Luistinseura,60704,106449,2,2,D,g0_logistic_dppg,2026-05-11,0.22832474116058024,0.1812808611034733,0.5903943977359465
4043029,2026-05-16,M1,2026,1,KPV Juniorit,Jalkapalloseura Tampere United,60536,106945,0,6,A,g0_logistic_dppg,2026-05-11,0.3052239849698279,0.19318023492565867,0.5015957801045136
4043026,2026-05-16,M1,2026,1,FC Jazz Juniorit,Rovaniemen Palloseura,60521,60973,2,1,H,g0_logistic_dppg,2026-05-11,0.3698625435655889,0.1974891185373749,0.4326483378970361
4036892,2026-05-16,VL,2026,1,Oulun edustusjalkapallo AC Oulu,TPS Juniorijalkapallo,60493,60971,1,0,H,g0_logistic_dppg,2026-05-11,0.44457528326628465,0.1970490859030136,0.35837563083070173
4043030,2026-05-16,M1,2026,1,JJK Jyväskylä,Salon Palloilijat,144858,60690,2,2,D,g0_logistic_dppg,2026-05-11,0.5953745681766806,0.180366436299848,0.22425899552347148
4036890,2026-05-16,VL,2026,1,IF Gnistan,Fotbollsföreningen JARO Jalkapalloseura,60534,60974,5,0,H,g0_logistic_dppg,2026-05-11,0.5069186447129203,0.19264540730963575,0.300435947977444
4036888,2026-05-16,VL,2026,1,Helsingin Jalkapalloklubin Liiga-HJK,Ilves,60731,60745,2,2,D,g0_logistic_dppg,2026-05-11,0.5831637483000867,0.18248238841532818,0.2343538632845852
4036889,2026-05-16,VL,2026,1,IFK Mariehamn Fotboll,Kuopion Palloseura,60759,60756,1,1,D,g0_logistic_dppg,2026-05-11,0.320164298543548,0.19459679934908783,0.4852389021073642
4057679,2026-05-16,M2,2026,1,Union Plaani,Pallo-Pojat Juniorit,61723,48924,2,2,D,g0_logistic_dppg,2026-05-11,0.2848699183913407,0.1908114185938416,0.5243186630148177
4057770,2026-05-16,M2,2026,2,GrIFK - Fotboll,FC Honka,60549,62416,1,5,A,g0_logistic_dppg,2026-05-11,0.44950912881955785,0.19683088915962726,0.3536599820208149
4057859,2026-05-16,M2,2026,3,Äänekosken Huima,FC Vaajakoski,35117343,60496,4,2,H,g0_logistic_dppg,2026-05-11,0.6163066194843683,0.17642029335026968,0.20727308716536205
4057769,2026-05-16,M2,2026,2,Espoon Palloseuran Jalkapallo,Musan Salama,62296,60696,6,1,H,g0_logistic_dppg,2026-05-11,0.5846994495978263,0.18222375795312482,0.23307679244904897
4057682,2026-05-16,M2,2026,1,MYPA,Lahden Reipas,129934,61562,0,5,A,g0_logistic_dppg,2026-05-11,0.44950912881955785,0.19683088915962726,0.3536599820208149
4057680,2026-05-16,M2,2026,1,Puistolan Urheilijat,Pepo Lappeenranta,49973,61010,1,2,A,g0_logistic_dppg,2026-05-11,0.3810461650796676,0.19777598031054935,0.4211778546097831
4057681,2026-05-16,M2,2026,1,Helsingin Palloseura,Atlantis FC Edustus,49949,60702,4,3,H,g0_logistic_dppg,2026-05-11,0.5182855132733131,0.19146200209966283,0.2902524846270242
4057860,2026-05-16,M2,2026,3,Tornion Pallo-47,Fotbollsföreningen JARO Jalkapalloseura,60666,144364,3,1,H,g0_logistic_dppg,2026-05-11,0.34780190077804857,0.19653889409299988,0.4556592051289516
4057861,2026-05-16,M2,2026,3,Jakobstads Bollklubb,Jalkapalloseura Hercules,61766,61004,3,0,H,g0_logistic_dppg,2026-05-11,0.3810461650796676,0.19777598031054935,0.4211778546097831
4038076,2026-05-16,M1L,2026,1,Järvenpään Palloseura,FC KTP Kotka,60676,60972,0,1,A,g0_logistic_dppg,2026-05-11,0.5069186447129203,0.19264540730963575,0.30043594797744405
4036891,2026-05-16,VL,2026,1,SEINÄJOEN JALKAPALLOKERHO,Football Club International Turku,60970,60987,1,3,A,g0_logistic_dppg,2026-05-11,0.34780190077804857,0.19653889409299988,0.4556592051289516
4038073,2026-05-17,M1L,2026,1,Ekenäs Idrottsförening,SJK Akatemia,60495,168874,3,0,H,g0_logistic_dppg,2026-05-11,0.5069186447129203,0.19264540730963575,0.300435947977444
4038074,2026-05-17,M1L,2026,1,Käpylän Pallo,Pallokerho-35,60487,50775,0,0,D,g0_logistic_dppg,2026-05-11,0.43800103848977495,0.19730438951214058,0.36469457199808447
4038075,2026-05-17,M1L,2026,1,Mikkelin Palloilijat,Jippo,60494,129811,1,3,A,g0_logistic_dppg,2026-05-11,0.34780190077804857,0.19653889409299988,0.4556592051289516
4043031,2026-05-17,M1,2026,1,Football Club International Turku,Kuopion Palloseura,60860,106331,4,2,H,g0_logistic_dppg,2026-05-11,0.48403244644258603,0.19467429345143342,0.3212932601059805
4057772,2026-05-17,M2,2026,2,Ilves,Pallo-Iirot,106905,107307,3,2,H,g0_logistic_dppg,2026-05-11,0.2848699183913407,0.1908114185938416,0.5243186630148177
4038198,2026-05-17,NL,2026,1,IF Gnistan,Ilves,35209545,60776,2,3,A,g0_logistic_dppg,2026-05-11,0.565166693716682,0.1853536905373919,0.24947961574592606
4038199,2026-05-17,NL,2026,1,PK-35 Vantaa,Idrottsföreningen Kamraterna Vasa,60671,60691,2,1,H,g0_logistic_dppg,2026-05-11,0.565166693716682,0.1853536905373919,0.24947961574592606
4038200,2026-05-17,NL,2026,1,Åland United,Kuopion Palloseura,60532,157420,1,6,A,g0_logistic_dppg,2026-05-11,0.37432487969769307,0.19761903106417497,0.428056089238132
4038201,2026-05-17,NL,2026,1,Helsingin Palloseura,Helsingin Jalkapalloklubi,60781,60682,1,2,A,g0_logistic_dppg,2026-05-11,0.5114726510894505,0.19218525478592768,0.2963420941246219
4057773,2026-05-17,M2,2026,2,Esbo Bollklubb,Hämeenlinnan Jalkapalloseura,63411,35121579,2,3,A,g0_logistic_dppg,2026-05-11,0.31564901525604966,0.19419659096039024,0.4901543937835601
4057862,2026-05-17,M2,2026,3,Idrottsföreningen Kraft,Gamlakarleby Bollklubb,60686,60492,6,2,H,g0_logistic_dppg,2026-05-11,0.5182855132733131,0.19146200209966283,0.2902524846270242
4043027,2026-05-16,M1,2026,1,Tampereen Pallo-Veikot,Oulun Luistinseura,60704,106449,2,2,D,poisson_plain,2026-05-11,0.15360580964916132,0.2337879793335235,0.6126062110173153
4043029,2026-05-16,M1,2026,1,KPV Juniorit,Jalkapalloseura Tampere United,60536,106945,0,6,A,poisson_plain,2026-05-11,0.41761166445343323,0.24969349204554514,0.3326948435010217
4043026,2026-05-16,M1,2026,1,FC Jazz Juniorit,Rovaniemen Palloseura,60521,60973,2,1,H,poisson_plain,2026-05-11,0.4631665552385307,0.21538214051759857,0.32145130424387075
4036892,2026-05-16,VL,2026,1,Oulun edustusjalkapallo AC Oulu,TPS Juniorijalkapallo,60493,60971,1,0,H,poisson_plain,2026-05-11,0.20006445399650025,0.24322890737633573,0.5567066386271641
4043030,2026-05-16,M1,2026,1,JJK Jyväskylä,Salon Palloilijat,144858,60690,2,2,D,poisson_plain,2026-05-11,0.3782598002902954,0.2519204746802822,0.3698197250294225
4036890,2026-05-16,VL,2026,1,IF Gnistan,Fotbollsföreningen JARO Jalkapalloseura,60534,60974,5,0,H,poisson_plain,2026-05-11,0.40840428128115663,0.24530863336423855,0.3462870853546049
4036888,2026-05-16,VL,2026,1,Helsingin Jalkapalloklubin Liiga-HJK,Ilves,60731,60745,2,2,D,poisson_plain,2026-05-11,0.44173797536105375,0.20830571321541957,0.3499563114235267
4036889,2026-05-16,VL,2026,1,IFK Mariehamn Fotboll,Kuopion Palloseura,60759,60756,1,1,D,poisson_plain,2026-05-11,0.12233562097956775,0.1881774112656666,0.6894869677547657
4057679,2026-05-16,M2,2026,1,Union Plaani,Pallo-Pojat Juniorit,61723,48924,2,2,D,poisson_plain,2026-05-11,0.10473873261202196,0.12182500359058072,0.7734362637973973
4057770,2026-05-16,M2,2026,2,GrIFK - Fotboll,FC Honka,60549,62416,1,5,A,poisson_plain,2026-05-11,0.08114384698207402,0.1234429283459678,0.7954132246719582
4057859,2026-05-16,M2,2026,3,Äänekosken Huima,FC Vaajakoski,35117343,60496,4,2,H,poisson_plain,2026-05-11,0.6322414153614169,0.18111222997356832,0.18664635466501475
4057769,2026-05-16,M2,2026,2,Espoon Palloseuran Jalkapallo,Musan Salama,62296,60696,6,1,H,poisson_plain,2026-05-11,0.4882946849837945,0.2536571043990053,0.25804821061720024
4057682,2026-05-16,M2,2026,1,MYPA,Lahden Reipas,129934,61562,0,5,A,poisson_plain,2026-05-11,0.3696637499369891,0.17002875111519833,0.46030749894781264
4057680,2026-05-16,M2,2026,1,Puistolan Urheilijat,Pepo Lappeenranta,49973,61010,1,2,A,poisson_plain,2026-05-11,0.4497574948218448,0.2557797452524724,0.29446275992568294
4057681,2026-05-16,M2,2026,1,Helsingin Palloseura,Atlantis FC Edustus,49949,60702,4,3,H,poisson_plain,2026-05-11,0.649244518077822,0.18549879872117025,0.1652566832010077
4057860,2026-05-16,M2,2026,3,Tornion Pallo-47,Fotbollsföreningen JARO Jalkapalloseura,60666,144364,3,1,H,poisson_plain,2026-05-11,0.29171996013305346,0.1657213306568514,0.5425587092100952
4057861,2026-05-16,M2,2026,3,Jakobstads Bollklubb,Jalkapalloseura Hercules,61766,61004,3,0,H,poisson_plain,2026-05-11,0.7407465691237597,0.15541765552735162,0.10383577534888866
4038076,2026-05-16,M1L,2026,1,Järvenpään Palloseura,FC KTP Kotka,60676,60972,0,1,A,poisson_plain,2026-05-11,0.39006084657126283,0.25927373545251825,0.35066541797621903
4036891,2026-05-16,VL,2026,1,SEINÄJOEN JALKAPALLOKERHO,Football Club International Turku,60970,60987,1,3,A,poisson_plain,2026-05-11,0.2985632278825777,0.2467106855701236,0.45472608654729857
4038073,2026-05-17,M1L,2026,1,Ekenäs Idrottsförening,SJK Akatemia,60495,168874,3,0,H,poisson_plain,2026-05-11,0.4994171500135087,0.2051331218798563,0.29544972810663495
4038074,2026-05-17,M1L,2026,1,Käpylän Pallo,Pallokerho-35,60487,50775,0,0,D,poisson_plain,2026-05-11,0.22642159907375037,0.22244232754362503,0.5511360733826246
4038075,2026-05-17,M1L,2026,1,Mikkelin Palloilijat,Jippo,60494,129811,1,3,A,poisson_plain,2026-05-11,0.2062260264668395,0.39732069202032955,0.39645328151283094
4043031,2026-05-17,M1,2026,1,Football Club International Turku,Kuopion Palloseura,60860,106331,4,2,H,poisson_plain,2026-05-11,0.5546982227822782,0.17820168152915697,0.26710009568856485
4057772,2026-05-17,M2,2026,2,Ilves,Pallo-Iirot,106905,107307,3,2,H,poisson_plain,2026-05-11,0.7329638231681619,0.14926627704257361,0.11776989978926451
4038198,2026-05-17,NL,2026,1,IF Gnistan,Ilves,35209545,60776,2,3,A,poisson_plain,2026-05-11,0.60486151253178,0.1588548587712691,0.23628362869695108
4038199,2026-05-17,NL,2026,1,PK-35 Vantaa,Idrottsföreningen Kamraterna Vasa,60671,60691,2,1,H,poisson_plain,2026-05-11,0.8667710914849611,0.08841186596062427,0.04481704255441444
4038200,2026-05-17,NL,2026,1,Åland United,Kuopion Palloseura,60532,157420,1,6,A,poisson_plain,2026-05-11,0.3270952343053597,0.23486953077038755,0.4380352349242528
4038201,2026-05-17,NL,2026,1,Helsingin Palloseura,Helsingin Jalkapalloklubi,60781,60682,1,2,A,poisson_plain,2026-05-11,0.17468546348321445,0.1903742107134752,0.6349403258033104
4057773,2026-05-17,M2,2026,2,Esbo Bollklubb,Hämeenlinnan Jalkapalloseura,63411,35121579,2,3,A,poisson_plain,2026-05-11,0.3313755721264926,0.26192665378895574,0.40669777408455166
4057862,2026-05-17,M2,2026,3,Idrottsföreningen Kraft,Gamlakarleby Bollklubb,60686,60492,6,2,H,poisson_plain,2026-05-11,0.3714665628693477,0.22242343364095385,0.40611000348969845
4043027,2026-05-16,M1,2026,1,Tampereen Pallo-Veikot,Oulun Luistinseura,60704,106449,2,2,D,dc_best,2026-05-11,0.09166909837875911,0.25574499144742585,0.6525859101738152
4043029,2026-05-16,M1,2026,1,KPV Juniorit,Jalkapalloseura Tampere United,60536,106945,0,6,A,dc_best,2026-05-11,0.19333620244458843,0.2611912530472516,0.54547254450816
4043026,2026-05-16,M1,2026,1,FC Jazz Juniorit,Rovaniemen Palloseura,60521,60973,2,1,H,dc_best,2026-05-11,0.22900908979345685,0.23109444579935262,0.5398964644071905
4036892,2026-05-16,VL,2026,1,Oulun edustusjalkapallo AC Oulu,TPS Juniorijalkapallo,60493,60971,1,0,H,dc_best,2026-05-11,0.3034084640835738,0.30746910013777734,0.38912243577864897
4043030,2026-05-16,M1,2026,1,JJK Jyväskylä,Salon Palloilijat,144858,60690,2,2,D,dc_best,2026-05-11,0.3809805929436306,0.26908276907634865,0.3499366379800208
4036890,2026-05-16,VL,2026,1,IF Gnistan,Fotbollsföreningen JARO Jalkapalloseura,60534,60974,5,0,H,dc_best,2026-05-11,0.38220557126100385,0.27198935269745406,0.3458050760415421
4036888,2026-05-16,VL,2026,1,Helsingin Jalkapalloklubin Liiga-HJK,Ilves,60731,60745,2,2,D,dc_best,2026-05-11,0.5065691260311589,0.23117359952558894,0.2622572744432522
4036889,2026-05-16,VL,2026,1,IFK Mariehamn Fotboll,Kuopion Palloseura,60759,60756,1,1,D,dc_best,2026-05-11,0.1520701199915508,0.2512929351080431,0.5966369449004061
4057679,2026-05-16,M2,2026,1,Union Plaani,Pallo-Pojat Juniorit,61723,48924,2,2,D,dc_best,2026-05-11,0.06016227818967249,0.084845547252464,0.8549921745578635
4057770,2026-05-16,M2,2026,2,GrIFK - Fotboll,FC Honka,60549,62416,1,5,A,dc_best,2026-05-11,0.0887733966915936,0.12090180480907678,0.7903247984993297
4057859,2026-05-16,M2,2026,3,Äänekosken Huima,FC Vaajakoski,35117343,60496,4,2,H,dc_best,2026-05-11,0.5979747368456232,0.1740754115246937,0.22794985162968318
4057769,2026-05-16,M2,2026,2,Espoon Palloseuran Jalkapallo,Musan Salama,62296,60696,6,1,H,dc_best,2026-05-11,0.5704637477507547,0.21039866069882315,0.21913759155042223
4057682,2026-05-16,M2,2026,1,MYPA,Lahden Reipas,129934,61562,0,5,A,dc_best,2026-05-11,0.26060294752164664,0.16225668733149082,0.5771403651468626
4057680,2026-05-16,M2,2026,1,Puistolan Urheilijat,Pepo Lappeenranta,49973,61010,1,2,A,dc_best,2026-05-11,0.39413159057745173,0.23465959379464132,0.3712088156279071
4057681,2026-05-16,M2,2026,1,Helsingin Palloseura,Atlantis FC Edustus,49949,60702,4,3,H,dc_best,2026-05-11,0.693955747259392,0.14919846150139063,0.15684579123921738
4057860,2026-05-16,M2,2026,3,Tornion Pallo-47,Fotbollsföreningen JARO Jalkapalloseura,60666,144364,3,1,H,dc_best,2026-05-11,0.3398546658589411,0.17831034876108864,0.4818349853799704
4057861,2026-05-16,M2,2026,3,Jakobstads Bollklubb,Jalkapalloseura Hercules,61766,61004,3,0,H,dc_best,2026-05-11,0.5959207078690902,0.19116876085123174,0.21291053127967802
4038076,2026-05-16,M1L,2026,1,Järvenpään Palloseura,FC KTP Kotka,60676,60972,0,1,A,dc_best,2026-05-11,0.4565166413692301,0.25150717380688636,0.2919761848238835
4036891,2026-05-16,VL,2026,1,SEINÄJOEN JALKAPALLOKERHO,Football Club International Turku,60970,60987,1,3,A,dc_best,2026-05-11,0.3129965914366786,0.3020876047619404,0.38491580380138113
4038073,2026-05-17,M1L,2026,1,Ekenäs Idrottsförening,SJK Akatemia,60495,168874,3,0,H,dc_best,2026-05-11,0.5624136999163556,0.1730219160338169,0.26456438404982746
4038074,2026-05-17,M1L,2026,1,Käpylän Pallo,Pallokerho-35,60487,50775,0,0,D,dc_best,2026-05-11,0.2907826607520556,0.21814605627955538,0.4910712829683889
4038075,2026-05-17,M1L,2026,1,Mikkelin Palloilijat,Jippo,60494,129811,1,3,A,dc_best,2026-05-11,0.2112735972917965,0.3785719991705916,0.410154403537612
4043031,2026-05-17,M1,2026,1,Football Club International Turku,Kuopion Palloseura,60860,106331,4,2,H,dc_best,2026-05-11,0.5261992055496545,0.20339625311291482,0.27040454133743086
4057772,2026-05-17,M2,2026,2,Ilves,Pallo-Iirot,106905,107307,3,2,H,dc_best,2026-05-11,0.6702795014934345,0.16086099917074964,0.16885949933581582
4038198,2026-05-17,NL,2026,1,IF Gnistan,Ilves,35209545,60776,2,3,A,dc_best,2026-05-11,0.6423376160333748,0.14866135181563736,0.20900103215098775
4038199,2026-05-17,NL,2026,1,PK-35 Vantaa,Idrottsföreningen Kamraterna Vasa,60671,60691,2,1,H,dc_best,2026-05-11,0.858092305089165,0.08633194944351531,0.05557574546731972
4038200,2026-05-17,NL,2026,1,Åland United,Kuopion Palloseura,60532,157420,1,6,A,dc_best,2026-05-11,0.49660947031223096,0.2081464621771685,0.2952440675106005
4038201,2026-05-17,NL,2026,1,Helsingin Palloseura,Helsingin Jalkapalloklubi,60781,60682,1,2,A,dc_best,2026-05-11,0.29461844056001746,0.23211312759852917,0.4732684318414534
4057773,2026-05-17,M2,2026,2,Esbo Bollklubb,Hämeenlinnan Jalkapalloseura,63411,35121579,2,3,A,dc_best,2026-05-11,0.2994958770339338,0.2373663107541748,0.46313781221189143
4057862,2026-05-17,M2,2026,3,Idrottsföreningen Kraft,Gamlakarleby Bollklubb,60686,60492,6,2,H,dc_best,2026-05-11,0.5462857497169525,0.17897089479192735,0.2747433554911201
4038077,2026-05-18,M1L,2026,1,Football Club Haka,Helsingin Jalkapalloklubi,60561,60692,1,1,D,b0_base_rate,2026-05-18,0.43452380952380953,0.25595238095238093,0.30952380952380953
4036893,2026-05-18,VL,2026,1,FC Lahti,Vaasan Palloseura,60969,60901,1,1,D,b0_base_rate,2026-05-18,0.41363636363636364,0.2545454545454545,0.33181818181818185
4057771,2026-05-18,M2,2026,2,Idrottsföreningen Kamraterna i Åbo,Nurmijärven Jalkapalloseura,60996,60537,4,1,H,b0_base_rate,2026-05-18,0.5012531328320803,0.13283208020050127,0.3659147869674186
4057683,2026-05-18,M2,2026,1,HIFK Soccer,Football Club Kiffen 08,49735,60554,3,3,D,b0_base_rate,2026-05-18,0.5012531328320803,0.13283208020050127,0.3659147869674186
4057863,2026-05-18,M2,2026,3,SJK Akatemia,Vaasan Palloseura,131834,169909,3,2,H,b0_base_rate,2026-05-18,0.5012531328320803,0.13283208020050127,0.3659147869674186
4036937,2026-05-20,VL,2026,1,Kuopion Palloseura,Fotbollsföreningen JARO Jalkapalloseura,60756,60974,3,0,H,b0_base_rate,2026-05-18,0.41363636363636364,0.2545454545454545,0.33181818181818185
4036936,2026-05-20,VL,2026,1,Ilves,Football Club International Turku,60745,60987,1,3,A,b0_base_rate,2026-05-18,0.41363636363636364,0.2545454545454545,0.33181818181818185
4057864,2026-05-21,M2,2026,3,Fotbollsföreningen JARO Jalkapalloseura,Vaasan Palloseura,144364,169909,2,1,H,b0_base_rate,2026-05-18,0.5012531328320803,0.13283208020050127,0.3659147869674186
4038205,2026-05-21,NL,2026,1,Idrottsföreningen Kamraterna Vasa,Åland United,60691,60532,0,2,A,b0_base_rate,2026-05-18,0.5272727272727272,0.10909090909090909,0.36363636363636365
4038202,2026-05-22,NL,2026,1,Ilves,Helsingin Palloseura,60776,60781,1,0,H,b0_base_rate,2026-05-18,0.5272727272727272,0.10909090909090909,0.36363636363636365
4038078,2026-05-22,M1L,2026,1,Järvenpään Palloseura,Mikkelin Palloilijat,60676,60494,0,2,A,b0_base_rate,2026-05-18,0.43452380952380953,0.25595238095238093,0.30952380952380953
4038079,2026-05-22,M1L,2026,1,SJK Akatemia,Football Club Haka,168874,60561,0,1,A,b0_base_rate,2026-05-18,0.43452380952380953,0.25595238095238093,0.30952380952380953
4036894,2026-05-22,VL,2026,1,Vaasan Palloseura,Helsingin Jalkapalloklubin Liiga-HJK,60901,60731,2,1,H,b0_base_rate,2026-05-18,0.41363636363636364,0.2545454545454545,0.33181818181818185
4043032,2026-05-22,M1,2026,1,Jalkapalloseura Tampere United,JJK Jyväskylä,106945,144858,1,0,H,b0_base_rate,2026-05-18,0.4975369458128079,0.2019704433497537,0.30049261083743845
4038203,2026-05-22,NL,2026,1,Kuopion Palloseura,IF Gnistan,157420,35209545,2,1,H,b0_base_rate,2026-05-18,0.5272727272727272,0.10909090909090909,0.36363636363636365
4057684,2026-05-22,M2,2026,1,HIFK Soccer,Helsingin Palloseura,49735,49949,0,2,A,b0_base_rate,2026-05-18,0.5012531328320803,0.13283208020050127,0.3659147869674186
4057686,2026-05-22,M2,2026,1,Atlantis FC Edustus,Puistolan Urheilijat,60702,49973,8,0,H,b0_base_rate,2026-05-18,0.5012531328320803,0.13283208020050127,0.3659147869674186
4057685,2026-05-22,M2,2026,1,Pallo-Pojat Juniorit,Lahden Reipas,48924,61562,3,0,H,b0_base_rate,2026-05-18,0.5012531328320803,0.13283208020050127,0.3659147869674186
4057775,2026-05-22,M2,2026,2,FC Honka,Espoon Palloseuran Jalkapallo,62416,62296,2,1,H,b0_base_rate,2026-05-18,0.5012531328320803,0.13283208020050127,0.3659147869674186
4043033,2026-05-23,M1,2026,1,Salon Palloilijat,Tampereen Pallo-Veikot,60690,60704,4,2,H,b0_base_rate,2026-05-18,0.4975369458128079,0.2019704433497537,0.30049261083743845
4043034,2026-05-23,M1,2026,1,Vantaan Jalkapalloseura,KPV Juniorit,63440,60536,5,0,H,b0_base_rate,2026-05-18,0.4975369458128079,0.2019704433497537,0.30049261083743845
4038082,2026-05-23,M1L,2026,1,Helsingin Jalkapalloklubi,FC KTP Kotka,60692,60972,0,1,A,b0_base_rate,2026-05-18,0.43452380952380953,0.25595238095238093,0.30952380952380953
4038080,2026-05-23,M1L,2026,1,Ekenäs Idrottsförening,Käpylän Pallo,60495,60487,1,0,H,b0_base_rate,2026-05-18,0.43452380952380953,0.25595238095238093,0.30952380952380953
4036898,2026-05-23,VL,2026,1,Fotbollsföreningen JARO Jalkapalloseura,IFK Mariehamn Fotboll,60974,60759,3,0,H,b0_base_rate,2026-05-18,0.41363636363636364,0.2545454545454545,0.33181818181818185
4036896,2026-05-23,VL,2026,1,Kuopion Palloseura,FC Lahti,60756,60969,2,1,H,b0_base_rate,2026-05-18,0.41363636363636364,0.2545454545454545,0.33181818181818185
4036897,2026-05-23,VL,2026,1,Ilves,IF Gnistan,60745,60534,2,0,H,b0_base_rate,2026-05-18,0.41363636363636364,0.2545454545454545,0.33181818181818185
4036899,2026-05-23,VL,2026,1,SEINÄJOEN JALKAPALLOKERHO,Oulun edustusjalkapallo AC Oulu,60970,60493,0,1,A,b0_base_rate,2026-05-18,0.41363636363636364,0.2545454545454545,0.33181818181818185
4036895,2026-05-23,VL,2026,1,Football Club International Turku,TPS Juniorijalkapallo,60987,60971,2,1,H,b0_base_rate,2026-05-18,0.41363636363636364,0.2545454545454545,0.33181818181818185
4038081,2026-05-23,M1L,2026,1,Jippo,Pallokerho-35,129811,50775,0,1,A,b0_base_rate,2026-05-18,0.43452380952380953,0.25595238095238093,0.30952380952380953
4057687,2026-05-23,M2,2026,1,Pepo Lappeenranta,Union Plaani,61010,61723,1,1,D,b0_base_rate,2026-05-18,0.5012531328320803,0.13283208020050127,0.3659147869674186
4057774,2026-05-23,M2,2026,2,Musan Salama,Ilves,60696,106905,3,4,A,b0_base_rate,2026-05-18,0.5012531328320803,0.13283208020050127,0.3659147869674186
4057688,2026-05-23,M2,2026,1,Football Club Kiffen 08,MYPA,60554,129934,3,1,H,b0_base_rate,2026-05-18,0.5012531328320803,0.13283208020050127,0.3659147869674186
4057868,2026-05-23,M2,2026,3,Jalkapalloseura Hercules,Idrottsföreningen Kraft,61004,60686,1,2,A,b0_base_rate,2026-05-18,0.5012531328320803,0.13283208020050127,0.3659147869674186
4057867,2026-05-23,M2,2026,3,FC Vaajakoski,Jakobstads Bollklubb,60496,61766,3,2,H,b0_base_rate,2026-05-18,0.5012531328320803,0.13283208020050127,0.3659147869674186
4038204,2026-05-23,NL,2026,1,Helsingin Jalkapalloklubi,PK-35 Vantaa,60682,60671,5,0,H,b0_base_rate,2026-05-18,0.5272727272727272,0.10909090909090909,0.36363636363636365
4057866,2026-05-23,M2,2026,3,Tornion Pallo-47,Äänekosken Huima,60666,35117343,4,4,D,b0_base_rate,2026-05-18,0.5012531328320803,0.13283208020050127,0.3659147869674186
4057776,2026-05-23,M2,2026,2,Pallo-Iirot,Nurmijärven Jalkapalloseura,107307,60537,5,0,H,b0_base_rate,2026-05-18,0.5012531328320803,0.13283208020050127,0.3659147869674186
4057865,2026-05-23,M2,2026,3,Gamlakarleby Bollklubb,SJK Akatemia,60492,131834,4,0,H,b0_base_rate,2026-05-18,0.5012531328320803,0.13283208020050127,0.3659147869674186
4057777,2026-05-23,M2,2026,2,Hämeenlinnan Jalkapalloseura,Idrottsföreningen Kamraterna i Åbo,35121579,60996,1,1,D,b0_base_rate,2026-05-18,0.5012531328320803,0.13283208020050127,0.3659147869674186
4043036,2026-05-24,M1,2026,1,Oulun Luistinseura,FC Jazz Juniorit,106449,60521,1,2,A,b0_base_rate,2026-05-18,0.4975369458128079,0.2019704433497537,0.30049261083743845
4057778,2026-05-24,M2,2026,2,Esbo Bollklubb,GrIFK - Fotboll,63411,60549,1,0,H,b0_base_rate,2026-05-18,0.5012531328320803,0.13283208020050127,0.3659147869674186
4043037,2026-05-24,M1,2026,1,Football Club International Turku,Pallokerho Keski-Uusimaa,60860,60929,2,1,H,b0_base_rate,2026-05-18,0.4975369458128079,0.2019704433497537,0.30049261083743845
4043035,2026-05-24,M1,2026,1,Kuopion Palloseura,Rovaniemen Palloseura,106331,60973,0,1,A,b0_base_rate,2026-05-18,0.4975369458128079,0.2019704433497537,0.30049261083743845
4038077,2026-05-18,M1L,2026,1,Football Club Haka,Helsingin Jalkapalloklubi,60561,60692,1,1,D,g0_logistic_dppg,2026-05-18,0.649343308842325,0.1682321123604432,0.18242457879723176
4036893,2026-05-18,VL,2026,1,FC Lahti,Vaasan Palloseura,60969,60901,1,1,D,g0_logistic_dppg,2026-05-18,0.43743001427792133,0.1979027642837776,0.3646672214383011
4057771,2026-05-18,M2,2026,2,Idrottsföreningen Kamraterna i Åbo,Nurmijärven Jalkapalloseura,60996,60537,4,1,H,g0_logistic_dppg,2026-05-18,0.7751606472931593,0.1306774790650248,0.09416187364181594
4057683,2026-05-18,M2,2026,1,HIFK Soccer,Football Club Kiffen 08,49735,60554,3,3,D,g0_logistic_dppg,2026-05-18,0.70363736922587,0.15404457393768822,0.14231805683644186
4057863,2026-05-18,M2,2026,3,SJK Akatemia,Vaasan Palloseura,131834,169909,3,2,H,g0_logistic_dppg,2026-05-18,0.41439721816828656,0.1986917224702139,0.3869110593614996
4036937,2026-05-20,VL,2026,1,Kuopion Palloseura,Fotbollsföreningen JARO Jalkapalloseura,60756,60974,3,0,H,g0_logistic_dppg,2026-05-18,0.6235274593136547,0.17399439221997373,0.20247814846637152
4036936,2026-05-20,VL,2026,1,Ilves,Football Club International Turku,60745,60987,1,3,A,g0_logistic_dppg,2026-05-18,0.31248573782306066,0.1957869444084919,0.4917273177684474
4057864,2026-05-21,M2,2026,3,Fotbollsföreningen JARO Jalkapalloseura,Vaasan Palloseura,144364,169909,2,1,H,g0_logistic_dppg,2026-05-18,0.6413829432628482,0.17007473358431996,0.18854232315283181
4038205,2026-05-21,NL,2026,1,Idrottsföreningen Kamraterna Vasa,Åland United,60691,60532,0,2,A,g0_logistic_dppg,2026-05-18,0.2839351367071101,0.1928857097856549,0.5231791535072351
4038202,2026-05-22,NL,2026,1,Ilves,Helsingin Palloseura,60776,60781,1,0,H,g0_logistic_dppg,2026-05-18,0.3253268299564172,0.1967711717917111,0.4779019982518717
4038078,2026-05-22,M1L,2026,1,Järvenpään Palloseura,Mikkelin Palloilijat,60676,60494,0,2,A,g0_logistic_dppg,2026-05-18,0.6168726265110478,0.17538057363841958,0.2077467998505327
4038079,2026-05-22,M1L,2026,1,SJK Akatemia,Football Club Haka,168874,60561,0,1,A,g0_logistic_dppg,2026-05-18,0.3754474189888209,0.19885923867937744,0.4256933423318017
4036894,2026-05-22,VL,2026,1,Vaasan Palloseura,Helsingin Jalkapalloklubin Liiga-HJK,60901,60731,2,1,H,g0_logistic_dppg,2026-05-18,0.473786151270883,0.19565671005818258,0.33055713867093445
4043032,2026-05-22,M1,2026,1,Jalkapalloseura Tampere United,JJK Jyväskylä,106945,144858,1,0,H,g0_logistic_dppg,2026-05-18,0.4638697010500802,0.19638884556877179,0.3397414533811481
4038203,2026-05-22,NL,2026,1,Kuopion Palloseura,IF Gnistan,157420,35209545,2,1,H,g0_logistic_dppg,2026-05-18,0.694721697632494,0.15657347955684756,0.1487048228106585
4057684,2026-05-22,M2,2026,1,HIFK Soccer,Helsingin Palloseura,49735,49949,0,2,A,g0_logistic_dppg,2026-05-18,0.5914900088309454,0.18030052632848745,0.22820946484056712
4057686,2026-05-22,M2,2026,1,Atlantis FC Edustus,Puistolan Urheilijat,60702,49973,8,0,H,g0_logistic_dppg,2026-05-18,0.3735250489414786,0.19882823894604054,0.42764671211248095
4057685,2026-05-22,M2,2026,1,Pallo-Pojat Juniorit,Lahden Reipas,48924,61562,3,0,H,g0_logistic_dppg,2026-05-18,0.4006694573285432,0.19892115776401062,0.4004093849074462
4057775,2026-05-22,M2,2026,2,FC Honka,Espoon Palloseuran Jalkapallo,62416,62296,2,1,H,g0_logistic_dppg,2026-05-18,0.5914900088309454,0.18030052632848745,0.22820946484056712
4043033,2026-05-23,M1,2026,1,Salon Palloilijat,Tampereen Pallo-Veikot,60690,60704,4,2,H,g0_logistic_dppg,2026-05-18,0.5615536051246361,0.1853650129441009,0.25308138193126295
4043034,2026-05-23,M1,2026,1,Vantaan Jalkapalloseura,KPV Juniorit,63440,60536,5,0,H,g0_logistic_dppg,2026-05-18,0.6227911879464524,0.17414973925529137,0.20305907279825622
4038082,2026-05-23,M1L,2026,1,Helsingin Jalkapalloklubi,FC KTP Kotka,60692,60972,0,1,A,g0_logistic_dppg,2026-05-18,0.25611963120303816,0.18903919976671857,0.5548411690302434
4038080,2026-05-23,M1L,2026,1,Ekenäs Idrottsförening,Käpylän Pallo,60495,60487,1,0,H,g0_logistic_dppg,2026-05-18,0.4836906423976685,0.1948370940203041,0.3214722635820274
4036898,2026-05-23,VL,2026,1,Fotbollsföreningen JARO Jalkapalloseura,IFK Mariehamn Fotboll,60974,60759,3,0,H,g0_logistic_dppg,2026-05-18,0.473786151270883,0.19565671005818258,0.33055713867093445
4036896,2026-05-23,VL,2026,1,Kuopion Palloseura,FC Lahti,60756,60969,2,1,H,g0_logistic_dppg,2026-05-18,0.5699587005167128,0.1840231428435651,0.24601815663972204
4036897,2026-05-23,VL,2026,1,Ilves,IF Gnistan,60745,60534,2,0,H,g0_logistic_dppg,2026-05-18,0.42918702785249585,0.19824255693771795,0.37257041520978623
4036899,2026-05-23,VL,2026,1,SEINÄJOEN JALKAPALLOKERHO,Oulun edustusjalkapallo AC Oulu,60970,60493,0,1,A,g0_logistic_dppg,2026-05-18,0.34459772751721296,0.19789573955045237,0.45750653293233473
4036895,2026-05-23,VL,2026,1,Football Club International Turku,TPS Juniorijalkapallo,60987,60971,2,1,H,g0_logistic_dppg,2026-05-18,0.5530863338745803,0.1866538550370964,0.26025981108832325
4038081,2026-05-23,M1L,2026,1,Jippo,Pallokerho-35,129811,50775,0,1,A,g0_logistic_dppg,2026-05-18,0.5615536051246361,0.1853650129441009,0.25308138193126295
4057687,2026-05-23,M2,2026,1,Pepo Lappeenranta,Union Plaani,61010,61723,1,1,D,g0_logistic_dppg,2026-05-18,0.7665316899018058,0.1338045686422888,0.0996637414559055
4057774,2026-05-23,M2,2026,2,Musan Salama,Ilves,60696,106905,3,4,A,g0_logistic_dppg,2026-05-18,0.3469387826169996,0.19800437166162424,0.45505684572137617
4057688,2026-05-23,M2,2026,1,Football Club Kiffen 08,MYPA,60554,129934,3,1,H,g0_logistic_dppg,2026-05-18,0.42819895704074656,0.19827901439097254,0.3735220285682808
4057868,2026-05-23,M2,2026,3,Jalkapalloseura Hercules,Idrottsföreningen Kraft,61004,60686,1,2,A,g0_logistic_dppg,2026-05-18,0.5385622831526028,0.18871773048946427,0.27271998635793293
4057867,2026-05-23,M2,2026,3,FC Vaajakoski,Jakobstads Bollklubb,60496,61766,3,2,H,g0_logistic_dppg,2026-05-18,0.24915099141638314,0.1879052546309575,0.5629437539526594
4038204,2026-05-23,NL,2026,1,Helsingin Jalkapalloklubi,PK-35 Vantaa,60682,60671,5,0,H,g0_logistic_dppg,2026-05-18,0.6763246527940254,0.16154079656678855,0.16213455063918608
4057866,2026-05-23,M2,2026,3,Tornion Pallo-47,Äänekosken Huima,60666,35117343,4,4,D,g0_logistic_dppg,2026-05-18,0.5914900088309454,0.18030052632848745,0.22820946484056712
4057776,2026-05-23,M2,2026,2,Pallo-Iirot,Nurmijärven Jalkapalloseura,107307,60537,5,0,H,g0_logistic_dppg,2026-05-18,0.7088949230091923,0.1525153222286028,0.1385897547622048
4057865,2026-05-23,M2,2026,3,Gamlakarleby Bollklubb,SJK Akatemia,60492,131834,4,0,H,g0_logistic_dppg,2026-05-18,0.3735250489414786,0.19882823894604054,0.42764671211248095
4057777,2026-05-23,M2,2026,2,Hämeenlinnan Jalkapalloseura,Idrottsföreningen Kamraterna i Åbo,35121579,60996,1,1,D,g0_logistic_dppg,2026-05-18,0.4559334457886871,0.19691055847879071,0.34715599573252226
4043036,2026-05-24,M1,2026,1,Oulun Luistinseura,FC Jazz Juniorit,106449,60521,1,2,A,g0_logistic_dppg,2026-05-18,0.5803709678979376,0.1822742721053272,0.23735475999673514
4057778,2026-05-24,M2,2026,2,Esbo Bollklubb,GrIFK - Fotboll,63411,60549,1,0,H,g0_logistic_dppg,2026-05-18,0.40066945732854325,0.19892115776401062,0.4004093849074462
4043037,2026-05-24,M1,2026,1,Football Club International Turku,Pallokerho Keski-Uusimaa,60860,60929,2,1,H,g0_logistic_dppg,2026-05-18,0.43743001427792133,0.1979027642837776,0.3646672214383011
4043035,2026-05-24,M1,2026,1,Kuopion Palloseura,Rovaniemen Palloseura,106331,60973,0,1,A,g0_logistic_dppg,2026-05-18,0.2925774756049859,0.19387123465263648,0.5135512897423776
4038077,2026-05-18,M1L,2026,1,Football Club Haka,Helsingin Jalkapalloklubi,60561,60692,1,1,D,poisson_plain,2026-05-18,0.5719434301897458,0.20336550519915797,0.22469106461109623
4036893,2026-05-18,VL,2026,1,FC Lahti,Vaasan Palloseura,60969,60901,1,1,D,poisson_plain,2026-05-18,0.34177024577262094,0.3160469874523395,0.34218276677503956
4057771,2026-05-18,M2,2026,2,Idrottsföreningen Kamraterna i Åbo,Nurmijärven Jalkapalloseura,60996,60537,4,1,H,poisson_plain,2026-05-18,0.9294616947158139,0.051467189884584486,0.01907111539960159
4057683,2026-05-18,M2,2026,1,HIFK Soccer,Football Club Kiffen 08,49735,60554,3,3,D,poisson_plain,2026-05-18,0.6420262548428912,0.20681170280663583,0.15116204235047298
4057863,2026-05-18,M2,2026,3,SJK Akatemia,Vaasan Palloseura,131834,169909,3,2,H,poisson_plain,2026-05-18,0.23056132271463853,0.16865424424876793,0.6007844330365936
4036937,2026-05-20,VL,2026,1,Kuopion Palloseura,Fotbollsföreningen JARO Jalkapalloseura,60756,60974,3,0,H,poisson_plain,2026-05-18,0.6614013547235092,0.2068925744934591,0.1317060707830317
4036936,2026-05-20,VL,2026,1,Ilves,Football Club International Turku,60745,60987,1,3,A,poisson_plain,2026-05-18,0.3081111519115538,0.24885742027452332,0.4430314278139229
4057864,2026-05-21,M2,2026,3,Fotbollsföreningen JARO Jalkapalloseura,Vaasan Palloseura,144364,169909,2,1,H,poisson_plain,2026-05-18,0.2423150545803679,0.17687772152245282,0.5808072238971793
4038205,2026-05-21,NL,2026,1,Idrottsföreningen Kamraterna Vasa,Åland United,60691,60532,0,2,A,poisson_plain,2026-05-18,0.06370591556775951,0.10849606630654028,0.8277980181257003
4038202,2026-05-22,NL,2026,1,Ilves,Helsingin Palloseura,60776,60781,1,0,H,poisson_plain,2026-05-18,0.30766977435665926,0.18857947699657526,0.5037507486467656
4038078,2026-05-22,M1L,2026,1,Järvenpään Palloseura,Mikkelin Palloilijat,60676,60494,0,2,A,poisson_plain,2026-05-18,0.503513124426126,0.2836235928826122,0.21286328269126187
4038079,2026-05-22,M1L,2026,1,SJK Akatemia,Football Club Haka,168874,60561,0,1,A,poisson_plain,2026-05-18,0.26710223641706937,0.21404873479103534,0.5188490287918953
4036894,2026-05-22,VL,2026,1,Vaasan Palloseura,Helsingin Jalkapalloklubin Liiga-HJK,60901,60731,2,1,H,poisson_plain,2026-05-18,0.21185528765424716,0.21530871585538425,0.5728359964903686
4043032,2026-05-22,M1,2026,1,Jalkapalloseura Tampere United,JJK Jyväskylä,106945,144858,1,0,H,poisson_plain,2026-05-18,0.43389717395425764,0.2520837867580621,0.31401903928768027
4038203,2026-05-22,NL,2026,1,Kuopion Palloseura,IF Gnistan,157420,35209545,2,1,H,poisson_plain,2026-05-18,0.8643482384406855,0.08435610517622544,0.05129565638308911
4057684,2026-05-22,M2,2026,1,HIFK Soccer,Helsingin Palloseura,49735,49949,0,2,A,poisson_plain,2026-05-18,0.6603144939310567,0.2133740369711442,0.1263114690977992
4057686,2026-05-22,M2,2026,1,Atlantis FC Edustus,Puistolan Urheilijat,60702,49973,8,0,H,poisson_plain,2026-05-18,0.22991557952210043,0.1970765417226656,0.5730078787552341
4057685,2026-05-22,M2,2026,1,Pallo-Pojat Juniorit,Lahden Reipas,48924,61562,3,0,H,poisson_plain,2026-05-18,0.4134766079849035,0.1952426544121472,0.3912807376029494
4057775,2026-05-22,M2,2026,2,FC Honka,Espoon Palloseuran Jalkapallo,62416,62296,2,1,H,poisson_plain,2026-05-18,0.8106522637573587,0.11890249608326386,0.07044524015937749
4043033,2026-05-23,M1,2026,1,Salon Palloilijat,Tampereen Pallo-Veikot,60690,60704,4,2,H,poisson_plain,2026-05-18,0.680392839032608,0.1988174282227396,0.12078973274465246
4043034,2026-05-23,M1,2026,1,Vantaan Jalkapalloseura,KPV Juniorit,63440,60536,5,0,H,poisson_plain,2026-05-18,0.6569302909851097,0.19722982106036785,0.14583988795452257
4038082,2026-05-23,M1L,2026,1,Helsingin Jalkapalloklubi,FC KTP Kotka,60692,60972,0,1,A,poisson_plain,2026-05-18,0.37254152552628506,0.2710726731823163,0.3563858012913987
4038080,2026-05-23,M1L,2026,1,Ekenäs Idrottsförening,Käpylän Pallo,60495,60487,1,0,H,poisson_plain,2026-05-18,0.6480424356532267,0.16167493468084693,0.19028262966592638
4036898,2026-05-23,VL,2026,1,Fotbollsföreningen JARO Jalkapalloseura,IFK Mariehamn Fotboll,60974,60759,3,0,H,poisson_plain,2026-05-18,0.4153430343115839,0.2579498749088291,0.32670709077958704
4036896,2026-05-23,VL,2026,1,Kuopion Palloseura,FC Lahti,60756,60969,2,1,H,poisson_plain,2026-05-18,0.5717844957898194,0.26595854128805463,0.16225696292212602
4036897,2026-05-23,VL,2026,1,Ilves,IF Gnistan,60745,60534,2,0,H,poisson_plain,2026-05-18,0.6113859566197144,0.1842207777487732,0.20439326563151244
4036899,2026-05-23,VL,2026,1,SEINÄJOEN JALKAPALLOKERHO,Oulun edustusjalkapallo AC Oulu,60970,60493,0,1,A,poisson_plain,2026-05-18,0.6056918171250552,0.1917073221431469,0.202600860731798
4036895,2026-05-23,VL,2026,1,Football Club International Turku,TPS Juniorijalkapallo,60987,60971,2,1,H,poisson_plain,2026-05-18,0.4535147642796743,0.31108052999111374,0.2354047057292119
4038081,2026-05-23,M1L,2026,1,Jippo,Pallokerho-35,129811,50775,0,1,A,poisson_plain,2026-05-18,0.3632780669160673,0.3368616238645301,0.29986030921940254
4057687,2026-05-23,M2,2026,1,Pepo Lappeenranta,Union Plaani,61010,61723,1,1,D,poisson_plain,2026-05-18,0.878524720658241,0.07689649302381536,0.044578786317943576
4057774,2026-05-23,M2,2026,2,Musan Salama,Ilves,60696,106905,3,4,A,poisson_plain,2026-05-18,0.1903431462108499,0.17516084089579295,0.6344960128933571
4057688,2026-05-23,M2,2026,1,Football Club Kiffen 08,MYPA,60554,129934,3,1,H,poisson_plain,2026-05-18,0.5911405980453559,0.17296154809581937,0.23589785385882484
4057868,2026-05-23,M2,2026,3,Jalkapalloseura Hercules,Idrottsföreningen Kraft,61004,60686,1,2,A,poisson_plain,2026-05-18,0.35583427779523763,0.19414013969083146,0.4500255825139309
4057867,2026-05-23,M2,2026,3,FC Vaajakoski,Jakobstads Bollklubb,60496,61766,3,2,H,poisson_plain,2026-05-18,0.21104182962113788,0.22329860042640542,0.5656595699524567
4038204,2026-05-23,NL,2026,1,Helsingin Jalkapalloklubi,PK-35 Vantaa,60682,60671,5,0,H,poisson_plain,2026-05-18,0.8883338780122306,0.07626099241924865,0.035405129568520745
4057866,2026-05-23,M2,2026,3,Tornion Pallo-47,Äänekosken Huima,60666,35117343,4,4,D,poisson_plain,2026-05-18,0.4179160258995721,0.19444329162733,0.3876406824730979
4057776,2026-05-23,M2,2026,2,Pallo-Iirot,Nurmijärven Jalkapalloseura,107307,60537,5,0,H,poisson_plain,2026-05-18,0.6723540736374528,0.17255120957591974,0.1550947167866275
4057865,2026-05-23,M2,2026,3,Gamlakarleby Bollklubb,SJK Akatemia,60492,131834,4,0,H,poisson_plain,2026-05-18,0.48257031693216956,0.19433675633918282,0.32309292672864764
4057777,2026-05-23,M2,2026,2,Hämeenlinnan Jalkapalloseura,Idrottsföreningen Kamraterna i Åbo,35121579,60996,1,1,D,poisson_plain,2026-05-18,0.2105697000370888,0.2433896611044641,0.5460406388584472
4043036,2026-05-24,M1,2026,1,Oulun Luistinseura,FC Jazz Juniorit,106449,60521,1,2,A,poisson_plain,2026-05-18,0.6904466977023265,0.16802699184876305,0.14152631044891045
4057778,2026-05-24,M2,2026,2,Esbo Bollklubb,GrIFK - Fotboll,63411,60549,1,0,H,poisson_plain,2026-05-18,0.4475774313773907,0.2269355477892451,0.3254870208333642
4043037,2026-05-24,M1,2026,1,Football Club International Turku,Pallokerho Keski-Uusimaa,60860,60929,2,1,H,poisson_plain,2026-05-18,0.543470637856416,0.18539857329503057,0.27113078884855357
4043035,2026-05-24,M1,2026,1,Kuopion Palloseura,Rovaniemen Palloseura,106331,60973,0,1,A,poisson_plain,2026-05-18,0.4637769533590069,0.20991838948001562,0.32630465716097745
4038077,2026-05-18,M1L,2026,1,Football Club Haka,Helsingin Jalkapalloklubi,60561,60692,1,1,D,dc_best,2026-05-18,0.6549385644354356,0.17534218027346077,0.16971925529110357
4036893,2026-05-18,VL,2026,1,FC Lahti,Vaasan Palloseura,60969,60901,1,1,D,dc_best,2026-05-18,0.3250749458898321,0.37027557194203137,0.30464948216813664
4057771,2026-05-18,M2,2026,2,Idrottsföreningen Kamraterna i Åbo,Nurmijärven Jalkapalloseura,60996,60537,4,1,H,dc_best,2026-05-18,0.9208084825755963,0.05185331290904086,0.027338204515362886
4057683,2026-05-18,M2,2026,1,HIFK Soccer,Football Club Kiffen 08,49735,60554,3,3,D,dc_best,2026-05-18,0.6648294526037382,0.1697171119170024,0.16545343547925948
4057863,2026-05-18,M2,2026,3,SJK Akatemia,Vaasan Palloseura,131834,169909,3,2,H,dc_best,2026-05-18,0.28634067566673616,0.17052115535130963,0.5431381689819543
4036937,2026-05-20,VL,2026,1,Kuopion Palloseura,Fotbollsföreningen JARO Jalkapalloseura,60756,60974,3,0,H,dc_best,2026-05-18,0.6811301545897448,0.21583642868720693,0.10303341672304824
4036936,2026-05-20,VL,2026,1,Ilves,Football Club International Turku,60745,60987,1,3,A,dc_best,2026-05-18,0.31420773089040493,0.27911177331689974,0.4066804957926954
4057864,2026-05-21,M2,2026,3,Fotbollsföreningen JARO Jalkapalloseura,Vaasan Palloseura,144364,169909,2,1,H,dc_best,2026-05-18,0.31292495434844936,0.1709943411514162,0.5160807045001345
4038205,2026-05-21,NL,2026,1,Idrottsföreningen Kamraterna Vasa,Åland United,60691,60532,0,2,A,dc_best,2026-05-18,0.055490033469474516,0.08462500823246355,0.8598849582980619
4038202,2026-05-22,NL,2026,1,Ilves,Helsingin Palloseura,60776,60781,1,0,H,dc_best,2026-05-18,0.30212423843235237,0.2059263708019401,0.4919493907657075
4038078,2026-05-22,M1L,2026,1,Järvenpään Palloseura,Mikkelin Palloilijat,60676,60494,0,2,A,dc_best,2026-05-18,0.5523889736687703,0.25283410471616513,0.19477692161506457
4038079,2026-05-22,M1L,2026,1,SJK Akatemia,Football Club Haka,168874,60561,0,1,A,dc_best,2026-05-18,0.22688777192484233,0.1955731724136541,0.5775390556615037
4036894,2026-05-22,VL,2026,1,Vaasan Palloseura,Helsingin Jalkapalloklubin Liiga-HJK,60901,60731,2,1,H,dc_best,2026-05-18,0.25121338163424695,0.30713281955725225,0.44165379880850086
4043032,2026-05-22,M1,2026,1,Jalkapalloseura Tampere United,JJK Jyväskylä,106945,144858,1,0,H,dc_best,2026-05-18,0.4517809705291068,0.2635423958773973,0.2846766335934958
4038203,2026-05-22,NL,2026,1,Kuopion Palloseura,IF Gnistan,157420,35209545,2,1,H,dc_best,2026-05-18,0.8810470028783103,0.07047944891359716,0.04847354820809249
4057684,2026-05-22,M2,2026,1,HIFK Soccer,Helsingin Palloseura,49735,49949,0,2,A,dc_best,2026-05-18,0.6527111910693922,0.17720169780833314,0.1700871111222746
4057686,2026-05-22,M2,2026,1,Atlantis FC Edustus,Puistolan Urheilijat,60702,49973,8,0,H,dc_best,2026-05-18,0.2386678508634359,0.17635774958388478,0.5849743995526794
4057685,2026-05-22,M2,2026,1,Pallo-Pojat Juniorit,Lahden Reipas,48924,61562,3,0,H,dc_best,2026-05-18,0.39412969957615535,0.19568472828821457,0.41018557213563017
4057775,2026-05-22,M2,2026,2,FC Honka,Espoon Palloseuran Jalkapallo,62416,62296,2,1,H,dc_best,2026-05-18,0.805424165742229,0.10830484654131302,0.08627098771645803
4043033,2026-05-23,M1,2026,1,Salon Palloilijat,Tampereen Pallo-Veikot,60690,60704,4,2,H,dc_best,2026-05-18,0.6560297603123512,0.23515437849090592,0.10881586119674298
4043034,2026-05-23,M1,2026,1,Vantaan Jalkapalloseura,KPV Juniorit,63440,60536,5,0,H,dc_best,2026-05-18,0.8043460186377736,0.14034577744559193,0.05530820391663446
4038082,2026-05-23,M1L,2026,1,Helsingin Jalkapalloklubi,FC KTP Kotka,60692,60972,0,1,A,dc_best,2026-05-18,0.325044284042737,0.26061326543963076,0.4143424505176323
4038080,2026-05-23,M1L,2026,1,Ekenäs Idrottsförening,Käpylän Pallo,60495,60487,1,0,H,dc_best,2026-05-18,0.6255839245322973,0.15459675493370986,0.2198193205339928
4036898,2026-05-23,VL,2026,1,Fotbollsföreningen JARO Jalkapalloseura,IFK Mariehamn Fotboll,60974,60759,3,0,H,dc_best,2026-05-18,0.36264757280701415,0.298688784834793,0.3386636423581929
4036896,2026-05-23,VL,2026,1,Kuopion Palloseura,FC Lahti,60756,60969,2,1,H,dc_best,2026-05-18,0.5473140744162726,0.2969068744696477,0.1557790511140798
4036897,2026-05-23,VL,2026,1,Ilves,IF Gnistan,60745,60534,2,0,H,dc_best,2026-05-18,0.567705920942668,0.20071899511687827,0.2315750839404537
4036899,2026-05-23,VL,2026,1,SEINÄJOEN JALKAPALLOKERHO,Oulun edustusjalkapallo AC Oulu,60970,60493,0,1,A,dc_best,2026-05-18,0.38238946740657487,0.27080799527252064,0.3468025373209045
4036895,2026-05-23,VL,2026,1,Football Club International Turku,TPS Juniorijalkapallo,60987,60971,2,1,H,dc_best,2026-05-18,0.429697538594408,0.34853393399965216,0.22176852740593986
4038081,2026-05-23,M1L,2026,1,Jippo,Pallokerho-35,129811,50775,0,1,A,dc_best,2026-05-18,0.41557698155397615,0.33197461514688037,0.2524484032991435
4057687,2026-05-23,M2,2026,1,Pepo Lappeenranta,Union Plaani,61010,61723,1,1,D,dc_best,2026-05-18,0.9111654953797064,0.05369051659727861,0.035143988023014994
4057774,2026-05-23,M2,2026,2,Musan Salama,Ilves,60696,106905,3,4,A,dc_best,2026-05-18,0.10689257201195915,0.11266943631504442,0.7804379916729965
4057688,2026-05-23,M2,2026,1,Football Club Kiffen 08,MYPA,60554,129934,3,1,H,dc_best,2026-05-18,0.627973308506921,0.16028662748077493,0.2117400640123041
4057868,2026-05-23,M2,2026,3,Jalkapalloseura Hercules,Idrottsföreningen Kraft,61004,60686,1,2,A,dc_best,2026-05-18,0.35690180581887704,0.16296260188418416,0.48013559229693875
4057867,2026-05-23,M2,2026,3,FC Vaajakoski,Jakobstads Bollklubb,60496,61766,3,2,H,dc_best,2026-05-18,0.20834298207298635,0.19028283167315593,0.6013741862538577
4038204,2026-05-23,NL,2026,1,Helsingin Jalkapalloklubi,PK-35 Vantaa,60682,60671,5,0,H,dc_best,2026-05-18,0.8737612752565345,0.07986733278829473,0.04637139195517091
4057866,2026-05-23,M2,2026,3,Tornion Pallo-47,Äänekosken Huima,60666,35117343,4,4,D,dc_best,2026-05-18,0.48168917766851393,0.18641605278363943,0.33189476954784664
4057776,2026-05-23,M2,2026,2,Pallo-Iirot,Nurmijärven Jalkapalloseura,107307,60537,5,0,H,dc_best,2026-05-18,0.7017615797083038,0.14810286029796757,0.15013555999372874
4057865,2026-05-23,M2,2026,3,Gamlakarleby Bollklubb,SJK Akatemia,60492,131834,4,0,H,dc_best,2026-05-18,0.3554563269048981,0.18919974082430593,0.45534393227079606
4057777,2026-05-23,M2,2026,2,Hämeenlinnan Jalkapalloseura,Idrottsföreningen Kamraterna i Åbo,35121579,60996,1,1,D,dc_best,2026-05-18,0.2550502696469917,0.21815136153574347,0.5267983688172649
4043036,2026-05-24,M1,2026,1,Oulun Luistinseura,FC Jazz Juniorit,106449,60521,1,2,A,dc_best,2026-05-18,0.6954059585426805,0.1938538662797278,0.11074017517759177
4057778,2026-05-24,M2,2026,2,Esbo Bollklubb,GrIFK - Fotboll,63411,60549,1,0,H,dc_best,2026-05-18,0.5005355250233243,0.2020445586704732,0.2974199163062025
4043037,2026-05-24,M1,2026,1,Football Club International Turku,Pallokerho Keski-Uusimaa,60860,60929,2,1,H,dc_best,2026-05-18,0.4294926333577469,0.23178383433209526,0.3387235323101579
4043035,2026-05-24,M1,2026,1,Kuopion Palloseura,Rovaniemen Palloseura,106331,60973,0,1,A,dc_best,2026-05-18,0.2600538964140124,0.23137523277436858,0.508570870811619
4057869,2026-05-27,M2,2026,3,SJK Akatemia,Jalkapalloseura Hercules,131834,61004,3,0,H,b0_base_rate,2026-05-25,0.5059952038369304,0.1366906474820144,0.35731414868105515
4057870,2026-05-27,M2,2026,3,Vaasan Palloseura,FC Vaajakoski,169909,60496,2,2,D,b0_base_rate,2026-05-25,0.5059952038369304,0.1366906474820144,0.35731414868105515
4038088,2026-05-27,M1L,2026,1,Helsingin Jalkapalloklubi,Pallokerho-35,60692,50775,0,1,A,b0_base_rate,2026-05-25,0.42528735632183906,0.25287356321839083,0.3218390804597701
4043038,2026-05-28,M1,2026,1,FC Jazz Juniorit,Salon Palloilijat,60521,60690,1,2,A,b0_base_rate,2026-05-25,0.5023923444976076,0.19617224880382775,0.3014354066985646
4043086,2026-05-28,M1,2026,1,JJK Jyväskylä,Oulun Luistinseura,144858,106449,1,0,H,b0_base_rate,2026-05-25,0.5023923444976076,0.19617224880382775,0.3014354066985646
4043041,2026-05-29,M1,2026,1,KPV Juniorit,Football Club International Turku,60536,60860,4,2,H,b0_base_rate,2026-05-25,0.5023923444976076,0.19617224880382775,0.3014354066985646
4057691,2026-05-29,M2,2026,1,Puistolan Urheilijat,HIFK Soccer,49973,49735,0,2,A,b0_base_rate,2026-05-25,0.5059952038369304,0.1366906474820144,0.35731414868105515
4057783,2026-05-29,M2,2026,2,Ilves,Hämeenlinnan Jalkapalloseura,106905,35121579,0,0,D,b0_base_rate,2026-05-25,0.5059952038369304,0.1366906474820144,0.35731414868105515
4057872,2026-05-29,M2,2026,3,Äänekosken Huima,Gamlakarleby Bollklubb,35117343,60492,1,2,A,b0_base_rate,2026-05-25,0.5059952038369304,0.1366906474820144,0.35731414868105515
4057871,2026-05-29,M2,2026,3,Jakobstads Bollklubb,Fotbollsföreningen JARO Jalkapalloseura,61766,144364,0,3,A,b0_base_rate,2026-05-25,0.5059952038369304,0.1366906474820144,0.35731414868105515
4057690,2026-05-29,M2,2026,1,Union Plaani,Football Club Kiffen 08,61723,60554,0,2,A,b0_base_rate,2026-05-25,0.5059952038369304,0.1366906474820144,0.35731414868105515
4057781,2026-05-29,M2,2026,2,Nurmijärven Jalkapalloseura,FC Honka,60537,62416,0,2,A,b0_base_rate,2026-05-25,0.5059952038369304,0.1366906474820144,0.35731414868105515
4038083,2026-05-29,M1L,2026,1,FC KTP Kotka,SJK Akatemia,60972,168874,1,0,H,b0_base_rate,2026-05-25,0.42528735632183906,0.25287356321839083,0.3218390804597701
4038084,2026-05-29,M1L,2026,1,Football Club Haka,Jippo,60561,129811,2,1,H,b0_base_rate,2026-05-25,0.42528735632183906,0.25287356321839083,0.3218390804597701
4043040,2026-05-29,M1,2026,1,Pallokerho Keski-Uusimaa,Kuopion Palloseura,60929,106331,3,0,H,b0_base_rate,2026-05-25,0.5023923444976076,0.19617224880382775,0.3014354066985646
4038209,2026-05-29,NL,2026,1,Helsingin Palloseura,Kuopion Palloseura,60781,157420,3,2,H,b0_base_rate,2026-05-25,0.5350877192982456,0.10526315789473684,0.35964912280701755
4038206,2026-05-29,NL,2026,1,Helsingin Jalkapalloklubi,Idrottsföreningen Kamraterna Vasa,60682,60691,4,0,H,b0_base_rate,2026-05-25,0.5350877192982456,0.10526315789473684,0.35964912280701755
4057780,2026-05-29,M2,2026,2,GrIFK - Fotboll,Pallo-Iirot,60549,107307,1,1,D,b0_base_rate,2026-05-25,0.5059952038369304,0.1366906474820144,0.35731414868105515
4043039,2026-05-29,M1,2026,1,Tampereen Pallo-Veikot,Jalkapalloseura Tampere United,60704,106945,0,3,A,b0_base_rate,2026-05-25,0.5023923444976076,0.19617224880382775,0.3014354066985646
4038085,2026-05-29,M1L,2026,1,Käpylän Pallo,Järvenpään Palloseura,60487,60676,2,1,H,b0_base_rate,2026-05-25,0.42528735632183906,0.25287356321839083,0.3218390804597701
4057779,2026-05-29,M2,2026,2,Espoon Palloseuran Jalkapallo,Esbo Bollklubb,62296,63411,2,2,D,b0_base_rate,2026-05-25,0.5059952038369304,0.1366906474820144,0.35731414868105515
4057782,2026-05-29,M2,2026,2,Idrottsföreningen Kamraterna i Åbo,Musan Salama,60996,60696,4,2,H,b0_base_rate,2026-05-25,0.5059952038369304,0.1366906474820144,0.35731414868105515
4057689,2026-05-29,M2,2026,1,MYPA,Pepo Lappeenranta,129934,61010,0,0,D,b0_base_rate,2026-05-25,0.5059952038369304,0.1366906474820144,0.35731414868105515
4036902,2026-05-30,VL,2026,1,TPS Juniorijalkapallo,Vaasan Palloseura,60971,60901,1,0,H,b0_base_rate,2026-05-25,0.42358078602620086,0.24890829694323144,0.32751091703056767
4036900,2026-05-30,VL,2026,1,Helsingin Jalkapalloklubin Liiga-HJK,IFK Mariehamn Fotboll,60731,60759,1,0,H,b0_base_rate,2026-05-25,0.42358078602620086,0.24890829694323144,0.32751091703056767
4036901,2026-05-30,VL,2026,1,Kuopion Palloseura,Football Club International Turku,60756,60987,1,1,D,b0_base_rate,2026-05-25,0.42358078602620086,0.24890829694323144,0.32751091703056767
4036904,2026-05-30,VL,2026,1,FC Lahti,Ilves,60969,60745,5,0,H,b0_base_rate,2026-05-25,0.42358078602620086,0.24890829694323144,0.32751091703056767
4036903,2026-05-30,VL,2026,1,IF Gnistan,SEINÄJOEN JALKAPALLOKERHO,60534,60970,3,2,H,b0_base_rate,2026-05-25,0.42358078602620086,0.24890829694323144,0.32751091703056767
4057693,2026-05-31,M2,2026,1,Lahden Reipas,Atlantis FC Edustus,61562,60702,1,0,H,b0_base_rate,2026-05-25,0.5059952038369304,0.1366906474820144,0.35731414868105515
4057873,2026-05-31,M2,2026,3,Idrottsföreningen Kraft,Tornion Pallo-47,60686,60666,1,2,A,b0_base_rate,2026-05-25,0.5059952038369304,0.1366906474820144,0.35731414868105515
4057692,2026-05-31,M2,2026,1,Helsingin Palloseura,Pallo-Pojat Juniorit,49949,48924,2,2,D,b0_base_rate,2026-05-25,0.5059952038369304,0.1366906474820144,0.35731414868105515
4038207,2026-05-31,NL,2026,1,IF Gnistan,Åland United,35209545,60532,1,4,A,b0_base_rate,2026-05-25,0.5350877192982456,0.10526315789473684,0.35964912280701755
4036905,2026-05-31,VL,2026,1,Oulun edustusjalkapallo AC Oulu,Fotbollsföreningen JARO Jalkapalloseura,60493,60974,2,1,H,b0_base_rate,2026-05-25,0.42358078602620086,0.24890829694323144,0.32751091703056767
4038087,2026-05-31,M1L,2026,1,Mikkelin Palloilijat,Ekenäs Idrottsförening,60494,60495,1,0,H,b0_base_rate,2026-05-25,0.42528735632183906,0.25287356321839083,0.3218390804597701
4038086,2026-05-31,M1L,2026,1,Pallokerho-35,Helsingin Jalkapalloklubi,50775,60692,1,1,D,b0_base_rate,2026-05-25,0.42528735632183906,0.25287356321839083,0.3218390804597701
4038208,2026-05-31,NL,2026,1,PK-35 Vantaa,Ilves,60671,60776,0,2,A,b0_base_rate,2026-05-25,0.5350877192982456,0.10526315789473684,0.35964912280701755
4057869,2026-05-27,M2,2026,3,SJK Akatemia,Jalkapalloseura Hercules,131834,61004,3,0,H,g0_logistic_dppg,2026-05-25,0.4429210890989061,0.19457966371774146,0.36249924718335236
4057870,2026-05-27,M2,2026,3,Vaasan Palloseura,FC Vaajakoski,169909,60496,2,2,D,g0_logistic_dppg,2026-05-25,0.5542134533730996,0.18726692254096305,0.2585196240859374
4038088,2026-05-27,M1L,2026,1,Helsingin Jalkapalloklubi,Pallokerho-35,60692,50775,0,1,A,g0_logistic_dppg,2026-05-25,0.3065073285557858,0.18693722950602826,0.506555441938186
4043038,2026-05-28,M1,2026,1,FC Jazz Juniorit,Salon Palloilijat,60521,60690,1,2,A,g0_logistic_dppg,2026-05-25,0.5379320377650781,0.18906427863708772,0.2730036835978341
4043086,2026-05-28,M1,2026,1,JJK Jyväskylä,Oulun Luistinseura,144858,106449,1,0,H,g0_logistic_dppg,2026-05-25,0.4372780427815591,0.19463821533437478,0.36808374188406606
4043041,2026-05-29,M1,2026,1,KPV Juniorit,Football Club International Turku,60536,60860,4,2,H,g0_logistic_dppg,2026-05-25,0.3539566634975315,0.19182749070154448,0.454215845800924
4057691,2026-05-29,M2,2026,1,Puistolan Urheilijat,HIFK Soccer,49973,49735,0,2,A,g0_logistic_dppg,2026-05-25,0.39796927628832224,0.1941849048406388,0.40784581887103893
4057783,2026-05-29,M2,2026,2,Ilves,Hämeenlinnan Jalkapalloseura,106905,35121579,0,0,D,g0_logistic_dppg,2026-05-25,0.39796927628832224,0.1941849048406388,0.40784581887103893
4057872,2026-05-29,M2,2026,3,Äänekosken Huima,Gamlakarleby Bollklubb,35117343,60492,1,2,A,g0_logistic_dppg,2026-05-25,0.5324580349260427,0.18961243287040683,0.2779295322035505
4057871,2026-05-29,M2,2026,3,Jakobstads Bollklubb,Fotbollsföreningen JARO Jalkapalloseura,61766,144364,0,3,A,g0_logistic_dppg,2026-05-25,0.3539566634975315,0.19182749070154448,0.454215845800924
4057690,2026-05-29,M2,2026,1,Union Plaani,Football Club Kiffen 08,61723,60554,0,2,A,g0_logistic_dppg,2026-05-25,0.37579645995209143,0.19324845118176898,0.4309550888661396
4057781,2026-05-29,M2,2026,2,Nurmijärven Jalkapalloseura,FC Honka,60537,62416,0,2,A,g0_logistic_dppg,2026-05-25,0.2008190522690349,0.16563228525740795,0.6335486624735572
4038083,2026-05-29,M1L,2026,1,FC KTP Kotka,SJK Akatemia,60972,168874,1,0,H,g0_logistic_dppg,2026-05-25,0.6907967376856329,0.16194463659755737,0.14725862571680975
4038084,2026-05-29,M1L,2026,1,Football Club Haka,Jippo,60561,129811,2,1,H,g0_logistic_dppg,2026-05-25,0.46630475658017395,0.1940123273797724,0.3396829160400536
4043040,2026-05-29,M1,2026,1,Pallokerho Keski-Uusimaa,Kuopion Palloseura,60929,106331,3,0,H,g0_logistic_dppg,2026-05-25,0.5725297751361588,0.18494451042474172,0.24252571443909954
4038209,2026-05-29,NL,2026,1,Helsingin Palloseura,Kuopion Palloseura,60781,157420,3,2,H,g0_logistic_dppg,2026-05-25,0.3726538713148637,0.19307486870230706,0.4342712599828293
4038206,2026-05-29,NL,2026,1,Helsingin Jalkapalloklubi,Idrottsföreningen Kamraterna Vasa,60682,60691,4,0,H,g0_logistic_dppg,2026-05-25,0.7744196360545696,0.1362765258512155,0.0893038380942149
4057780,2026-05-29,M2,2026,2,GrIFK - Fotboll,Pallo-Iirot,60549,107307,1,1,D,g0_logistic_dppg,2026-05-25,0.3757964599520915,0.19324845118176898,0.4309550888661396
4043039,2026-05-29,M1,2026,1,Tampereen Pallo-Veikot,Jalkapalloseura Tampere United,60704,106945,0,3,A,g0_logistic_dppg,2026-05-25,0.3065073285557858,0.18693722950602826,0.506555441938186
4038085,2026-05-29,M1L,2026,1,Käpylän Pallo,Järvenpään Palloseura,60487,60676,2,1,H,g0_logistic_dppg,2026-05-25,0.4203775423893748,0.19462920657082938,0.3849932510397958
4057779,2026-05-29,M2,2026,2,Espoon Palloseuran Jalkapallo,Esbo Bollklubb,62296,63411,2,2,D,g0_logistic_dppg,2026-05-25,0.48801160290016754,0.19302181957652306,0.31896657752330937
4057782,2026-05-29,M2,2026,2,Idrottsföreningen Kamraterna i Åbo,Musan Salama,60996,60696,4,2,H,g0_logistic_dppg,2026-05-25,0.739959733504052,0.1479169480135861,0.11212331848236191
4057689,2026-05-29,M2,2026,1,MYPA,Pepo Lappeenranta,129934,61010,0,0,D,g0_logistic_dppg,2026-05-25,0.3116427088260928,0.18759124066318777,0.5007660505107194
4036902,2026-05-30,VL,2026,1,TPS Juniorijalkapallo,Vaasan Palloseura,60971,60901,1,0,H,g0_logistic_dppg,2026-05-25,0.47113714124027084,0.19383029727027,0.3350325614894592
4036900,2026-05-30,VL,2026,1,Helsingin Jalkapalloklubin Liiga-HJK,IFK Mariehamn Fotboll,60731,60759,1,0,H,g0_logistic_dppg,2026-05-25,0.5963946862704634,0.18143578289513565,0.22216953083440086
4036901,2026-05-30,VL,2026,1,Kuopion Palloseura,Football Club International Turku,60756,60987,1,1,D,g0_logistic_dppg,2026-05-25,0.4338938996272108,0.19465860194244936,0.3714474984303398
4036904,2026-05-30,VL,2026,1,FC Lahti,Ilves,60969,60745,5,0,H,g0_logistic_dppg,2026-05-25,0.48801160290016754,0.19302181957652306,0.31896657752330937
4036903,2026-05-30,VL,2026,1,IF Gnistan,SEINÄJOEN JALKAPALLOKERHO,60534,60970,3,2,H,g0_logistic_dppg,2026-05-25,0.521447369026791,0.19062972180475996,0.287922909168449
4057693,2026-05-31,M2,2026,1,Lahden Reipas,Atlantis FC Edustus,61562,60702,1,0,H,g0_logistic_dppg,2026-05-25,0.5755492841597496,0.18453090503349728,0.23991981080675318
4057873,2026-05-31,M2,2026,3,Idrottsföreningen Kraft,Tornion Pallo-47,60686,60666,1,2,A,g0_logistic_dppg,2026-05-25,0.4429210890989061,0.19457966371774146,0.36249924718335236
4057692,2026-05-31,M2,2026,1,Helsingin Palloseura,Pallo-Pojat Juniorit,49949,48924,2,2,D,g0_logistic_dppg,2026-05-25,0.48801160290016754,0.19302181957652306,0.31896657752330937
4038207,2026-05-31,NL,2026,1,IF Gnistan,Åland United,35209545,60532,1,4,A,g0_logistic_dppg,2026-05-25,0.3726538713148637,0.19307486870230706,0.4342712599828293
4036905,2026-05-31,VL,2026,1,Oulun edustusjalkapallo AC Oulu,Fotbollsföreningen JARO Jalkapalloseura,60493,60974,2,1,H,g0_logistic_dppg,2026-05-25,0.6427953406682178,0.17300869379462822,0.184195965537154
4038087,2026-05-31,M1L,2026,1,Mikkelin Palloilijat,Ekenäs Idrottsförening,60494,60495,1,0,H,g0_logistic_dppg,2026-05-25,0.4372780427815591,0.19463821533437478,0.36808374188406606
4038086,2026-05-31,M1L,2026,1,Pallokerho-35,Helsingin Jalkapalloklubi,50775,60692,1,1,D,g0_logistic_dppg,2026-05-25,0.6797304831681079,0.16471650622473627,0.15555301060715584
4038208,2026-05-31,NL,2026,1,PK-35 Vantaa,Ilves,60671,60776,0,2,A,g0_logistic_dppg,2026-05-25,0.4300283848020267,0.19466833174355763,0.3753032834544157
4057869,2026-05-27,M2,2026,3,SJK Akatemia,Jalkapalloseura Hercules,131834,61004,3,0,H,poisson_plain,2026-05-25,0.7729924611616426,0.11538758281621439,0.111619956022143
4057870,2026-05-27,M2,2026,3,Vaasan Palloseura,FC Vaajakoski,169909,60496,2,2,D,poisson_plain,2026-05-25,0.900159349066215,0.06251515378005071,0.03732549715373433
4038088,2026-05-27,M1L,2026,1,Helsingin Jalkapalloklubi,Pallokerho-35,60692,50775,0,1,A,poisson_plain,2026-05-25,0.30780085385732375,0.2769212311010507,0.4152779150416255
4043038,2026-05-28,M1,2026,1,FC Jazz Juniorit,Salon Palloilijat,60521,60690,1,2,A,poisson_plain,2026-05-25,0.35910737370531465,0.2206653083434778,0.4202273179512076
4043086,2026-05-28,M1,2026,1,JJK Jyväskylä,Oulun Luistinseura,144858,106449,1,0,H,poisson_plain,2026-05-25,0.3179772711841324,0.2381911973821164,0.44383153143375126
4043041,2026-05-29,M1,2026,1,KPV Juniorit,Football Club International Turku,60536,60860,4,2,H,poisson_plain,2026-05-25,0.32659284115306764,0.19471472550652613,0.47869243334040634
4057691,2026-05-29,M2,2026,1,Puistolan Urheilijat,HIFK Soccer,49973,49735,0,2,A,poisson_plain,2026-05-25,0.3949563661229145,0.259339493644977,0.34570414023210855
4057783,2026-05-29,M2,2026,2,Ilves,Hämeenlinnan Jalkapalloseura,106905,35121579,0,0,D,poisson_plain,2026-05-25,0.5922620249633265,0.19897490148580405,0.20876307355086957
4057872,2026-05-29,M2,2026,3,Äänekosken Huima,Gamlakarleby Bollklubb,35117343,60492,1,2,A,poisson_plain,2026-05-25,0.4920494451583495,0.200370325610882,0.30758022923076855
4057871,2026-05-29,M2,2026,3,Jakobstads Bollklubb,Fotbollsföreningen JARO Jalkapalloseura,61766,144364,0,3,A,poisson_plain,2026-05-25,0.48973025082266824,0.2360779589273431,0.27419179024998863
4057690,2026-05-29,M2,2026,1,Union Plaani,Football Club Kiffen 08,61723,60554,0,2,A,poisson_plain,2026-05-25,0.19491310239018272,0.1760696876398983,0.629017209969919
4057781,2026-05-29,M2,2026,2,Nurmijärven Jalkapalloseura,FC Honka,60537,62416,0,2,A,poisson_plain,2026-05-25,0.03360445111364755,0.06394513332887662,0.9024504155574757
4038083,2026-05-29,M1L,2026,1,FC KTP Kotka,SJK Akatemia,60972,168874,1,0,H,poisson_plain,2026-05-25,0.5018178691569475,0.2668499813011733,0.2313321495418792
4038084,2026-05-29,M1L,2026,1,Football Club Haka,Jippo,60561,129811,2,1,H,poisson_plain,2026-05-25,0.4320912525763294,0.2946319975073468,0.27327674991632384
4043040,2026-05-29,M1,2026,1,Pallokerho Keski-Uusimaa,Kuopion Palloseura,60929,106331,3,0,H,poisson_plain,2026-05-25,0.5054557692638644,0.21219197430678985,0.28235225642934586
4038209,2026-05-29,NL,2026,1,Helsingin Palloseura,Kuopion Palloseura,60781,157420,3,2,H,poisson_plain,2026-05-25,0.2896182997788487,0.22895834444393015,0.4814233557772211
4038206,2026-05-29,NL,2026,1,Helsingin Jalkapalloklubi,Idrottsföreningen Kamraterna Vasa,60682,60691,4,0,H,poisson_plain,2026-05-25,0.9845518635429765,0.01295622012745012,0.0024919163295734426
4057780,2026-05-29,M2,2026,2,GrIFK - Fotboll,Pallo-Iirot,60549,107307,1,1,D,poisson_plain,2026-05-25,0.3917199809200199,0.235306146691003,0.37297387238897717
4043039,2026-05-29,M1,2026,1,Tampereen Pallo-Veikot,Jalkapalloseura Tampere United,60704,106945,0,3,A,poisson_plain,2026-05-25,0.3218105966931437,0.27079273213413485,0.4073966711727215
4038085,2026-05-29,M1L,2026,1,Käpylän Pallo,Järvenpään Palloseura,60487,60676,2,1,H,poisson_plain,2026-05-25,0.3481954874071817,0.21779218793588662,0.4340123246569316
4057779,2026-05-29,M2,2026,2,Espoon Palloseuran Jalkapallo,Esbo Bollklubb,62296,63411,2,2,D,poisson_plain,2026-05-25,0.6478361733249204,0.2040095397250701,0.1481542869500095
4057782,2026-05-29,M2,2026,2,Idrottsföreningen Kamraterna i Åbo,Musan Salama,60996,60696,4,2,H,poisson_plain,2026-05-25,0.8550721345654904,0.09556250607455322,0.04936535935995641
4057689,2026-05-29,M2,2026,1,MYPA,Pepo Lappeenranta,129934,61010,0,0,D,poisson_plain,2026-05-25,0.3504808382420032,0.21000617474585054,0.43951298701214625
4036902,2026-05-30,VL,2026,1,TPS Juniorijalkapallo,Vaasan Palloseura,60971,60901,1,0,H,poisson_plain,2026-05-25,0.4486854294333102,0.2961751921568838,0.25513937840980594
4036900,2026-05-30,VL,2026,1,Helsingin Jalkapalloklubin Liiga-HJK,IFK Mariehamn Fotboll,60731,60759,1,0,H,poisson_plain,2026-05-25,0.7403947767548777,0.1476239671091262,0.11198125613599605
4036901,2026-05-30,VL,2026,1,Kuopion Palloseura,Football Club International Turku,60756,60987,1,1,D,poisson_plain,2026-05-25,0.3521680412339934,0.28871467715552074,0.3591172816104858
4036904,2026-05-30,VL,2026,1,FC Lahti,Ilves,60969,60745,5,0,H,poisson_plain,2026-05-25,0.2241809785927259,0.24208225308879752,0.5337367683184766
4036903,2026-05-30,VL,2026,1,IF Gnistan,SEINÄJOEN JALKAPALLOKERHO,60534,60970,3,2,H,poisson_plain,2026-05-25,0.2606580261699814,0.2025592233121598,0.5367827505178587
4057693,2026-05-31,M2,2026,1,Lahden Reipas,Atlantis FC Edustus,61562,60702,1,0,H,poisson_plain,2026-05-25,0.6282960431131288,0.14024147188361505,0.23146248500325622
4057873,2026-05-31,M2,2026,3,Idrottsföreningen Kraft,Tornion Pallo-47,60686,60666,1,2,A,poisson_plain,2026-05-25,0.5607864732679211,0.17192730141409993,0.2672862253179791
4057692,2026-05-31,M2,2026,1,Helsingin Palloseura,Pallo-Pojat Juniorit,49949,48924,2,2,D,poisson_plain,2026-05-25,0.4038887898505228,0.24223680188425792,0.3538744082652193
4038207,2026-05-31,NL,2026,1,IF Gnistan,Åland United,35209545,60532,1,4,A,poisson_plain,2026-05-25,0.33116764213498107,0.18383043883944417,0.48500191902557477
4036905,2026-05-31,VL,2026,1,Oulun edustusjalkapallo AC Oulu,Fotbollsföreningen JARO Jalkapalloseura,60493,60974,2,1,H,poisson_plain,2026-05-25,0.4417278751064713,0.2513605958300316,0.30691152906349706
4038087,2026-05-31,M1L,2026,1,Mikkelin Palloilijat,Ekenäs Idrottsförening,60494,60495,1,0,H,poisson_plain,2026-05-25,0.2978293589029356,0.2662694189632559,0.43590122213380855
4038086,2026-05-31,M1L,2026,1,Pallokerho-35,Helsingin Jalkapalloklubi,50775,60692,1,1,D,poisson_plain,2026-05-25,0.48602645523820637,0.26569855095200795,0.24827499380978563
4038208,2026-05-31,NL,2026,1,PK-35 Vantaa,Ilves,60671,60776,0,2,A,poisson_plain,2026-05-25,0.4848600819944381,0.20111627109960079,0.3140236469059612
4057869,2026-05-27,M2,2026,3,SJK Akatemia,Jalkapalloseura Hercules,131834,61004,3,0,H,dc_best,2026-05-25,0.5874338987241028,0.1715635063892691,0.24100259488662817
4057870,2026-05-27,M2,2026,3,Vaasan Palloseura,FC Vaajakoski,169909,60496,2,2,D,dc_best,2026-05-25,0.8209664070583204,0.09290745416376588,0.08612613877791374
4038088,2026-05-27,M1L,2026,1,Helsingin Jalkapalloklubi,Pallokerho-35,60692,50775,0,1,A,dc_best,2026-05-25,0.26730113956374296,0.25680589253201846,0.4758929679042387
4043038,2026-05-28,M1,2026,1,FC Jazz Juniorit,Salon Palloilijat,60521,60690,1,2,A,dc_best,2026-05-25,0.3030667182663371,0.22695207930633057,0.4699812024273323
4043086,2026-05-28,M1,2026,1,JJK Jyväskylä,Oulun Luistinseura,144858,106449,1,0,H,dc_best,2026-05-25,0.3218461340228468,0.24799166802098935,0.43016219795616384
4043041,2026-05-29,M1,2026,1,KPV Juniorit,Football Club International Turku,60536,60860,4,2,H,dc_best,2026-05-25,0.11180206098111382,0.12788793381346297,0.7603100052054232
4057691,2026-05-29,M2,2026,1,Puistolan Urheilijat,HIFK Soccer,49973,49735,0,2,A,dc_best,2026-05-25,0.35732901455915267,0.21838932303977773,0.4242816624010696
4057783,2026-05-29,M2,2026,2,Ilves,Hämeenlinnan Jalkapalloseura,106905,35121579,0,0,D,dc_best,2026-05-25,0.5440940384766934,0.1889519087314836,0.266954052791823
4057872,2026-05-29,M2,2026,3,Äänekosken Huima,Gamlakarleby Bollklubb,35117343,60492,1,2,A,dc_best,2026-05-25,0.5797676605011101,0.1681495609204881,0.25208277857840194
4057871,2026-05-29,M2,2026,3,Jakobstads Bollklubb,Fotbollsföreningen JARO Jalkapalloseura,61766,144364,0,3,A,dc_best,2026-05-25,0.4951604740740612,0.21505158811000932,0.2897879378159295
4057690,2026-05-29,M2,2026,1,Union Plaani,Football Club Kiffen 08,61723,60554,0,2,A,dc_best,2026-05-25,0.22155426122288624,0.15977577353028533,0.6186699652468284
4057781,2026-05-29,M2,2026,2,Nurmijärven Jalkapalloseura,FC Honka,60537,62416,0,2,A,dc_best,2026-05-25,0.029611036959774517,0.048753978183458134,0.9216349848567674
4038083,2026-05-29,M1L,2026,1,FC KTP Kotka,SJK Akatemia,60972,168874,1,0,H,dc_best,2026-05-25,0.5722107993931295,0.21547697614072114,0.2123122244661494
4038084,2026-05-29,M1L,2026,1,Football Club Haka,Jippo,60561,129811,2,1,H,dc_best,2026-05-25,0.41406582532359093,0.24706702279237128,0.3388671518840378
4043040,2026-05-29,M1,2026,1,Pallokerho Keski-Uusimaa,Kuopion Palloseura,60929,106331,3,0,H,dc_best,2026-05-25,0.5149308042595858,0.24514139997963133,0.2399277957607829
4038209,2026-05-29,NL,2026,1,Helsingin Palloseura,Kuopion Palloseura,60781,157420,3,2,H,dc_best,2026-05-25,0.29963351737871297,0.21039858100566894,0.48996790161561815
4038206,2026-05-29,NL,2026,1,Helsingin Jalkapalloklubi,Idrottsföreningen Kamraterna Vasa,60682,60691,4,0,H,dc_best,2026-05-25,0.9753595311472892,0.017717770805256595,0.0069226980474541774
4057780,2026-05-29,M2,2026,2,GrIFK - Fotboll,Pallo-Iirot,60549,107307,1,1,D,dc_best,2026-05-25,0.29190924273518515,0.2195240480955262,0.48856670916928874
4043039,2026-05-29,M1,2026,1,Tampereen Pallo-Veikot,Jalkapalloseura Tampere United,60704,106945,0,3,A,dc_best,2026-05-25,0.1980909635363901,0.2607893535707021,0.5411196828929078
4038085,2026-05-29,M1L,2026,1,Käpylän Pallo,Järvenpään Palloseura,60487,60676,2,1,H,dc_best,2026-05-25,0.3921785153836517,0.21594877810059535,0.3918727065157529
4057779,2026-05-29,M2,2026,2,Espoon Palloseuran Jalkapallo,Esbo Bollklubb,62296,63411,2,2,D,dc_best,2026-05-25,0.6461049221152921,0.1863183739651039,0.16757670391960405
4057782,2026-05-29,M2,2026,2,Idrottsföreningen Kamraterna i Åbo,Musan Salama,60996,60696,4,2,H,dc_best,2026-05-25,0.9103398931866964,0.05719036979470509,0.0324697370185986
4057689,2026-05-29,M2,2026,1,MYPA,Pepo Lappeenranta,129934,61010,0,0,D,dc_best,2026-05-25,0.25225911802986134,0.19813318838940916,0.5496076935807296
4036902,2026-05-30,VL,2026,1,TPS Juniorijalkapallo,Vaasan Palloseura,60971,60901,1,0,H,dc_best,2026-05-25,0.4187035274095861,0.34244649335543526,0.2388499792349787
4036900,2026-05-30,VL,2026,1,Helsingin Jalkapalloklubin Liiga-HJK,IFK Mariehamn Fotboll,60731,60759,1,0,H,dc_best,2026-05-25,0.7163283586733492,0.18496174148239358,0.09870989984425718
4036901,2026-05-30,VL,2026,1,Kuopion Palloseura,Football Club International Turku,60756,60987,1,1,D,dc_best,2026-05-25,0.3724180947360875,0.3191051925439014,0.3084767127200111
4036904,2026-05-30,VL,2026,1,FC Lahti,Ilves,60969,60745,5,0,H,dc_best,2026-05-25,0.29846735031548055,0.27957508509899576,0.42195756458552375
4036903,2026-05-30,VL,2026,1,IF Gnistan,SEINÄJOEN JALKAPALLOKERHO,60534,60970,3,2,H,dc_best,2026-05-25,0.3832868337885723,0.2530886347357711,0.3636245314756566
4057693,2026-05-31,M2,2026,1,Lahden Reipas,Atlantis FC Edustus,61562,60702,1,0,H,dc_best,2026-05-25,0.6444537371319369,0.1362561219405238,0.2192901409275393
4057873,2026-05-31,M2,2026,3,Idrottsföreningen Kraft,Tornion Pallo-47,60686,60666,1,2,A,dc_best,2026-05-25,0.6185028363054937,0.1468947410566205,0.23460242263788572
4057692,2026-05-31,M2,2026,1,Helsingin Palloseura,Pallo-Pojat Juniorit,49949,48924,2,2,D,dc_best,2026-05-25,0.3818304751836984,0.22949431336334353,0.38867521145295814
4038207,2026-05-31,NL,2026,1,IF Gnistan,Åland United,35209545,60532,1,4,A,dc_best,2026-05-25,0.30159388022008904,0.16041629325746976,0.5379898265224412
4036905,2026-05-31,VL,2026,1,Oulun edustusjalkapallo AC Oulu,Fotbollsföreningen JARO Jalkapalloseura,60493,60974,2,1,H,dc_best,2026-05-25,0.632705411538841,0.23406649581868683,0.1332280926424723
4038087,2026-05-31,M1L,2026,1,Mikkelin Palloilijat,Ekenäs Idrottsförening,60494,60495,1,0,H,dc_best,2026-05-25,0.35978082798582667,0.1855900246137687,0.4546291474004047
4038086,2026-05-31,M1L,2026,1,Pallokerho-35,Helsingin Jalkapalloklubi,50775,60692,1,1,D,dc_best,2026-05-25,0.5468293402210961,0.23992962002951873,0.21324103974938516
4038208,2026-05-31,NL,2026,1,PK-35 Vantaa,Ilves,60671,60776,0,2,A,dc_best,2026-05-25,0.3971545548376287,0.1780758875983994,0.42476955756397206
4043042,2026-06-02,M1,2026,1,JJK Jyväskylä,Vantaan Jalkapalloseura,144858,63440,2,2,D,b0_base_rate,2026-06-01,0.5046728971962617,0.191588785046729,0.3037383177570094
4043043,2026-06-02,M1,2026,1,Rovaniemen Palloseura,Oulun Luistinseura,60973,106449,1,1,D,b0_base_rate,2026-06-01,0.5046728971962617,0.191588785046729,0.3037383177570094
4057694,2026-06-04,M2,2026,1,Pepo Lappeenranta,Lahden Reipas,61010,61562,2,1,H,b0_base_rate,2026-06-01,0.49537037037037035,0.14583333333333334,0.3587962962962963
4057786,2026-06-04,M2,2026,2,Idrottsföreningen Kamraterna i Åbo,Pallo-Iirot,60996,107307,2,0,H,b0_base_rate,2026-06-01,0.49537037037037035,0.14583333333333334,0.3587962962962963
4057784,2026-06-05,M2,2026,2,Musan Salama,Nurmijärven Jalkapalloseura,60696,60537,0,0,D,b0_base_rate,2026-06-01,0.49537037037037035,0.14583333333333334,0.3587962962962963
4043044,2026-06-05,M1,2026,1,Kuopion Palloseura,KPV Juniorit,106331,60536,4,1,H,b0_base_rate,2026-06-01,0.5046728971962617,0.191588785046729,0.3037383177570094
4038089,2026-06-05,M1L,2026,1,Käpylän Pallo,FC KTP Kotka,60487,60972,1,2,A,b0_base_rate,2026-06-01,0.43333333333333335,0.25,0.31666666666666665
4038090,2026-06-05,M1L,2026,1,Football Club Haka,Järvenpään Palloseura,60561,60676,1,2,A,b0_base_rate,2026-06-01,0.43333333333333335,0.25,0.31666666666666665
4057874,2026-06-05,M2,2026,3,Jalkapalloseura Hercules,Vaasan Palloseura,61004,169909,1,5,A,b0_base_rate,2026-06-01,0.49537037037037035,0.14583333333333334,0.3587962962962963
4057787,2026-06-06,M2,2026,2,Hämeenlinnan Jalkapalloseura,Espoon Palloseuran Jalkapallo,35121579,62296,1,3,A,b0_base_rate,2026-06-01,0.49537037037037035,0.14583333333333334,0.3587962962962963
4057875,2026-06-06,M2,2026,3,Äänekosken Huima,Fotbollsföreningen JARO Jalkapalloseura,35117343,144364,7,1,H,b0_base_rate,2026-06-01,0.49537037037037035,0.14583333333333334,0.3587962962962963
4057876,2026-06-06,M2,2026,3,Gamlakarleby Bollklubb,FC Vaajakoski,60492,60496,0,1,A,b0_base_rate,2026-06-01,0.49537037037037035,0.14583333333333334,0.3587962962962963
4057697,2026-06-06,M2,2026,1,MYPA,Pallo-Pojat Juniorit,129934,48924,1,3,A,b0_base_rate,2026-06-01,0.49537037037037035,0.14583333333333334,0.3587962962962963
4057877,2026-06-06,M2,2026,3,Tornion Pallo-47,Jakobstads Bollklubb,60666,61766,1,1,D,b0_base_rate,2026-06-01,0.49537037037037035,0.14583333333333334,0.3587962962962963
4038091,2026-06-06,M1L,2026,1,Ekenäs Idrottsförening,Mikkelin Palloilijat,60495,60494,1,0,H,b0_base_rate,2026-06-01,0.43333333333333335,0.25,0.31666666666666665
4057696,2026-06-06,M2,2026,1,Atlantis FC Edustus,HIFK Soccer,60702,49735,3,2,H,b0_base_rate,2026-06-01,0.49537037037037035,0.14583333333333334,0.3587962962962963
4057695,2026-06-06,M2,2026,1,Union Plaani,Helsingin Palloseura,61723,49949,0,2,A,b0_base_rate,2026-06-01,0.49537037037037035,0.14583333333333334,0.3587962962962963
4043049,2026-06-06,M1,2026,1,JJK Jyväskylä,Pallokerho Keski-Uusimaa,144858,60929,1,3,A,b0_base_rate,2026-06-01,0.5046728971962617,0.191588785046729,0.3037383177570094
4057878,2026-06-06,M2,2026,3,SJK Akatemia,Idrottsföreningen Kraft,131834,60686,0,4,A,b0_base_rate,2026-06-01,0.49537037037037035,0.14583333333333334,0.3587962962962963
4057785,2026-06-06,M2,2026,2,FC Honka,Esbo Bollklubb,62416,63411,4,1,H,b0_base_rate,2026-06-01,0.49537037037037035,0.14583333333333334,0.3587962962962963
4043045,2026-06-06,M1,2026,1,Tampereen Pallo-Veikot,Football Club International Turku,60704,60860,1,1,D,b0_base_rate,2026-06-01,0.5046728971962617,0.191588785046729,0.3037383177570094
4043048,2026-06-06,M1,2026,1,Oulun Luistinseura,Salon Palloilijat,106449,60690,5,0,H,b0_base_rate,2026-06-01,0.5046728971962617,0.191588785046729,0.3037383177570094
4043047,2026-06-06,M1,2026,1,Rovaniemen Palloseura,Jalkapalloseura Tampere United,60973,106945,0,1,A,b0_base_rate,2026-06-01,0.5046728971962617,0.191588785046729,0.3037383177570094
4043046,2026-06-06,M1,2026,1,FC Jazz Juniorit,Vantaan Jalkapalloseura,60521,63440,1,1,D,b0_base_rate,2026-06-01,0.5046728971962617,0.191588785046729,0.3037383177570094
4043042,2026-06-02,M1,2026,1,JJK Jyväskylä,Vantaan Jalkapalloseura,144858,63440,2,2,D,g0_logistic_dppg,2026-06-01,0.5315875478958492,0.19138450618498334,0.27702794591916746
4043043,2026-06-02,M1,2026,1,Rovaniemen Palloseura,Oulun Luistinseura,60973,106449,1,1,D,g0_logistic_dppg,2026-06-01,0.520579847535364,0.19240327784295894,0.2870168746216771
4057694,2026-06-04,M2,2026,1,Pepo Lappeenranta,Lahden Reipas,61010,61562,2,1,H,g0_logistic_dppg,2026-06-01,0.527301404534155,0.19179487910501913,0.2809037163608259
4057786,2026-06-04,M2,2026,2,Idrottsföreningen Kamraterna i Åbo,Pallo-Iirot,60996,107307,2,0,H,g0_logistic_dppg,2026-06-01,0.5653604465369153,0.18753769620388794,0.2471018572591968
4057784,2026-06-05,M2,2026,2,Musan Salama,Nurmijärven Jalkapalloseura,60696,60537,0,0,D,g0_logistic_dppg,2026-06-01,0.5078703078209267,0.1934364726586081,0.29869321952046524
4043044,2026-06-05,M1,2026,1,Kuopion Palloseura,KPV Juniorit,106331,60536,4,1,H,g0_logistic_dppg,2026-06-01,0.4728956966093458,0.19548782939311948,0.33161647399753463
4038089,2026-06-05,M1L,2026,1,Käpylän Pallo,FC KTP Kotka,60487,60972,1,2,A,g0_logistic_dppg,2026-06-01,0.3455382857869727,0.19283103005008484,0.46163068416294245
4038090,2026-06-05,M1L,2026,1,Football Club Haka,Järvenpään Palloseura,60561,60676,1,2,A,g0_logistic_dppg,2026-06-01,0.5467474380089904,0.18979269493010448,0.26345986706090513
4057874,2026-06-05,M2,2026,3,Jalkapalloseura Hercules,Vaasan Palloseura,61004,169909,1,5,A,g0_logistic_dppg,2026-06-01,0.527301404534155,0.19179487910501913,0.2809037163608259
4057787,2026-06-06,M2,2026,2,Hämeenlinnan Jalkapalloseura,Espoon Palloseuran Jalkapallo,35121579,62296,1,3,A,g0_logistic_dppg,2026-06-01,0.6020072407758267,0.1821167729857884,0.21587598623838491
4057875,2026-06-06,M2,2026,3,Äänekosken Huima,Fotbollsföreningen JARO Jalkapalloseura,35117343,144364,7,1,H,g0_logistic_dppg,2026-06-01,0.29596388628743053,0.18711402644640626,0.5169220872661632
4057876,2026-06-06,M2,2026,3,Gamlakarleby Bollklubb,FC Vaajakoski,60492,60496,0,1,A,g0_logistic_dppg,2026-06-01,0.583883512208822,0.18496174118105008,0.23115474661012797
4057697,2026-06-06,M2,2026,1,MYPA,Pallo-Pojat Juniorit,129934,48924,1,3,A,g0_logistic_dppg,2026-06-01,0.4091440161478552,0.19620002345706886,0.39465596039507583
4057877,2026-06-06,M2,2026,3,Tornion Pallo-47,Jakobstads Bollklubb,60666,61766,1,1,D,g0_logistic_dppg,2026-06-01,0.6020072407758267,0.1821167729857884,0.21587598623838497
4038091,2026-06-06,M1L,2026,1,Ekenäs Idrottsförening,Mikkelin Palloilijat,60495,60494,1,0,H,g0_logistic_dppg,2026-06-01,0.4882487224520171,0.19473056269514022,0.3170207148528427
4057696,2026-06-06,M2,2026,1,Atlantis FC Edustus,HIFK Soccer,60702,49735,3,2,H,g0_logistic_dppg,2026-06-01,0.33227612309882215,0.19158073433193865,0.4761431425692393
4057695,2026-06-06,M2,2026,1,Union Plaani,Helsingin Palloseura,61723,49949,0,2,A,g0_logistic_dppg,2026-06-01,0.31389529373293285,0.18951560021778072,0.49658910604928647
4043049,2026-06-06,M1,2026,1,JJK Jyväskylä,Pallokerho Keski-Uusimaa,144858,60929,1,3,A,g0_logistic_dppg,2026-06-01,0.5460069949463431,0.18987553491593118,0.26411747013772574
4057878,2026-06-06,M2,2026,3,SJK Akatemia,Idrottsföreningen Kraft,131834,60686,0,4,A,g0_logistic_dppg,2026-06-01,0.4882487224520171,0.19473056269514022,0.3170207148528427
4057785,2026-06-06,M2,2026,2,FC Honka,Esbo Bollklubb,62416,63411,4,1,H,g0_logistic_dppg,2026-06-01,0.6536133049501397,0.17220538559433132,0.17418130945552898
4043045,2026-06-06,M1,2026,1,Tampereen Pallo-Veikot,Football Club International Turku,60704,60860,1,1,D,g0_logistic_dppg,2026-06-01,0.4113310832031865,0.1962417142715762,0.3924272025252374
4043048,2026-06-06,M1,2026,1,Oulun Luistinseura,Salon Palloilijat,106449,60690,5,0,H,g0_logistic_dppg,2026-06-01,0.506567454428515,0.1935337252063958,0.2998988203650892
4043047,2026-06-06,M1,2026,1,Rovaniemen Palloseura,Jalkapalloseura Tampere United,60973,106945,0,1,A,g0_logistic_dppg,2026-06-01,0.4728956966093458,0.19548782939311948,0.33161647399753463
4043046,2026-06-06,M1,2026,1,FC Jazz Juniorit,Vantaan Jalkapalloseura,60521,63440,1,1,D,g0_logistic_dppg,2026-06-01,0.5111236922495772,0.19318658997469318,0.29568971777572955
4043042,2026-06-02,M1,2026,1,JJK Jyväskylä,Vantaan Jalkapalloseura,144858,63440,2,2,D,poisson_plain,2026-06-01,0.31664685079225,0.26461714875065234,0.4187360004570976
4043043,2026-06-02,M1,2026,1,Rovaniemen Palloseura,Oulun Luistinseura,60973,106449,1,1,D,poisson_plain,2026-06-01,0.3278219941478966,0.22633355367166227,0.4458444521804412
4057694,2026-06-04,M2,2026,1,Pepo Lappeenranta,Lahden Reipas,61010,61562,2,1,H,poisson_plain,2026-06-01,0.48008124988805756,0.21018447569458643,0.309734274417356
4057786,2026-06-04,M2,2026,2,Idrottsföreningen Kamraterna i Åbo,Pallo-Iirot,60996,107307,2,0,H,poisson_plain,2026-06-01,0.7474646489399858,0.15237863855762462,0.10015671250238972
4057784,2026-06-05,M2,2026,2,Musan Salama,Nurmijärven Jalkapalloseura,60696,60537,0,0,D,poisson_plain,2026-06-01,0.6458390932015364,0.1694969952492451,0.1846639115492185
4043044,2026-06-05,M1,2026,1,Kuopion Palloseura,KPV Juniorit,106331,60536,4,1,H,poisson_plain,2026-06-01,0.5926049955705327,0.19201415499569038,0.2153808494337769
4038089,2026-06-05,M1L,2026,1,Käpylän Pallo,FC KTP Kotka,60487,60972,1,2,A,poisson_plain,2026-06-01,0.22058580736185757,0.24839075680484218,0.5310234358333004
4038090,2026-06-05,M1L,2026,1,Football Club Haka,Järvenpään Palloseura,60561,60676,1,2,A,poisson_plain,2026-06-01,0.6305195269976709,0.20134982047515643,0.16813065252717266
4057874,2026-06-05,M2,2026,3,Jalkapalloseura Hercules,Vaasan Palloseura,61004,169909,1,5,A,poisson_plain,2026-06-01,0.10128993774538234,0.12295738655422747,0.7757526757003901
4057787,2026-06-06,M2,2026,2,Hämeenlinnan Jalkapalloseura,Espoon Palloseuran Jalkapallo,35121579,62296,1,3,A,poisson_plain,2026-06-01,0.46746683869626904,0.249485515182845,0.283047646120886
4057875,2026-06-06,M2,2026,3,Äänekosken Huima,Fotbollsföreningen JARO Jalkapalloseura,35117343,144364,7,1,H,poisson_plain,2026-06-01,0.3054243765027097,0.18772118486863743,0.506854438628653
4057876,2026-06-06,M2,2026,3,Gamlakarleby Bollklubb,FC Vaajakoski,60492,60496,0,1,A,poisson_plain,2026-06-01,0.6634935556711803,0.16618228889474834,0.17032415543407148
4057697,2026-06-06,M2,2026,1,MYPA,Pallo-Pojat Juniorit,129934,48924,1,3,A,poisson_plain,2026-06-01,0.3188694848947463,0.19661463536151963,0.48451587974373406
4057877,2026-06-06,M2,2026,3,Tornion Pallo-47,Jakobstads Bollklubb,60666,61766,1,1,D,poisson_plain,2026-06-01,0.33477022965515213,0.22783202939222139,0.4373977409526265
4038091,2026-06-06,M1L,2026,1,Ekenäs Idrottsförening,Mikkelin Palloilijat,60495,60494,1,0,H,poisson_plain,2026-06-01,0.4608045134098391,0.2729391728697564,0.26625631372040454
4057696,2026-06-06,M2,2026,1,Atlantis FC Edustus,HIFK Soccer,60702,49735,3,2,H,poisson_plain,2026-06-01,0.37873784775115005,0.2133290037036728,0.40793314854517704
4057695,2026-06-06,M2,2026,1,Union Plaani,Helsingin Palloseura,61723,49949,0,2,A,poisson_plain,2026-06-01,0.204638912964847,0.20681489432452665,0.5885461927106264
4043049,2026-06-06,M1,2026,1,JJK Jyväskylä,Pallokerho Keski-Uusimaa,144858,60929,1,3,A,poisson_plain,2026-06-01,0.49461179828479634,0.23322671888860433,0.2721614828265994
4057878,2026-06-06,M2,2026,3,SJK Akatemia,Idrottsföreningen Kraft,131834,60686,0,4,A,poisson_plain,2026-06-01,0.6223430940331844,0.16296431950368878,0.21469258646312683
4057785,2026-06-06,M2,2026,2,FC Honka,Esbo Bollklubb,62416,63411,4,1,H,poisson_plain,2026-06-01,0.8675582750095572,0.08831537169455958,0.04412635329588318
4043045,2026-06-06,M1,2026,1,Tampereen Pallo-Veikot,Football Club International Turku,60704,60860,1,1,D,poisson_plain,2026-06-01,0.2672906653654785,0.20509762386825225,0.5276117107662692
4043048,2026-06-06,M1,2026,1,Oulun Luistinseura,Salon Palloilijat,106449,60690,5,0,H,poisson_plain,2026-06-01,0.5232024701553184,0.21544230614874801,0.2613552236959336
4043047,2026-06-06,M1,2026,1,Rovaniemen Palloseura,Jalkapalloseura Tampere United,60973,106945,0,1,A,poisson_plain,2026-06-01,0.4742378532729097,0.23603274667793342,0.289729400049157
4043046,2026-06-06,M1,2026,1,FC Jazz Juniorit,Vantaan Jalkapalloseura,60521,63440,1,1,D,poisson_plain,2026-06-01,0.2979521128033639,0.24454735473975991,0.4575005324568762
4043042,2026-06-02,M1,2026,1,JJK Jyväskylä,Vantaan Jalkapalloseura,144858,63440,2,2,D,dc_best,2026-06-01,0.3537426368029495,0.2656304753684962,0.38062688782855436
4043043,2026-06-02,M1,2026,1,Rovaniemen Palloseura,Oulun Luistinseura,60973,106449,1,1,D,dc_best,2026-06-01,0.4090837640228624,0.2540737353588646,0.3368425006182729
4057694,2026-06-04,M2,2026,1,Pepo Lappeenranta,Lahden Reipas,61010,61562,2,1,H,dc_best,2026-06-01,0.44766798574659183,0.23216132032032927,0.3201706939330789
4057786,2026-06-04,M2,2026,2,Idrottsföreningen Kamraterna i Åbo,Pallo-Iirot,60996,107307,2,0,H,dc_best,2026-06-01,0.6455695048755326,0.18858478310141308,0.1658457120230543
4057784,2026-06-05,M2,2026,2,Musan Salama,Nurmijärven Jalkapalloseura,60696,60537,0,0,D,dc_best,2026-06-01,0.5934133894413017,0.17397819733676487,0.2326084132219334
4043044,2026-06-05,M1,2026,1,Kuopion Palloseura,KPV Juniorit,106331,60536,4,1,H,dc_best,2026-06-01,0.6646111091216507,0.1746243462737693,0.16076454460458012
4038089,2026-06-05,M1L,2026,1,Käpylän Pallo,FC KTP Kotka,60487,60972,1,2,A,dc_best,2026-06-01,0.3176906813343809,0.2200490597162158,0.46226025894940326
4038090,2026-06-05,M1L,2026,1,Football Club Haka,Järvenpään Palloseura,60561,60676,1,2,A,dc_best,2026-06-01,0.6361783339170763,0.17133203393114968,0.192489632151774
4057874,2026-06-05,M2,2026,3,Jalkapalloseura Hercules,Vaasan Palloseura,61004,169909,1,5,A,dc_best,2026-06-01,0.23661989499617272,0.18464401687781873,0.5787360881260086
4057787,2026-06-06,M2,2026,2,Hämeenlinnan Jalkapalloseura,Espoon Palloseuran Jalkapallo,35121579,62296,1,3,A,dc_best,2026-06-01,0.5076456202286848,0.244768886049602,0.24758549372171323
4057875,2026-06-06,M2,2026,3,Äänekosken Huima,Fotbollsföreningen JARO Jalkapalloseura,35117343,144364,7,1,H,dc_best,2026-06-01,0.28769116916942766,0.18126741456501738,0.531041416265555
4057876,2026-06-06,M2,2026,3,Gamlakarleby Bollklubb,FC Vaajakoski,60492,60496,0,1,A,dc_best,2026-06-01,0.6031879364143022,0.1733070610899795,0.22350500249571822
4057697,2026-06-06,M2,2026,1,MYPA,Pallo-Pojat Juniorit,129934,48924,1,3,A,dc_best,2026-06-01,0.20605151953283657,0.20659293881776675,0.5873555416493967
4057877,2026-06-06,M2,2026,3,Tornion Pallo-47,Jakobstads Bollklubb,60666,61766,1,1,D,dc_best,2026-06-01,0.4613476469171028,0.23130098167248406,0.30735137141041313
4038091,2026-06-06,M1L,2026,1,Ekenäs Idrottsförening,Mikkelin Palloilijat,60495,60494,1,0,H,dc_best,2026-06-01,0.5060624294439854,0.18847778075686306,0.30545978979915156
4057696,2026-06-06,M2,2026,1,Atlantis FC Edustus,HIFK Soccer,60702,49735,3,2,H,dc_best,2026-06-01,0.410263530397052,0.20552266377331796,0.38421380582963005
4057695,2026-06-06,M2,2026,1,Union Plaani,Helsingin Palloseura,61723,49949,0,2,A,dc_best,2026-06-01,0.16440409869939035,0.16497695226325423,0.6706189490373554
4043049,2026-06-06,M1,2026,1,JJK Jyväskylä,Pallokerho Keski-Uusimaa,144858,60929,1,3,A,dc_best,2026-06-01,0.46608034770659745,0.2534661248423774,0.2804535274510252
4057878,2026-06-06,M2,2026,3,SJK Akatemia,Idrottsföreningen Kraft,131834,60686,0,4,A,dc_best,2026-06-01,0.485553142550872,0.1792026782251955,0.33524417922393246
4057785,2026-06-06,M2,2026,2,FC Honka,Esbo Bollklubb,62416,63411,4,1,H,dc_best,2026-06-01,0.8501607426511508,0.09569089399383807,0.05414836335501112
4043045,2026-06-06,M1,2026,1,Tampereen Pallo-Veikot,Football Club International Turku,60704,60860,1,1,D,dc_best,2026-06-01,0.2753610659209897,0.20599446209625488,0.5186444719827555
4043048,2026-06-06,M1,2026,1,Oulun Luistinseura,Salon Palloilijat,106449,60690,5,0,H,dc_best,2026-06-01,0.4806768533055665,0.23696442984911595,0.28235871684531755
4043047,2026-06-06,M1,2026,1,Rovaniemen Palloseura,Jalkapalloseura Tampere United,60973,106945,0,1,A,dc_best,2026-06-01,0.4185525118112401,0.2608730141441846,0.32057447404457534
4043046,2026-06-06,M1,2026,1,FC Jazz Juniorit,Vantaan Jalkapalloseura,60521,63440,1,1,D,dc_best,2026-06-01,0.2717957681758863,0.251931127540029,0.4762731042840848
4057698,2026-06-08,M2,2026,1,Football Club Kiffen 08,Puistolan Urheilijat,60554,49973,2,0,H,b0_base_rate,2026-06-08,0.49213483146067416,0.14606741573033707,0.36179775280898874
4038043,2026-06-08,M1L,2026,1,FC KTP Kotka,Football Club Haka,60972,60561,0,2,A,b0_base_rate,2026-06-08,0.43169398907103823,0.2459016393442623,0.3224043715846995
4038092,2026-06-09,M1L,2026,1,SJK Akatemia,Jippo,168874,129811,0,0,D,b0_base_rate,2026-06-08,0.43169398907103823,0.2459016393442623,0.3224043715846995
4057699,2026-06-11,M2,2026,1,Pallo-Pojat Juniorit,Atlantis FC Edustus,48924,60702,3,3,D,b0_base_rate,2026-06-08,0.49213483146067416,0.14606741573033707,0.36179775280898874
4043050,2026-06-11,M1,2026,1,Jalkapalloseura Tampere United,Oulun Luistinseura,106945,106449,3,0,H,b0_base_rate,2026-06-08,0.4954954954954955,0.20270270270270271,0.30180180180180183
4057703,2026-06-12,M2,2026,1,Helsingin Palloseura,Football Club Kiffen 08,49949,60554,1,2,A,b0_base_rate,2026-06-08,0.49213483146067416,0.14606741573033707,0.36179775280898874
4057791,2026-06-12,M2,2026,2,Esbo Bollklubb,Musan Salama,63411,60696,0,2,A,b0_base_rate,2026-06-08,0.49213483146067416,0.14606741573033707,0.36179775280898874
4043053,2026-06-12,M1,2026,1,Football Club International Turku,FC Jazz Juniorit,60860,60521,1,1,D,b0_base_rate,2026-06-08,0.4954954954954955,0.20270270270270271,0.30180180180180183
4057789,2026-06-12,M2,2026,2,GrIFK - Fotboll,Hämeenlinnan Jalkapalloseura,60549,35121579,2,2,D,b0_base_rate,2026-06-08,0.49213483146067416,0.14606741573033707,0.36179775280898874
4038093,2026-06-12,M1L,2026,1,FC KTP Kotka,Ekenäs Idrottsförening,60972,60495,5,1,H,b0_base_rate,2026-06-08,0.43169398907103823,0.2459016393442623,0.3224043715846995
4038094,2026-06-12,M1L,2026,1,Järvenpään Palloseura,Pallokerho-35,60676,50775,0,5,A,b0_base_rate,2026-06-08,0.43169398907103823,0.2459016393442623,0.3224043715846995
4043052,2026-06-12,M1,2026,1,Salon Palloilijat,Kuopion Palloseura,60690,106331,4,3,H,b0_base_rate,2026-06-08,0.4954954954954955,0.20270270270270271,0.30180180180180183
4057880,2026-06-12,M2,2026,3,Jakobstads Bollklubb,SJK Akatemia,61766,131834,3,0,H,b0_base_rate,2026-06-08,0.49213483146067416,0.14606741573033707,0.36179775280898874
4038211,2026-06-12,NL,2026,1,Åland United,Helsingin Jalkapalloklubi,60532,60682,2,3,A,b0_base_rate,2026-06-08,0.5338983050847458,0.1016949152542373,0.3644067796610169
4038210,2026-06-12,NL,2026,1,PK-35 Vantaa,Kuopion Palloseura,60671,157420,1,2,A,b0_base_rate,2026-06-08,0.5338983050847458,0.1016949152542373,0.3644067796610169
4036907,2026-06-13,VL,2026,1,Football Club International Turku,Oulun edustusjalkapallo AC Oulu,60987,60493,0,0,D,b0_base_rate,2026-06-08,0.4340425531914894,0.24680851063829787,0.3191489361702128
4036906,2026-06-13,VL,2026,1,Ilves,TPS Juniorijalkapallo,60745,60971,1,0,H,b0_base_rate,2026-06-08,0.4340425531914894,0.24680851063829787,0.3191489361702128
4036911,2026-06-13,VL,2026,1,IFK Mariehamn Fotboll,IF Gnistan,60759,60534,0,3,A,b0_base_rate,2026-06-08,0.4340425531914894,0.24680851063829787,0.3191489361702128
4036908,2026-06-13,VL,2026,1,Fotbollsföreningen JARO Jalkapalloseura,Helsingin Jalkapalloklubin Liiga-HJK,60974,60731,2,5,A,b0_base_rate,2026-06-08,0.4340425531914894,0.24680851063829787,0.3191489361702128
4036910,2026-06-13,VL,2026,1,FC Lahti,SEINÄJOEN JALKAPALLOKERHO,60969,60970,2,3,A,b0_base_rate,2026-06-08,0.4340425531914894,0.24680851063829787,0.3191489361702128
4036909,2026-06-13,VL,2026,1,Vaasan Palloseura,Kuopion Palloseura,60901,60756,1,1,D,b0_base_rate,2026-06-08,0.4340425531914894,0.24680851063829787,0.3191489361702128
4043054,2026-06-13,M1,2026,1,KPV Juniorit,JJK Jyväskylä,60536,144858,2,3,A,b0_base_rate,2026-06-08,0.4954954954954955,0.20270270270270271,0.30180180180180183
4038095,2026-06-13,M1L,2026,1,Jippo,Käpylän Pallo,129811,60487,3,0,H,b0_base_rate,2026-06-08,0.43169398907103823,0.2459016393442623,0.3224043715846995
4057702,2026-06-13,M2,2026,1,HIFK Soccer,Pepo Lappeenranta,49735,61010,2,1,H,b0_base_rate,2026-06-08,0.49213483146067416,0.14606741573033707,0.36179775280898874
4038212,2026-06-13,NL,2026,1,Helsingin Palloseura,IF Gnistan,60781,35209545,4,0,H,b0_base_rate,2026-06-08,0.5338983050847458,0.1016949152542373,0.3644067796610169
4057793,2026-06-13,M2,2026,2,Nurmijärven Jalkapalloseura,Ilves,60537,106905,1,7,A,b0_base_rate,2026-06-08,0.49213483146067416,0.14606741573033707,0.36179775280898874
4057700,2026-06-13,M2,2026,1,Lahden Reipas,Union Plaani,61562,61723,4,2,H,b0_base_rate,2026-06-08,0.49213483146067416,0.14606741573033707,0.36179775280898874
4057792,2026-06-13,M2,2026,2,Pallo-Iirot,FC Honka,107307,62416,1,5,A,b0_base_rate,2026-06-08,0.49213483146067416,0.14606741573033707,0.36179775280898874
4057790,2026-06-13,M2,2026,2,Espoon Palloseuran Jalkapallo,Idrottsföreningen Kamraterna i Åbo,62296,60996,1,2,A,b0_base_rate,2026-06-08,0.49213483146067416,0.14606741573033707,0.36179775280898874
4057701,2026-06-13,M2,2026,1,Puistolan Urheilijat,MYPA,49973,129934,1,1,D,b0_base_rate,2026-06-08,0.49213483146067416,0.14606741573033707,0.36179775280898874
4043051,2026-06-13,M1,2026,1,Vantaan Jalkapalloseura,Rovaniemen Palloseura,63440,60973,0,2,A,b0_base_rate,2026-06-08,0.4954954954954955,0.20270270270270271,0.30180180180180183
4043055,2026-06-14,M1,2026,1,Pallokerho Keski-Uusimaa,Tampereen Pallo-Veikot,60929,60704,2,2,D,b0_base_rate,2026-06-08,0.4954954954954955,0.20270270270270271,0.30180180180180183
4038213,2026-06-14,NL,2026,1,Idrottsföreningen Kamraterna Vasa,Ilves,60691,60776,0,3,A,b0_base_rate,2026-06-08,0.5338983050847458,0.1016949152542373,0.3644067796610169
4057883,2026-06-14,M2,2026,3,Idrottsföreningen Kraft,Äänekosken Huima,60686,35117343,1,3,A,b0_base_rate,2026-06-08,0.49213483146067416,0.14606741573033707,0.36179775280898874
4057881,2026-06-14,M2,2026,3,Fotbollsföreningen JARO Jalkapalloseura,Jalkapalloseura Hercules,144364,61004,2,1,H,b0_base_rate,2026-06-08,0.49213483146067416,0.14606741573033707,0.36179775280898874
4057882,2026-06-14,M2,2026,3,FC Vaajakoski,Tornion Pallo-47,60496,60666,3,2,H,b0_base_rate,2026-06-08,0.49213483146067416,0.14606741573033707,0.36179775280898874
4057879,2026-06-14,M2,2026,3,Vaasan Palloseura,Gamlakarleby Bollklubb,169909,60492,3,4,A,b0_base_rate,2026-06-08,0.49213483146067416,0.14606741573033707,0.36179775280898874
4038096,2026-06-14,M1L,2026,1,Mikkelin Palloilijat,Helsingin Jalkapalloklubi,60494,60692,2,2,D,b0_base_rate,2026-06-08,0.43169398907103823,0.2459016393442623,0.3224043715846995
4057698,2026-06-08,M2,2026,1,Football Club Kiffen 08,Puistolan Urheilijat,60554,49973,2,0,H,g0_logistic_dppg,2026-06-08,0.5419190055680939,0.19149598445728072,0.2665850099746254
4038043,2026-06-08,M1L,2026,1,FC KTP Kotka,Football Club Haka,60972,60561,0,2,A,g0_logistic_dppg,2026-06-08,0.5868456223803842,0.18579593296776542,0.22735844465185034
4038092,2026-06-09,M1L,2026,1,SJK Akatemia,Jippo,168874,129811,0,0,D,g0_logistic_dppg,2026-06-08,0.33517946798469084,0.19225314540947408,0.472567386605835
4057699,2026-06-11,M2,2026,1,Pallo-Pojat Juniorit,Atlantis FC Edustus,48924,60702,3,3,D,g0_logistic_dppg,2026-06-08,0.5674457740110314,0.18849989725278102,0.24405432873618765
4043050,2026-06-11,M1,2026,1,Jalkapalloseura Tampere United,Oulun Luistinseura,106945,106449,3,0,H,g0_logistic_dppg,2026-06-08,0.5236983914302088,0.19324830166603638,0.2830533069037548
4057703,2026-06-12,M2,2026,1,Helsingin Palloseura,Football Club Kiffen 08,49949,60554,1,2,A,g0_logistic_dppg,2026-06-08,0.5014526108513793,0.19495434800544836,0.30359304114317237
4057791,2026-06-12,M2,2026,2,Esbo Bollklubb,Musan Salama,63411,60696,0,2,A,g0_logistic_dppg,2026-06-08,0.5833507337001782,0.1863105427575942,0.23033872354222756
4043053,2026-06-12,M1,2026,1,Football Club International Turku,FC Jazz Juniorit,60860,60521,1,1,D,g0_logistic_dppg,2026-06-08,0.41639691821033903,0.19706335912211997,0.38653972266754094
4057789,2026-06-12,M2,2026,2,GrIFK - Fotboll,Hämeenlinnan Jalkapalloseura,60549,35121579,2,2,D,g0_logistic_dppg,2026-06-08,0.4018726081800351,0.19670979352977622,0.40141759829018864
4038093,2026-06-12,M1L,2026,1,FC KTP Kotka,Ekenäs Idrottsförening,60972,60495,5,1,H,g0_logistic_dppg,2026-06-08,0.5770230050220169,0.18721146354788884,0.23576553143009424
4038094,2026-06-12,M1L,2026,1,Järvenpään Palloseura,Pallokerho-35,60676,50775,0,5,A,g0_logistic_dppg,2026-06-08,0.45730019072924416,0.19692914313278642,0.3457706661379694
4043052,2026-06-12,M1,2026,1,Salon Palloilijat,Kuopion Palloseura,60690,106331,4,3,H,g0_logistic_dppg,2026-06-08,0.5896307292178528,0.18537713422569366,0.22499213655645356
4057880,2026-06-12,M2,2026,3,Jakobstads Bollklubb,SJK Akatemia,61766,131834,3,0,H,g0_logistic_dppg,2026-06-08,0.484535910271522,0.19593321614896506,0.31953087357951304
4038211,2026-06-12,NL,2026,1,Åland United,Helsingin Jalkapalloklubi,60532,60682,2,3,A,g0_logistic_dppg,2026-06-08,0.38264880140979035,0.1959101199899863,0.4214410786002235
4038210,2026-06-12,NL,2026,1,PK-35 Vantaa,Kuopion Palloseura,60671,157420,1,2,A,g0_logistic_dppg,2026-06-08,0.27189921550119955,0.18332342075318972,0.5447773637456108
4036907,2026-06-13,VL,2026,1,Football Club International Turku,Oulun edustusjalkapallo AC Oulu,60987,60493,0,0,D,g0_logistic_dppg,2026-06-08,0.4956213432592164,0.19532285840151895,0.30905579833926466
4036906,2026-06-13,VL,2026,1,Ilves,TPS Juniorijalkapallo,60745,60971,1,0,H,g0_logistic_dppg,2026-06-08,0.3804191960058411,0.19579254244889038,0.4237882615452685
4036911,2026-06-13,VL,2026,1,IFK Mariehamn Fotboll,IF Gnistan,60759,60534,0,3,A,g0_logistic_dppg,2026-06-08,0.37893451265546113,0.19571135503254225,0.4253541323119966
4036908,2026-06-13,VL,2026,1,Fotbollsföreningen JARO Jalkapalloseura,Helsingin Jalkapalloklubin Liiga-HJK,60974,60731,2,5,A,g0_logistic_dppg,2026-06-08,0.37596940756377695,0.19554226845041123,0.42848832398581177
4036910,2026-06-13,VL,2026,1,FC Lahti,SEINÄJOEN JALKAPALLOKERHO,60969,60970,2,3,A,g0_logistic_dppg,2026-06-08,0.5584911672779012,0.18962318311778048,0.2518856496043184
4036909,2026-06-13,VL,2026,1,Vaasan Palloseura,Kuopion Palloseura,60901,60756,1,1,D,g0_logistic_dppg,2026-06-08,0.4335890023536359,0.19720823577378283,0.36920276187258133
4043054,2026-06-13,M1,2026,1,KPV Juniorit,JJK Jyväskylä,60536,144858,2,3,A,g0_logistic_dppg,2026-06-08,0.3319380010135755,0.1919125331375766,0.47614946584884793
4038095,2026-06-13,M1L,2026,1,Jippo,Käpylän Pallo,129811,60487,3,0,H,g0_logistic_dppg,2026-06-08,0.5381577578962652,0.1918839640178568,0.2699582780858781
4057702,2026-06-13,M2,2026,1,HIFK Soccer,Pepo Lappeenranta,49735,61010,2,1,H,g0_logistic_dppg,2026-06-08,0.41639691821033903,0.19706335912211997,0.38653972266754094
4038212,2026-06-13,NL,2026,1,Helsingin Palloseura,IF Gnistan,60781,35209545,4,0,H,g0_logistic_dppg,2026-06-08,0.6437511294425384,0.1756747765022491,0.18057409405521252
4057793,2026-06-13,M2,2026,2,Nurmijärven Jalkapalloseura,Ilves,60537,106905,1,7,A,g0_logistic_dppg,2026-06-08,0.31078954467362807,0.1893907620475103,0.4998196932788616
4057700,2026-06-13,M2,2026,1,Lahden Reipas,Union Plaani,61562,61723,4,2,H,g0_logistic_dppg,2026-06-08,0.657942437890257,0.17262362652498436,0.1694339355847587
4057792,2026-06-13,M2,2026,2,Pallo-Iirot,FC Honka,107307,62416,1,5,A,g0_logistic_dppg,2026-06-08,0.366006941791296,0.19490586369743063,0.43908719451127326
4057790,2026-06-13,M2,2026,2,Espoon Palloseuran Jalkapallo,Idrottsföreningen Kamraterna i Åbo,62296,60996,1,2,A,g0_logistic_dppg,2026-06-08,0.33339520411891077,0.19206713986967042,0.4745376560114189
4057701,2026-06-13,M2,2026,1,Puistolan Urheilijat,MYPA,49973,129934,1,1,D,g0_logistic_dppg,2026-06-08,0.484535910271522,0.19593321614896506,0.31953087357951304
4043051,2026-06-13,M1,2026,1,Vantaan Jalkapalloseura,Rovaniemen Palloseura,63440,60973,0,2,A,g0_logistic_dppg,2026-06-08,0.43606895391917416,0.19720491261982456,0.36672613346100125
4043055,2026-06-14,M1,2026,1,Pallokerho Keski-Uusimaa,Tampereen Pallo-Veikot,60929,60704,2,2,D,g0_logistic_dppg,2026-06-08,0.6088453789722388,0.1822758433310423,0.20887877769671892
4038213,2026-06-14,NL,2026,1,Idrottsföreningen Kamraterna Vasa,Ilves,60691,60776,0,3,A,g0_logistic_dppg,2026-06-08,0.2867239685833524,0.18586384952925905,0.5274121818873886
4057883,2026-06-14,M2,2026,3,Idrottsföreningen Kraft,Äänekosken Huima,60686,35117343,1,3,A,g0_logistic_dppg,2026-06-08,0.5182393327838534,0.19371102137442958,0.28804964584171705
4057881,2026-06-14,M2,2026,3,Fotbollsföreningen JARO Jalkapalloseura,Jalkapalloseura Hercules,144364,61004,2,1,H,g0_logistic_dppg,2026-06-08,0.6291785500079723,0.17858475533184556,0.19223669466018226
4057882,2026-06-14,M2,2026,3,FC Vaajakoski,Tornion Pallo-47,60496,60666,3,2,H,g0_logistic_dppg,2026-06-08,0.33339520411891077,0.19206713986967042,0.4745376560114189
4057879,2026-06-14,M2,2026,3,Vaasan Palloseura,Gamlakarleby Bollklubb,169909,60492,3,4,A,g0_logistic_dppg,2026-06-08,0.5014526108513793,0.19495434800544836,0.30359304114317237
4038096,2026-06-14,M1L,2026,1,Mikkelin Palloilijat,Helsingin Jalkapalloklubi,60494,60692,2,2,D,g0_logistic_dppg,2026-06-08,0.5896307292178528,0.18537713422569366,0.2249921365564536
4057698,2026-06-08,M2,2026,1,Football Club Kiffen 08,Puistolan Urheilijat,60554,49973,2,0,H,poisson_plain,2026-06-08,0.5590333045860594,0.21093547937458887,0.23003121603935184
4038043,2026-06-08,M1L,2026,1,FC KTP Kotka,Football Club Haka,60972,60561,0,2,A,poisson_plain,2026-06-08,0.38269785408043755,0.301245538410121,0.3160566075094415
4038092,2026-06-09,M1L,2026,1,SJK Akatemia,Jippo,168874,129811,0,0,D,poisson_plain,2026-06-08,0.29022467343312264,0.2759890609753143,0.4337862655915631
4057699,2026-06-11,M2,2026,1,Pallo-Pojat Juniorit,Atlantis FC Edustus,48924,60702,3,3,D,poisson_plain,2026-06-08,0.5781255884336198,0.17455321274042782,0.24732119882595235
4043050,2026-06-11,M1,2026,1,Jalkapalloseura Tampere United,Oulun Luistinseura,106945,106449,3,0,H,poisson_plain,2026-06-08,0.31314824597088053,0.25024427421066486,0.4366074798184546
4057703,2026-06-12,M2,2026,1,Helsingin Palloseura,Football Club Kiffen 08,49949,60554,1,2,A,poisson_plain,2026-06-08,0.4246934867889066,0.22976430008896365,0.3455422131221296
4057791,2026-06-12,M2,2026,2,Esbo Bollklubb,Musan Salama,63411,60696,0,2,A,poisson_plain,2026-06-08,0.5629150932693782,0.20169719199838648,0.23538771473223533
4043053,2026-06-12,M1,2026,1,Football Club International Turku,FC Jazz Juniorit,60860,60521,1,1,D,poisson_plain,2026-06-08,0.5337026258548032,0.18820984946520283,0.2780875246799941
4057789,2026-06-12,M2,2026,2,GrIFK - Fotboll,Hämeenlinnan Jalkapalloseura,60549,35121579,2,2,D,poisson_plain,2026-06-08,0.2790225558896717,0.23842940890827144,0.4825480352020569
4038093,2026-06-12,M1L,2026,1,FC KTP Kotka,Ekenäs Idrottsförening,60972,60495,5,1,H,poisson_plain,2026-06-08,0.47375102709683714,0.262805374674465,0.2634435982286979
4038094,2026-06-12,M1L,2026,1,Järvenpään Palloseura,Pallokerho-35,60676,50775,0,5,A,poisson_plain,2026-06-08,0.2735775866423323,0.27802223299956536,0.4484001803581025
4043052,2026-06-12,M1,2026,1,Salon Palloilijat,Kuopion Palloseura,60690,106331,4,3,H,poisson_plain,2026-06-08,0.6011816680102722,0.18406330106971353,0.21475503092001447
4057880,2026-06-12,M2,2026,3,Jakobstads Bollklubb,SJK Akatemia,61766,131834,3,0,H,poisson_plain,2026-06-08,0.5547416255273631,0.21435779441167527,0.23090058006096165
4038211,2026-06-12,NL,2026,1,Åland United,Helsingin Jalkapalloklubi,60532,60682,2,3,A,poisson_plain,2026-06-08,0.15309851314438472,0.17955718731227788,0.6673442995433374
4038210,2026-06-12,NL,2026,1,PK-35 Vantaa,Kuopion Palloseura,60671,157420,1,2,A,poisson_plain,2026-06-08,0.17050931297329175,0.1876717678440227,0.6418189191826855
4036907,2026-06-13,VL,2026,1,Football Club International Turku,Oulun edustusjalkapallo AC Oulu,60987,60493,0,0,D,poisson_plain,2026-06-08,0.6552968238490573,0.2046542427571825,0.14004893339376026
4036906,2026-06-13,VL,2026,1,Ilves,TPS Juniorijalkapallo,60745,60971,1,0,H,poisson_plain,2026-06-08,0.396404191820628,0.2670950756540419,0.33650073252533014
4036911,2026-06-13,VL,2026,1,IFK Mariehamn Fotboll,IF Gnistan,60759,60534,0,3,A,poisson_plain,2026-06-08,0.29341368275949514,0.23003755464217993,0.4765487625983249
4036908,2026-06-13,VL,2026,1,Fotbollsföreningen JARO Jalkapalloseura,Helsingin Jalkapalloklubin Liiga-HJK,60974,60731,2,5,A,poisson_plain,2026-06-08,0.17980491467838744,0.1957783974664743,0.6244166878551383
4036910,2026-06-13,VL,2026,1,FC Lahti,SEINÄJOEN JALKAPALLOKERHO,60969,60970,2,3,A,poisson_plain,2026-06-08,0.40298010936493844,0.24548000243126503,0.35153988820379656
4036909,2026-06-13,VL,2026,1,Vaasan Palloseura,Kuopion Palloseura,60901,60756,1,1,D,poisson_plain,2026-06-08,0.19876845888330527,0.25620530065026187,0.545026240466433
4043054,2026-06-13,M1,2026,1,KPV Juniorit,JJK Jyväskylä,60536,144858,2,3,A,poisson_plain,2026-06-08,0.33829069202027456,0.23345641276926568,0.42825289521045967
4038095,2026-06-13,M1L,2026,1,Jippo,Käpylän Pallo,129811,60487,3,0,H,poisson_plain,2026-06-08,0.6053671688950866,0.21500930519470746,0.17962352591020603
4057702,2026-06-13,M2,2026,1,HIFK Soccer,Pepo Lappeenranta,49735,61010,2,1,H,poisson_plain,2026-06-08,0.49636095489752413,0.2456044124627805,0.2580346326396955
4038212,2026-06-13,NL,2026,1,Helsingin Palloseura,IF Gnistan,60781,35209545,4,0,H,poisson_plain,2026-06-08,0.7484252179137321,0.12597314327857842,0.1256016388076896
4057793,2026-06-13,M2,2026,2,Nurmijärven Jalkapalloseura,Ilves,60537,106905,1,7,A,poisson_plain,2026-06-08,0.11524091550291811,0.14057813843519792,0.744180946061884
4057700,2026-06-13,M2,2026,1,Lahden Reipas,Union Plaani,61562,61723,4,2,H,poisson_plain,2026-06-08,0.876636942787349,0.07647345812260833,0.046889599090042665
4057792,2026-06-13,M2,2026,2,Pallo-Iirot,FC Honka,107307,62416,1,5,A,poisson_plain,2026-06-08,0.12603456527784146,0.1634539710942801,0.7105114636278784
4057790,2026-06-13,M2,2026,2,Espoon Palloseuran Jalkapallo,Idrottsföreningen Kamraterna i Åbo,62296,60996,1,2,A,poisson_plain,2026-06-08,0.31817757309459843,0.2478297285363864,0.43399269836901505
4057701,2026-06-13,M2,2026,1,Puistolan Urheilijat,MYPA,49973,129934,1,1,D,poisson_plain,2026-06-08,0.5809906231343631,0.19221662391732758,0.2267927529483093
4043051,2026-06-13,M1,2026,1,Vantaan Jalkapalloseura,Rovaniemen Palloseura,63440,60973,0,2,A,poisson_plain,2026-06-08,0.6117767323441607,0.20816318255172228,0.18006008510411708
4043055,2026-06-14,M1,2026,1,Pallokerho Keski-Uusimaa,Tampereen Pallo-Veikot,60929,60704,2,2,D,poisson_plain,2026-06-08,0.6764878562513141,0.19094161758600559,0.13257052616268034
4038213,2026-06-14,NL,2026,1,Idrottsföreningen Kamraterna Vasa,Ilves,60691,60776,0,3,A,poisson_plain,2026-06-08,0.1016836917708793,0.15875372390090323,0.7395625843282175
4057883,2026-06-14,M2,2026,3,Idrottsföreningen Kraft,Äänekosken Huima,60686,35117343,1,3,A,poisson_plain,2026-06-08,0.37110564644998884,0.1886487332455706,0.44024562030444064
4057881,2026-06-14,M2,2026,3,Fotbollsföreningen JARO Jalkapalloseura,Jalkapalloseura Hercules,144364,61004,2,1,H,poisson_plain,2026-06-08,0.8163107195176353,0.09845264630891234,0.08523663417345224
4057882,2026-06-14,M2,2026,3,FC Vaajakoski,Tornion Pallo-47,60496,60666,3,2,H,poisson_plain,2026-06-08,0.49543102344824397,0.18263811969079605,0.32193085686096
4057879,2026-06-14,M2,2026,3,Vaasan Palloseura,Gamlakarleby Bollklubb,169909,60492,3,4,A,poisson_plain,2026-06-08,0.7243916469684167,0.15113316844825234,0.12447518458333089
4038096,2026-06-14,M1L,2026,1,Mikkelin Palloilijat,Helsingin Jalkapalloklubi,60494,60692,2,2,D,poisson_plain,2026-06-08,0.320150499089265,0.31971480093851257,0.3601346999722224
4057698,2026-06-08,M2,2026,1,Football Club Kiffen 08,Puistolan Urheilijat,60554,49973,2,0,H,dc_best,2026-06-08,0.6465289285643234,0.1762255954852263,0.1772454759504503
4038043,2026-06-08,M1L,2026,1,FC KTP Kotka,Football Club Haka,60972,60561,0,2,A,dc_best,2026-06-08,0.43147070777845753,0.21165811088150466,0.3568711813400379
4038092,2026-06-09,M1L,2026,1,SJK Akatemia,Jippo,168874,129811,0,0,D,dc_best,2026-06-08,0.24411006838133642,0.2340183037814617,0.5218716278372019
4057699,2026-06-11,M2,2026,1,Pallo-Pojat Juniorit,Atlantis FC Edustus,48924,60702,3,3,D,dc_best,2026-06-08,0.6016327343472855,0.17968798165451763,0.21867928399819692
4043050,2026-06-11,M1,2026,1,Jalkapalloseura Tampere United,Oulun Luistinseura,106945,106449,3,0,H,dc_best,2026-06-08,0.38389463800052626,0.29689585683806263,0.3192095051614111
4057703,2026-06-12,M2,2026,1,Helsingin Palloseura,Football Club Kiffen 08,49949,60554,1,2,A,dc_best,2026-06-08,0.49826185350338337,0.20537258473994732,0.29636556175666934
4057791,2026-06-12,M2,2026,2,Esbo Bollklubb,Musan Salama,63411,60696,0,2,A,dc_best,2026-06-08,0.6690253387742592,0.1685876997472545,0.1623869614784864
4043053,2026-06-12,M1,2026,1,Football Club International Turku,FC Jazz Juniorit,60860,60521,1,1,D,dc_best,2026-06-08,0.482682927013955,0.2076629397239604,0.3096541332620847
4057789,2026-06-12,M2,2026,2,GrIFK - Fotboll,Hämeenlinnan Jalkapalloseura,60549,35121579,2,2,D,dc_best,2026-06-08,0.24290333083043536,0.25957259783446673,0.49752407133509785
4038093,2026-06-12,M1L,2026,1,FC KTP Kotka,Ekenäs Idrottsförening,60972,60495,5,1,H,dc_best,2026-06-08,0.52433648483863,0.18296421640230004,0.29269929875906986
4038094,2026-06-12,M1L,2026,1,Järvenpään Palloseura,Pallokerho-35,60676,50775,0,5,A,dc_best,2026-06-08,0.30051016026665356,0.25994851986379675,0.43954131986954975
4043052,2026-06-12,M1,2026,1,Salon Palloilijat,Kuopion Palloseura,60690,106331,4,3,H,dc_best,2026-06-08,0.6332510024747902,0.18486707502371105,0.18188192250149887
4057880,2026-06-12,M2,2026,3,Jakobstads Bollklubb,SJK Akatemia,61766,131834,3,0,H,dc_best,2026-06-08,0.5361852768659943,0.23723583959160255,0.2265788835424033
4038211,2026-06-12,NL,2026,1,Åland United,Helsingin Jalkapalloklubi,60532,60682,2,3,A,dc_best,2026-06-08,0.2417881110163238,0.17589122389479783,0.5823206650888784
4038210,2026-06-12,NL,2026,1,PK-35 Vantaa,Kuopion Palloseura,60671,157420,1,2,A,dc_best,2026-06-08,0.128007426982206,0.1301958352855614,0.7417967377322326
4036907,2026-06-13,VL,2026,1,Football Club International Turku,Oulun edustusjalkapallo AC Oulu,60987,60493,0,0,D,dc_best,2026-06-08,0.49731772803756225,0.29459793832758424,0.2080843336348534
4036906,2026-06-13,VL,2026,1,Ilves,TPS Juniorijalkapallo,60745,60971,1,0,H,dc_best,2026-06-08,0.36057686747690687,0.2804004367226563,0.3590226958004368
4036911,2026-06-13,VL,2026,1,IFK Mariehamn Fotboll,IF Gnistan,60759,60534,0,3,A,dc_best,2026-06-08,0.30670163418380064,0.2690859717947739,0.42421239402142547
4036908,2026-06-13,VL,2026,1,Fotbollsföreningen JARO Jalkapalloseura,Helsingin Jalkapalloklubin Liiga-HJK,60974,60731,2,5,A,dc_best,2026-06-08,0.2278813750514961,0.25627767775575827,0.5158409471927456
4036910,2026-06-13,VL,2026,1,FC Lahti,SEINÄJOEN JALKAPALLOKERHO,60969,60970,2,3,A,dc_best,2026-06-08,0.5379443710978722,0.24879850816829685,0.21325712073383102
4036909,2026-06-13,VL,2026,1,Vaasan Palloseura,Kuopion Palloseura,60901,60756,1,1,D,dc_best,2026-06-08,0.26343433548079553,0.3320294029016361,0.4045362616175685
4043054,2026-06-13,M1,2026,1,KPV Juniorit,JJK Jyväskylä,60536,144858,2,3,A,dc_best,2026-06-08,0.15514988388329534,0.1737092502001143,0.6711408659165904
4038095,2026-06-13,M1L,2026,1,Jippo,Käpylän Pallo,129811,60487,3,0,H,dc_best,2026-06-08,0.5882512627840847,0.19283605017803854,0.21891268703787686
4057702,2026-06-13,M2,2026,1,HIFK Soccer,Pepo Lappeenranta,49735,61010,2,1,H,dc_best,2026-06-08,0.41190217508530413,0.2691180709396073,0.3189797539750886
4038212,2026-06-13,NL,2026,1,Helsingin Palloseura,IF Gnistan,60781,35209545,4,0,H,dc_best,2026-06-08,0.7096440132321884,0.13836199766902035,0.15199398909879133
4057793,2026-06-13,M2,2026,2,Nurmijärven Jalkapalloseura,Ilves,60537,106905,1,7,A,dc_best,2026-06-08,0.10692768105735415,0.14640008308049246,0.7466722358621535
4057700,2026-06-13,M2,2026,1,Lahden Reipas,Union Plaani,61562,61723,4,2,H,dc_best,2026-06-08,0.8677255065076066,0.08543607982384328,0.046838413668550086
4057792,2026-06-13,M2,2026,2,Pallo-Iirot,FC Honka,107307,62416,1,5,A,dc_best,2026-06-08,0.163025162910998,0.19039016060758612,0.6465846764814158
4057790,2026-06-13,M2,2026,2,Espoon Palloseuran Jalkapallo,Idrottsföreningen Kamraterna i Åbo,62296,60996,1,2,A,dc_best,2026-06-08,0.3221272296788498,0.24116650181164423,0.43670626850950583
4057701,2026-06-13,M2,2026,1,Puistolan Urheilijat,MYPA,49973,129934,1,1,D,dc_best,2026-06-08,0.5212680953526273,0.21619829549401556,0.2625336091533572
4043051,2026-06-13,M1,2026,1,Vantaan Jalkapalloseura,Rovaniemen Palloseura,63440,60973,0,2,A,dc_best,2026-06-08,0.46681835011526507,0.2707439972881232,0.2624376525966117
4043055,2026-06-14,M1,2026,1,Pallokerho Keski-Uusimaa,Tampereen Pallo-Veikot,60929,60704,2,2,D,dc_best,2026-06-08,0.7037009573023115,0.19676844256410736,0.09953060013358105
4038213,2026-06-14,NL,2026,1,Idrottsföreningen Kamraterna Vasa,Ilves,60691,60776,0,3,A,dc_best,2026-06-08,0.11887034430787605,0.14403170146086722,0.7370979542312568
4057883,2026-06-14,M2,2026,3,Idrottsföreningen Kraft,Äänekosken Huima,60686,35117343,1,3,A,dc_best,2026-06-08,0.5016450847761049,0.1670823549910349,0.3312725602328602
4057881,2026-06-14,M2,2026,3,Fotbollsföreningen JARO Jalkapalloseura,Jalkapalloseura Hercules,144364,61004,2,1,H,dc_best,2026-06-08,0.7379974427299296,0.1310058731040274,0.13099668416604301
4057882,2026-06-14,M2,2026,3,FC Vaajakoski,Tornion Pallo-47,60496,60666,3,2,H,dc_best,2026-06-08,0.38393204418989657,0.20257503367895546,0.4134929221311481
4057879,2026-06-14,M2,2026,3,Vaasan Palloseura,Gamlakarleby Bollklubb,169909,60492,3,4,A,dc_best,2026-06-08,0.6829739028504149,0.16653136880140834,0.1504947283481768
4038096,2026-06-14,M1L,2026,1,Mikkelin Palloilijat,Helsingin Jalkapalloklubi,60494,60692,2,2,D,dc_best,2026-06-08,0.4072150908041524,0.26509004138675185,0.3276948678090956
4038097,2026-06-15,M1L,2026,1,SJK Akatemia,Football Club Haka,168874,60561,0,2,A,b0_base_rate,2026-06-15,0.42857142857142855,0.24867724867724866,0.32275132275132273
4036917,2026-06-17,VL,2026,1,IF Gnistan,FC Lahti,60534,60969,1,0,H,b0_base_rate,2026-06-15,0.42738589211618255,0.24896265560165975,0.3236514522821577
4036916,2026-06-17,VL,2026,1,SEINÄJOEN JALKAPALLOKERHO,Vaasan Palloseura,60970,60901,1,2,A,b0_base_rate,2026-06-15,0.42738589211618255,0.24896265560165975,0.3236514522821577
4036913,2026-06-17,VL,2026,1,Ilves,Fotbollsföreningen JARO Jalkapalloseura,60745,60974,5,0,H,b0_base_rate,2026-06-15,0.42738589211618255,0.24896265560165975,0.3236514522821577
4036914,2026-06-17,VL,2026,1,TPS Juniorijalkapallo,Kuopion Palloseura,60971,60756,1,2,A,b0_base_rate,2026-06-15,0.42738589211618255,0.24896265560165975,0.3236514522821577
4036912,2026-06-17,VL,2026,1,Helsingin Jalkapalloklubin Liiga-HJK,Football Club International Turku,60731,60987,3,3,D,b0_base_rate,2026-06-15,0.42738589211618255,0.24896265560165975,0.3236514522821577
4036915,2026-06-18,VL,2026,1,Oulun edustusjalkapallo AC Oulu,IFK Mariehamn Fotboll,60493,60759,2,1,H,b0_base_rate,2026-06-15,0.42738589211618255,0.24896265560165975,0.3236514522821577
4038097,2026-06-15,M1L,2026,1,SJK Akatemia,Football Club Haka,168874,60561,0,2,A,g0_logistic_dppg,2026-06-15,0.31632591319411957,0.19165205814594424,0.4920220286599361
4036917,2026-06-17,VL,2026,1,IF Gnistan,FC Lahti,60534,60969,1,0,H,g0_logistic_dppg,2026-06-15,0.5202453331770728,0.1952903270442906,0.28446433977863655
4036916,2026-06-17,VL,2026,1,SEINÄJOEN JALKAPALLOKERHO,Vaasan Palloseura,60970,60901,1,2,A,g0_logistic_dppg,2026-06-15,0.40992111543006465,0.19863515977962365,0.3914437247903117
4036913,2026-06-17,VL,2026,1,Ilves,Fotbollsföreningen JARO Jalkapalloseura,60745,60974,5,0,H,g0_logistic_dppg,2026-06-15,0.5410466361302215,0.19332437035607195,0.2656289935137065
4036914,2026-06-17,VL,2026,1,TPS Juniorijalkapallo,Kuopion Palloseura,60971,60756,1,2,A,g0_logistic_dppg,2026-06-15,0.44451630967622013,0.19888063818205592,0.356603052141724
4036912,2026-06-17,VL,2026,1,Helsingin Jalkapalloklubin Liiga-HJK,Football Club International Turku,60731,60987,3,3,D,g0_logistic_dppg,2026-06-15,0.4172383125028874,0.19878783145808898,0.3839738560390237
4036915,2026-06-18,VL,2026,1,Oulun edustusjalkapallo AC Oulu,IFK Mariehamn Fotboll,60493,60759,2,1,H,g0_logistic_dppg,2026-06-15,0.6807941457682513,0.16877301096313174,0.15043284326861706
4038097,2026-06-15,M1L,2026,1,SJK Akatemia,Football Club Haka,168874,60561,0,2,A,poisson_plain,2026-06-15,0.23030338838819658,0.2302749988649547,0.5394216127468487
4036917,2026-06-17,VL,2026,1,IF Gnistan,FC Lahti,60534,60969,1,0,H,poisson_plain,2026-06-15,0.3141600240035856,0.23525308669061779,0.4505868893057966
4036916,2026-06-17,VL,2026,1,SEINÄJOEN JALKAPALLOKERHO,Vaasan Palloseura,60970,60901,1,2,A,poisson_plain,2026-06-15,0.5341630974728501,0.2267305558024485,0.2391063467247015
4036913,2026-06-17,VL,2026,1,Ilves,Fotbollsföreningen JARO Jalkapalloseura,60745,60974,5,0,H,poisson_plain,2026-06-15,0.6501749911484234,0.18484732799672066,0.16497768085485603
4036914,2026-06-17,VL,2026,1,TPS Juniorijalkapallo,Kuopion Palloseura,60971,60756,1,2,A,poisson_plain,2026-06-15,0.26706055163100384,0.3211131467659211,0.4118263016030751
4036912,2026-06-17,VL,2026,1,Helsingin Jalkapalloklubin Liiga-HJK,Football Club International Turku,60731,60987,3,3,D,poisson_plain,2026-06-15,0.32915212901598645,0.2473985119134709,0.4234493590705427
4036915,2026-06-18,VL,2026,1,Oulun edustusjalkapallo AC Oulu,IFK Mariehamn Fotboll,60493,60759,2,1,H,poisson_plain,2026-06-15,0.5203396630875872,0.23915127116197726,0.24050906575043562
4038097,2026-06-15,M1L,2026,1,SJK Akatemia,Football Club Haka,168874,60561,0,2,A,dc_best,2026-06-15,0.21062734970833966,0.1963744850581452,0.5929981652335151
4036917,2026-06-17,VL,2026,1,IF Gnistan,FC Lahti,60534,60969,1,0,H,dc_best,2026-06-15,0.3997734398407281,0.24975887614276593,0.35046768401650585
4036916,2026-06-17,VL,2026,1,SEINÄJOEN JALKAPALLOKERHO,Vaasan Palloseura,60970,60901,1,2,A,dc_best,2026-06-15,0.43710463214327683,0.29301345406714213,0.269881913789581
4036913,2026-06-17,VL,2026,1,Ilves,Fotbollsföreningen JARO Jalkapalloseura,60745,60974,5,0,H,dc_best,2026-06-15,0.6474301356375576,0.19022007493707227,0.16234978942537023
4036914,2026-06-17,VL,2026,1,TPS Juniorijalkapallo,Kuopion Palloseura,60971,60756,1,2,A,dc_best,2026-06-15,0.28745829151347874,0.3594542245557001,0.3530874839308212
4036912,2026-06-17,VL,2026,1,Helsingin Jalkapalloklubin Liiga-HJK,Football Club International Turku,60731,60987,3,3,D,dc_best,2026-06-15,0.3520293523758053,0.29882314832905676,0.34914749929513794
4036915,2026-06-18,VL,2026,1,Oulun edustusjalkapallo AC Oulu,IFK Mariehamn Fotboll,60493,60759,2,1,H,dc_best,2026-06-15,0.6676234038370262,0.23725584034965408,0.0951207558133197
4036921,2026-06-23,VL,2026,1,Fotbollsföreningen JARO Jalkapalloseura,IF Gnistan,60974,60534,1,1,D,b0_base_rate,2026-06-22,0.4291497975708502,0.24696356275303644,0.32388663967611336
4036923,2026-06-23,VL,2026,1,IFK Mariehamn Fotboll,Helsingin Jalkapalloklubin Liiga-HJK,60759,60731,0,4,A,b0_base_rate,2026-06-22,0.4291497975708502,0.24696356275303644,0.32388663967611336
4036920,2026-06-23,VL,2026,1,Vaasan Palloseura,Oulun edustusjalkapallo AC Oulu,60901,60493,5,1,H,b0_base_rate,2026-06-22,0.4291497975708502,0.24696356275303644,0.32388663967611336
4036918,2026-06-23,VL,2026,1,Kuopion Palloseura,Ilves,60756,60745,4,3,H,b0_base_rate,2026-06-22,0.4291497975708502,0.24696356275303644,0.32388663967611336
4036922,2026-06-23,VL,2026,1,Football Club International Turku,SEINÄJOEN JALKAPALLOKERHO,60987,60970,1,1,D,b0_base_rate,2026-06-22,0.4291497975708502,0.24696356275303644,0.32388663967611336
4036919,2026-06-23,VL,2026,1,FC Lahti,TPS Juniorijalkapallo,60969,60971,0,0,D,b0_base_rate,2026-06-22,0.4291497975708502,0.24696356275303644,0.32388663967611336
4043056,2026-06-25,M1,2026,1,JJK Jyväskylä,Football Club International Turku,144858,60860,11,1,H,b0_base_rate,2026-06-22,0.49122807017543857,0.20614035087719298,0.3026315789473684
4043057,2026-06-25,M1,2026,1,FC Jazz Juniorit,Jalkapalloseura Tampere United,60521,106945,0,1,A,b0_base_rate,2026-06-22,0.49122807017543857,0.20614035087719298,0.3026315789473684
4038098,2026-06-26,M1L,2026,1,Helsingin Jalkapalloklubi,SJK Akatemia,60692,168874,2,0,H,b0_base_rate,2026-06-22,0.4263157894736842,0.24736842105263157,0.3263157894736842
4038099,2026-06-26,M1L,2026,1,Pallokerho-35,Mikkelin Palloilijat,50775,60494,2,1,H,b0_base_rate,2026-06-22,0.4263157894736842,0.24736842105263157,0.3263157894736842
4057794,2026-06-26,M2,2026,2,Idrottsföreningen Kamraterna i Åbo,FC Honka,60996,62416,0,1,A,b0_base_rate,2026-06-22,0.4880694143167028,0.1475054229934924,0.3644251626898048
4057886,2026-06-27,M2,2026,3,Tornion Pallo-47,Vaasan Palloseura,60666,169909,0,3,A,b0_base_rate,2026-06-22,0.4880694143167028,0.1475054229934924,0.3644251626898048
4036928,2026-06-27,VL,2026,1,TPS Juniorijalkapallo,Fotbollsföreningen JARO Jalkapalloseura,60971,60974,3,2,H,b0_base_rate,2026-06-22,0.4291497975708502,0.24696356275303644,0.32388663967611336
4036925,2026-06-27,VL,2026,1,Helsingin Jalkapalloklubin Liiga-HJK,Kuopion Palloseura,60731,60756,0,4,A,b0_base_rate,2026-06-22,0.4291497975708502,0.24696356275303644,0.32388663967611336
4036926,2026-06-27,VL,2026,1,IFK Mariehamn Fotboll,Football Club International Turku,60759,60987,0,2,A,b0_base_rate,2026-06-22,0.4291497975708502,0.24696356275303644,0.32388663967611336
4036924,2026-06-27,VL,2026,1,Ilves,SEINÄJOEN JALKAPALLOKERHO,60745,60970,2,2,D,b0_base_rate,2026-06-22,0.4291497975708502,0.24696356275303644,0.32388663967611336
4036927,2026-06-27,VL,2026,1,IF Gnistan,Vaasan Palloseura,60534,60901,1,1,D,b0_base_rate,2026-06-22,0.4291497975708502,0.24696356275303644,0.32388663967611336
4038214,2026-06-27,NL,2026,1,IF Gnistan,PK-35 Vantaa,35209545,60671,3,0,H,b0_base_rate,2026-06-22,0.5245901639344263,0.09836065573770492,0.3770491803278688
4038215,2026-06-27,NL,2026,1,Kuopion Palloseura,Idrottsföreningen Kamraterna Vasa,157420,60691,5,1,H,b0_base_rate,2026-06-22,0.5245901639344263,0.09836065573770492,0.3770491803278688
4038216,2026-06-27,NL,2026,1,Ilves,Helsingin Jalkapalloklubi,60776,60682,1,3,A,b0_base_rate,2026-06-22,0.5245901639344263,0.09836065573770492,0.3770491803278688
4057708,2026-06-27,M2,2026,1,Football Club Kiffen 08,Lahden Reipas,60554,61562,3,2,H,b0_base_rate,2026-06-22,0.4880694143167028,0.1475054229934924,0.3644251626898048
4057706,2026-06-27,M2,2026,1,Puistolan Urheilijat,Helsingin Palloseura,49973,49949,0,2,A,b0_base_rate,2026-06-22,0.4880694143167028,0.1475054229934924,0.3644251626898048
4036929,2026-06-27,VL,2026,1,Oulun edustusjalkapallo AC Oulu,FC Lahti,60493,60969,1,1,D,b0_base_rate,2026-06-22,0.4291497975708502,0.24696356275303644,0.32388663967611336
4057707,2026-06-27,M2,2026,1,MYPA,Atlantis FC Edustus,129934,60702,1,2,A,b0_base_rate,2026-06-22,0.4880694143167028,0.1475054229934924,0.3644251626898048
4057796,2026-06-27,M2,2026,2,Espoon Palloseuran Jalkapallo,GrIFK - Fotboll,62296,60549,1,3,A,b0_base_rate,2026-06-22,0.4880694143167028,0.1475054229934924,0.3644251626898048
4043059,2026-06-27,M1,2026,1,Rovaniemen Palloseura,Salon Palloilijat,60973,60690,2,2,D,b0_base_rate,2026-06-22,0.49122807017543857,0.20614035087719298,0.3026315789473684
4038100,2026-06-27,M1L,2026,1,Football Club Haka,FC KTP Kotka,60561,60972,0,2,A,b0_base_rate,2026-06-22,0.4263157894736842,0.24736842105263157,0.3263157894736842
4038101,2026-06-27,M1L,2026,1,Jippo,Ekenäs Idrottsförening,129811,60495,1,1,D,b0_base_rate,2026-06-22,0.4263157894736842,0.24736842105263157,0.3263157894736842
4057704,2026-06-27,M2,2026,1,Union Plaani,HIFK Soccer,61723,49735,0,3,A,b0_base_rate,2026-06-22,0.4880694143167028,0.1475054229934924,0.3644251626898048
4057885,2026-06-27,M2,2026,3,Gamlakarleby Bollklubb,Jalkapalloseura Hercules,60492,61004,7,0,H,b0_base_rate,2026-06-22,0.4880694143167028,0.1475054229934924,0.3644251626898048
4057795,2026-06-27,M2,2026,2,Musan Salama,Pallo-Iirot,60696,107307,2,2,D,b0_base_rate,2026-06-22,0.4880694143167028,0.1475054229934924,0.3644251626898048
4057797,2026-06-27,M2,2026,2,Hämeenlinnan Jalkapalloseura,Nurmijärven Jalkapalloseura,35121579,60537,3,0,H,b0_base_rate,2026-06-22,0.4880694143167028,0.1475054229934924,0.3644251626898048
4057705,2026-06-27,M2,2026,1,Pepo Lappeenranta,Pallo-Pojat Juniorit,61010,48924,2,2,D,b0_base_rate,2026-06-22,0.4880694143167028,0.1475054229934924,0.3644251626898048
4057884,2026-06-27,M2,2026,3,Äänekosken Huima,Jakobstads Bollklubb,35117343,61766,3,2,H,b0_base_rate,2026-06-22,0.4880694143167028,0.1475054229934924,0.3644251626898048
4043058,2026-06-28,M1,2026,1,KPV Juniorit,Pallokerho Keski-Uusimaa,60536,60929,1,3,A,b0_base_rate,2026-06-22,0.49122807017543857,0.20614035087719298,0.3026315789473684
4038217,2026-06-28,NL,2026,1,Åland United,Helsingin Palloseura,60532,60781,0,0,D,b0_base_rate,2026-06-22,0.5245901639344263,0.09836065573770492,0.3770491803278688
4057798,2026-06-28,M2,2026,2,Ilves,Esbo Bollklubb,106905,63411,3,2,H,b0_base_rate,2026-06-22,0.4880694143167028,0.1475054229934924,0.3644251626898048
4038102,2026-06-28,M1L,2026,1,Käpylän Pallo,Järvenpään Palloseura,60487,60676,3,1,H,b0_base_rate,2026-06-22,0.4263157894736842,0.24736842105263157,0.3263157894736842
4043060,2026-06-28,M1,2026,1,Oulun Luistinseura,Kuopion Palloseura,106449,106331,2,2,D,b0_base_rate,2026-06-22,0.49122807017543857,0.20614035087719298,0.3026315789473684
4036921,2026-06-23,VL,2026,1,Fotbollsföreningen JARO Jalkapalloseura,IF Gnistan,60974,60534,1,1,D,g0_logistic_dppg,2026-06-22,0.3455497672224963,0.19505970423482794,0.45939052854267576
4036923,2026-06-23,VL,2026,1,IFK Mariehamn Fotboll,Helsingin Jalkapalloklubin Liiga-HJK,60759,60731,0,4,A,g0_logistic_dppg,2026-06-22,0.3117694684698858,0.19133964053967553,0.4968908909904388
4036920,2026-06-23,VL,2026,1,Vaasan Palloseura,Oulun edustusjalkapallo AC Oulu,60901,60493,5,1,H,g0_logistic_dppg,2026-06-22,0.4035443022323257,0.1984888883482764,0.39796680941939805
4036918,2026-06-23,VL,2026,1,Kuopion Palloseura,Ilves,60756,60745,4,3,H,g0_logistic_dppg,2026-06-22,0.5604728316170937,0.19077327261800514,0.24875389576490117
4036922,2026-06-23,VL,2026,1,Football Club International Turku,SEINÄJOEN JALKAPALLOKERHO,60987,60970,1,1,D,g0_logistic_dppg,2026-06-22,0.6347970912638193,0.178660188144698,0.18654272059148275
4036919,2026-06-23,VL,2026,1,FC Lahti,TPS Juniorijalkapallo,60969,60971,0,0,D,g0_logistic_dppg,2026-06-22,0.4278731032346348,0.19888147545044463,0.3732454213149205
4043056,2026-06-25,M1,2026,1,JJK Jyväskylä,Football Club International Turku,144858,60860,11,1,H,g0_logistic_dppg,2026-06-22,0.568799968513771,0.18969213419953912,0.24150789728668984
4043057,2026-06-25,M1,2026,1,FC Jazz Juniorit,Jalkapalloseura Tampere United,60521,106945,0,1,A,g0_logistic_dppg,2026-06-22,0.37737272721604576,0.19738641783349414,0.42524085495046005
4038098,2026-06-26,M1L,2026,1,Helsingin Jalkapalloklubi,SJK Akatemia,60692,168874,2,0,H,g0_logistic_dppg,2026-06-22,0.46612191046565576,0.19830255393554397,0.3355755355988003
4038099,2026-06-26,M1L,2026,1,Pallokerho-35,Mikkelin Palloilijat,50775,60494,2,1,H,g0_logistic_dppg,2026-06-22,0.5777385197439058,0.18845533839906148,0.2338061418570327
4057794,2026-06-26,M2,2026,2,Idrottsföreningen Kamraterna i Åbo,FC Honka,60996,62416,0,1,A,g0_logistic_dppg,2026-06-22,0.478845696855917,0.1977914555710864,0.32336284757299666
4057886,2026-06-27,M2,2026,3,Tornion Pallo-47,Vaasan Palloseura,60666,169909,0,3,A,g0_logistic_dppg,2026-06-22,0.5697974668323521,0.18955803680692934,0.24064449636071866
4036928,2026-06-27,VL,2026,1,TPS Juniorijalkapallo,Fotbollsföreningen JARO Jalkapalloseura,60971,60974,3,2,H,g0_logistic_dppg,2026-06-22,0.5765213992353658,0.188628408650534,0.2348501921141002
4036925,2026-06-27,VL,2026,1,Helsingin Jalkapalloklubin Liiga-HJK,Kuopion Palloseura,60731,60756,0,4,A,g0_logistic_dppg,2026-06-22,0.4457335199889782,0.1987911123490329,0.3554753676619889
4036926,2026-06-27,VL,2026,1,IFK Mariehamn Fotboll,Football Club International Turku,60759,60987,0,2,A,g0_logistic_dppg,2026-06-22,0.26529327078908094,0.1839261209093414,0.5507806083015776
4036924,2026-06-27,VL,2026,1,Ilves,SEINÄJOEN JALKAPALLOKERHO,60745,60970,2,2,D,g0_logistic_dppg,2026-06-22,0.5232520974548768,0.19477593394713302,0.28197196859799023
4036927,2026-06-27,VL,2026,1,IF Gnistan,Vaasan Palloseura,60534,60901,1,1,D,g0_logistic_dppg,2026-06-22,0.4554989733741498,0.19860807513974418,0.34589295148610605
4038214,2026-06-27,NL,2026,1,IF Gnistan,PK-35 Vantaa,35209545,60671,3,0,H,g0_logistic_dppg,2026-06-22,0.478845696855917,0.1977914555710864,0.32336284757299666
4038215,2026-06-27,NL,2026,1,Kuopion Palloseura,Idrottsföreningen Kamraterna Vasa,157420,60691,5,1,H,g0_logistic_dppg,2026-06-22,0.7647559711016988,0.1428577808081434,0.09238624809015782
4038216,2026-06-27,NL,2026,1,Ilves,Helsingin Jalkapalloklubi,60776,60682,1,3,A,g0_logistic_dppg,2026-06-22,0.3405004084736743,0.1945875047153723,0.4649120868109534
4057708,2026-06-27,M2,2026,1,Football Club Kiffen 08,Lahden Reipas,60554,61562,3,2,H,g0_logistic_dppg,2026-06-22,0.478845696855917,0.1977914555710864,0.32336284757299666
4057706,2026-06-27,M2,2026,1,Puistolan Urheilijat,Helsingin Palloseura,49973,49949,0,2,A,g0_logistic_dppg,2026-06-22,0.3857072475267675,0.19781534891734176,0.4164774035558908
4036929,2026-06-27,VL,2026,1,Oulun edustusjalkapallo AC Oulu,FC Lahti,60493,60969,1,1,D,g0_logistic_dppg,2026-06-22,0.6028874918968582,0.184547372271955,0.21256513583118683
4057707,2026-06-27,M2,2026,1,MYPA,Atlantis FC Edustus,129934,60702,1,2,A,g0_logistic_dppg,2026-06-22,0.44770382289340477,0.19876175531667986,0.3535344217899154
4057796,2026-06-27,M2,2026,2,Espoon Palloseuran Jalkapallo,GrIFK - Fotboll,62296,60549,1,3,A,g0_logistic_dppg,2026-06-22,0.49240559932335215,0.19707339983735944,0.3105210008392884
4043059,2026-06-27,M1,2026,1,Rovaniemen Palloseura,Salon Palloilijat,60973,60690,2,2,D,g0_logistic_dppg,2026-06-22,0.5166938419284939,0.19534156665446337,0.2879645914170427
4038100,2026-06-27,M1L,2026,1,Football Club Haka,FC KTP Kotka,60561,60972,0,2,A,g0_logistic_dppg,2026-06-22,0.4278731032346348,0.19888147545044463,0.37324542131492056
4038101,2026-06-27,M1L,2026,1,Jippo,Ekenäs Idrottsförening,129811,60495,1,1,D,g0_logistic_dppg,2026-06-22,0.5291467262586957,0.1942319374648194,0.27662133627648494
4057704,2026-06-27,M2,2026,1,Union Plaani,HIFK Soccer,61723,49735,0,3,A,g0_logistic_dppg,2026-06-22,0.2568877145518973,0.18227659036522237,0.5608356950828803
4057885,2026-06-27,M2,2026,3,Gamlakarleby Bollklubb,Jalkapalloseura Hercules,60492,61004,7,0,H,g0_logistic_dppg,2026-06-22,0.5250069930654554,0.19461750518425194,0.28037550175029274
4057795,2026-06-27,M2,2026,2,Musan Salama,Pallo-Iirot,60696,107307,2,2,D,g0_logistic_dppg,2026-06-22,0.35538236409049717,0.19589716103649923,0.4487204748730036
4057797,2026-06-27,M2,2026,2,Hämeenlinnan Jalkapalloseura,Nurmijärven Jalkapalloseura,35121579,60537,3,0,H,g0_logistic_dppg,2026-06-22,0.6778907704147409,0.1689900274097012,0.15311920217555786
4057705,2026-06-27,M2,2026,1,Pepo Lappeenranta,Pallo-Pojat Juniorit,61010,48924,2,2,D,g0_logistic_dppg,2026-06-22,0.5250069930654554,0.19461750518425194,0.28037550175029274
4057884,2026-06-27,M2,2026,3,Äänekosken Huima,Jakobstads Bollklubb,35117343,61766,3,2,H,g0_logistic_dppg,2026-06-22,0.4943375285749159,0.19695657250691326,0.30870589891817085
4043058,2026-06-28,M1,2026,1,KPV Juniorit,Pallokerho Keski-Uusimaa,60536,60929,1,3,A,g0_logistic_dppg,2026-06-22,0.3344761043294591,0.19398619928329627,0.4715376963872446
4038217,2026-06-28,NL,2026,1,Åland United,Helsingin Palloseura,60532,60781,0,0,D,g0_logistic_dppg,2026-06-22,0.4165688859901389,0.19877370497918803,0.384657409030673
4057798,2026-06-28,M2,2026,2,Ilves,Esbo Bollklubb,106905,63411,3,2,H,g0_logistic_dppg,2026-06-22,0.5788906818294103,0.18829014766168714,0.2328191705089026
4038102,2026-06-28,M1L,2026,1,Käpylän Pallo,Järvenpään Palloseura,60487,60676,3,1,H,g0_logistic_dppg,2026-06-22,0.4278731032346348,0.19888147545044463,0.37324542131492056
4043060,2026-06-28,M1,2026,1,Oulun Luistinseura,Kuopion Palloseura,106449,106331,2,2,D,g0_logistic_dppg,2026-06-22,0.6265445977998353,0.18028412558806403,0.19317127661210073
4036921,2026-06-23,VL,2026,1,Fotbollsföreningen JARO Jalkapalloseura,IF Gnistan,60974,60534,1,1,D,poisson_plain,2026-06-22,0.29971289144362556,0.23122972982077453,0.46905737873559994
4036923,2026-06-23,VL,2026,1,IFK Mariehamn Fotboll,Helsingin Jalkapalloklubin Liiga-HJK,60759,60731,0,4,A,poisson_plain,2026-06-22,0.12889838308443086,0.16097887399106356,0.7101227429245056
4036920,2026-06-23,VL,2026,1,Vaasan Palloseura,Oulun edustusjalkapallo AC Oulu,60901,60493,5,1,H,poisson_plain,2026-06-22,0.40767369022274086,0.2695637761624518,0.32276253361480745
4036918,2026-06-23,VL,2026,1,Kuopion Palloseura,Ilves,60756,60745,4,3,H,poisson_plain,2026-06-22,0.4845325429423538,0.2347509492559924,0.28071650780165375
4036922,2026-06-23,VL,2026,1,Football Club International Turku,SEINÄJOEN JALKAPALLOKERHO,60987,60970,1,1,D,poisson_plain,2026-06-22,0.536181896750656,0.22786598338513656,0.23595211986420758
4036919,2026-06-23,VL,2026,1,FC Lahti,TPS Juniorijalkapallo,60969,60971,0,0,D,poisson_plain,2026-06-22,0.3430858248201234,0.3199546268297086,0.33695954835016795
4043056,2026-06-25,M1,2026,1,JJK Jyväskylä,Football Club International Turku,144858,60860,11,1,H,poisson_plain,2026-06-22,0.5162909935826135,0.19944694599906654,0.28426206041832003
4043057,2026-06-25,M1,2026,1,FC Jazz Juniorit,Jalkapalloseura Tampere United,60521,106945,0,1,A,poisson_plain,2026-06-22,0.4261269594628504,0.24995603866440894,0.3239170018727406
4038098,2026-06-26,M1L,2026,1,Helsingin Jalkapalloklubi,SJK Akatemia,60692,168874,2,0,H,poisson_plain,2026-06-22,0.4699136443621035,0.23461164752735364,0.2954747081105429
4038099,2026-06-26,M1L,2026,1,Pallokerho-35,Mikkelin Palloilijat,50775,60494,2,1,H,poisson_plain,2026-06-22,0.482924590623672,0.3303335630127616,0.18674184636356628
4057794,2026-06-26,M2,2026,2,Idrottsföreningen Kamraterna i Åbo,FC Honka,60996,62416,0,1,A,poisson_plain,2026-06-22,0.36296924507279477,0.24400172576400952,0.39302902916319565
4057886,2026-06-27,M2,2026,3,Tornion Pallo-47,Vaasan Palloseura,60666,169909,0,3,A,poisson_plain,2026-06-22,0.1828051791598277,0.14987592845527953,0.6673188923848928
4036928,2026-06-27,VL,2026,1,TPS Juniorijalkapallo,Fotbollsföreningen JARO Jalkapalloseura,60971,60974,3,2,H,poisson_plain,2026-06-22,0.5376343292578212,0.26828943785635206,0.19407623288582673
4036925,2026-06-27,VL,2026,1,Helsingin Jalkapalloklubin Liiga-HJK,Kuopion Palloseura,60731,60756,0,4,A,poisson_plain,2026-06-22,0.3586588515715456,0.23726015608045015,0.40408099234800426
4036926,2026-06-27,VL,2026,1,IFK Mariehamn Fotboll,Football Club International Turku,60759,60987,0,2,A,poisson_plain,2026-06-22,0.10979711113273444,0.19052080210701236,0.6996820867602532
4036924,2026-06-27,VL,2026,1,Ilves,SEINÄJOEN JALKAPALLOKERHO,60745,60970,2,2,D,poisson_plain,2026-06-22,0.46566117745814717,0.2061376138393575,0.3282012087024954
4036927,2026-06-27,VL,2026,1,IF Gnistan,Vaasan Palloseura,60534,60901,1,1,D,poisson_plain,2026-06-22,0.39780268592625245,0.25331916618989064,0.3488781478838569
4038214,2026-06-27,NL,2026,1,IF Gnistan,PK-35 Vantaa,35209545,60671,3,0,H,poisson_plain,2026-06-22,0.4194995024766555,0.19612712110290623,0.38437337642043823
4038215,2026-06-27,NL,2026,1,Kuopion Palloseura,Idrottsföreningen Kamraterna Vasa,157420,60691,5,1,H,poisson_plain,2026-06-22,0.9531590311887248,0.03720315771808047,0.009637811093194691
4038216,2026-06-27,NL,2026,1,Ilves,Helsingin Jalkapalloklubi,60776,60682,1,3,A,poisson_plain,2026-06-22,0.12009049077481575,0.16818027277957928,0.711729236445605
4057708,2026-06-27,M2,2026,1,Football Club Kiffen 08,Lahden Reipas,60554,61562,3,2,H,poisson_plain,2026-06-22,0.5221053431200698,0.18718540685273596,0.29070925002719417
4057706,2026-06-27,M2,2026,1,Puistolan Urheilijat,Helsingin Palloseura,49973,49949,0,2,A,poisson_plain,2026-06-22,0.41849312680178563,0.25963977070073396,0.32186710249748035
4036929,2026-06-27,VL,2026,1,Oulun edustusjalkapallo AC Oulu,FC Lahti,60493,60969,1,1,D,poisson_plain,2026-06-22,0.317978765504708,0.26644829987200347,0.41557293462328854
4057707,2026-06-27,M2,2026,1,MYPA,Atlantis FC Edustus,129934,60702,1,2,A,poisson_plain,2026-06-22,0.34387205763989315,0.16875947007268804,0.48736847228741886
4057796,2026-06-27,M2,2026,2,Espoon Palloseuran Jalkapallo,GrIFK - Fotboll,62296,60549,1,3,A,poisson_plain,2026-06-22,0.7053631701822511,0.1655846770293579,0.12905215278839097
4043059,2026-06-27,M1,2026,1,Rovaniemen Palloseura,Salon Palloilijat,60973,60690,2,2,D,poisson_plain,2026-06-22,0.4774456737690015,0.20724176404433195,0.3153125621866666
4038100,2026-06-27,M1L,2026,1,Football Club Haka,FC KTP Kotka,60561,60972,0,2,A,poisson_plain,2026-06-22,0.4312087404169383,0.28877139513437067,0.2800198644486911
4038101,2026-06-27,M1L,2026,1,Jippo,Ekenäs Idrottsförening,129811,60495,1,1,D,poisson_plain,2026-06-22,0.47608388191691825,0.25316706267625366,0.2707490554068281
4057704,2026-06-27,M2,2026,1,Union Plaani,HIFK Soccer,61723,49735,0,3,A,poisson_plain,2026-06-22,0.13090515242110504,0.1725241774768001,0.6965706701020948
4057885,2026-06-27,M2,2026,3,Gamlakarleby Bollklubb,Jalkapalloseura Hercules,60492,61004,7,0,H,poisson_plain,2026-06-22,0.7324166025403387,0.14525472573714393,0.1223286717225174
4057795,2026-06-27,M2,2026,2,Musan Salama,Pallo-Iirot,60696,107307,2,2,D,poisson_plain,2026-06-22,0.4021439362464941,0.22323353781785674,0.3746225259356492
4057797,2026-06-27,M2,2026,2,Hämeenlinnan Jalkapalloseura,Nurmijärven Jalkapalloseura,35121579,60537,3,0,H,poisson_plain,2026-06-22,0.7835781541790161,0.13193721014670776,0.08448463567427607
4057705,2026-06-27,M2,2026,1,Pepo Lappeenranta,Pallo-Pojat Juniorit,61010,48924,2,2,D,poisson_plain,2026-06-22,0.4410174352463473,0.2374974218320488,0.32148514292160396
4057884,2026-06-27,M2,2026,3,Äänekosken Huima,Jakobstads Bollklubb,35117343,61766,3,2,H,poisson_plain,2026-06-22,0.4834531476087539,0.22928551087340912,0.28726134151783705
4043058,2026-06-28,M1,2026,1,KPV Juniorit,Pallokerho Keski-Uusimaa,60536,60929,1,3,A,poisson_plain,2026-06-22,0.34148220818082375,0.21983044411455574,0.4386873477046205
4038217,2026-06-28,NL,2026,1,Åland United,Helsingin Palloseura,60532,60781,0,0,D,poisson_plain,2026-06-22,0.4856425751030053,0.19630113515003408,0.3180562897469607
4057798,2026-06-28,M2,2026,2,Ilves,Esbo Bollklubb,106905,63411,3,2,H,poisson_plain,2026-06-22,0.7792448213742148,0.13155205501515357,0.08920312361063164
4038102,2026-06-28,M1L,2026,1,Käpylän Pallo,Järvenpään Palloseura,60487,60676,3,1,H,poisson_plain,2026-06-22,0.36107250983612854,0.21685739441238783,0.4220700957514837
4043060,2026-06-28,M1,2026,1,Oulun Luistinseura,Kuopion Palloseura,106449,106331,2,2,D,poisson_plain,2026-06-22,0.7053332084374514,0.15846832837335115,0.13619846318919754
4036921,2026-06-23,VL,2026,1,Fotbollsföreningen JARO Jalkapalloseura,IF Gnistan,60974,60534,1,1,D,dc_best,2026-06-22,0.2382981688960787,0.22571991391486226,0.5359819171890591
4036923,2026-06-23,VL,2026,1,IFK Mariehamn Fotboll,Helsingin Jalkapalloklubin Liiga-HJK,60759,60731,0,4,A,dc_best,2026-06-22,0.14499860584592392,0.21004474587785157,0.6449566482762246
4036920,2026-06-23,VL,2026,1,Vaasan Palloseura,Oulun edustusjalkapallo AC Oulu,60901,60493,5,1,H,dc_best,2026-06-22,0.31975665318383656,0.3401514070642301,0.34009193975193336
4036918,2026-06-23,VL,2026,1,Kuopion Palloseura,Ilves,60756,60745,4,3,H,dc_best,2026-06-22,0.5477207725097436,0.23381944307089966,0.21845978441935665
4036922,2026-06-23,VL,2026,1,Football Club International Turku,SEINÄJOEN JALKAPALLOKERHO,60987,60970,1,1,D,dc_best,2026-06-22,0.6073661065337835,0.22481967446347279,0.1678142190027438
4036919,2026-06-23,VL,2026,1,FC Lahti,TPS Juniorijalkapallo,60969,60971,0,0,D,dc_best,2026-06-22,0.3802619600459506,0.33045162857406046,0.2892864113799889
4043056,2026-06-25,M1,2026,1,JJK Jyväskylä,Football Club International Turku,144858,60860,11,1,H,dc_best,2026-06-22,0.5752858151747229,0.19518762316306287,0.2295265616622142
4043057,2026-06-25,M1,2026,1,FC Jazz Juniorit,Jalkapalloseura Tampere United,60521,106945,0,1,A,dc_best,2026-06-22,0.22787297416942995,0.2867545639705957,0.48537246185997435
4038098,2026-06-26,M1L,2026,1,Helsingin Jalkapalloklubi,SJK Akatemia,60692,168874,2,0,H,dc_best,2026-06-22,0.49399155257631844,0.23212378391197058,0.2738846635117109
4038099,2026-06-26,M1L,2026,1,Pallokerho-35,Mikkelin Palloilijat,50775,60494,2,1,H,dc_best,2026-06-22,0.5732178405066171,0.24697577535774132,0.1798063841356417
4057794,2026-06-26,M2,2026,2,Idrottsföreningen Kamraterna i Åbo,FC Honka,60996,62416,0,1,A,dc_best,2026-06-22,0.3224354985694391,0.24235002937671704,0.4352144720538439
4057886,2026-06-27,M2,2026,3,Tornion Pallo-47,Vaasan Palloseura,60666,169909,0,3,A,dc_best,2026-06-22,0.3539923049089396,0.19107734895110973,0.4549303461399507
4036928,2026-06-27,VL,2026,1,TPS Juniorijalkapallo,Fotbollsföreningen JARO Jalkapalloseura,60971,60974,3,2,H,dc_best,2026-06-22,0.611356068324089,0.24457644311012242,0.14406748856578863
4036925,2026-06-27,VL,2026,1,Helsingin Jalkapalloklubin Liiga-HJK,Kuopion Palloseura,60731,60756,0,4,A,dc_best,2026-06-22,0.3957492469973474,0.2610795120755272,0.34317124092712536
4036926,2026-06-27,VL,2026,1,IFK Mariehamn Fotboll,Football Club International Turku,60759,60987,0,2,A,dc_best,2026-06-22,0.12302107199419897,0.2427455385197106,0.6342333894860905
4036924,2026-06-27,VL,2026,1,Ilves,SEINÄJOEN JALKAPALLOKERHO,60745,60970,2,2,D,dc_best,2026-06-22,0.5293003487016461,0.21040697979922413,0.2602926714991297
4036927,2026-06-27,VL,2026,1,IF Gnistan,Vaasan Palloseura,60534,60901,1,1,D,dc_best,2026-06-22,0.41138262773058504,0.2912265921529327,0.2973907801164823
4038214,2026-06-27,NL,2026,1,IF Gnistan,PK-35 Vantaa,35209545,60671,3,0,H,dc_best,2026-06-22,0.5174432975463135,0.1745192866088969,0.3080374158447896
4038215,2026-06-27,NL,2026,1,Kuopion Palloseura,Idrottsföreningen Kamraterna Vasa,157420,60691,5,1,H,dc_best,2026-06-22,0.9520663406375867,0.034006762608264664,0.01392689675414861
4038216,2026-06-27,NL,2026,1,Ilves,Helsingin Jalkapalloklubi,60776,60682,1,3,A,dc_best,2026-06-22,0.17830286453090416,0.16483450998022772,0.6568626254888682
4057708,2026-06-27,M2,2026,1,Football Club Kiffen 08,Lahden Reipas,60554,61562,3,2,H,dc_best,2026-06-22,0.4447285401657981,0.20715465323820068,0.3481168065960012
4057706,2026-06-27,M2,2026,1,Puistolan Urheilijat,Helsingin Palloseura,49973,49949,0,2,A,dc_best,2026-06-22,0.2701448179707437,0.24416699574708622,0.4856881862821701
4036929,2026-06-27,VL,2026,1,Oulun edustusjalkapallo AC Oulu,FC Lahti,60493,60969,1,1,D,dc_best,2026-06-22,0.4693147154485374,0.29543565383986375,0.2352496307115988
4057707,2026-06-27,M2,2026,1,MYPA,Atlantis FC Edustus,129934,60702,1,2,A,dc_best,2026-06-22,0.2301899614960597,0.16843115819384574,0.6013788803100947
4057796,2026-06-27,M2,2026,2,Espoon Palloseuran Jalkapallo,GrIFK - Fotboll,62296,60549,1,3,A,dc_best,2026-06-22,0.6643565358898338,0.19171328403226967,0.1439301800778965
4043059,2026-06-27,M1,2026,1,Rovaniemen Palloseura,Salon Palloilijat,60973,60690,2,2,D,dc_best,2026-06-22,0.594365346857156,0.20808581742040183,0.19754883572244214
4038100,2026-06-27,M1L,2026,1,Football Club Haka,FC KTP Kotka,60561,60972,0,2,A,dc_best,2026-06-22,0.48030377749142295,0.21403129940669507,0.30566492310188204
4038101,2026-06-27,M1L,2026,1,Jippo,Ekenäs Idrottsförening,129811,60495,1,1,D,dc_best,2026-06-22,0.592139565113723,0.18261790267201236,0.2252425322142647
4057704,2026-06-27,M2,2026,1,Union Plaani,HIFK Soccer,61723,49735,0,3,A,dc_best,2026-06-22,0.12542806884533114,0.16937765686730025,0.7051942742873687
4057885,2026-06-27,M2,2026,3,Gamlakarleby Bollklubb,Jalkapalloseura Hercules,60492,61004,7,0,H,dc_best,2026-06-22,0.611067454323558,0.19388065882329977,0.19505188685314218
4057795,2026-06-27,M2,2026,2,Musan Salama,Pallo-Iirot,60696,107307,2,2,D,dc_best,2026-06-22,0.27180429767122355,0.2160106230163914,0.5121850793123851
4057797,2026-06-27,M2,2026,2,Hämeenlinnan Jalkapalloseura,Nurmijärven Jalkapalloseura,35121579,60537,3,0,H,dc_best,2026-06-22,0.8003037921580659,0.12978422127263503,0.06991198656929916
4057705,2026-06-27,M2,2026,1,Pepo Lappeenranta,Pallo-Pojat Juniorit,61010,48924,2,2,D,dc_best,2026-06-22,0.3962682146203267,0.2673682843685289,0.33636350101114454
4057884,2026-06-27,M2,2026,3,Äänekosken Huima,Jakobstads Bollklubb,35117343,61766,3,2,H,dc_best,2026-06-22,0.49168709177649506,0.2317009882871416,0.2766119199363634
4043058,2026-06-28,M1,2026,1,KPV Juniorit,Pallokerho Keski-Uusimaa,60536,60929,1,3,A,dc_best,2026-06-22,0.14879940319928314,0.18649161259943486,0.6647089842012821
4038217,2026-06-28,NL,2026,1,Åland United,Helsingin Palloseura,60532,60781,0,0,D,dc_best,2026-06-22,0.4858305461670024,0.1888083391968838,0.32536111463611395
4057798,2026-06-28,M2,2026,2,Ilves,Esbo Bollklubb,106905,63411,3,2,H,dc_best,2026-06-22,0.7777248288251646,0.13228260541342207,0.0899925657614134
4038102,2026-06-28,M1L,2026,1,Käpylän Pallo,Järvenpään Palloseura,60487,60676,3,1,H,dc_best,2026-06-22,0.42198903317397946,0.20052752786380743,0.37748343896221326
4043060,2026-06-28,M1,2026,1,Oulun Luistinseura,Kuopion Palloseura,106449,106331,2,2,D,dc_best,2026-06-22,0.7187284288701544,0.17076445101266635,0.11050712011717923
4043061,2026-06-29,M1,2026,1,Vantaan Jalkapalloseura,Tampereen Pallo-Veikot,63440,60704,2,1,H,b0_base_rate,2026-06-29,0.48497854077253216,0.21030042918454936,0.30472103004291845
4057887,2026-06-30,M2,2026,3,SJK Akatemia,FC Vaajakoski,131834,60496,3,0,H,b0_base_rate,2026-06-29,0.48523206751054854,0.14767932489451477,0.3670886075949367
4043066,2026-07-02,M1,2026,1,FC Jazz Juniorit,KPV Juniorit,60521,60536,0,1,A,b0_base_rate,2026-06-29,0.48497854077253216,0.21030042918454936,0.30472103004291845
4057709,2026-07-02,M2,2026,1,Pallo-Pojat Juniorit,Football Club Kiffen 08,48924,60554,1,2,A,b0_base_rate,2026-06-29,0.48523206751054854,0.14767932489451477,0.3670886075949367
4057799,2026-07-02,M2,2026,2,Esbo Bollklubb,Idrottsföreningen Kamraterna i Åbo,63411,60996,1,6,A,b0_base_rate,2026-06-29,0.48523206751054854,0.14767932489451477,0.3670886075949367
4057801,2026-07-03,M2,2026,2,GrIFK - Fotboll,Nurmijärven Jalkapalloseura,60549,60537,2,0,H,b0_base_rate,2026-06-29,0.48523206751054854,0.14767932489451477,0.3670886075949367
4038104,2026-07-03,M1L,2026,1,FC KTP Kotka,Jippo,60972,129811,3,3,D,b0_base_rate,2026-06-29,0.4307692307692308,0.24615384615384617,0.3230769230769231
4038103,2026-07-03,M1L,2026,1,Järvenpään Palloseura,SJK Akatemia,60676,168874,1,0,H,b0_base_rate,2026-06-29,0.4307692307692308,0.24615384615384617,0.3230769230769231
4057802,2026-07-04,M2,2026,2,Pallo-Iirot,Hämeenlinnan Jalkapalloseura,107307,35121579,3,0,H,b0_base_rate,2026-06-29,0.48523206751054854,0.14767932489451477,0.3670886075949367
4057713,2026-07-04,M2,2026,1,HIFK Soccer,MYPA,49735,129934,4,0,H,b0_base_rate,2026-06-29,0.48523206751054854,0.14767932489451477,0.3670886075949367
4057888,2026-07-04,M2,2026,3,Idrottsföreningen Kraft,Fotbollsföreningen JARO Jalkapalloseura,60686,144364,8,0,H,b0_base_rate,2026-06-29,0.48523206751054854,0.14767932489451477,0.3670886075949367
4057891,2026-07-04,M2,2026,3,Jalkapalloseura Hercules,FC Vaajakoski,61004,60496,2,2,D,b0_base_rate,2026-06-29,0.48523206751054854,0.14767932489451477,0.3670886075949367
4038219,2026-07-04,NL,2026,1,PK-35 Vantaa,Helsingin Palloseura,60671,60781,0,1,A,b0_base_rate,2026-06-29,0.5238095238095238,0.10317460317460317,0.373015873015873
4057800,2026-07-04,M2,2026,2,FC Honka,Musan Salama,62416,60696,7,1,H,b0_base_rate,2026-06-29,0.48523206751054854,0.14767932489451477,0.3670886075949367
4057890,2026-07-04,M2,2026,3,Tornion Pallo-47,Gamlakarleby Bollklubb,60666,60492,3,4,A,b0_base_rate,2026-06-29,0.48523206751054854,0.14767932489451477,0.3670886075949367
4038105,2026-07-04,M1L,2026,1,Ekenäs Idrottsförening,Pallokerho-35,60495,50775,0,3,A,b0_base_rate,2026-06-29,0.4307692307692308,0.24615384615384617,0.3230769230769231
4057712,2026-07-04,M2,2026,1,Helsingin Palloseura,Lahden Reipas,49949,61562,3,2,H,b0_base_rate,2026-06-29,0.48523206751054854,0.14767932489451477,0.3670886075949367
4038220,2026-07-04,NL,2026,1,Helsingin Jalkapalloklubi,Kuopion Palloseura,60682,157420,2,0,H,b0_base_rate,2026-06-29,0.5238095238095238,0.10317460317460317,0.373015873015873
4043065,2026-07-04,M1,2026,1,Oulun Luistinseura,Football Club International Turku,106449,60860,1,3,A,b0_base_rate,2026-06-29,0.48497854077253216,0.21030042918454936,0.30472103004291845
4043063,2026-07-04,M1,2026,1,Kuopion Palloseura,Jalkapalloseura Tampere United,106331,106945,2,3,A,b0_base_rate,2026-06-29,0.48497854077253216,0.21030042918454936,0.30472103004291845
4038218,2026-07-04,NL,2026,1,Ilves,Åland United,60776,60532,0,2,A,b0_base_rate,2026-06-29,0.5238095238095238,0.10317460317460317,0.373015873015873
4057711,2026-07-04,M2,2026,1,Union Plaani,Puistolan Urheilijat,61723,49973,2,1,H,b0_base_rate,2026-06-29,0.48523206751054854,0.14767932489451477,0.3670886075949367
4057710,2026-07-04,M2,2026,1,Atlantis FC Edustus,Pepo Lappeenranta,60702,61010,5,1,H,b0_base_rate,2026-06-29,0.48523206751054854,0.14767932489451477,0.3670886075949367
4043062,2026-07-04,M1,2026,1,Salon Palloilijat,Vantaan Jalkapalloseura,60690,63440,2,2,D,b0_base_rate,2026-06-29,0.48497854077253216,0.21030042918454936,0.30472103004291845
4036934,2026-07-04,VL,2026,1,SEINÄJOEN JALKAPALLOKERHO,TPS Juniorijalkapallo,60970,60971,3,1,H,b0_base_rate,2026-06-29,0.42084942084942084,0.25868725868725867,0.3204633204633205
4036933,2026-07-04,VL,2026,1,Fotbollsföreningen JARO Jalkapalloseura,Ilves,60974,60745,2,1,H,b0_base_rate,2026-06-29,0.42084942084942084,0.25868725868725867,0.3204633204633205
4036935,2026-07-04,VL,2026,1,Vaasan Palloseura,IFK Mariehamn Fotboll,60901,60759,4,0,H,b0_base_rate,2026-06-29,0.42084942084942084,0.25868725868725867,0.3204633204633205
4036932,2026-07-04,VL,2026,1,FC Lahti,IF Gnistan,60969,60534,1,0,H,b0_base_rate,2026-06-29,0.42084942084942084,0.25868725868725867,0.3204633204633205
4038106,2026-07-05,M1L,2026,1,Mikkelin Palloilijat,Football Club Haka,60494,60561,2,1,H,b0_base_rate,2026-06-29,0.4307692307692308,0.24615384615384617,0.3230769230769231
4057803,2026-07-05,M2,2026,2,Ilves,Espoon Palloseuran Jalkapallo,106905,62296,4,2,H,b0_base_rate,2026-06-29,0.48523206751054854,0.14767932489451477,0.3670886075949367
4057889,2026-07-05,M2,2026,3,Vaasan Palloseura,Äänekosken Huima,169909,35117343,3,1,H,b0_base_rate,2026-06-29,0.48523206751054854,0.14767932489451477,0.3670886075949367
4043064,2026-07-05,M1,2026,1,Tampereen Pallo-Veikot,JJK Jyväskylä,60704,144858,1,0,H,b0_base_rate,2026-06-29,0.48497854077253216,0.21030042918454936,0.30472103004291845
4043067,2026-07-05,M1,2026,1,Rovaniemen Palloseura,Pallokerho Keski-Uusimaa,60973,60929,4,3,H,b0_base_rate,2026-06-29,0.48497854077253216,0.21030042918454936,0.30472103004291845
4038221,2026-07-05,NL,2026,1,Idrottsföreningen Kamraterna Vasa,IF Gnistan,60691,35209545,0,1,A,b0_base_rate,2026-06-29,0.5238095238095238,0.10317460317460317,0.373015873015873
4043061,2026-06-29,M1,2026,1,Vantaan Jalkapalloseura,Tampereen Pallo-Veikot,63440,60704,2,1,H,g0_logistic_dppg,2026-06-29,0.567340189641229,0.19484745938079504,0.2378123509779761
4057887,2026-06-30,M2,2026,3,SJK Akatemia,FC Vaajakoski,131834,60496,3,0,H,g0_logistic_dppg,2026-06-29,0.47503816786629977,0.20244945133524206,0.3225123807984582
4043066,2026-07-02,M1,2026,1,FC Jazz Juniorit,KPV Juniorit,60521,60536,0,1,A,g0_logistic_dppg,2026-06-29,0.6111983922382641,0.18815809914443737,0.20064350861729852
4057709,2026-07-02,M2,2026,1,Pallo-Pojat Juniorit,Football Club Kiffen 08,48924,60554,1,2,A,g0_logistic_dppg,2026-06-29,0.4321258103582722,0.20303575339194826,0.36483843624977946
4057799,2026-07-02,M2,2026,2,Esbo Bollklubb,Idrottsföreningen Kamraterna i Åbo,63411,60996,1,6,A,g0_logistic_dppg,2026-06-29,0.2692975927404393,0.18693544132954967,0.5437669659300111
4057801,2026-07-03,M2,2026,2,GrIFK - Fotboll,Nurmijärven Jalkapalloseura,60549,60537,2,0,H,g0_logistic_dppg,2026-06-29,0.6400263637495925,0.18263367337686218,0.17733996287354528
4038104,2026-07-03,M1L,2026,1,FC KTP Kotka,Jippo,60972,129811,3,3,D,g0_logistic_dppg,2026-06-29,0.5677461337360207,0.19479480072436994,0.2374590655396094
4038103,2026-07-03,M1L,2026,1,Järvenpään Palloseura,SJK Akatemia,60676,168874,1,0,H,g0_logistic_dppg,2026-06-29,0.5897818937603245,0.1916784903732629,0.21853961586641257
4057802,2026-07-04,M2,2026,2,Pallo-Iirot,Hämeenlinnan Jalkapalloseura,107307,35121579,3,0,H,g0_logistic_dppg,2026-06-29,0.4178320005944684,0.20280971333308725,0.37935828607244443
4057713,2026-07-04,M2,2026,1,HIFK Soccer,MYPA,49735,129934,4,0,H,g0_logistic_dppg,2026-06-29,0.6359950641125364,0.18346151772323901,0.18054341816422462
4057888,2026-07-04,M2,2026,3,Idrottsföreningen Kraft,Fotbollsföreningen JARO Jalkapalloseura,60686,144364,8,0,H,g0_logistic_dppg,2026-06-29,0.34913584579299284,0.1986715911856435,0.4521925630213636
4057891,2026-07-04,M2,2026,3,Jalkapalloseura Hercules,FC Vaajakoski,61004,60496,2,2,D,g0_logistic_dppg,2026-06-29,0.46075476398479737,0.20285357768315354,0.33639165833204915
4038219,2026-07-04,NL,2026,1,PK-35 Vantaa,Helsingin Palloseura,60671,60781,0,1,A,g0_logistic_dppg,2026-06-29,0.2817193764415168,0.18930023640450816,0.5289803871539751
4057800,2026-07-04,M2,2026,2,FC Honka,Musan Salama,62416,60696,7,1,H,g0_logistic_dppg,2026-06-29,0.7240542234066852,0.16101428948285107,0.11493148711046366
4057890,2026-07-04,M2,2026,3,Tornion Pallo-47,Gamlakarleby Bollklubb,60666,60492,3,4,A,g0_logistic_dppg,2026-06-29,0.48926714470997806,0.20184101121979342,0.30889184407022857
4038105,2026-07-04,M1L,2026,1,Ekenäs Idrottsförening,Pallokerho-35,60495,50775,0,3,A,g0_logistic_dppg,2026-06-29,0.38002409815985577,0.20117043696127765,0.4188054648788666
4057712,2026-07-04,M2,2026,1,Helsingin Palloseura,Lahden Reipas,49949,61562,3,2,H,g0_logistic_dppg,2026-06-29,0.48926714470997806,0.20184101121979342,0.3088918440702286
4038220,2026-07-04,NL,2026,1,Helsingin Jalkapalloklubi,Kuopion Palloseura,60682,157420,2,0,H,g0_logistic_dppg,2026-06-29,0.5034172661306072,0.20103271070578405,0.29555002316360873
4043065,2026-07-04,M1,2026,1,Oulun Luistinseura,Football Club International Turku,106449,60860,1,3,A,g0_logistic_dppg,2026-06-29,0.5711737596569387,0.19434335462004737,0.23448288572301398
4043063,2026-07-04,M1,2026,1,Kuopion Palloseura,Jalkapalloseura Tampere United,106331,106945,2,3,A,g0_logistic_dppg,2026-06-29,0.24925271670977125,0.18265867702409525,0.5680886062661334
4038218,2026-07-04,NL,2026,1,Ilves,Åland United,60776,60532,0,2,A,g0_logistic_dppg,2026-06-29,0.4607547639847973,0.20285357768315354,0.33639165833204915
4057711,2026-07-04,M2,2026,1,Union Plaani,Puistolan Urheilijat,61723,49973,2,1,H,g0_logistic_dppg,2026-06-29,0.38941656401800695,0.20172092471646294,0.4088625112655301
4057710,2026-07-04,M2,2026,1,Atlantis FC Edustus,Pepo Lappeenranta,60702,61010,5,1,H,g0_logistic_dppg,2026-06-29,0.38941656401800695,0.20172092471646297,0.4088625112655301
4043062,2026-07-04,M1,2026,1,Salon Palloilijat,Vantaan Jalkapalloseura,60690,63440,2,2,D,g0_logistic_dppg,2026-06-29,0.49334980144574037,0.20162858647791815,0.30502161207634143
4036934,2026-07-04,VL,2026,1,SEINÄJOEN JALKAPALLOKERHO,TPS Juniorijalkapallo,60970,60971,3,1,H,g0_logistic_dppg,2026-06-29,0.3872448182483442,0.20160216036726836,0.4111530213843873
4036933,2026-07-04,VL,2026,1,Fotbollsföreningen JARO Jalkapalloseura,Ilves,60974,60745,2,1,H,g0_logistic_dppg,2026-06-29,0.3934560650731831,0.2019282746766334,0.4046156602501835
4036935,2026-07-04,VL,2026,1,Vaasan Palloseura,IFK Mariehamn Fotboll,60901,60759,4,0,H,g0_logistic_dppg,2026-06-29,0.6489110088291113,0.18074451303608446,0.17034447813480422
4036932,2026-07-04,VL,2026,1,FC Lahti,IF Gnistan,60969,60534,1,0,H,g0_logistic_dppg,2026-06-29,0.4090583304439892,0.20256501527084514,0.3883766542851656
4038106,2026-07-05,M1L,2026,1,Mikkelin Palloilijat,Football Club Haka,60494,60561,2,1,H,g0_logistic_dppg,2026-06-29,0.38002409815985577,0.20117043696127765,0.4188054648788666
4057803,2026-07-05,M2,2026,2,Ilves,Espoon Palloseuran Jalkapallo,106905,62296,4,2,H,g0_logistic_dppg,2026-06-29,0.5692330446942092,0.19460046048060792,0.23616649482518298
4057889,2026-07-05,M2,2026,3,Vaasan Palloseura,Äänekosken Huima,169909,35117343,3,1,H,g0_logistic_dppg,2026-06-29,0.4178320005944684,0.20280971333308725,0.3793582860724444
4043064,2026-07-05,M1,2026,1,Tampereen Pallo-Veikot,JJK Jyväskylä,60704,144858,1,0,H,g0_logistic_dppg,2026-06-29,0.2992068068216125,0.19227802976150285,0.5085151634168846
4043067,2026-07-05,M1,2026,1,Rovaniemen Palloseura,Pallokerho Keski-Uusimaa,60973,60929,4,3,H,g0_logistic_dppg,2026-06-29,0.50298986270488,0.20106009182562082,0.29595004546949916
4038221,2026-07-05,NL,2026,1,Idrottsföreningen Kamraterna Vasa,IF Gnistan,60691,35209545,0,1,A,g0_logistic_dppg,2026-06-29,0.3476115994687135,0.19852033773607564,0.4538680627952109
4043061,2026-06-29,M1,2026,1,Vantaan Jalkapalloseura,Tampereen Pallo-Veikot,63440,60704,2,1,H,poisson_plain,2026-06-29,0.688284561658668,0.19783031522319383,0.11388512311813813
4057887,2026-06-30,M2,2026,3,SJK Akatemia,FC Vaajakoski,131834,60496,3,0,H,poisson_plain,2026-06-29,0.5974888381379337,0.168290558752543,0.2342206031095233
4043066,2026-07-02,M1,2026,1,FC Jazz Juniorit,KPV Juniorit,60521,60536,0,1,A,poisson_plain,2026-06-29,0.6341497451409774,0.18711423765345211,0.17873601720557053
4057709,2026-07-02,M2,2026,1,Pallo-Pojat Juniorit,Football Club Kiffen 08,48924,60554,1,2,A,poisson_plain,2026-06-29,0.48463507083145296,0.21068961989237284,0.3046753092761742
4057799,2026-07-02,M2,2026,2,Esbo Bollklubb,Idrottsföreningen Kamraterna i Åbo,63411,60996,1,6,A,poisson_plain,2026-06-29,0.1476793867101507,0.20550055248067406,0.6468200608091753
4057801,2026-07-03,M2,2026,2,GrIFK - Fotboll,Nurmijärven Jalkapalloseura,60549,60537,2,0,H,poisson_plain,2026-06-29,0.646469282140167,0.18041002363814793,0.17312069422168508
4038104,2026-07-03,M1L,2026,1,FC KTP Kotka,Jippo,60972,129811,3,3,D,poisson_plain,2026-06-29,0.4264547447843524,0.33000359106089183,0.2435416641547557
4038103,2026-07-03,M1L,2026,1,Järvenpään Palloseura,SJK Akatemia,60676,168874,1,0,H,poisson_plain,2026-06-29,0.40822535326772336,0.24210111658250907,0.3496735301497676
4057802,2026-07-04,M2,2026,2,Pallo-Iirot,Hämeenlinnan Jalkapalloseura,107307,35121579,3,0,H,poisson_plain,2026-06-29,0.34597230774579113,0.24715840698071137,0.4068692852734975
4057713,2026-07-04,M2,2026,1,HIFK Soccer,MYPA,49735,129934,4,0,H,poisson_plain,2026-06-29,0.7275352407016535,0.1484257224607146,0.12403903683763189
4057888,2026-07-04,M2,2026,3,Idrottsföreningen Kraft,Fotbollsföreningen JARO Jalkapalloseura,60686,144364,8,0,H,poisson_plain,2026-06-29,0.39612370790653717,0.195475031694387,0.40840126039907587
4057891,2026-07-04,M2,2026,3,Jalkapalloseura Hercules,FC Vaajakoski,61004,60496,2,2,D,poisson_plain,2026-06-29,0.3350168474451635,0.19700769287476969,0.46797545968006676
4038219,2026-07-04,NL,2026,1,PK-35 Vantaa,Helsingin Palloseura,60671,60781,0,1,A,poisson_plain,2026-06-29,0.2867186642178106,0.20446351826880158,0.508817817513388
4057800,2026-07-04,M2,2026,2,FC Honka,Musan Salama,62416,60696,7,1,H,poisson_plain,2026-06-29,0.9264847914778876,0.05020718065932993,0.023308027862782403
4057890,2026-07-04,M2,2026,3,Tornion Pallo-47,Gamlakarleby Bollklubb,60666,60492,3,4,A,poisson_plain,2026-06-29,0.3435226767389802,0.1982045069900681,0.45827281627095173
4038105,2026-07-04,M1L,2026,1,Ekenäs Idrottsförening,Pallokerho-35,60495,50775,0,3,A,poisson_plain,2026-06-29,0.30423759108197135,0.2510372638596271,0.4447251450584016
4057712,2026-07-04,M2,2026,1,Helsingin Palloseura,Lahden Reipas,49949,61562,3,2,H,poisson_plain,2026-06-29,0.4396767700186173,0.2115406648825241,0.3487825650988586
4038220,2026-07-04,NL,2026,1,Helsingin Jalkapalloklubi,Kuopion Palloseura,60682,157420,2,0,H,poisson_plain,2026-06-29,0.6230581466485142,0.21280462418367577,0.16413722916780998
4043065,2026-07-04,M1,2026,1,Oulun Luistinseura,Football Club International Turku,106449,60860,1,3,A,poisson_plain,2026-06-29,0.7414442795431742,0.1331742831373351,0.1253814373194908
4043063,2026-07-04,M1,2026,1,Kuopion Palloseura,Jalkapalloseura Tampere United,106331,106945,2,3,A,poisson_plain,2026-06-29,0.4120217797895882,0.24000895885429038,0.3479692613561215
4038218,2026-07-04,NL,2026,1,Ilves,Åland United,60776,60532,0,2,A,poisson_plain,2026-06-29,0.4022511758597114,0.20902878889672982,0.38872003524355875
4057711,2026-07-04,M2,2026,1,Union Plaani,Puistolan Urheilijat,61723,49973,2,1,H,poisson_plain,2026-06-29,0.20803585890190987,0.22254603317239,0.5694181079257002
4057710,2026-07-04,M2,2026,1,Atlantis FC Edustus,Pepo Lappeenranta,60702,61010,5,1,H,poisson_plain,2026-06-29,0.4977519215776771,0.20094646561966323,0.3013016128026597
4043062,2026-07-04,M1,2026,1,Salon Palloilijat,Vantaan Jalkapalloseura,60690,63440,2,2,D,poisson_plain,2026-06-29,0.4451614243475227,0.22928530400758937,0.32555327164488784
4036934,2026-07-04,VL,2026,1,SEINÄJOEN JALKAPALLOKERHO,TPS Juniorijalkapallo,60970,60971,3,1,H,poisson_plain,2026-06-29,0.4180560597039421,0.264328032592406,0.31761590770365195
4036933,2026-07-04,VL,2026,1,Fotbollsföreningen JARO Jalkapalloseura,Ilves,60974,60745,2,1,H,poisson_plain,2026-06-29,0.17809126886781743,0.18542866460224772,0.6364800665299348
4036935,2026-07-04,VL,2026,1,Vaasan Palloseura,IFK Mariehamn Fotboll,60901,60759,4,0,H,poisson_plain,2026-06-29,0.5624318983329284,0.24273518031599578,0.19483292135107577
4036932,2026-07-04,VL,2026,1,FC Lahti,IF Gnistan,60969,60534,1,0,H,poisson_plain,2026-06-29,0.4423797367722578,0.261061039153305,0.29655922407443713
4038106,2026-07-05,M1L,2026,1,Mikkelin Palloilijat,Football Club Haka,60494,60561,2,1,H,poisson_plain,2026-06-29,0.22323709795911803,0.2942024209873249,0.4825604810535572
4057803,2026-07-05,M2,2026,2,Ilves,Espoon Palloseuran Jalkapallo,106905,62296,4,2,H,poisson_plain,2026-06-29,0.635590809624917,0.17844426630643986,0.18596492406864312
4057889,2026-07-05,M2,2026,3,Vaasan Palloseura,Äänekosken Huima,169909,35117343,3,1,H,poisson_plain,2026-06-29,0.6640373929370398,0.15138689678580716,0.1845757102771531
4043064,2026-07-05,M1,2026,1,Tampereen Pallo-Veikot,JJK Jyväskylä,60704,144858,1,0,H,poisson_plain,2026-06-29,0.25445391267939066,0.24388534976248163,0.5016607375581278
4043067,2026-07-05,M1,2026,1,Rovaniemen Palloseura,Pallokerho Keski-Uusimaa,60973,60929,4,3,H,poisson_plain,2026-06-29,0.49904466762379734,0.22078413326944887,0.28017119910675387
4038221,2026-07-05,NL,2026,1,Idrottsföreningen Kamraterna Vasa,IF Gnistan,60691,35209545,0,1,A,poisson_plain,2026-06-29,0.14557865736103762,0.1706012646245401,0.6838200780144224
4043061,2026-06-29,M1,2026,1,Vantaan Jalkapalloseura,Tampereen Pallo-Veikot,63440,60704,2,1,H,dc_best,2026-06-29,0.6641847763524903,0.21882680542720914,0.11698841822030048
4057887,2026-06-30,M2,2026,3,SJK Akatemia,FC Vaajakoski,131834,60496,3,0,H,dc_best,2026-06-29,0.4251651006929026,0.20396276374248926,0.37087213556460824
4043066,2026-07-02,M1,2026,1,FC Jazz Juniorit,KPV Juniorit,60521,60536,0,1,A,dc_best,2026-06-29,0.7368433370325406,0.159520646625264,0.10363601634219555
4057709,2026-07-02,M2,2026,1,Pallo-Pojat Juniorit,Football Club Kiffen 08,48924,60554,1,2,A,dc_best,2026-06-29,0.4947437460580297,0.21315179831157277,0.29210445563039755
4057799,2026-07-02,M2,2026,2,Esbo Bollklubb,Idrottsföreningen Kamraterna i Åbo,63411,60996,1,6,A,dc_best,2026-06-29,0.14053846519133184,0.2011580510194112,0.6583034837892571
4057801,2026-07-03,M2,2026,2,GrIFK - Fotboll,Nurmijärven Jalkapalloseura,60549,60537,2,0,H,dc_best,2026-06-29,0.7026132294943772,0.17119566262238103,0.1261911078832418
4038104,2026-07-03,M1L,2026,1,FC KTP Kotka,Jippo,60972,129811,3,3,D,dc_best,2026-06-29,0.4098101241099728,0.29689909103343043,0.2932907848565969
4038103,2026-07-03,M1L,2026,1,Järvenpään Palloseura,SJK Akatemia,60676,168874,1,0,H,dc_best,2026-06-29,0.46950988340350897,0.24052583706790384,0.2899642795285873
4057802,2026-07-04,M2,2026,2,Pallo-Iirot,Hämeenlinnan Jalkapalloseura,107307,35121579,3,0,H,dc_best,2026-06-29,0.3349324146379501,0.2497564666597865,0.41531111870226345
4057713,2026-07-04,M2,2026,1,HIFK Soccer,MYPA,49735,129934,4,0,H,dc_best,2026-06-29,0.721998709657853,0.16403129696644006,0.11396999337570698
4057888,2026-07-04,M2,2026,3,Idrottsföreningen Kraft,Fotbollsföreningen JARO Jalkapalloseura,60686,144364,8,0,H,dc_best,2026-06-29,0.49308387129445747,0.18082001264528427,0.32609611606025823
4057891,2026-07-04,M2,2026,3,Jalkapalloseura Hercules,FC Vaajakoski,61004,60496,2,2,D,dc_best,2026-06-29,0.28169667916536345,0.19235086231271648,0.5259524585219202
4038219,2026-07-04,NL,2026,1,PK-35 Vantaa,Helsingin Palloseura,60671,60781,0,1,A,dc_best,2026-06-29,0.1677503696346876,0.222622164643887,0.6096274657214253
4057800,2026-07-04,M2,2026,2,FC Honka,Musan Salama,62416,60696,7,1,H,dc_best,2026-06-29,0.946990957051347,0.03756612709477459,0.015442915853878513
4057890,2026-07-04,M2,2026,3,Tornion Pallo-47,Gamlakarleby Bollklubb,60666,60492,3,4,A,dc_best,2026-06-29,0.3570688646579563,0.21183877024867437,0.43109236509336946
4038105,2026-07-04,M1L,2026,1,Ekenäs Idrottsförening,Pallokerho-35,60495,50775,0,3,A,dc_best,2026-06-29,0.24813209152871626,0.1884481207964001,0.5634197876748837
4057712,2026-07-04,M2,2026,1,Helsingin Palloseura,Lahden Reipas,49949,61562,3,2,H,dc_best,2026-06-29,0.4332535638239301,0.21278198559162148,0.3539644505844483
4038220,2026-07-04,NL,2026,1,Helsingin Jalkapalloklubi,Kuopion Palloseura,60682,157420,2,0,H,dc_best,2026-06-29,0.6226238428105465,0.20087585463480087,0.17650030255465277
4043065,2026-07-04,M1,2026,1,Oulun Luistinseura,Football Club International Turku,106449,60860,1,3,A,dc_best,2026-06-29,0.798338332680152,0.11727198929332637,0.08438967802652161
4043063,2026-07-04,M1,2026,1,Kuopion Palloseura,Jalkapalloseura Tampere United,106331,106945,2,3,A,dc_best,2026-06-29,0.20196382477353203,0.24592729025396728,0.5521088849725008
4038218,2026-07-04,NL,2026,1,Ilves,Åland United,60776,60532,0,2,A,dc_best,2026-06-29,0.35911775647211924,0.2163398661250508,0.42454237740283
4057711,2026-07-04,M2,2026,1,Union Plaani,Puistolan Urheilijat,61723,49973,2,1,H,dc_best,2026-06-29,0.2948271070691679,0.2481351555694677,0.4570377373613644
4057710,2026-07-04,M2,2026,1,Atlantis FC Edustus,Pepo Lappeenranta,60702,61010,5,1,H,dc_best,2026-06-29,0.4376648997598679,0.2079119509179873,0.35442314932214475
4043062,2026-07-04,M1,2026,1,Salon Palloilijat,Vantaan Jalkapalloseura,60690,63440,2,2,D,dc_best,2026-06-29,0.4391849930806905,0.24102923276570518,0.31978577415360443
4036934,2026-07-04,VL,2026,1,SEINÄJOEN JALKAPALLOKERHO,TPS Juniorijalkapallo,60970,60971,3,1,H,dc_best,2026-06-29,0.37792627073544205,0.3172452550622533,0.30482847420230474
4036933,2026-07-04,VL,2026,1,Fotbollsföreningen JARO Jalkapalloseura,Ilves,60974,60745,2,1,H,dc_best,2026-06-29,0.1934775752126593,0.1985944953851675,0.6079279294021732
4036935,2026-07-04,VL,2026,1,Vaasan Palloseura,IFK Mariehamn Fotboll,60901,60759,4,0,H,dc_best,2026-06-29,0.6797991664089907,0.23518805899126208,0.08501277459974732
4036932,2026-07-04,VL,2026,1,FC Lahti,IF Gnistan,60969,60534,1,0,H,dc_best,2026-06-29,0.3991319392855952,0.3100939331172987,0.290774127597106
4038106,2026-07-05,M1L,2026,1,Mikkelin Palloilijat,Football Club Haka,60494,60561,2,1,H,dc_best,2026-06-29,0.2733543514326047,0.23094674625989817,0.49569890230749714
4057803,2026-07-05,M2,2026,2,Ilves,Espoon Palloseuran Jalkapallo,106905,62296,4,2,H,dc_best,2026-06-29,0.6210691675821001,0.17479530274687116,0.20413552967102883
4057889,2026-07-05,M2,2026,3,Vaasan Palloseura,Äänekosken Huima,169909,35117343,3,1,H,dc_best,2026-06-29,0.5124322442605221,0.17406752082346877,0.3135002349160091
4043064,2026-07-05,M1,2026,1,Tampereen Pallo-Veikot,JJK Jyväskylä,60704,144858,1,0,H,dc_best,2026-06-29,0.19648398561749142,0.2166559903833303,0.5868600239991784
4043067,2026-07-05,M1,2026,1,Rovaniemen Palloseura,Pallokerho Keski-Uusimaa,60973,60929,4,3,H,dc_best,2026-06-29,0.5069000920821157,0.25935883663564174,0.23374107128224247
4038221,2026-07-05,NL,2026,1,Idrottsföreningen Kamraterna Vasa,IF Gnistan,60691,35209545,0,1,A,dc_best,2026-06-29,0.15480854947288658,0.18622104656848923,0.6589704039586243
4057892,2026-07-07,M2,2026,3,Jakobstads Bollklubb,Idrottsföreningen Kraft,61766,60686,4,2,H,b0_base_rate,2026-07-06,0.49284253578732107,0.14519427402862986,0.3619631901840491
4057893,2026-07-08,M2,2026,3,Fotbollsföreningen JARO Jalkapalloseura,SJK Akatemia,144364,131834,2,3,A,b0_base_rate,2026-07-06,0.49284253578732107,0.14519427402862986,0.3619631901840491
4057804,2026-07-09,M2,2026,2,Musan Salama,GrIFK - Fotboll,60696,60549,3,1,H,b0_base_rate,2026-07-06,0.49284253578732107,0.14519427402862986,0.3619631901840491
4043069,2026-07-10,M1,2026,1,Jalkapalloseura Tampere United,Salon Palloilijat,106945,60690,0,1,A,b0_base_rate,2026-07-06,0.48333333333333334,0.20833333333333334,0.30833333333333335
4043068,2026-07-10,M1,2026,1,Football Club International Turku,Rovaniemen Palloseura,60860,60973,0,2,A,b0_base_rate,2026-07-06,0.48333333333333334,0.20833333333333334,0.30833333333333335
4057714,2026-07-10,M2,2026,1,Atlantis FC Edustus,Football Club Kiffen 08,60702,60554,3,5,A,b0_base_rate,2026-07-06,0.49284253578732107,0.14519427402862986,0.3619631901840491
4036938,2026-07-10,VL,2026,1,Vaasan Palloseura,SEINÄJOEN JALKAPALLOKERHO,60901,60970,1,0,H,b0_base_rate,2026-07-06,0.4296577946768061,0.25475285171102663,0.3155893536121673
4038108,2026-07-10,M1L,2026,1,FC KTP Kotka,Järvenpään Palloseura,60972,60676,4,1,H,b0_base_rate,2026-07-06,0.4321608040201005,0.24623115577889448,0.32160804020100503
4038109,2026-07-10,M1L,2026,1,Pallokerho-35,Käpylän Pallo,50775,60487,3,1,H,b0_base_rate,2026-07-06,0.4321608040201005,0.24623115577889448,0.32160804020100503
4057805,2026-07-10,M2,2026,2,Idrottsföreningen Kamraterna i Åbo,Ilves,60996,106905,1,1,D,b0_base_rate,2026-07-06,0.49284253578732107,0.14519427402862986,0.3619631901840491
4057898,2026-07-10,M2,2026,3,Gamlakarleby Bollklubb,Jakobstads Bollklubb,60492,61766,2,0,H,b0_base_rate,2026-07-06,0.49284253578732107,0.14519427402862986,0.3619631901840491
4057717,2026-07-11,M2,2026,1,Pepo Lappeenranta,Helsingin Palloseura,61010,49949,2,0,H,b0_base_rate,2026-07-06,0.49284253578732107,0.14519427402862986,0.3619631901840491
4057806,2026-07-11,M2,2026,2,Espoon Palloseuran Jalkapallo,Pallo-Iirot,62296,107307,2,0,H,b0_base_rate,2026-07-06,0.49284253578732107,0.14519427402862986,0.3619631901840491
4057807,2026-07-11,M2,2026,2,Nurmijärven Jalkapalloseura,Esbo Bollklubb,60537,63411,1,3,A,b0_base_rate,2026-07-06,0.49284253578732107,0.14519427402862986,0.3619631901840491
4057715,2026-07-11,M2,2026,1,Puistolan Urheilijat,Pallo-Pojat Juniorit,49973,48924,4,1,H,b0_base_rate,2026-07-06,0.49284253578732107,0.14519427402862986,0.3619631901840491
4057716,2026-07-11,M2,2026,1,MYPA,Union Plaani,129934,61723,2,0,H,b0_base_rate,2026-07-06,0.49284253578732107,0.14519427402862986,0.3619631901840491
4057894,2026-07-11,M2,2026,3,Äänekosken Huima,Jalkapalloseura Hercules,35117343,61004,0,0,D,b0_base_rate,2026-07-06,0.49284253578732107,0.14519427402862986,0.3619631901840491
4043071,2026-07-11,M1,2026,1,Vantaan Jalkapalloseura,Oulun Luistinseura,63440,106449,4,3,H,b0_base_rate,2026-07-06,0.48333333333333334,0.20833333333333334,0.30833333333333335
4043072,2026-07-11,M1,2026,1,JJK Jyväskylä,Kuopion Palloseura,144858,106331,4,4,D,b0_base_rate,2026-07-06,0.48333333333333334,0.20833333333333334,0.30833333333333335
4043073,2026-07-11,M1,2026,1,KPV Juniorit,Tampereen Pallo-Veikot,60536,60704,1,3,A,b0_base_rate,2026-07-06,0.48333333333333334,0.20833333333333334,0.30833333333333335
4043070,2026-07-11,M1,2026,1,Pallokerho Keski-Uusimaa,FC Jazz Juniorit,60929,60521,2,1,H,b0_base_rate,2026-07-06,0.48333333333333334,0.20833333333333334,0.30833333333333335
4036940,2026-07-11,VL,2026,1,IF Gnistan,IFK Mariehamn Fotboll,60534,60759,4,2,H,b0_base_rate,2026-07-06,0.4296577946768061,0.25475285171102663,0.3155893536121673
4038110,2026-07-11,M1L,2026,1,Football Club Haka,Ekenäs Idrottsförening,60561,60495,3,1,H,b0_base_rate,2026-07-06,0.4321608040201005,0.24623115577889448,0.32160804020100503
4038111,2026-07-11,M1L,2026,1,SJK Akatemia,Mikkelin Palloilijat,168874,60494,1,1,D,b0_base_rate,2026-07-06,0.4321608040201005,0.24623115577889448,0.32160804020100503
4038112,2026-07-11,M1L,2026,1,Helsingin Jalkapalloklubi,Jippo,60692,129811,0,2,A,b0_base_rate,2026-07-06,0.4321608040201005,0.24623115577889448,0.32160804020100503
4036941,2026-07-11,VL,2026,1,TPS Juniorijalkapallo,Oulun edustusjalkapallo AC Oulu,60971,60493,3,0,H,b0_base_rate,2026-07-06,0.4296577946768061,0.25475285171102663,0.3155893536121673
4036939,2026-07-11,VL,2026,1,FC Lahti,Helsingin Jalkapalloklubin Liiga-HJK,60969,60731,2,0,H,b0_base_rate,2026-07-06,0.4296577946768061,0.25475285171102663,0.3155893536121673
4057895,2026-07-12,M2,2026,3,FC Vaajakoski,Fotbollsföreningen JARO Jalkapalloseura,60496,144364,5,2,H,b0_base_rate,2026-07-06,0.49284253578732107,0.14519427402862986,0.3619631901840491
4038225,2026-07-12,NL,2026,1,Åland United,PK-35 Vantaa,60532,60671,4,1,H,b0_base_rate,2026-07-06,0.5153846153846153,0.1,0.38461538461538464
4057897,2026-07-12,M2,2026,3,Idrottsföreningen Kraft,Vaasan Palloseura,60686,169909,3,2,H,b0_base_rate,2026-07-06,0.49284253578732107,0.14519427402862986,0.3619631901840491
4057718,2026-07-12,M2,2026,1,Lahden Reipas,HIFK Soccer,61562,49735,1,1,D,b0_base_rate,2026-07-06,0.49284253578732107,0.14519427402862986,0.3619631901840491
4038222,2026-07-12,NL,2026,1,Kuopion Palloseura,Ilves,157420,60776,2,4,A,b0_base_rate,2026-07-06,0.5153846153846153,0.1,0.38461538461538464
4038223,2026-07-12,NL,2026,1,Helsingin Palloseura,Idrottsföreningen Kamraterna Vasa,60781,60691,1,1,D,b0_base_rate,2026-07-06,0.5153846153846153,0.1,0.38461538461538464
4038224,2026-07-12,NL,2026,1,IF Gnistan,Helsingin Jalkapalloklubi,35209545,60682,0,1,A,b0_base_rate,2026-07-06,0.5153846153846153,0.1,0.38461538461538464
4057896,2026-07-12,M2,2026,3,SJK Akatemia,Tornion Pallo-47,131834,60666,0,0,D,b0_base_rate,2026-07-06,0.49284253578732107,0.14519427402862986,0.3619631901840491
4057892,2026-07-07,M2,2026,3,Jakobstads Bollklubb,Idrottsföreningen Kraft,61766,60686,4,2,H,g0_logistic_dppg,2026-07-06,0.43698710037801264,0.19966724842447656,0.3633456511975108
4057893,2026-07-08,M2,2026,3,Fotbollsföreningen JARO Jalkapalloseura,SJK Akatemia,144364,131834,2,3,A,g0_logistic_dppg,2026-07-06,0.5896309230920047,0.18998392995379548,0.22038514695419972
4057804,2026-07-09,M2,2026,2,Musan Salama,GrIFK - Fotboll,60696,60549,3,1,H,g0_logistic_dppg,2026-07-06,0.34476215470504645,0.19392175081154928,0.4613160944834043
4043069,2026-07-10,M1,2026,1,Jalkapalloseura Tampere United,Salon Palloilijat,106945,60690,0,1,A,g0_logistic_dppg,2026-07-06,0.5956078873238687,0.18911760238664024,0.2152745102894911
4043068,2026-07-10,M1,2026,1,Football Club International Turku,Rovaniemen Palloseura,60860,60973,0,2,A,g0_logistic_dppg,2026-07-06,0.3704010048994871,0.19643652554111973,0.43316246955939325
4057714,2026-07-10,M2,2026,1,Atlantis FC Edustus,Football Club Kiffen 08,60702,60554,3,5,A,g0_logistic_dppg,2026-07-06,0.40195459739636075,0.1985482148991786,0.3994971877044606
4036938,2026-07-10,VL,2026,1,Vaasan Palloseura,SEINÄJOEN JALKAPALLOKERHO,60901,60970,1,0,H,g0_logistic_dppg,2026-07-06,0.5784042011882867,0.19150889829771145,0.23008690051400177
4038108,2026-07-10,M1L,2026,1,FC KTP Kotka,Järvenpään Palloseura,60972,60676,4,1,H,g0_logistic_dppg,2026-07-06,0.5856194434158448,0.19054409923504556,0.22383645734910962
4038109,2026-07-10,M1L,2026,1,Pallokerho-35,Käpylän Pallo,50775,60487,3,1,H,g0_logistic_dppg,2026-07-06,0.5931234267807519,0.18948233013409077,0.21739424308515728
4057805,2026-07-10,M2,2026,2,Idrottsföreningen Kamraterna i Åbo,Ilves,60996,106905,1,1,D,g0_logistic_dppg,2026-07-06,0.5447147989533269,0.19529624021333672,0.25998896083333645
4057898,2026-07-10,M2,2026,3,Gamlakarleby Bollklubb,Jakobstads Bollklubb,60492,61766,2,0,H,g0_logistic_dppg,2026-07-06,0.505587853700361,0.19823806013458226,0.2961740861650568
4057717,2026-07-11,M2,2026,1,Pepo Lappeenranta,Helsingin Palloseura,61010,49949,2,0,H,g0_logistic_dppg,2026-07-06,0.4668954624043457,0.1996282629180853,0.33347627467756896
4057806,2026-07-11,M2,2026,2,Espoon Palloseuran Jalkapallo,Pallo-Iirot,62296,107307,2,0,H,g0_logistic_dppg,2026-07-06,0.40195459739636075,0.1985482148991786,0.3994971877044606
4057807,2026-07-11,M2,2026,2,Nurmijärven Jalkapalloseura,Esbo Bollklubb,60537,63411,1,3,A,g0_logistic_dppg,2026-07-06,0.38907395246561227,0.19781465625016348,0.41311139128422425
4057715,2026-07-11,M2,2026,1,Puistolan Urheilijat,Pallo-Pojat Juniorit,49973,48924,4,1,H,g0_logistic_dppg,2026-07-06,0.37627516408330525,0.19691064059256486,0.42681419532412995
4057716,2026-07-11,M2,2026,1,MYPA,Union Plaani,129934,61723,2,0,H,g0_logistic_dppg,2026-07-06,0.5183281543101587,0.19745033926592143,0.28422150642391997
4057894,2026-07-11,M2,2026,3,Äänekosken Huima,Jalkapalloseura Hercules,35117343,61004,0,0,D,g0_logistic_dppg,2026-07-06,0.568061971868104,0.19279666290000158,0.23914136523189444
4043071,2026-07-11,M1,2026,1,Vantaan Jalkapalloseura,Oulun Luistinseura,63440,106449,4,3,H,g0_logistic_dppg,2026-07-06,0.4577713038663043,0.19973626098098465,0.342492435152711
4043072,2026-07-11,M1,2026,1,JJK Jyväskylä,Kuopion Palloseura,144858,106331,4,4,D,g0_logistic_dppg,2026-07-06,0.6274277661002894,0.18385639288425554,0.18871584101545505
4043073,2026-07-11,M1,2026,1,KPV Juniorit,Tampereen Pallo-Veikot,60536,60704,1,3,A,g0_logistic_dppg,2026-07-06,0.45790225308533794,0.19973530621424812,0.34236244070041405
4043070,2026-07-11,M1,2026,1,Pallokerho Keski-Uusimaa,FC Jazz Juniorit,60929,60521,2,1,H,g0_logistic_dppg,2026-07-06,0.5070628273279884,0.19815524258950287,0.2947819300825089
4036940,2026-07-11,VL,2026,1,IF Gnistan,IFK Mariehamn Fotboll,60534,60759,4,2,H,g0_logistic_dppg,2026-07-06,0.6240470727466766,0.1844680271058295,0.19148490014749392
4038110,2026-07-11,M1L,2026,1,Football Club Haka,Ekenäs Idrottsförening,60561,60495,3,1,H,g0_logistic_dppg,2026-07-06,0.5338596589829776,0.19626806422518792,0.2698722767918345
4038111,2026-07-11,M1L,2026,1,SJK Akatemia,Mikkelin Palloilijat,168874,60494,1,1,D,g0_logistic_dppg,2026-07-06,0.37040100489948713,0.19643652554111973,0.43316246955939325
4038112,2026-07-11,M1L,2026,1,Helsingin Jalkapalloklubi,Jippo,60692,129811,0,2,A,g0_logistic_dppg,2026-07-06,0.34555987558676815,0.1940110971520898,0.4604290272611421
4036941,2026-07-11,VL,2026,1,TPS Juniorijalkapallo,Oulun edustusjalkapallo AC Oulu,60971,60493,3,0,H,g0_logistic_dppg,2026-07-06,0.4084194895387384,0.19885054401163674,0.3927299664496249
4036939,2026-07-11,VL,2026,1,FC Lahti,Helsingin Jalkapalloklubin Liiga-HJK,60969,60731,2,0,H,g0_logistic_dppg,2026-07-06,0.4186040924704959,0.1992383983585069,0.3821575091709973
4057895,2026-07-12,M2,2026,3,FC Vaajakoski,Fotbollsföreningen JARO Jalkapalloseura,60496,144364,5,2,H,g0_logistic_dppg,2026-07-06,0.3510000862573697,0.19460119336543627,0.4543987203771941
4038225,2026-07-12,NL,2026,1,Åland United,PK-35 Vantaa,60532,60671,4,1,H,g0_logistic_dppg,2026-07-06,0.6375105978858939,0.181956372446072,0.18053302966803417
4057897,2026-07-12,M2,2026,3,Idrottsföreningen Kraft,Vaasan Palloseura,60686,169909,3,2,H,g0_logistic_dppg,2026-07-06,0.47985363306626316,0.19933053823079613,0.3208158287029407
4057718,2026-07-12,M2,2026,1,Lahden Reipas,HIFK Soccer,61562,49735,1,1,D,g0_logistic_dppg,2026-07-06,0.3890739524656123,0.19781465625016348,0.41311139128422425
4038222,2026-07-12,NL,2026,1,Kuopion Palloseura,Ilves,157420,60776,2,4,A,g0_logistic_dppg,2026-07-06,0.6036782236080089,0.18788726223010752,0.20843451416188352
4038223,2026-07-12,NL,2026,1,Helsingin Palloseura,Idrottsföreningen Kamraterna Vasa,60781,60691,1,1,D,g0_logistic_dppg,2026-07-06,0.7352424799597397,0.15723065678699805,0.10752686325326216
4038224,2026-07-12,NL,2026,1,IF Gnistan,Helsingin Jalkapalloklubi,35209545,60682,0,1,A,g0_logistic_dppg,2026-07-06,0.25674755358187695,0.17932596195409578,0.5639264844640273
4057896,2026-07-12,M2,2026,3,SJK Akatemia,Tornion Pallo-47,131834,60666,0,0,D,g0_logistic_dppg,2026-07-06,0.47985363306626316,0.19933053823079613,0.3208158287029407
4057892,2026-07-07,M2,2026,3,Jakobstads Bollklubb,Idrottsföreningen Kraft,61766,60686,4,2,H,poisson_plain,2026-07-06,0.5613244170596462,0.2219324837729023,0.21674309916745138
4057893,2026-07-08,M2,2026,3,Fotbollsföreningen JARO Jalkapalloseura,SJK Akatemia,144364,131834,2,3,A,poisson_plain,2026-07-06,0.4483845849491175,0.1785252828157833,0.37309013223509935
4057804,2026-07-09,M2,2026,2,Musan Salama,GrIFK - Fotboll,60696,60549,3,1,H,poisson_plain,2026-07-06,0.4674381743722055,0.21574958168092634,0.3168122439468682
4043069,2026-07-10,M1,2026,1,Jalkapalloseura Tampere United,Salon Palloilijat,106945,60690,0,1,A,poisson_plain,2026-07-06,0.48692312298476953,0.2209347386145687,0.2921421384006618
4043068,2026-07-10,M1,2026,1,Football Club International Turku,Rovaniemen Palloseura,60860,60973,0,2,A,poisson_plain,2026-07-06,0.46892199804749635,0.19296266533238593,0.33811533662011767
4057714,2026-07-10,M2,2026,1,Atlantis FC Edustus,Football Club Kiffen 08,60702,60554,3,5,A,poisson_plain,2026-07-06,0.5391649832532411,0.17757639696761643,0.28325861977914246
4036938,2026-07-10,VL,2026,1,Vaasan Palloseura,SEINÄJOEN JALKAPALLOKERHO,60901,60970,1,0,H,poisson_plain,2026-07-06,0.3251185376010782,0.2388033944466922,0.43607806795222953
4038108,2026-07-10,M1L,2026,1,FC KTP Kotka,Järvenpään Palloseura,60972,60676,4,1,H,poisson_plain,2026-07-06,0.6220469769233198,0.21292497073484523,0.165028052341835
4038109,2026-07-10,M1L,2026,1,Pallokerho-35,Käpylän Pallo,50775,60487,3,1,H,poisson_plain,2026-07-06,0.6723171506076647,0.18957981772673063,0.1381030316656047
4057805,2026-07-10,M2,2026,2,Idrottsföreningen Kamraterna i Åbo,Ilves,60996,106905,1,1,D,poisson_plain,2026-07-06,0.6250760171394796,0.19060685510620504,0.18431712775431536
4057898,2026-07-10,M2,2026,3,Gamlakarleby Bollklubb,Jakobstads Bollklubb,60492,61766,2,0,H,poisson_plain,2026-07-06,0.4247906190557789,0.25823379985187583,0.3169755810923453
4057717,2026-07-11,M2,2026,1,Pepo Lappeenranta,Helsingin Palloseura,61010,49949,2,0,H,poisson_plain,2026-07-06,0.46858671619383974,0.24618210294322043,0.28523118086293975
4057806,2026-07-11,M2,2026,2,Espoon Palloseuran Jalkapallo,Pallo-Iirot,62296,107307,2,0,H,poisson_plain,2026-07-06,0.5407190629277177,0.2124149793126794,0.24686595775960302
4057807,2026-07-11,M2,2026,2,Nurmijärven Jalkapalloseura,Esbo Bollklubb,60537,63411,1,3,A,poisson_plain,2026-07-06,0.34553325565280263,0.22516042873159675,0.42930631561560073
4057715,2026-07-11,M2,2026,1,Puistolan Urheilijat,Pallo-Pojat Juniorit,49973,48924,4,1,H,poisson_plain,2026-07-06,0.3491663571063156,0.24301769678161225,0.4078159461120721
4057716,2026-07-11,M2,2026,1,MYPA,Union Plaani,129934,61723,2,0,H,poisson_plain,2026-07-06,0.6966163292750143,0.15393588562456298,0.1494477851004227
4057894,2026-07-11,M2,2026,3,Äänekosken Huima,Jalkapalloseura Hercules,35117343,61004,0,0,D,poisson_plain,2026-07-06,0.8531151826384646,0.08316739521137541,0.06371742215016
4043071,2026-07-11,M1,2026,1,Vantaan Jalkapalloseura,Oulun Luistinseura,63440,106449,4,3,H,poisson_plain,2026-07-06,0.41114798708524414,0.25074417437203617,0.33810783854271964
4043072,2026-07-11,M1,2026,1,JJK Jyväskylä,Kuopion Palloseura,144858,106331,4,4,D,poisson_plain,2026-07-06,0.5733435703166847,0.19778491292158293,0.2288715167617323
4043073,2026-07-11,M1,2026,1,KPV Juniorit,Tampereen Pallo-Veikot,60536,60704,1,3,A,poisson_plain,2026-07-06,0.47963235766953105,0.2464771197201111,0.27389052261035796
4043070,2026-07-11,M1,2026,1,Pallokerho Keski-Uusimaa,FC Jazz Juniorit,60929,60521,2,1,H,poisson_plain,2026-07-06,0.5134800803016448,0.21991258020559645,0.2666073394927587
4036940,2026-07-11,VL,2026,1,IF Gnistan,IFK Mariehamn Fotboll,60534,60759,4,2,H,poisson_plain,2026-07-06,0.5909041233353429,0.21290998183455923,0.1961858948300979
4038110,2026-07-11,M1L,2026,1,Football Club Haka,Ekenäs Idrottsförening,60561,60495,3,1,H,poisson_plain,2026-07-06,0.5481089668464347,0.2111574369553664,0.2407335961981989
4038111,2026-07-11,M1L,2026,1,SJK Akatemia,Mikkelin Palloilijat,168874,60494,1,1,D,poisson_plain,2026-07-06,0.3501430990448826,0.3006174462089292,0.34923945474618817
4038112,2026-07-11,M1L,2026,1,Helsingin Jalkapalloklubi,Jippo,60692,129811,0,2,A,poisson_plain,2026-07-06,0.3237968601457968,0.2801494200312637,0.3960537198229396
4036941,2026-07-11,VL,2026,1,TPS Juniorijalkapallo,Oulun edustusjalkapallo AC Oulu,60971,60493,3,0,H,poisson_plain,2026-07-06,0.4676761846454698,0.27091539738470477,0.2614084179698255
4036939,2026-07-11,VL,2026,1,FC Lahti,Helsingin Jalkapalloklubin Liiga-HJK,60969,60731,2,0,H,poisson_plain,2026-07-06,0.3015116911817287,0.25196869150722806,0.4465196173110434
4057895,2026-07-12,M2,2026,3,FC Vaajakoski,Fotbollsföreningen JARO Jalkapalloseura,60496,144364,5,2,H,poisson_plain,2026-07-06,0.457051163326186,0.18646137644922683,0.3564874602245871
4038225,2026-07-12,NL,2026,1,Åland United,PK-35 Vantaa,60532,60671,4,1,H,poisson_plain,2026-07-06,0.7083184948661438,0.1505026923672621,0.14117881276659416
4057897,2026-07-12,M2,2026,3,Idrottsföreningen Kraft,Vaasan Palloseura,60686,169909,3,2,H,poisson_plain,2026-07-06,0.22973627568135785,0.18057827915749908,0.5896854451611432
4057718,2026-07-12,M2,2026,1,Lahden Reipas,HIFK Soccer,61562,49735,1,1,D,poisson_plain,2026-07-06,0.3461890804387093,0.21292310677497941,0.44088781278631134
4038222,2026-07-12,NL,2026,1,Kuopion Palloseura,Ilves,157420,60776,2,4,A,poisson_plain,2026-07-06,0.7441638049460441,0.1517417103325779,0.10409448472137803
4038223,2026-07-12,NL,2026,1,Helsingin Palloseura,Idrottsföreningen Kamraterna Vasa,60781,60691,1,1,D,poisson_plain,2026-07-06,0.9294597898877,0.052025619354180874,0.018514590758119297
4038224,2026-07-12,NL,2026,1,IF Gnistan,Helsingin Jalkapalloklubi,35209545,60682,0,1,A,poisson_plain,2026-07-06,0.056720490580236246,0.09894963833942035,0.8443298710803435
4057896,2026-07-12,M2,2026,3,SJK Akatemia,Tornion Pallo-47,131834,60666,0,0,D,poisson_plain,2026-07-06,0.6244251007101735,0.1554944814595903,0.22008041783023613
4057892,2026-07-07,M2,2026,3,Jakobstads Bollklubb,Idrottsföreningen Kraft,61766,60686,4,2,H,dc_best,2026-07-06,0.4166409796254785,0.22323756712157933,0.3601214532529423
4057893,2026-07-08,M2,2026,3,Fotbollsföreningen JARO Jalkapalloseura,SJK Akatemia,144364,131834,2,3,A,dc_best,2026-07-06,0.4609653132172681,0.194865216734002,0.34416947004873
4057804,2026-07-09,M2,2026,2,Musan Salama,GrIFK - Fotboll,60696,60549,3,1,H,dc_best,2026-07-06,0.3424216467426373,0.22480760945059386,0.4327707438067689
4043069,2026-07-10,M1,2026,1,Jalkapalloseura Tampere United,Salon Palloilijat,106945,60690,0,1,A,dc_best,2026-07-06,0.6404161071107998,0.18319692066773935,0.17638697222146082
4043068,2026-07-10,M1,2026,1,Football Club International Turku,Rovaniemen Palloseura,60860,60973,0,2,A,dc_best,2026-07-06,0.26545205640230896,0.17786029865778621,0.5566876449399049
4057714,2026-07-10,M2,2026,1,Atlantis FC Edustus,Football Club Kiffen 08,60702,60554,3,5,A,dc_best,2026-07-06,0.519897044556994,0.1763257613927224,0.30377719405028347
4036938,2026-07-10,VL,2026,1,Vaasan Palloseura,SEINÄJOEN JALKAPALLOKERHO,60901,60970,1,0,H,dc_best,2026-07-06,0.4999773458200524,0.26415643776010056,0.23586621641984712
4038108,2026-07-10,M1L,2026,1,FC KTP Kotka,Järvenpään Palloseura,60972,60676,4,1,H,dc_best,2026-07-06,0.666397617133966,0.1659698890415948,0.1676324938244393
4038109,2026-07-10,M1L,2026,1,Pallokerho-35,Käpylän Pallo,50775,60487,3,1,H,dc_best,2026-07-06,0.698383689615404,0.16338065314322567,0.13823565724137046
4057805,2026-07-10,M2,2026,2,Idrottsföreningen Kamraterna i Åbo,Ilves,60996,106905,1,1,D,dc_best,2026-07-06,0.6338534018823888,0.17900559558534268,0.18714100253226854
4057898,2026-07-10,M2,2026,3,Gamlakarleby Bollklubb,Jakobstads Bollklubb,60492,61766,2,0,H,dc_best,2026-07-06,0.4650208864230613,0.23560066955323367,0.29937844402370517
4057717,2026-07-11,M2,2026,1,Pepo Lappeenranta,Helsingin Palloseura,61010,49949,2,0,H,dc_best,2026-07-06,0.41619994215178013,0.240199503012559,0.3436005548356608
4057806,2026-07-11,M2,2026,2,Espoon Palloseuran Jalkapallo,Pallo-Iirot,62296,107307,2,0,H,dc_best,2026-07-06,0.4644162800124193,0.2190794313185404,0.31650428866904035
4057807,2026-07-11,M2,2026,2,Nurmijärven Jalkapalloseura,Esbo Bollklubb,60537,63411,1,3,A,dc_best,2026-07-06,0.2645653284129696,0.22468941831003889,0.5107452532769916
4057715,2026-07-11,M2,2026,1,Puistolan Urheilijat,Pallo-Pojat Juniorit,49973,48924,4,1,H,dc_best,2026-07-06,0.20529973481875863,0.22336118794012946,0.571339077241112
4057716,2026-07-11,M2,2026,1,MYPA,Union Plaani,129934,61723,2,0,H,dc_best,2026-07-06,0.5535594519063726,0.21292632460770425,0.23351422348592332
4057894,2026-07-11,M2,2026,3,Äänekosken Huima,Jalkapalloseura Hercules,35117343,61004,0,0,D,dc_best,2026-07-06,0.837761394763544,0.09116731861941814,0.07107128661703788
4043071,2026-07-11,M1,2026,1,Vantaan Jalkapalloseura,Oulun Luistinseura,63440,106449,4,3,H,dc_best,2026-07-06,0.4277109006886269,0.2504675269302261,0.321821572381147
4043072,2026-07-11,M1,2026,1,JJK Jyväskylä,Kuopion Palloseura,144858,106331,4,4,D,dc_best,2026-07-06,0.6760628066533012,0.15382572569580683,0.17011146765089202
4043073,2026-07-11,M1,2026,1,KPV Juniorit,Tampereen Pallo-Veikot,60536,60704,1,3,A,dc_best,2026-07-06,0.3246338290591461,0.2394004458671918,0.4359657250736621
4043070,2026-07-11,M1,2026,1,Pallokerho Keski-Uusimaa,FC Jazz Juniorit,60929,60521,2,1,H,dc_best,2026-07-06,0.5710787296388127,0.21995360227537133,0.208967668085816
4036940,2026-07-11,VL,2026,1,IF Gnistan,IFK Mariehamn Fotboll,60534,60759,4,2,H,dc_best,2026-07-06,0.6997628326939284,0.2073976814695418,0.09283948583652984
4038110,2026-07-11,M1L,2026,1,Football Club Haka,Ekenäs Idrottsförening,60561,60495,3,1,H,dc_best,2026-07-06,0.5920922173186854,0.16499505324018138,0.24291272944113318
4038111,2026-07-11,M1L,2026,1,SJK Akatemia,Mikkelin Palloilijat,168874,60494,1,1,D,dc_best,2026-07-06,0.2595610262775576,0.26841186466041306,0.4720271090620295
4038112,2026-07-11,M1L,2026,1,Helsingin Jalkapalloklubi,Jippo,60692,129811,0,2,A,dc_best,2026-07-06,0.3010811286346569,0.24517321192760594,0.45374565943773726
4036941,2026-07-11,VL,2026,1,TPS Juniorijalkapallo,Oulun edustusjalkapallo AC Oulu,60971,60493,3,0,H,dc_best,2026-07-06,0.3612693967702999,0.3313312315955117,0.3073993716341884
4036939,2026-07-11,VL,2026,1,FC Lahti,Helsingin Jalkapalloklubin Liiga-HJK,60969,60731,2,0,H,dc_best,2026-07-06,0.35566328008426873,0.29289172461820673,0.35144499529752454
4057895,2026-07-12,M2,2026,3,FC Vaajakoski,Fotbollsföreningen JARO Jalkapalloseura,60496,144364,5,2,H,dc_best,2026-07-06,0.47976407620174527,0.18582825010763152,0.3344076736906233
4038225,2026-07-12,NL,2026,1,Åland United,PK-35 Vantaa,60532,60671,4,1,H,dc_best,2026-07-06,0.8442361846945083,0.09056453847906965,0.06519927682642206
4057897,2026-07-12,M2,2026,3,Idrottsföreningen Kraft,Vaasan Palloseura,60686,169909,3,2,H,dc_best,2026-07-06,0.44357707784973655,0.1828583048066408,0.37356461734362273
4057718,2026-07-12,M2,2026,1,Lahden Reipas,HIFK Soccer,61562,49735,1,1,D,dc_best,2026-07-06,0.35991778450195755,0.2141817118299001,0.4259005036681423
4038222,2026-07-12,NL,2026,1,Kuopion Palloseura,Ilves,157420,60776,2,4,A,dc_best,2026-07-06,0.7382513062208723,0.1383259873612927,0.12342270641783501
4038223,2026-07-12,NL,2026,1,Helsingin Palloseura,Idrottsföreningen Kamraterna Vasa,60781,60691,1,1,D,dc_best,2026-07-06,0.8982397697479702,0.07515441383396372,0.02660581641806616
4038224,2026-07-12,NL,2026,1,IF Gnistan,Helsingin Jalkapalloklubi,35209545,60682,0,1,A,dc_best,2026-07-06,0.07609812556970491,0.10140274615182103,0.8224991282784739
4057896,2026-07-12,M2,2026,3,SJK Akatemia,Tornion Pallo-47,131834,60666,0,0,D,dc_best,2026-07-06,0.4638699416342411,0.20471916728416228,0.33141089108159655
4057808,2026-07-13,M2,2026,2,FC Honka,Hämeenlinnan Jalkapalloseura,62416,35121579,1,1,D,b0_base_rate,2026-07-13,0.49504950495049505,0.1485148514851485,0.3564356435643564
4057788,2026-07-14,M2,2026,2,Ilves,GrIFK - Fotboll,106905,60549,6,2,H,b0_base_rate,2026-07-13,0.49504950495049505,0.1485148514851485,0.3564356435643564
4038113,2026-07-15,M1L,2026,1,Jippo,Mikkelin Palloilijat,129811,60494,3,1,H,b0_base_rate,2026-07-13,0.4362745098039216,0.24509803921568626,0.31862745098039214
4057899,2026-07-15,M2,2026,3,Gamlakarleby Bollklubb,Idrottsföreningen Kraft,60492,60686,6,2,H,b0_base_rate,2026-07-13,0.49504950495049505,0.1485148514851485,0.3564356435643564
4057719,2026-07-16,M2,2026,1,HIFK Soccer,Pallo-Pojat Juniorit,49735,48924,1,2,A,b0_base_rate,2026-07-13,0.49504950495049505,0.1485148514851485,0.3564356435643564
4038115,2026-07-17,M1L,2026,1,Helsingin Jalkapalloklubi,Football Club Haka,60692,60561,2,2,D,b0_base_rate,2026-07-13,0.4362745098039216,0.24509803921568626,0.31862745098039214
4038114,2026-07-17,M1L,2026,1,Käpylän Pallo,SJK Akatemia,60487,168874,2,2,D,b0_base_rate,2026-07-13,0.4362745098039216,0.24509803921568626,0.31862745098039214
4057900,2026-07-17,M2,2026,3,FC Vaajakoski,Äänekosken Huima,60496,35117343,0,1,A,b0_base_rate,2026-07-13,0.49504950495049505,0.1485148514851485,0.3564356435643564
4057809,2026-07-17,M2,2026,2,GrIFK - Fotboll,Idrottsföreningen Kamraterna i Åbo,60549,60996,0,1,A,b0_base_rate,2026-07-13,0.49504950495049505,0.1485148514851485,0.3564356435643564
4043074,2026-07-18,M1,2026,1,Tampereen Pallo-Veikot,Kuopion Palloseura,60704,106331,3,1,H,b0_base_rate,2026-07-13,0.4796747967479675,0.2073170731707317,0.3130081300813008
4036942,2026-07-18,VL,2026,1,Helsingin Jalkapalloklubin Liiga-HJK,Vaasan Palloseura,60731,60901,2,1,H,b0_base_rate,2026-07-13,0.43820224719101125,0.250936329588015,0.31086142322097376
4038226,2026-07-18,NL,2026,1,Ilves,IF Gnistan,60776,35209545,2,2,D,b0_base_rate,2026-07-13,0.5074626865671642,0.1044776119402985,0.3880597014925373
4038227,2026-07-18,NL,2026,1,Kuopion Palloseura,Åland United,157420,60532,1,3,A,b0_base_rate,2026-07-13,0.5074626865671642,0.1044776119402985,0.3880597014925373
4057813,2026-07-18,M2,2026,2,Ilves,FC Honka,106905,62416,2,2,D,b0_base_rate,2026-07-13,0.49504950495049505,0.1485148514851485,0.3564356435643564
4057902,2026-07-18,M2,2026,3,Fotbollsföreningen JARO Jalkapalloseura,Tornion Pallo-47,144364,60666,2,0,H,b0_base_rate,2026-07-13,0.49504950495049505,0.1485148514851485,0.3564356435643564
4057723,2026-07-18,M2,2026,1,Helsingin Palloseura,MYPA,49949,129934,5,2,H,b0_base_rate,2026-07-13,0.49504950495049505,0.1485148514851485,0.3564356435643564
4057722,2026-07-18,M2,2026,1,Puistolan Urheilijat,Lahden Reipas,49973,61562,4,1,H,b0_base_rate,2026-07-13,0.49504950495049505,0.1485148514851485,0.3564356435643564
4038116,2026-07-18,M1L,2026,1,Ekenäs Idrottsförening,Järvenpään Palloseura,60495,60676,0,1,A,b0_base_rate,2026-07-13,0.4362745098039216,0.24509803921568626,0.31862745098039214
4057810,2026-07-18,M2,2026,2,Espoon Palloseuran Jalkapallo,Nurmijärven Jalkapalloseura,62296,60537,2,1,H,b0_base_rate,2026-07-13,0.49504950495049505,0.1485148514851485,0.3564356435643564
4038117,2026-07-18,M1L,2026,1,FC KTP Kotka,Pallokerho-35,60972,50775,0,1,A,b0_base_rate,2026-07-13,0.4362745098039216,0.24509803921568626,0.31862745098039214
4043077,2026-07-18,M1,2026,1,Pallokerho Keski-Uusimaa,Oulun Luistinseura,60929,106449,1,1,D,b0_base_rate,2026-07-13,0.4796747967479675,0.2073170731707317,0.3130081300813008
4043076,2026-07-18,M1,2026,1,Vantaan Jalkapalloseura,Jalkapalloseura Tampere United,63440,106945,0,1,A,b0_base_rate,2026-07-13,0.4796747967479675,0.2073170731707317,0.3130081300813008
4043078,2026-07-18,M1,2026,1,JJK Jyväskylä,FC Jazz Juniorit,144858,60521,1,3,A,b0_base_rate,2026-07-13,0.4796747967479675,0.2073170731707317,0.3130081300813008
4057721,2026-07-18,M2,2026,1,Football Club Kiffen 08,Pepo Lappeenranta,60554,61010,2,0,H,b0_base_rate,2026-07-13,0.49504950495049505,0.1485148514851485,0.3564356435643564
4036944,2026-07-18,VL,2026,1,Oulun edustusjalkapallo AC Oulu,IF Gnistan,60493,60534,0,2,A,b0_base_rate,2026-07-13,0.43820224719101125,0.250936329588015,0.31086142322097376
4043075,2026-07-18,M1,2026,1,Football Club International Turku,Salon Palloilijat,60860,60690,1,2,A,b0_base_rate,2026-07-13,0.4796747967479675,0.2073170731707317,0.3130081300813008
4036943,2026-07-18,VL,2026,1,SEINÄJOEN JALKAPALLOKERHO,Kuopion Palloseura,60970,60756,0,2,A,b0_base_rate,2026-07-13,0.43820224719101125,0.250936329588015,0.31086142322097376
4057903,2026-07-18,M2,2026,3,Jalkapalloseura Hercules,Jakobstads Bollklubb,61004,61766,5,3,H,b0_base_rate,2026-07-13,0.49504950495049505,0.1485148514851485,0.3564356435643564
4057720,2026-07-18,M2,2026,1,Union Plaani,Atlantis FC Edustus,61723,60702,3,6,A,b0_base_rate,2026-07-13,0.49504950495049505,0.1485148514851485,0.3564356435643564
4057812,2026-07-18,M2,2026,2,Hämeenlinnan Jalkapalloseura,Musan Salama,35121579,60696,2,1,H,b0_base_rate,2026-07-13,0.49504950495049505,0.1485148514851485,0.3564356435643564
4057811,2026-07-18,M2,2026,2,Esbo Bollklubb,Pallo-Iirot,63411,107307,1,1,D,b0_base_rate,2026-07-13,0.49504950495049505,0.1485148514851485,0.3564356435643564
4057901,2026-07-19,M2,2026,3,Vaasan Palloseura,SJK Akatemia,169909,131834,6,2,H,b0_base_rate,2026-07-13,0.49504950495049505,0.1485148514851485,0.3564356435643564
4038228,2026-07-19,NL,2026,1,Idrottsföreningen Kamraterna Vasa,PK-35 Vantaa,60691,60671,1,1,D,b0_base_rate,2026-07-13,0.5074626865671642,0.1044776119402985,0.3880597014925373
4038229,2026-07-19,NL,2026,1,Helsingin Jalkapalloklubi,Helsingin Palloseura,60682,60781,4,0,H,b0_base_rate,2026-07-13,0.5074626865671642,0.1044776119402985,0.3880597014925373
4036945,2026-07-19,VL,2026,1,Fotbollsföreningen JARO Jalkapalloseura,Football Club International Turku,60974,60987,0,0,D,b0_base_rate,2026-07-13,0.43820224719101125,0.250936329588015,0.31086142322097376
4057808,2026-07-13,M2,2026,2,FC Honka,Hämeenlinnan Jalkapalloseura,62416,35121579,1,1,D,g0_logistic_dppg,2026-07-13,0.6145305475266896,0.18825532191035907,0.19721413056295142
4057788,2026-07-14,M2,2026,2,Ilves,GrIFK - Fotboll,106905,60549,6,2,H,g0_logistic_dppg,2026-07-13,0.544389950409772,0.19650371871716146,0.25910633087306656
4038113,2026-07-15,M1L,2026,1,Jippo,Mikkelin Palloilijat,129811,60494,3,1,H,g0_logistic_dppg,2026-07-13,0.5504674552925581,0.19599917706462294,0.2535333676428188
4057899,2026-07-15,M2,2026,3,Gamlakarleby Bollklubb,Idrottsföreningen Kraft,60492,60686,6,2,H,g0_logistic_dppg,2026-07-13,0.5051453936102247,0.1988313554049777,0.29602325098479754
4057719,2026-07-16,M2,2026,1,HIFK Soccer,Pallo-Pojat Juniorit,49735,48924,1,2,A,g0_logistic_dppg,2026-07-13,0.572420083644129,0.19384942853195195,0.2337304878239191
4038115,2026-07-17,M1L,2026,1,Helsingin Jalkapalloklubi,Football Club Haka,60692,60561,2,2,D,g0_logistic_dppg,2026-07-13,0.329123562835656,0.18956502918536539,0.48131140797897864
4038114,2026-07-17,M1L,2026,1,Käpylän Pallo,SJK Akatemia,60487,168874,2,2,D,g0_logistic_dppg,2026-07-13,0.5707510036052866,0.19403102926175583,0.23521796713295745
4057900,2026-07-17,M2,2026,3,FC Vaajakoski,Äänekosken Huima,60496,35117343,0,1,A,g0_logistic_dppg,2026-07-13,0.43505891290945503,0.1990377071452322,0.3659033799453128
4057809,2026-07-17,M2,2026,2,GrIFK - Fotboll,Idrottsföreningen Kamraterna i Åbo,60549,60996,0,1,A,g0_logistic_dppg,2026-07-13,0.34239234313934247,0.19142695251538663,0.46618070434527087
4043074,2026-07-18,M1,2026,1,Tampereen Pallo-Veikot,Kuopion Palloseura,60704,106331,3,1,H,g0_logistic_dppg,2026-07-13,0.521518153780376,0.19805499873403568,0.28042684748558827
4036942,2026-07-18,VL,2026,1,Helsingin Jalkapalloklubin Liiga-HJK,Vaasan Palloseura,60731,60901,2,1,H,g0_logistic_dppg,2026-07-13,0.435058912909455,0.1990377071452322,0.3659033799453128
4038226,2026-07-18,NL,2026,1,Ilves,IF Gnistan,60776,35209545,2,2,D,g0_logistic_dppg,2026-07-13,0.5504674552925581,0.19599917706462294,0.2535333676428188
4038227,2026-07-18,NL,2026,1,Kuopion Palloseura,Åland United,157420,60532,1,3,A,g0_logistic_dppg,2026-07-13,0.5166255521693014,0.1983160617881733,0.28505838604252537
4057813,2026-07-18,M2,2026,2,Ilves,FC Honka,106905,62416,2,2,D,g0_logistic_dppg,2026-07-13,0.3998734430743343,0.19722831246048805,0.4028982444651776
4057902,2026-07-18,M2,2026,3,Fotbollsföreningen JARO Jalkapalloseura,Tornion Pallo-47,144364,60666,2,0,H,g0_logistic_dppg,2026-07-13,0.5280136983802171,0.19766998429880397,0.27431631732097894
4057723,2026-07-18,M2,2026,1,Helsingin Palloseura,MYPA,49949,129934,5,2,H,g0_logistic_dppg,2026-07-13,0.5831843726704294,0.19260567144520452,0.22420995588436612
4057722,2026-07-18,M2,2026,1,Puistolan Urheilijat,Lahden Reipas,49973,61562,4,1,H,g0_logistic_dppg,2026-07-13,0.4115734056737679,0.19797371475354245,0.39045287957268976
4038116,2026-07-18,M1L,2026,1,Ekenäs Idrottsförening,Järvenpään Palloseura,60495,60676,0,1,A,g0_logistic_dppg,2026-07-13,0.451850430762631,0.19944809469265345,0.3487014745447156
4057810,2026-07-18,M2,2026,2,Espoon Palloseuran Jalkapallo,Nurmijärven Jalkapalloseura,62296,60537,2,1,H,g0_logistic_dppg,2026-07-13,0.6246405549893257,0.1866154064222136,0.18874403858846084
4038117,2026-07-18,M1L,2026,1,FC KTP Kotka,Pallokerho-35,60972,50775,0,1,A,g0_logistic_dppg,2026-07-13,0.5018501642781494,0.19895413341740584,0.29919570230444487
4043077,2026-07-18,M1,2026,1,Pallokerho Keski-Uusimaa,Oulun Luistinseura,60929,106449,1,1,D,g0_logistic_dppg,2026-07-13,0.5026618851985349,0.19892492804238326,0.2984131867590819
4043076,2026-07-18,M1,2026,1,Vantaan Jalkapalloseura,Jalkapalloseura Tampere United,63440,106945,0,1,A,g0_logistic_dppg,2026-07-13,0.3869450596128826,0.19623604707406284,0.4168188933130545
4043078,2026-07-18,M1,2026,1,JJK Jyväskylä,FC Jazz Juniorit,144858,60521,1,3,A,g0_logistic_dppg,2026-07-13,0.5440996424718153,0.19652684408143123,0.25937351344675347
4057721,2026-07-18,M2,2026,1,Football Club Kiffen 08,Pepo Lappeenranta,60554,61010,2,0,H,g0_logistic_dppg,2026-07-13,0.5166255521693014,0.1983160617881733,0.28505838604252537
4036944,2026-07-18,VL,2026,1,Oulun edustusjalkapallo AC Oulu,IF Gnistan,60493,60534,0,2,A,g0_logistic_dppg,2026-07-13,0.5189109280209293,0.19819720699218465,0.282891864986886
4043075,2026-07-18,M1,2026,1,Football Club International Turku,Salon Palloilijat,60860,60690,1,2,A,g0_logistic_dppg,2026-07-13,0.4015422506177246,0.1973434587635658,0.4011142906187096
4036943,2026-07-18,VL,2026,1,SEINÄJOEN JALKAPALLOKERHO,Kuopion Palloseura,60970,60756,0,2,A,g0_logistic_dppg,2026-07-13,0.3334282912081097,0.1901913071695212,0.47638040162236905
4057903,2026-07-18,M2,2026,3,Jalkapalloseura Hercules,Jakobstads Bollklubb,61004,61766,5,3,H,g0_logistic_dppg,2026-07-13,0.4233068629175587,0.19857705624145044,0.37811608084099096
4057720,2026-07-18,M2,2026,1,Union Plaani,Atlantis FC Edustus,61723,60702,3,6,A,g0_logistic_dppg,2026-07-13,0.35370450038995066,0.19285600143832424,0.45343949817172513
4057812,2026-07-18,M2,2026,2,Hämeenlinnan Jalkapalloseura,Musan Salama,35121579,60696,2,1,H,g0_logistic_dppg,2026-07-13,0.5937958738152536,0.19125548529360373,0.21494864089114268
4057811,2026-07-18,M2,2026,2,Esbo Bollklubb,Pallo-Iirot,63411,107307,1,1,D,g0_logistic_dppg,2026-07-13,0.4115734056737679,0.19797371475354245,0.39045287957268976
4057901,2026-07-19,M2,2026,3,Vaasan Palloseura,SJK Akatemia,169909,131834,6,2,H,g0_logistic_dppg,2026-07-13,0.4702790957735237,0.19956462363170677,0.3301562805947695
4038228,2026-07-19,NL,2026,1,Idrottsföreningen Kamraterna Vasa,PK-35 Vantaa,60691,60671,1,1,D,g0_logistic_dppg,2026-07-13,0.4233068629175586,0.1985770562414504,0.37811608084099096
4038229,2026-07-19,NL,2026,1,Helsingin Jalkapalloklubi,Helsingin Palloseura,60682,60781,4,0,H,g0_logistic_dppg,2026-07-13,0.5831843726704294,0.19260567144520452,0.22420995588436612
4036945,2026-07-19,VL,2026,1,Fotbollsföreningen JARO Jalkapalloseura,Football Club International Turku,60974,60987,0,0,D,g0_logistic_dppg,2026-07-13,0.3070631360673066,0.18601305402710866,0.5069238099055847
4057808,2026-07-13,M2,2026,2,FC Honka,Hämeenlinnan Jalkapalloseura,62416,35121579,1,1,D,poisson_plain,2026-07-13,0.8015262977495736,0.1256272962447928,0.07284640600563347
4057788,2026-07-14,M2,2026,2,Ilves,GrIFK - Fotboll,106905,60549,6,2,H,poisson_plain,2026-07-13,0.7932313876939403,0.1205519542687622,0.08621665803729753
4038113,2026-07-15,M1L,2026,1,Jippo,Mikkelin Palloilijat,129811,60494,3,1,H,poisson_plain,2026-07-13,0.45050867722703547,0.32979243627790183,0.21969888649506275
4057899,2026-07-15,M2,2026,3,Gamlakarleby Bollklubb,Idrottsföreningen Kraft,60492,60686,6,2,H,poisson_plain,2026-07-13,0.5922577931828592,0.1818337860745386,0.2259084207426022
4057719,2026-07-16,M2,2026,1,HIFK Soccer,Pallo-Pojat Juniorit,49735,48924,1,2,A,poisson_plain,2026-07-13,0.6050120506008559,0.20685772100923505,0.18813022838990906
4038115,2026-07-17,M1L,2026,1,Helsingin Jalkapalloklubi,Football Club Haka,60692,60561,2,2,D,poisson_plain,2026-07-13,0.2812368695265924,0.2416695829249323,0.47709354754847527
4038114,2026-07-17,M1L,2026,1,Käpylän Pallo,SJK Akatemia,60487,168874,2,2,D,poisson_plain,2026-07-13,0.3783712416649984,0.22577137812583706,0.39585738020916456
4057900,2026-07-17,M2,2026,3,FC Vaajakoski,Äänekosken Huima,60496,35117343,0,1,A,poisson_plain,2026-07-13,0.32243938708633685,0.1933488751484767,0.4842117377651865
4057809,2026-07-17,M2,2026,2,GrIFK - Fotboll,Idrottsföreningen Kamraterna i Åbo,60549,60996,0,1,A,poisson_plain,2026-07-13,0.1270495207652434,0.18027084141300087,0.6926796378217558
4043074,2026-07-18,M1,2026,1,Tampereen Pallo-Veikot,Kuopion Palloseura,60704,106331,3,1,H,poisson_plain,2026-07-13,0.38151203762949976,0.23799829514550805,0.3804896672249921
4036942,2026-07-18,VL,2026,1,Helsingin Jalkapalloklubin Liiga-HJK,Vaasan Palloseura,60731,60901,2,1,H,poisson_plain,2026-07-13,0.5409382751378659,0.2204932616909057,0.23856846317122835
4038226,2026-07-18,NL,2026,1,Ilves,IF Gnistan,60776,35209545,2,2,D,poisson_plain,2026-07-13,0.6449134624318077,0.17115980194198235,0.18392673562621
4038227,2026-07-18,NL,2026,1,Kuopion Palloseura,Åland United,157420,60532,1,3,A,poisson_plain,2026-07-13,0.616040312532564,0.18761457978488283,0.19634510768255323
4057813,2026-07-18,M2,2026,2,Ilves,FC Honka,106905,62416,2,2,D,poisson_plain,2026-07-13,0.25871496394928295,0.20063000318905716,0.5406550328616598
4057902,2026-07-18,M2,2026,3,Fotbollsföreningen JARO Jalkapalloseura,Tornion Pallo-47,144364,60666,2,0,H,poisson_plain,2026-07-13,0.49881754211464263,0.1715371166188365,0.32964534126652095
4057723,2026-07-18,M2,2026,1,Helsingin Palloseura,MYPA,49949,129934,5,2,H,poisson_plain,2026-07-13,0.60802450934112,0.1898124752605116,0.20216301539836845
4057722,2026-07-18,M2,2026,1,Puistolan Urheilijat,Lahden Reipas,49973,61562,4,1,H,poisson_plain,2026-07-13,0.39565256338375954,0.21572750130449783,0.38861993531174277
4038116,2026-07-18,M1L,2026,1,Ekenäs Idrottsförening,Järvenpään Palloseura,60495,60676,0,1,A,poisson_plain,2026-07-13,0.5259967666839608,0.20720380015739415,0.2667994331586452
4057810,2026-07-18,M2,2026,2,Espoon Palloseuran Jalkapallo,Nurmijärven Jalkapalloseura,62296,60537,2,1,H,poisson_plain,2026-07-13,0.8091551096515942,0.11599086930006129,0.07485402104834443
4038117,2026-07-18,M1L,2026,1,FC KTP Kotka,Pallokerho-35,60972,50775,0,1,A,poisson_plain,2026-07-13,0.4085632801768832,0.29336026337267535,0.2980764564504415
4043077,2026-07-18,M1,2026,1,Pallokerho Keski-Uusimaa,Oulun Luistinseura,60929,106449,1,1,D,poisson_plain,2026-07-13,0.34831744459977093,0.22317853939887544,0.42850401600135357
4043076,2026-07-18,M1,2026,1,Vantaan Jalkapalloseura,Jalkapalloseura Tampere United,63440,106945,0,1,A,poisson_plain,2026-07-13,0.5102109752851032,0.24401462939713786,0.24577439531775896
4043078,2026-07-18,M1,2026,1,JJK Jyväskylä,FC Jazz Juniorit,144858,60521,1,3,A,poisson_plain,2026-07-13,0.5388994718843474,0.2189496576305704,0.24215087048508216
4057721,2026-07-18,M2,2026,1,Football Club Kiffen 08,Pepo Lappeenranta,60554,61010,2,0,H,poisson_plain,2026-07-13,0.5276827116183367,0.21711624573207025,0.255201042649593
4036944,2026-07-18,VL,2026,1,Oulun edustusjalkapallo AC Oulu,IF Gnistan,60493,60534,0,2,A,poisson_plain,2026-07-13,0.37165041854256997,0.23368886003773007,0.39466072141969993
4043075,2026-07-18,M1,2026,1,Football Club International Turku,Salon Palloilijat,60860,60690,1,2,A,poisson_plain,2026-07-13,0.3953664383414093,0.1873813572705838,0.41725220438800703
4036943,2026-07-18,VL,2026,1,SEINÄJOEN JALKAPALLOKERHO,Kuopion Palloseura,60970,60756,0,2,A,poisson_plain,2026-07-13,0.29920869495212854,0.2346591304629269,0.46613217458494455
4057903,2026-07-18,M2,2026,3,Jalkapalloseura Hercules,Jakobstads Bollklubb,61004,61766,5,3,H,poisson_plain,2026-07-13,0.20649246008626762,0.22078207554060594,0.5727254643731265
4057720,2026-07-18,M2,2026,1,Union Plaani,Atlantis FC Edustus,61723,60702,3,6,A,poisson_plain,2026-07-13,0.13122288075755628,0.13218813134934665,0.7365889878930971
4057812,2026-07-18,M2,2026,2,Hämeenlinnan Jalkapalloseura,Musan Salama,35121579,60696,2,1,H,poisson_plain,2026-07-13,0.6603126018929787,0.18020992030391964,0.15947747780310173
4057811,2026-07-18,M2,2026,2,Esbo Bollklubb,Pallo-Iirot,63411,107307,1,1,D,poisson_plain,2026-07-13,0.39489269264806487,0.2310353431385793,0.3740719642133558
4057901,2026-07-19,M2,2026,3,Vaasan Palloseura,SJK Akatemia,169909,131834,6,2,H,poisson_plain,2026-07-13,0.7708476362063845,0.12080722085335766,0.10834514294025771
4038228,2026-07-19,NL,2026,1,Idrottsföreningen Kamraterna Vasa,PK-35 Vantaa,60691,60671,1,1,D,poisson_plain,2026-07-13,0.14347687998337869,0.18832916271053504,0.6681939573060863
4038229,2026-07-19,NL,2026,1,Helsingin Jalkapalloklubi,Helsingin Palloseura,60682,60781,4,0,H,poisson_plain,2026-07-13,0.7880206055238178,0.13423790216385384,0.07774149231232826
4036945,2026-07-19,VL,2026,1,Fotbollsföreningen JARO Jalkapalloseura,Football Club International Turku,60974,60987,0,0,D,poisson_plain,2026-07-13,0.14040115971150846,0.21287844870725636,0.6467203915812352
4057808,2026-07-13,M2,2026,2,FC Honka,Hämeenlinnan Jalkapalloseura,62416,35121579,1,1,D,dc_best,2026-07-13,0.8183710935920627,0.12424217009002068,0.05738673631791663
4057788,2026-07-14,M2,2026,2,Ilves,GrIFK - Fotboll,106905,60549,6,2,H,dc_best,2026-07-13,0.7691038880085926,0.14030327242175009,0.09059283956965736
4038113,2026-07-15,M1L,2026,1,Jippo,Mikkelin Palloilijat,129811,60494,3,1,H,dc_best,2026-07-13,0.5295346019562847,0.25750860493430644,0.21295679310940907
4057899,2026-07-15,M2,2026,3,Gamlakarleby Bollklubb,Idrottsföreningen Kraft,60492,60686,6,2,H,dc_best,2026-07-13,0.5163241330792456,0.1829607988930663,0.30071506802768805
4057719,2026-07-16,M2,2026,1,HIFK Soccer,Pallo-Pojat Juniorit,49735,48924,1,2,A,dc_best,2026-07-13,0.6002121137689184,0.22138969658404414,0.17839818964703746
4038115,2026-07-17,M1L,2026,1,Helsingin Jalkapalloklubi,Football Club Haka,60692,60561,2,2,D,dc_best,2026-07-13,0.28816194834906295,0.22072306934346791,0.49111498230746914
4038114,2026-07-17,M1L,2026,1,Käpylän Pallo,SJK Akatemia,60487,168874,2,2,D,dc_best,2026-07-13,0.5248621454106592,0.22567247209008973,0.24946538249925104
4057900,2026-07-17,M2,2026,3,FC Vaajakoski,Äänekosken Huima,60496,35117343,0,1,A,dc_best,2026-07-13,0.33431588904163906,0.20227338086150504,0.46341073009685596
4057809,2026-07-17,M2,2026,2,GrIFK - Fotboll,Idrottsföreningen Kamraterna i Åbo,60549,60996,0,1,A,dc_best,2026-07-13,0.13250912920152474,0.21792475931677902,0.6495661114816962
4043074,2026-07-18,M1,2026,1,Tampereen Pallo-Veikot,Kuopion Palloseura,60704,106331,3,1,H,dc_best,2026-07-13,0.3933533268560877,0.220906603681246,0.3857400694626662
4036942,2026-07-18,VL,2026,1,Helsingin Jalkapalloklubin Liiga-HJK,Vaasan Palloseura,60731,60901,2,1,H,dc_best,2026-07-13,0.3986955035408808,0.27739168467378755,0.3239128117853316
4038226,2026-07-18,NL,2026,1,Ilves,IF Gnistan,60776,35209545,2,2,D,dc_best,2026-07-13,0.6489781972108636,0.16454365037428528,0.18647815241485122
4038227,2026-07-18,NL,2026,1,Kuopion Palloseura,Åland United,157420,60532,1,3,A,dc_best,2026-07-13,0.4863716895143873,0.18922379285576896,0.3244045176298438
4057813,2026-07-18,M2,2026,2,Ilves,FC Honka,106905,62416,2,2,D,dc_best,2026-07-13,0.2285618481145144,0.19996021988614834,0.5714779319993373
4057902,2026-07-18,M2,2026,3,Fotbollsföreningen JARO Jalkapalloseura,Tornion Pallo-47,144364,60666,2,0,H,dc_best,2026-07-13,0.40044393640101916,0.1983401476593472,0.4012159159396337
4057723,2026-07-18,M2,2026,1,Helsingin Palloseura,MYPA,49949,129934,5,2,H,dc_best,2026-07-13,0.6766714632433641,0.19280472569408577,0.1305238110625501
4057722,2026-07-18,M2,2026,1,Puistolan Urheilijat,Lahden Reipas,49973,61562,4,1,H,dc_best,2026-07-13,0.267289448192376,0.22548338298077975,0.5072271688268443
4038116,2026-07-18,M1L,2026,1,Ekenäs Idrottsförening,Järvenpään Palloseura,60495,60676,0,1,A,dc_best,2026-07-13,0.5496783195556151,0.1802934828445247,0.27002819759986035
4057810,2026-07-18,M2,2026,2,Espoon Palloseuran Jalkapallo,Nurmijärven Jalkapalloseura,62296,60537,2,1,H,dc_best,2026-07-13,0.8476050232335306,0.104266563361423,0.04812841340504631
4038117,2026-07-18,M1L,2026,1,FC KTP Kotka,Pallokerho-35,60972,50775,0,1,A,dc_best,2026-07-13,0.35542033688862623,0.24233883534167,0.4022408277697038
4043077,2026-07-18,M1,2026,1,Pallokerho Keski-Uusimaa,Oulun Luistinseura,60929,106449,1,1,D,dc_best,2026-07-13,0.4251820561352947,0.21804538440350124,0.3567725594612041
4043076,2026-07-18,M1,2026,1,Vantaan Jalkapalloseura,Jalkapalloseura Tampere United,63440,106945,0,1,A,dc_best,2026-07-13,0.3476367934588588,0.25610450226593895,0.39625870427520227
4043078,2026-07-18,M1,2026,1,JJK Jyväskylä,FC Jazz Juniorit,144858,60521,1,3,A,dc_best,2026-07-13,0.613384770384894,0.1886548294732902,0.1979604001418159
4057721,2026-07-18,M2,2026,1,Football Club Kiffen 08,Pepo Lappeenranta,60554,61010,2,0,H,dc_best,2026-07-13,0.5402189664179007,0.2276947898538287,0.23208624372827064
4036944,2026-07-18,VL,2026,1,Oulun edustusjalkapallo AC Oulu,IF Gnistan,60493,60534,0,2,A,dc_best,2026-07-13,0.43103775625005314,0.26740685120377516,0.30155539254617175
4043075,2026-07-18,M1,2026,1,Football Club International Turku,Salon Palloilijat,60860,60690,1,2,A,dc_best,2026-07-13,0.2768429481393132,0.16968029231585166,0.5534767595448352
4036943,2026-07-18,VL,2026,1,SEINÄJOEN JALKAPALLOKERHO,Kuopion Palloseura,60970,60756,0,2,A,dc_best,2026-07-13,0.29178230855613435,0.25989469719679414,0.4483229942470716
4057903,2026-07-18,M2,2026,3,Jalkapalloseura Hercules,Jakobstads Bollklubb,61004,61766,5,3,H,dc_best,2026-07-13,0.21719242093718594,0.2516743569426617,0.5311332221201523
4057720,2026-07-18,M2,2026,1,Union Plaani,Atlantis FC Edustus,61723,60702,3,6,A,dc_best,2026-07-13,0.11444395515022063,0.12651984000460972,0.7590362048451696
4057812,2026-07-18,M2,2026,2,Hämeenlinnan Jalkapalloseura,Musan Salama,35121579,60696,2,1,H,dc_best,2026-07-13,0.6813348882251367,0.1798638430579591,0.1388012687169043
4057811,2026-07-18,M2,2026,2,Esbo Bollklubb,Pallo-Iirot,63411,107307,1,1,D,dc_best,2026-07-13,0.3299695175765506,0.2469598069769312,0.4230706754465182
4057901,2026-07-19,M2,2026,3,Vaasan Palloseura,SJK Akatemia,169909,131834,6,2,H,dc_best,2026-07-13,0.6961922729833636,0.16454514074367377,0.1392625862729626
4038228,2026-07-19,NL,2026,1,Idrottsföreningen Kamraterna Vasa,PK-35 Vantaa,60691,60671,1,1,D,dc_best,2026-07-13,0.23547826024377944,0.22438675458482013,0.5401349851714005
4038229,2026-07-19,NL,2026,1,Helsingin Jalkapalloklubi,Helsingin Palloseura,60682,60781,4,0,H,dc_best,2026-07-13,0.6654306753666288,0.20212406947353162,0.13244525515983965
4036945,2026-07-19,VL,2026,1,Fotbollsföreningen JARO Jalkapalloseura,Football Club International Turku,60974,60987,0,0,D,dc_best,2026-07-13,0.1601265042834789,0.24370358120117544,0.5961699145153457
4043079,2026-07-20,M1,2026,1,KPV Juniorit,Rovaniemen Palloseura,60536,60973,1,1,D,b0_base_rate,2026-07-20,0.47410358565737054,0.20717131474103587,0.3187250996015936
4036946,2026-07-20,VL,2026,1,TPS Juniorijalkapallo,Ilves,60971,60745,1,3,A,b0_base_rate,2026-07-20,0.4354243542435424,0.25092250922509224,0.31365313653136534
4036947,2026-07-20,VL,2026,1,IFK Mariehamn Fotboll,FC Lahti,60759,60969,0,2,A,b0_base_rate,2026-07-20,0.4354243542435424,0.25092250922509224,0.31365313653136534
4043079,2026-07-20,M1,2026,1,KPV Juniorit,Rovaniemen Palloseura,60536,60973,1,1,D,g0_logistic_dppg,2026-07-20,0.2821270487248231,0.1850008412599664,0.5328721100152105
4036946,2026-07-20,VL,2026,1,TPS Juniorijalkapallo,Ilves,60971,60745,1,3,A,g0_logistic_dppg,2026-07-20,0.5354885185796846,0.19850004532761553,0.2660114360926998
4036947,2026-07-20,VL,2026,1,IFK Mariehamn Fotboll,FC Lahti,60759,60969,0,2,A,g0_logistic_dppg,2026-07-20,0.3384313401858987,0.19415139733706455,0.4674172624770368
4043079,2026-07-20,M1,2026,1,KPV Juniorit,Rovaniemen Palloseura,60536,60973,1,1,D,poisson_plain,2026-07-20,0.2949954201917654,0.21890505464933324,0.4860995251589013
4036946,2026-07-20,VL,2026,1,TPS Juniorijalkapallo,Ilves,60971,60745,1,3,A,poisson_plain,2026-07-20,0.3708541179633929,0.2528871103667853,0.37625877166982186
4036947,2026-07-20,VL,2026,1,IFK Mariehamn Fotboll,FC Lahti,60759,60969,0,2,A,poisson_plain,2026-07-20,0.16977534823059365,0.2524895485334561,0.5777351032359503
4043079,2026-07-20,M1,2026,1,KPV Juniorit,Rovaniemen Palloseura,60536,60973,1,1,D,dc_best,2026-07-20,0.10119743835738744,0.12996833961874135,0.7688342220238713
4036946,2026-07-20,VL,2026,1,TPS Juniorijalkapallo,Ilves,60971,60745,1,3,A,dc_best,2026-07-20,0.4601156570823416,0.2591581310330884,0.2807262118845701
4036947,2026-07-20,VL,2026,1,IFK Mariehamn Fotboll,FC Lahti,60759,60969,0,2,A,dc_best,2026-07-20,0.13747540239398198,0.2775144650808885,0.5850101325251295
