season,league_code,league_name,competition_id,group_id,group_name,round,match_id,date,time,home_team_id,home_team,away_team_id,away_team,home_goals,away_goals,ht_home,ht_away,status,result,country
2025,NO-ELI,Eliteserien,199603,1,-,,199603-1-str-msgodset,2025-03-29,16:00,str-msgodset,Strømsgodset,rosenborg,Rosenborg,1,2,,,Played,A,NOR
2025,NO-ELI,Eliteserien,199603,1,-,,199603-1-fredrikstad,2025-03-29,18:00,fredrikstad,Fredrikstad,brann,Brann,3,0,,,Played,H,NOR
2025,NO-ELI,Eliteserien,199603,1,-,,199603-1-v-lerenga,2025-03-30,14:30,v-lerenga,Vålerenga,viking,Viking,3,1,,,Played,H,NOR
2025,NO-ELI,Eliteserien,199603,1,-,,199603-1-hamkam,2025-03-30,17:00,hamkam,HamKam,kristiansund,Kristiansund,2,1,,,Played,H,NOR
2025,NO-ELI,Eliteserien,199603,1,-,,199603-1-kfum,2025-03-30,17:00,kfum,KFUM,sandefjord-fotball,Sandefjord Fotball,3,1,,,Played,H,NOR
2025,NO-ELI,Eliteserien,199603,1,-,,199603-1-molde,2025-03-30,17:00,molde,Molde,sarpsborg-08,Sarpsborg 08,0,2,,,Played,A,NOR
2025,NO-ELI,Eliteserien,199603,1,-,,199603-1-troms,2025-03-30,17:00,troms,Tromsø,haugesund,Haugesund,1,0,,,Played,H,NOR
2025,NO-ELI,Eliteserien,199603,1,-,,199603-1-bryne,2025-03-30,19:15,bryne,Bryne,bod-glimt,Bodø/Glimt,0,1,,,Played,A,NOR
2025,NO-ELI,Eliteserien,199603,1,-,,199603-2-bod-glimt,2025-04-05,16:00,bod-glimt,Bodø/Glimt,hamkam,HamKam,3,0,,,Played,H,NOR
2025,NO-ELI,Eliteserien,199603,1,-,,199603-2-rosenborg,2025-04-05,18:00,rosenborg,Rosenborg,fredrikstad,Fredrikstad,1,0,,,Played,H,NOR
2025,NO-ELI,Eliteserien,199603,1,-,,199603-2-brann,2025-04-06,14:30,brann,Brann,troms,Tromsø,3,1,,,Played,H,NOR
2025,NO-ELI,Eliteserien,199603,1,-,,199603-2-haugesund,2025-04-06,17:00,haugesund,Haugesund,str-msgodset,Strømsgodset,0,5,,,Played,A,NOR
2025,NO-ELI,Eliteserien,199603,1,-,,199603-2-kristiansund,2025-04-06,17:00,kristiansund,Kristiansund,bryne,Bryne,2,1,,,Played,H,NOR
2025,NO-ELI,Eliteserien,199603,1,-,,199603-2-sandefjord-fotball,2025-04-06,17:00,sandefjord-fotball,Sandefjord Fotball,molde,Molde,3,0,,,Played,H,NOR
2025,NO-ELI,Eliteserien,199603,1,-,,199603-2-sarpsborg-08,2025-04-06,17:00,sarpsborg-08,Sarpsborg 08,v-lerenga,Vålerenga,1,1,,,Played,D,NOR
2025,NO-ELI,Eliteserien,199603,1,-,,199603-2-viking,2025-04-06,19:15,viking,Viking,kfum,KFUM,3,1,,,Played,H,NOR
2025,NO-ELI,Eliteserien,199603,1,-,,199603-3-troms,2025-04-20,14:30,troms,Tromsø,kristiansund,Kristiansund,2,3,,,Played,A,NOR
2025,NO-ELI,Eliteserien,199603,1,-,,199603-3-v-lerenga,2025-04-21,14:30,v-lerenga,Vålerenga,rosenborg,Rosenborg,0,2,,,Played,A,NOR
2025,NO-ELI,Eliteserien,199603,1,-,,199603-3-bryne,2025-04-21,17:00,bryne,Bryne,haugesund,Haugesund,3,1,,,Played,H,NOR
2025,NO-ELI,Eliteserien,199603,1,-,,199603-3-fredrikstad,2025-04-21,17:00,fredrikstad,Fredrikstad,sandefjord-fotball,Sandefjord Fotball,3,1,,,Played,H,NOR
2025,NO-ELI,Eliteserien,199603,1,-,,199603-3-hamkam,2025-04-21,17:00,hamkam,HamKam,viking,Viking,2,5,,,Played,A,NOR
2025,NO-ELI,Eliteserien,199603,1,-,,199603-3-kfum,2025-04-21,17:00,kfum,KFUM,sarpsborg-08,Sarpsborg 08,1,3,,,Played,A,NOR
2025,NO-ELI,Eliteserien,199603,1,-,,199603-3-str-msgodset,2025-04-21,17:00,str-msgodset,Strømsgodset,brann,Brann,1,2,,,Played,A,NOR
2025,NO-ELI,Eliteserien,199603,1,-,,199603-3-molde,2025-04-21,19:15,molde,Molde,bod-glimt,Bodø/Glimt,2,2,,,Played,D,NOR
2025,NO-ELI,Eliteserien,199603,1,-,,199603-4-rosenborg,2025-04-27,14:30,rosenborg,Rosenborg,molde,Molde,0,0,,,Played,D,NOR
2025,NO-ELI,Eliteserien,199603,1,-,,199603-4-bod-glimt,2025-04-27,17:00,bod-glimt,Bodø/Glimt,kfum,KFUM,3,0,,,Played,H,NOR
2025,NO-ELI,Eliteserien,199603,1,-,,199603-4-brann,2025-04-27,17:00,brann,Brann,bryne,Bryne,3,2,,,Played,H,NOR
2025,NO-ELI,Eliteserien,199603,1,-,,199603-4-haugesund,2025-04-27,17:00,haugesund,Haugesund,fredrikstad,Fredrikstad,0,0,,,Played,D,NOR
2025,NO-ELI,Eliteserien,199603,1,-,,199603-4-kristiansund,2025-04-27,17:00,kristiansund,Kristiansund,v-lerenga,Vålerenga,0,2,,,Played,A,NOR
2025,NO-ELI,Eliteserien,199603,1,-,,199603-4-sandefjord-fotball,2025-04-27,17:00,sandefjord-fotball,Sandefjord Fotball,hamkam,HamKam,2,0,,,Played,H,NOR
2025,NO-ELI,Eliteserien,199603,1,-,,199603-4-sarpsborg-08,2025-04-27,17:15,sarpsborg-08,Sarpsborg 08,str-msgodset,Strømsgodset,2,3,,,Played,A,NOR
2025,NO-ELI,Eliteserien,199603,1,-,,199603-4-viking,2025-04-27,19:15,viking,Viking,troms,Tromsø,4,4,,,Played,D,NOR
2025,NO-ELI,Eliteserien,199603,1,-,,199603-5-hamkam,2025-05-02,19:00,hamkam,HamKam,kfum,KFUM,0,0,,,Played,D,NOR
2025,NO-ELI,Eliteserien,199603,1,-,,199603-5-v-lerenga,2025-05-03,18:00,v-lerenga,Vålerenga,brann,Brann,2,4,,,Played,A,NOR
2025,NO-ELI,Eliteserien,199603,1,-,,199603-5-molde,2025-05-04,17:00,molde,Molde,haugesund,Haugesund,2,1,,,Played,H,NOR
2025,NO-ELI,Eliteserien,199603,1,-,,199603-5-str-msgodset,2025-05-04,17:00,str-msgodset,Strømsgodset,kristiansund,Kristiansund,1,2,,,Played,A,NOR
2025,NO-ELI,Eliteserien,199603,1,-,,199603-5-troms,2025-05-04,17:00,troms,Tromsø,sandefjord-fotball,Sandefjord Fotball,0,1,,,Played,A,NOR
2025,NO-ELI,Eliteserien,199603,1,-,,199603-5-viking,2025-05-04,17:00,viking,Viking,sarpsborg-08,Sarpsborg 08,0,0,,,Played,D,NOR
2025,NO-ELI,Eliteserien,199603,1,-,,199603-5-rosenborg,2025-05-04,19:15,rosenborg,Rosenborg,bryne,Bryne,3,0,,,Played,H,NOR
2025,NO-ELI,Eliteserien,199603,1,-,,199603-5-fredrikstad,2025-07-16,18:00,fredrikstad,Fredrikstad,bod-glimt,Bodø/Glimt,0,1,,,Played,A,NOR
2025,NO-ELI,Eliteserien,199603,1,-,,199603-6-brann,2025-05-11,14:30,brann,Brann,rosenborg,Rosenborg,0,0,,,Played,D,NOR
2025,NO-ELI,Eliteserien,199603,1,-,,199603-6-bryne,2025-05-11,17:00,bryne,Bryne,molde,Molde,0,3,,,Played,A,NOR
2025,NO-ELI,Eliteserien,199603,1,-,,199603-6-kfum,2025-05-11,17:00,kfum,KFUM,troms,Tromsø,1,3,,,Played,A,NOR
2025,NO-ELI,Eliteserien,199603,1,-,,199603-6-kristiansund,2025-05-11,17:00,kristiansund,Kristiansund,fredrikstad,Fredrikstad,0,1,,,Played,A,NOR
2025,NO-ELI,Eliteserien,199603,1,-,,199603-6-sandefjord-fotball,2025-05-11,17:00,sandefjord-fotball,Sandefjord Fotball,v-lerenga,Vålerenga,2,1,,,Played,H,NOR
2025,NO-ELI,Eliteserien,199603,1,-,,199603-6-sarpsborg-08,2025-05-11,17:00,sarpsborg-08,Sarpsborg 08,hamkam,HamKam,4,0,,,Played,H,NOR
2025,NO-ELI,Eliteserien,199603,1,-,,199603-6-haugesund,2025-05-11,19:15,haugesund,Haugesund,viking,Viking,1,4,,,Played,A,NOR
2025,NO-ELI,Eliteserien,199603,1,-,,199603-6-bod-glimt,2025-07-30,19:00,bod-glimt,Bodø/Glimt,str-msgodset,Strømsgodset,1,0,,,Played,H,NOR
2025,NO-ELI,Eliteserien,199603,1,-,,199603-7-brann,2025-05-16,18:00,brann,Brann,sarpsborg-08,Sarpsborg 08,2,2,,,Played,D,NOR
2025,NO-ELI,Eliteserien,199603,1,-,,199603-7-fredrikstad,2025-05-16,18:00,fredrikstad,Fredrikstad,kfum,KFUM,1,0,,,Played,H,NOR
2025,NO-ELI,Eliteserien,199603,1,-,,199603-7-molde,2025-05-16,18:00,molde,Molde,kristiansund,Kristiansund,0,1,,,Played,A,NOR
2025,NO-ELI,Eliteserien,199603,1,-,,199603-7-rosenborg,2025-05-16,18:00,rosenborg,Rosenborg,haugesund,Haugesund,1,0,,,Played,H,NOR
2025,NO-ELI,Eliteserien,199603,1,-,,199603-7-str-msgodset,2025-05-16,18:00,str-msgodset,Strømsgodset,bryne,Bryne,0,2,,,Played,A,NOR
2025,NO-ELI,Eliteserien,199603,1,-,,199603-7-troms,2025-05-16,18:00,troms,Tromsø,bod-glimt,Bodø/Glimt,2,1,,,Played,H,NOR
2025,NO-ELI,Eliteserien,199603,1,-,,199603-7-viking,2025-05-16,18:00,viking,Viking,sandefjord-fotball,Sandefjord Fotball,3,1,,,Played,H,NOR
2025,NO-ELI,Eliteserien,199603,1,-,,199603-7-v-lerenga,2025-05-16,20:00,v-lerenga,Vålerenga,hamkam,HamKam,1,1,,,Played,D,NOR
2025,NO-ELI,Eliteserien,199603,1,-,,199603-8-bryne,2025-05-24,16:00,bryne,Bryne,fredrikstad,Fredrikstad,4,3,,,Played,H,NOR
2025,NO-ELI,Eliteserien,199603,1,-,,199603-8-bod-glimt,2025-05-24,18:00,bod-glimt,Bodø/Glimt,rosenborg,Rosenborg,4,0,,,Played,H,NOR
2025,NO-ELI,Eliteserien,199603,1,-,,199603-8-hamkam,2025-05-25,14:30,hamkam,HamKam,molde,Molde,2,1,,,Played,H,NOR
2025,NO-ELI,Eliteserien,199603,1,-,,199603-8-kristiansund,2025-05-25,17:00,kristiansund,Kristiansund,viking,Viking,0,1,,,Played,A,NOR
2025,NO-ELI,Eliteserien,199603,1,-,,199603-8-sandefjord-fotball,2025-05-25,17:00,sandefjord-fotball,Sandefjord Fotball,str-msgodset,Strømsgodset,3,2,,,Played,H,NOR
2025,NO-ELI,Eliteserien,199603,1,-,,199603-8-sarpsborg-08,2025-05-25,17:00,sarpsborg-08,Sarpsborg 08,troms,Tromsø,0,1,,,Played,A,NOR
2025,NO-ELI,Eliteserien,199603,1,-,,199603-8-haugesund,2025-05-25,19:15,haugesund,Haugesund,brann,Brann,0,2,,,Played,A,NOR
2025,NO-ELI,Eliteserien,199603,1,-,,199603-8-kfum,2025-05-26,19:00,kfum,KFUM,v-lerenga,Vålerenga,0,1,,,Played,A,NOR
2025,NO-ELI,Eliteserien,199603,1,-,,199603-9-str-msgodset,2025-05-31,16:00,str-msgodset,Strømsgodset,hamkam,HamKam,0,3,,,Played,A,NOR
2025,NO-ELI,Eliteserien,199603,1,-,,199603-9-troms,2025-05-31,18:45,troms,Tromsø,v-lerenga,Vålerenga,2,1,,,Played,H,NOR
2025,NO-ELI,Eliteserien,199603,1,-,,199603-9-fredrikstad,2025-06-01,14:30,fredrikstad,Fredrikstad,sarpsborg-08,Sarpsborg 08,1,1,,,Played,D,NOR
2025,NO-ELI,Eliteserien,199603,1,-,,199603-9-brann,2025-06-01,17:00,brann,Brann,kristiansund,Kristiansund,4,2,,,Played,H,NOR
2025,NO-ELI,Eliteserien,199603,1,-,,199603-9-bryne,2025-06-01,17:00,bryne,Bryne,sandefjord-fotball,Sandefjord Fotball,3,2,,,Played,H,NOR
2025,NO-ELI,Eliteserien,199603,1,-,,199603-9-haugesund,2025-06-01,17:00,haugesund,Haugesund,bod-glimt,Bodø/Glimt,0,4,,,Played,A,NOR
2025,NO-ELI,Eliteserien,199603,1,-,,199603-9-rosenborg,2025-06-01,17:00,rosenborg,Rosenborg,kfum,KFUM,1,1,,,Played,D,NOR
2025,NO-ELI,Eliteserien,199603,1,-,,199603-9-molde,2025-06-01,19:15,molde,Molde,viking,Viking,0,1,,,Played,A,NOR
2025,NO-ELI,Eliteserien,199603,1,-,,199603-10-bod-glimt,2025-06-21,18:00,bod-glimt,Bodø/Glimt,brann,Brann,3,0,,,Played,H,NOR
2025,NO-ELI,Eliteserien,199603,1,-,,199603-10-v-lerenga,2025-06-22,14:30,v-lerenga,Vålerenga,molde,Molde,2,3,,,Played,A,NOR
2025,NO-ELI,Eliteserien,199603,1,-,,199603-10-hamkam,2025-06-22,17:00,hamkam,HamKam,troms,Tromsø,1,3,,,Played,A,NOR
2025,NO-ELI,Eliteserien,199603,1,-,,199603-10-kfum,2025-06-22,17:00,kfum,KFUM,str-msgodset,Strømsgodset,5,0,,,Played,H,NOR
2025,NO-ELI,Eliteserien,199603,1,-,,199603-10-kristiansund,2025-06-22,17:00,kristiansund,Kristiansund,rosenborg,Rosenborg,4,1,,,Played,H,NOR
2025,NO-ELI,Eliteserien,199603,1,-,,199603-10-sandefjord-fotball,2025-06-22,17:00,sandefjord-fotball,Sandefjord Fotball,haugesund,Haugesund,4,0,,,Played,H,NOR
2025,NO-ELI,Eliteserien,199603,1,-,,199603-10-sarpsborg-08,2025-06-22,17:00,sarpsborg-08,Sarpsborg 08,bryne,Bryne,1,1,,,Played,D,NOR
2025,NO-ELI,Eliteserien,199603,1,-,,199603-10-viking,2025-06-22,19:15,viking,Viking,fredrikstad,Fredrikstad,3,0,,,Played,H,NOR
2025,NO-ELI,Eliteserien,199603,1,-,,199603-11-rosenborg,2025-06-28,18:00,rosenborg,Rosenborg,viking,Viking,1,1,,,Played,D,NOR
2025,NO-ELI,Eliteserien,199603,1,-,,199603-11-haugesund,2025-06-29,14:30,haugesund,Haugesund,kristiansund,Kristiansund,0,0,,,Played,D,NOR
2025,NO-ELI,Eliteserien,199603,1,-,,199603-11-bod-glimt,2025-06-29,17:00,bod-glimt,Bodø/Glimt,sarpsborg-08,Sarpsborg 08,1,2,,,Played,A,NOR
2025,NO-ELI,Eliteserien,199603,1,-,,199603-11-bryne,2025-06-29,17:00,bryne,Bryne,hamkam,HamKam,1,1,,,Played,D,NOR
2025,NO-ELI,Eliteserien,199603,1,-,,199603-11-fredrikstad,2025-06-29,17:00,fredrikstad,Fredrikstad,troms,Tromsø,0,1,,,Played,A,NOR
2025,NO-ELI,Eliteserien,199603,1,-,,199603-11-molde,2025-06-29,17:00,molde,Molde,kfum,KFUM,2,3,,,Played,A,NOR
2025,NO-ELI,Eliteserien,199603,1,-,,199603-11-str-msgodset,2025-06-29,19:15,str-msgodset,Strømsgodset,v-lerenga,Vålerenga,0,2,,,Played,A,NOR
2025,NO-ELI,Eliteserien,199603,1,-,,199603-11-brann,2025-06-30,19:00,brann,Brann,sandefjord-fotball,Sandefjord Fotball,1,0,,,Played,H,NOR
2025,NO-ELI,Eliteserien,199603,1,-,,199603-12-hamkam,2025-07-05,14:00,hamkam,HamKam,brann,Brann,1,1,,,Played,D,NOR
2025,NO-ELI,Eliteserien,199603,1,-,,199603-12-viking,2025-07-05,16:00,viking,Viking,str-msgodset,Strømsgodset,1,0,,,Played,H,NOR
2025,NO-ELI,Eliteserien,199603,1,-,,199603-12-v-lerenga,2025-07-05,18:00,v-lerenga,Vålerenga,fredrikstad,Fredrikstad,1,1,,,Played,D,NOR
2025,NO-ELI,Eliteserien,199603,1,-,,199603-12-kristiansund,2025-07-05,20:00,kristiansund,Kristiansund,bod-glimt,Bodø/Glimt,1,1,,,Played,D,NOR
2025,NO-ELI,Eliteserien,199603,1,-,,199603-12-troms,2025-07-05,22:00,troms,Tromsø,molde,Molde,1,0,,,Played,H,NOR
2025,NO-ELI,Eliteserien,199603,1,-,,199603-12-kfum,2025-07-06,14:30,kfum,KFUM,bryne,Bryne,1,1,,,Played,D,NOR
2025,NO-ELI,Eliteserien,199603,1,-,,199603-12-sandefjord-fotball,2025-07-06,14:30,sandefjord-fotball,Sandefjord Fotball,rosenborg,Rosenborg,2,0,,,Played,H,NOR
2025,NO-ELI,Eliteserien,199603,1,-,,199603-12-sarpsborg-08,2025-07-06,14:30,sarpsborg-08,Sarpsborg 08,haugesund,Haugesund,3,1,,,Played,H,NOR
2025,NO-ELI,Eliteserien,199603,1,-,,199603-13-bod-glimt,2025-07-12,16:00,bod-glimt,Bodø/Glimt,sandefjord-fotball,Sandefjord Fotball,2,0,,,Played,H,NOR
2025,NO-ELI,Eliteserien,199603,1,-,,199603-13-fredrikstad,2025-07-12,18:00,fredrikstad,Fredrikstad,molde,Molde,4,2,,,Played,H,NOR
2025,NO-ELI,Eliteserien,199603,1,-,,199603-13-bryne,2025-07-13,14:30,bryne,Bryne,v-lerenga,Vålerenga,1,0,,,Played,H,NOR
2025,NO-ELI,Eliteserien,199603,1,-,,199603-13-haugesund,2025-07-13,17:00,haugesund,Haugesund,kfum,KFUM,0,2,,,Played,A,NOR
2025,NO-ELI,Eliteserien,199603,1,-,,199603-13-kristiansund,2025-07-13,17:00,kristiansund,Kristiansund,sarpsborg-08,Sarpsborg 08,0,0,,,Played,D,NOR
2025,NO-ELI,Eliteserien,199603,1,-,,199603-13-rosenborg,2025-07-13,17:00,rosenborg,Rosenborg,hamkam,HamKam,2,0,,,Played,H,NOR
2025,NO-ELI,Eliteserien,199603,1,-,,199603-13-str-msgodset,2025-07-13,17:00,str-msgodset,Strømsgodset,troms,Tromsø,2,3,,,Played,A,NOR
2025,NO-ELI,Eliteserien,199603,1,-,,199603-13-brann,2025-07-13,19:15,brann,Brann,viking,Viking,3,1,,,Played,H,NOR
2025,NO-ELI,Eliteserien,199603,1,-,,199603-14-sarpsborg-08,2025-07-18,18:00,sarpsborg-08,Sarpsborg 08,rosenborg,Rosenborg,2,2,,,Played,D,NOR
2025,NO-ELI,Eliteserien,199603,1,-,,199603-14-kfum,2025-07-19,14:00,kfum,KFUM,brann,Brann,2,0,,,Played,H,NOR
2025,NO-ELI,Eliteserien,199603,1,-,,199603-14-molde,2025-07-19,16:00,molde,Molde,str-msgodset,Strømsgodset,4,1,,,Played,H,NOR
2025,NO-ELI,Eliteserien,199603,1,-,,199603-14-viking,2025-07-19,18:00,viking,Viking,bod-glimt,Bodø/Glimt,2,4,,,Played,A,NOR
2025,NO-ELI,Eliteserien,199603,1,-,,199603-14-v-lerenga,2025-07-20,14:30,v-lerenga,Vålerenga,haugesund,Haugesund,3,0,,,Played,H,NOR
2025,NO-ELI,Eliteserien,199603,1,-,,199603-14-sandefjord-fotball,2025-07-20,17:00,sandefjord-fotball,Sandefjord Fotball,kristiansund,Kristiansund,6,0,,,Played,H,NOR
2025,NO-ELI,Eliteserien,199603,1,-,,199603-14-troms,2025-07-20,17:00,troms,Tromsø,bryne,Bryne,3,1,,,Played,H,NOR
2025,NO-ELI,Eliteserien,199603,1,-,,199603-14-hamkam,2025-07-20,19:15,hamkam,HamKam,fredrikstad,Fredrikstad,1,1,,,Played,D,NOR
2025,NO-ELI,Eliteserien,199603,1,-,,199603-15-brann,2025-05-29,18:00,brann,Brann,molde,Molde,0,3,,,Played,A,NOR
2025,NO-ELI,Eliteserien,199603,1,-,,199603-15-fredrikstad,2025-07-25,19:00,fredrikstad,Fredrikstad,str-msgodset,Strømsgodset,3,2,,,Played,H,NOR
2025,NO-ELI,Eliteserien,199603,1,-,,199603-15-haugesund,2025-07-26,16:00,haugesund,Haugesund,hamkam,HamKam,0,3,,,Played,A,NOR
2025,NO-ELI,Eliteserien,199603,1,-,,199603-15-kristiansund,2025-07-26,16:00,kristiansund,Kristiansund,kfum,KFUM,0,5,,,Played,A,NOR
2025,NO-ELI,Eliteserien,199603,1,-,,199603-15-sandefjord-fotball,2025-07-26,16:00,sandefjord-fotball,Sandefjord Fotball,sarpsborg-08,Sarpsborg 08,3,2,,,Played,H,NOR
2025,NO-ELI,Eliteserien,199603,1,-,,199603-15-bod-glimt,2025-07-26,18:00,bod-glimt,Bodø/Glimt,v-lerenga,Vålerenga,7,2,,,Played,H,NOR
2025,NO-ELI,Eliteserien,199603,1,-,,199603-15-bryne,2025-07-27,14:30,bryne,Bryne,viking,Viking,1,3,,,Played,A,NOR
2025,NO-ELI,Eliteserien,199603,1,-,,199603-15-rosenborg,2025-07-27,14:30,rosenborg,Rosenborg,troms,Tromsø,4,1,,,Played,H,NOR
2025,NO-ELI,Eliteserien,199603,1,-,,199603-16-viking,2025-04-10,19:00,viking,Viking,kristiansund,Kristiansund,3,1,,,Played,H,NOR
2025,NO-ELI,Eliteserien,199603,1,-,,199603-16-troms,2025-08-02,16:00,troms,Tromsø,fredrikstad,Fredrikstad,0,0,,,Played,D,NOR
2025,NO-ELI,Eliteserien,199603,1,-,,199603-16-sarpsborg-08,2025-08-02,18:00,sarpsborg-08,Sarpsborg 08,brann,Brann,1,4,,,Played,A,NOR
2025,NO-ELI,Eliteserien,199603,1,-,,199603-16-hamkam,2025-08-03,14:30,hamkam,HamKam,bod-glimt,Bodø/Glimt,1,3,,,Played,A,NOR
2025,NO-ELI,Eliteserien,199603,1,-,,199603-16-kfum,2025-08-03,17:00,kfum,KFUM,rosenborg,Rosenborg,4,1,,,Played,H,NOR
2025,NO-ELI,Eliteserien,199603,1,-,,199603-16-molde,2025-08-03,17:00,molde,Molde,bryne,Bryne,2,0,,,Played,H,NOR
2025,NO-ELI,Eliteserien,199603,1,-,,199603-16-str-msgodset,2025-08-03,17:00,str-msgodset,Strømsgodset,haugesund,Haugesund,2,0,,,Played,H,NOR
2025,NO-ELI,Eliteserien,199603,1,-,,199603-16-v-lerenga,2025-08-03,17:00,v-lerenga,Vålerenga,sandefjord-fotball,Sandefjord Fotball,2,1,,,Played,H,NOR
2025,NO-ELI,Eliteserien,199603,1,-,,199603-17-fredrikstad,2025-04-09,19:00,fredrikstad,Fredrikstad,v-lerenga,Vålerenga,2,0,,,Played,H,NOR
2025,NO-ELI,Eliteserien,199603,1,-,,199603-17-brann,2025-04-10,19:00,brann,Brann,str-msgodset,Strømsgodset,2,1,,,Played,H,NOR
2025,NO-ELI,Eliteserien,199603,1,-,,199603-17-rosenborg,2025-05-01,18:00,rosenborg,Rosenborg,kristiansund,Kristiansund,1,1,,,Played,D,NOR
2025,NO-ELI,Eliteserien,199603,1,-,,199603-17-molde,2025-08-09,16:00,molde,Molde,hamkam,HamKam,1,0,,,Played,H,NOR
2025,NO-ELI,Eliteserien,199603,1,-,,199603-17-bod-glimt,2025-08-09,19:15,bod-glimt,Bodø/Glimt,troms,Tromsø,1,1,,,Played,D,NOR
2025,NO-ELI,Eliteserien,199603,1,-,,199603-17-bryne,2025-08-10,17:00,bryne,Bryne,kfum,KFUM,0,0,,,Played,D,NOR
2025,NO-ELI,Eliteserien,199603,1,-,,199603-17-haugesund,2025-08-10,17:00,haugesund,Haugesund,sarpsborg-08,Sarpsborg 08,3,2,,,Played,H,NOR
2025,NO-ELI,Eliteserien,199603,1,-,,199603-17-sandefjord-fotball,2025-08-10,19:15,sandefjord-fotball,Sandefjord Fotball,viking,Viking,1,2,,,Played,A,NOR
2025,NO-ELI,Eliteserien,199603,1,-,,199603-18-viking,2025-04-30,18:00,viking,Viking,haugesund,Haugesund,5,1,,,Played,H,NOR
2025,NO-ELI,Eliteserien,199603,1,-,,199603-18-fredrikstad,2025-05-28,19:00,fredrikstad,Fredrikstad,rosenborg,Rosenborg,0,2,,,Played,A,NOR
2025,NO-ELI,Eliteserien,199603,1,-,,199603-18-str-msgodset,2025-08-15,19:00,str-msgodset,Strømsgodset,bod-glimt,Bodø/Glimt,0,5,,,Played,A,NOR
2025,NO-ELI,Eliteserien,199603,1,-,,199603-18-troms,2025-08-17,14:30,troms,Tromsø,brann,Brann,1,2,,,Played,A,NOR
2025,NO-ELI,Eliteserien,199603,1,-,,199603-18-hamkam,2025-08-17,17:00,hamkam,HamKam,bryne,Bryne,1,0,,,Played,H,NOR
2025,NO-ELI,Eliteserien,199603,1,-,,199603-18-kfum,2025-08-17,17:00,kfum,KFUM,molde,Molde,0,0,,,Played,D,NOR
2025,NO-ELI,Eliteserien,199603,1,-,,199603-18-kristiansund,2025-08-17,17:00,kristiansund,Kristiansund,sandefjord-fotball,Sandefjord Fotball,2,2,,,Played,D,NOR
2025,NO-ELI,Eliteserien,199603,1,-,,199603-18-v-lerenga,2025-08-17,19:15,v-lerenga,Vålerenga,sarpsborg-08,Sarpsborg 08,4,0,,,Played,H,NOR
2025,NO-ELI,Eliteserien,199603,1,-,,199603-19-bod-glimt,2025-05-28,21:00,bod-glimt,Bodø/Glimt,viking,Viking,2,4,,,Played,A,NOR
2025,NO-ELI,Eliteserien,199603,1,-,,199603-19-kfum,2025-08-22,19:00,kfum,KFUM,hamkam,HamKam,2,2,,,Played,D,NOR
2025,NO-ELI,Eliteserien,199603,1,-,,199603-19-haugesund,2025-08-24,14:30,haugesund,Haugesund,v-lerenga,Vålerenga,2,3,,,Played,A,NOR
2025,NO-ELI,Eliteserien,199603,1,-,,199603-19-bryne,2025-08-24,17:00,bryne,Bryne,str-msgodset,Strømsgodset,2,2,,,Played,D,NOR
2025,NO-ELI,Eliteserien,199603,1,-,,199603-19-molde,2025-08-24,19:15,molde,Molde,troms,Tromsø,2,0,,,Played,H,NOR
2025,NO-ELI,Eliteserien,199603,1,-,,199603-19-sarpsborg-08,2025-08-25,19:00,sarpsborg-08,Sarpsborg 08,kristiansund,Kristiansund,0,1,,,Played,A,NOR
2025,NO-ELI,Eliteserien,199603,1,-,,199603-19-brann,2025-09-28,14:30,brann,Brann,fredrikstad,Fredrikstad,1,0,,,Played,H,NOR
2025,NO-ELI,Eliteserien,199603,1,-,,199603-19-rosenborg,2025-10-29,21:00,rosenborg,Rosenborg,sandefjord-fotball,Sandefjord Fotball,1,1,,,Played,D,NOR
2025,NO-ELI,Eliteserien,199603,1,-,,199603-20-v-lerenga,2025-08-30,18:00,v-lerenga,Vålerenga,bryne,Bryne,3,2,,,Played,H,NOR
2025,NO-ELI,Eliteserien,199603,1,-,,199603-20-kristiansund,2025-08-31,14:30,kristiansund,Kristiansund,brann,Brann,2,2,,,Played,D,NOR
2025,NO-ELI,Eliteserien,199603,1,-,,199603-20-fredrikstad,2025-08-31,17:00,fredrikstad,Fredrikstad,haugesund,Haugesund,2,2,,,Played,D,NOR
2025,NO-ELI,Eliteserien,199603,1,-,,199603-20-hamkam,2025-08-31,17:00,hamkam,HamKam,sarpsborg-08,Sarpsborg 08,1,3,,,Played,A,NOR
2025,NO-ELI,Eliteserien,199603,1,-,,199603-20-sandefjord-fotball,2025-08-31,17:00,sandefjord-fotball,Sandefjord Fotball,bod-glimt,Bodø/Glimt,1,2,,,Played,A,NOR
2025,NO-ELI,Eliteserien,199603,1,-,,199603-20-troms,2025-08-31,17:00,troms,Tromsø,kfum,KFUM,2,0,,,Played,H,NOR
2025,NO-ELI,Eliteserien,199603,1,-,,199603-20-viking,2025-08-31,17:00,viking,Viking,rosenborg,Rosenborg,2,1,,,Played,H,NOR
2025,NO-ELI,Eliteserien,199603,1,-,,199603-20-str-msgodset,2025-08-31,19:15,str-msgodset,Strømsgodset,molde,Molde,3,1,,,Played,H,NOR
2025,NO-ELI,Eliteserien,199603,1,-,,199603-21-bod-glimt,2025-09-12,19:00,bod-glimt,Bodø/Glimt,kristiansund,Kristiansund,7,1,,,Played,H,NOR
2025,NO-ELI,Eliteserien,199603,1,-,,199603-21-molde,2025-09-13,16:00,molde,Molde,fredrikstad,Fredrikstad,1,2,,,Played,A,NOR
2025,NO-ELI,Eliteserien,199603,1,-,,199603-21-brann,2025-09-13,18:00,brann,Brann,v-lerenga,Vålerenga,3,2,,,Played,H,NOR
2025,NO-ELI,Eliteserien,199603,1,-,,199603-21-bryne,2025-09-14,14:30,bryne,Bryne,troms,Tromsø,0,2,,,Played,A,NOR
2025,NO-ELI,Eliteserien,199603,1,-,,199603-21-hamkam,2025-09-14,17:00,hamkam,HamKam,str-msgodset,Strømsgodset,1,2,,,Played,A,NOR
2025,NO-ELI,Eliteserien,199603,1,-,,199603-21-kfum,2025-09-14,17:00,kfum,KFUM,viking,Viking,2,2,,,Played,D,NOR
2025,NO-ELI,Eliteserien,199603,1,-,,199603-21-sarpsborg-08,2025-09-14,17:00,sarpsborg-08,Sarpsborg 08,sandefjord-fotball,Sandefjord Fotball,2,1,,,Played,H,NOR
2025,NO-ELI,Eliteserien,199603,1,-,,199603-21-haugesund,2025-09-14,19:15,haugesund,Haugesund,rosenborg,Rosenborg,0,3,,,Played,A,NOR
2025,NO-ELI,Eliteserien,199603,1,-,,199603-22-fredrikstad,2025-09-20,14:00,fredrikstad,Fredrikstad,bryne,Bryne,1,1,,,Played,D,NOR
2025,NO-ELI,Eliteserien,199603,1,-,,199603-22-sandefjord-fotball,2025-09-20,16:00,sandefjord-fotball,Sandefjord Fotball,brann,Brann,0,3,,,Played,A,NOR
2025,NO-ELI,Eliteserien,199603,1,-,,199603-22-v-lerenga,2025-09-20,18:00,v-lerenga,Vålerenga,kfum,KFUM,1,1,,,Played,D,NOR
2025,NO-ELI,Eliteserien,199603,1,-,,199603-22-rosenborg,2025-09-21,14:30,rosenborg,Rosenborg,bod-glimt,Bodø/Glimt,1,1,,,Played,D,NOR
2025,NO-ELI,Eliteserien,199603,1,-,,199603-22-kristiansund,2025-09-21,17:00,kristiansund,Kristiansund,haugesund,Haugesund,2,0,,,Played,H,NOR
2025,NO-ELI,Eliteserien,199603,1,-,,199603-22-str-msgodset,2025-09-21,17:00,str-msgodset,Strømsgodset,sarpsborg-08,Sarpsborg 08,2,1,,,Played,H,NOR
2025,NO-ELI,Eliteserien,199603,1,-,,199603-22-troms,2025-09-21,17:00,troms,Tromsø,hamkam,HamKam,1,0,,,Played,H,NOR
2025,NO-ELI,Eliteserien,199603,1,-,,199603-22-viking,2025-09-21,19:15,viking,Viking,molde,Molde,1,0,,,Played,H,NOR
2025,NO-ELI,Eliteserien,199603,1,-,,199603-23-sarpsborg-08,2025-09-27,18:00,sarpsborg-08,Sarpsborg 08,viking,Viking,3,3,,,Played,D,NOR
2025,NO-ELI,Eliteserien,199603,1,-,,199603-23-bryne,2025-09-28,17:00,bryne,Bryne,kristiansund,Kristiansund,2,0,,,Played,H,NOR
2025,NO-ELI,Eliteserien,199603,1,-,,199603-23-hamkam,2025-09-28,17:00,hamkam,HamKam,rosenborg,Rosenborg,4,0,,,Played,H,NOR
2025,NO-ELI,Eliteserien,199603,1,-,,199603-23-troms,2025-09-28,17:00,troms,Tromsø,str-msgodset,Strømsgodset,3,1,,,Played,H,NOR
2025,NO-ELI,Eliteserien,199603,1,-,,199603-23-molde,2025-09-28,19:15,molde,Molde,v-lerenga,Vålerenga,4,1,,,Played,H,NOR
2025,NO-ELI,Eliteserien,199603,1,-,,199603-23-haugesund,2025-09-29,19:00,haugesund,Haugesund,sandefjord-fotball,Sandefjord Fotball,2,3,,,Played,A,NOR
2025,NO-ELI,Eliteserien,199603,1,-,,199603-23-kfum,2025-10-01,19:00,kfum,KFUM,fredrikstad,Fredrikstad,2,1,,,Played,H,NOR
2025,NO-ELI,Eliteserien,199603,1,-,,199603-23-brann,2025-10-29,19:00,brann,Brann,bod-glimt,Bodø/Glimt,1,2,,,Played,A,NOR
2025,NO-ELI,Eliteserien,199603,1,-,,199603-24-v-lerenga,2025-10-04,14:00,v-lerenga,Vålerenga,troms,Tromsø,1,0,,,Played,H,NOR
2025,NO-ELI,Eliteserien,199603,1,-,,199603-24-sandefjord-fotball,2025-10-04,16:00,sandefjord-fotball,Sandefjord Fotball,bryne,Bryne,1,0,,,Played,H,NOR
2025,NO-ELI,Eliteserien,199603,1,-,,199603-24-kristiansund,2025-10-04,18:00,kristiansund,Kristiansund,molde,Molde,2,1,,,Played,H,NOR
2025,NO-ELI,Eliteserien,199603,1,-,,199603-24-viking,2025-10-05,14:30,viking,Viking,brann,Brann,3,0,,,Played,H,NOR
2025,NO-ELI,Eliteserien,199603,1,-,,199603-24-bod-glimt,2025-10-05,17:00,bod-glimt,Bodø/Glimt,haugesund,Haugesund,2,0,,,Played,H,NOR
2025,NO-ELI,Eliteserien,199603,1,-,,199603-24-fredrikstad,2025-10-05,17:00,fredrikstad,Fredrikstad,hamkam,HamKam,1,1,,,Played,D,NOR
2025,NO-ELI,Eliteserien,199603,1,-,,199603-24-str-msgodset,2025-10-05,17:00,str-msgodset,Strømsgodset,kfum,KFUM,1,1,,,Played,D,NOR
2025,NO-ELI,Eliteserien,199603,1,-,,199603-24-rosenborg,2025-10-05,19:15,rosenborg,Rosenborg,sarpsborg-08,Sarpsborg 08,2,3,,,Played,A,NOR
2025,NO-ELI,Eliteserien,199603,1,-,,199603-25-sarpsborg-08,2025-10-18,14:00,sarpsborg-08,Sarpsborg 08,bod-glimt,Bodø/Glimt,2,5,,,Played,A,NOR
2025,NO-ELI,Eliteserien,199603,1,-,,199603-25-bryne,2025-10-18,16:00,bryne,Bryne,rosenborg,Rosenborg,2,2,,,Played,D,NOR
2025,NO-ELI,Eliteserien,199603,1,-,,199603-25-brann,2025-10-18,18:00,brann,Brann,haugesund,Haugesund,4,1,,,Played,H,NOR
2025,NO-ELI,Eliteserien,199603,1,-,,199603-25-troms,2025-10-19,14:30,troms,Tromsø,viking,Viking,1,3,,,Played,A,NOR
2025,NO-ELI,Eliteserien,199603,1,-,,199603-25-hamkam,2025-10-19,17:00,hamkam,HamKam,v-lerenga,Vålerenga,2,1,,,Played,H,NOR
2025,NO-ELI,Eliteserien,199603,1,-,,199603-25-kfum,2025-10-19,17:00,kfum,KFUM,kristiansund,Kristiansund,1,1,,,Played,D,NOR
2025,NO-ELI,Eliteserien,199603,1,-,,199603-25-molde,2025-10-19,17:00,molde,Molde,sandefjord-fotball,Sandefjord Fotball,1,3,,,Played,A,NOR
2025,NO-ELI,Eliteserien,199603,1,-,,199603-25-str-msgodset,2025-10-19,19:15,str-msgodset,Strømsgodset,fredrikstad,Fredrikstad,0,3,,,Played,A,NOR
2025,NO-ELI,Eliteserien,199603,1,-,,199603-26-viking,2025-10-25,16:00,viking,Viking,bryne,Bryne,5,1,,,Played,H,NOR
2025,NO-ELI,Eliteserien,199603,1,-,,199603-26-sarpsborg-08,2025-10-25,18:00,sarpsborg-08,Sarpsborg 08,kfum,KFUM,2,1,,,Played,H,NOR
2025,NO-ELI,Eliteserien,199603,1,-,,199603-26-rosenborg,2025-10-26,14:30,rosenborg,Rosenborg,brann,Brann,2,3,,,Played,A,NOR
2025,NO-ELI,Eliteserien,199603,1,-,,199603-26-bod-glimt,2025-10-26,17:00,bod-glimt,Bodø/Glimt,molde,Molde,4,1,,,Played,H,NOR
2025,NO-ELI,Eliteserien,199603,1,-,,199603-26-haugesund,2025-10-26,17:00,haugesund,Haugesund,troms,Tromsø,2,3,,,Played,A,NOR
2025,NO-ELI,Eliteserien,199603,1,-,,199603-26-kristiansund,2025-10-26,17:00,kristiansund,Kristiansund,hamkam,HamKam,1,3,,,Played,A,NOR
2025,NO-ELI,Eliteserien,199603,1,-,,199603-26-sandefjord-fotball,2025-10-26,17:00,sandefjord-fotball,Sandefjord Fotball,fredrikstad,Fredrikstad,0,0,,,Played,D,NOR
2025,NO-ELI,Eliteserien,199603,1,-,,199603-26-v-lerenga,2025-10-26,19:15,v-lerenga,Vålerenga,str-msgodset,Strømsgodset,2,1,,,Played,H,NOR
2025,NO-ELI,Eliteserien,199603,1,-,,199603-27-v-lerenga,2025-11-01,16:00,v-lerenga,Vålerenga,bod-glimt,Bodø/Glimt,3,1,,,Played,H,NOR
2025,NO-ELI,Eliteserien,199603,1,-,,199603-27-molde,2025-11-01,18:00,molde,Molde,rosenborg,Rosenborg,4,2,,,Played,H,NOR
2025,NO-ELI,Eliteserien,199603,1,-,,199603-27-str-msgodset,2025-11-02,14:30,str-msgodset,Strømsgodset,viking,Viking,1,2,,,Played,A,NOR
2025,NO-ELI,Eliteserien,199603,1,-,,199603-27-bryne,2025-11-02,17:00,bryne,Bryne,brann,Brann,2,1,,,Played,H,NOR
2025,NO-ELI,Eliteserien,199603,1,-,,199603-27-fredrikstad,2025-11-02,17:00,fredrikstad,Fredrikstad,kristiansund,Kristiansund,3,1,,,Played,H,NOR
2025,NO-ELI,Eliteserien,199603,1,-,,199603-27-hamkam,2025-11-02,17:00,hamkam,HamKam,sandefjord-fotball,Sandefjord Fotball,3,1,,,Played,H,NOR
2025,NO-ELI,Eliteserien,199603,1,-,,199603-27-kfum,2025-11-02,17:00,kfum,KFUM,haugesund,Haugesund,1,4,,,Played,A,NOR
2025,NO-ELI,Eliteserien,199603,1,-,,199603-27-troms,2025-11-02,19:15,troms,Tromsø,sarpsborg-08,Sarpsborg 08,4,0,,,Played,H,NOR
2025,NO-ELI,Eliteserien,199603,1,-,,199603-28-sarpsborg-08,2025-11-08,14:00,sarpsborg-08,Sarpsborg 08,fredrikstad,Fredrikstad,0,2,,,Played,A,NOR
2025,NO-ELI,Eliteserien,199603,1,-,,199603-28-viking,2025-11-08,18:00,viking,Viking,hamkam,HamKam,3,0,,,Played,H,NOR
2025,NO-ELI,Eliteserien,199603,1,-,,199603-28-rosenborg,2025-11-09,14:30,rosenborg,Rosenborg,v-lerenga,Vålerenga,1,0,,,Played,H,NOR
2025,NO-ELI,Eliteserien,199603,1,-,,199603-28-bod-glimt,2025-11-09,17:00,bod-glimt,Bodø/Glimt,bryne,Bryne,5,0,,,Played,H,NOR
2025,NO-ELI,Eliteserien,199603,1,-,,199603-28-brann,2025-11-09,17:00,brann,Brann,kfum,KFUM,1,1,,,Played,D,NOR
2025,NO-ELI,Eliteserien,199603,1,-,,199603-28-kristiansund,2025-11-09,17:00,kristiansund,Kristiansund,str-msgodset,Strømsgodset,2,1,,,Played,H,NOR
2025,NO-ELI,Eliteserien,199603,1,-,,199603-28-sandefjord-fotball,2025-11-09,17:00,sandefjord-fotball,Sandefjord Fotball,troms,Tromsø,1,0,,,Played,H,NOR
2025,NO-ELI,Eliteserien,199603,1,-,,199603-28-haugesund,2025-11-09,19:15,haugesund,Haugesund,molde,Molde,0,2,,,Played,A,NOR
2025,NO-ELI,Eliteserien,199603,1,-,,199603-29-kfum,2025-11-21,19:00,kfum,KFUM,bod-glimt,Bodø/Glimt,1,2,,,Played,A,NOR
2025,NO-ELI,Eliteserien,199603,1,-,,199603-29-troms,2025-11-22,14:00,troms,Tromsø,rosenborg,Rosenborg,1,0,,,Played,H,NOR
2025,NO-ELI,Eliteserien,199603,1,-,,199603-29-v-lerenga,2025-11-22,16:00,v-lerenga,Vålerenga,kristiansund,Kristiansund,3,0,,,Played,H,NOR
2025,NO-ELI,Eliteserien,199603,1,-,,199603-29-molde,2025-11-22,18:00,molde,Molde,brann,Brann,4,0,,,Played,H,NOR
2025,NO-ELI,Eliteserien,199603,1,-,,199603-29-str-msgodset,2025-11-22,18:00,str-msgodset,Strømsgodset,sandefjord-fotball,Sandefjord Fotball,2,6,,,Played,A,NOR
2025,NO-ELI,Eliteserien,199603,1,-,,199603-29-bryne,2025-11-23,14:30,bryne,Bryne,sarpsborg-08,Sarpsborg 08,0,3,,,Played,A,NOR
2025,NO-ELI,Eliteserien,199603,1,-,,199603-29-hamkam,2025-11-23,14:30,hamkam,HamKam,haugesund,Haugesund,5,0,,,Played,H,NOR
2025,NO-ELI,Eliteserien,199603,1,-,,199603-29-fredrikstad,2025-11-23,19:15,fredrikstad,Fredrikstad,viking,Viking,0,1,,,Played,A,NOR
2025,NO-ELI,Eliteserien,199603,1,-,,199603-30-bod-glimt,2025-11-30,17:00,bod-glimt,Bodø/Glimt,fredrikstad,Fredrikstad,5,0,,,Played,H,NOR
2025,NO-ELI,Eliteserien,199603,1,-,,199603-30-brann,2025-11-30,17:00,brann,Brann,hamkam,HamKam,3,1,,,Played,H,NOR
2025,NO-ELI,Eliteserien,199603,1,-,,199603-30-haugesund,2025-11-30,17:00,haugesund,Haugesund,bryne,Bryne,1,4,,,Played,A,NOR
2025,NO-ELI,Eliteserien,199603,1,-,,199603-30-kristiansund,2025-11-30,17:00,kristiansund,Kristiansund,troms,Tromsø,1,3,,,Played,A,NOR
2025,NO-ELI,Eliteserien,199603,1,-,,199603-30-rosenborg,2025-11-30,17:00,rosenborg,Rosenborg,str-msgodset,Strømsgodset,6,0,,,Played,H,NOR
2025,NO-ELI,Eliteserien,199603,1,-,,199603-30-sandefjord-fotball,2025-11-30,17:00,sandefjord-fotball,Sandefjord Fotball,kfum,KFUM,2,0,,,Played,H,NOR
2025,NO-ELI,Eliteserien,199603,1,-,,199603-30-sarpsborg-08,2025-11-30,17:00,sarpsborg-08,Sarpsborg 08,molde,Molde,1,0,,,Played,H,NOR
2025,NO-ELI,Eliteserien,199603,1,-,,199603-30-viking,2025-11-30,17:00,viking,Viking,v-lerenga,Vålerenga,5,1,,,Played,H,NOR
2026,NO-ELI,Eliteserien,206092,1,-,,206092-1-hamkam,2026-03-14,16:00,hamkam,HamKam,viking,Viking,2,1,,,Played,H,NOR
2026,NO-ELI,Eliteserien,206092,1,-,,206092-1-molde,2026-03-14,18:00,molde,Molde,rosenborg,Rosenborg,2,0,,,Played,H,NOR
2026,NO-ELI,Eliteserien,206092,1,-,,206092-1-kristiansund,2026-03-15,14:30,kristiansund,Kristiansund,brann,Brann,3,2,,,Played,H,NOR
2026,NO-ELI,Eliteserien,206092,1,-,,206092-1-kfum,2026-03-15,17:00,kfum,KFUM,start,Start,2,0,,,Played,H,NOR
2026,NO-ELI,Eliteserien,206092,1,-,,206092-1-v-lerenga,2026-03-15,17:00,v-lerenga,Vålerenga,sandefjord-fotball,Sandefjord Fotball,1,0,,,Played,H,NOR
2026,NO-ELI,Eliteserien,206092,1,-,,206092-1-aalesund,2026-03-15,17:00,aalesund,Aalesund,lillestr-m,Lillestrøm,1,3,,,Played,A,NOR
2026,NO-ELI,Eliteserien,206092,1,-,,206092-1-troms,2026-03-15,19:15,troms,Tromsø,fredrikstad,Fredrikstad,4,0,,,Played,H,NOR
2026,NO-ELI,Eliteserien,206092,1,-,,206092-1-sarpsborg-08,2026-04-15,19:00,sarpsborg-08,Sarpsborg 08,bod-glimt,Bodø/Glimt,1,1,,,Played,D,NOR
2026,NO-ELI,Eliteserien,206092,1,-,,206092-2-start,2026-03-21,16:00,start,Start,aalesund,Aalesund,1,1,,,Played,D,NOR
2026,NO-ELI,Eliteserien,206092,1,-,,206092-2-viking,2026-03-21,18:00,viking,Viking,molde,Molde,4,1,,,Played,H,NOR
2026,NO-ELI,Eliteserien,206092,1,-,,206092-2-rosenborg,2026-03-22,14:30,rosenborg,Rosenborg,v-lerenga,Vålerenga,0,2,,,Played,A,NOR
2026,NO-ELI,Eliteserien,206092,1,-,,206092-2-brann,2026-03-22,17:00,brann,Brann,troms,Tromsø,1,2,,,Played,A,NOR
2026,NO-ELI,Eliteserien,206092,1,-,,206092-2-fredrikstad,2026-03-22,17:00,fredrikstad,Fredrikstad,kfum,KFUM,3,1,,,Played,H,NOR
2026,NO-ELI,Eliteserien,206092,1,-,,206092-2-sandefjord-fotball,2026-03-22,17:00,sandefjord-fotball,Sandefjord Fotball,sarpsborg-08,Sarpsborg 08,0,2,,,Played,A,NOR
2026,NO-ELI,Eliteserien,206092,1,-,,206092-2-lillestr-m,2026-05-20,19:00,lillestr-m,Lillestrøm,kristiansund,Kristiansund,1,2,,,Played,A,NOR
2026,NO-ELI,Eliteserien,206092,1,-,,206092-3-v-lerenga,2026-04-06,14:30,v-lerenga,Vålerenga,viking,Viking,0,1,,,Played,A,NOR
2026,NO-ELI,Eliteserien,206092,1,-,,206092-3-hamkam,2026-04-06,17:00,hamkam,HamKam,brann,Brann,1,5,,,Played,A,NOR
2026,NO-ELI,Eliteserien,206092,1,-,,206092-3-kristiansund,2026-04-06,17:00,kristiansund,Kristiansund,bod-glimt,Bodø/Glimt,0,3,,,Played,A,NOR
2026,NO-ELI,Eliteserien,206092,1,-,,206092-3-molde,2026-04-06,17:00,molde,Molde,lillestr-m,Lillestrøm,0,1,,,Played,A,NOR
2026,NO-ELI,Eliteserien,206092,1,-,,206092-3-sarpsborg-08,2026-04-06,17:00,sarpsborg-08,Sarpsborg 08,start,Start,1,1,,,Played,D,NOR
2026,NO-ELI,Eliteserien,206092,1,-,,206092-3-troms,2026-04-06,19:15,troms,Tromsø,rosenborg,Rosenborg,2,0,,,Played,H,NOR
2026,NO-ELI,Eliteserien,206092,1,-,,206092-3-kfum,2026-04-07,19:00,kfum,KFUM,sandefjord-fotball,Sandefjord Fotball,1,2,,,Played,A,NOR
2026,NO-ELI,Eliteserien,206092,1,-,,206092-3-aalesund,2026-04-07,19:00,aalesund,Aalesund,fredrikstad,Fredrikstad,2,3,,,Played,A,NOR
2026,NO-ELI,Eliteserien,206092,1,-,,206092-4-lillestr-m,2026-04-11,14:00,lillestr-m,Lillestrøm,start,Start,3,1,,,Played,H,NOR
2026,NO-ELI,Eliteserien,206092,1,-,,206092-4-troms,2026-04-11,16:00,troms,Tromsø,kristiansund,Kristiansund,2,0,,,Played,H,NOR
2026,NO-ELI,Eliteserien,206092,1,-,,206092-4-viking,2026-04-11,18:00,viking,Viking,bod-glimt,Bodø/Glimt,5,0,,,Played,H,NOR
2026,NO-ELI,Eliteserien,206092,1,-,,206092-4-rosenborg,2026-04-12,14:30,rosenborg,Rosenborg,sarpsborg-08,Sarpsborg 08,2,1,,,Played,H,NOR
2026,NO-ELI,Eliteserien,206092,1,-,,206092-4-fredrikstad,2026-04-12,17:00,fredrikstad,Fredrikstad,v-lerenga,Vålerenga,1,1,,,Played,D,NOR
2026,NO-ELI,Eliteserien,206092,1,-,,206092-4-molde,2026-04-12,17:00,molde,Molde,hamkam,HamKam,4,1,,,Played,H,NOR
2026,NO-ELI,Eliteserien,206092,1,-,,206092-4-aalesund,2026-04-12,17:00,aalesund,Aalesund,kfum,KFUM,2,2,,,Played,D,NOR
2026,NO-ELI,Eliteserien,206092,1,-,,206092-4-brann,2026-04-12,19:15,brann,Brann,sandefjord-fotball,Sandefjord Fotball,0,1,,,Played,A,NOR
2026,NO-ELI,Eliteserien,206092,1,-,,206092-5-bod-glimt,2026-04-18,14:00,bod-glimt,Bodø/Glimt,aalesund,Aalesund,3,0,,,Played,H,NOR
2026,NO-ELI,Eliteserien,206092,1,-,,206092-5-sandefjord-fotball,2026-04-18,16:00,sandefjord-fotball,Sandefjord Fotball,rosenborg,Rosenborg,0,0,,,Played,D,NOR
2026,NO-ELI,Eliteserien,206092,1,-,,206092-5-viking,2026-04-18,18:00,viking,Viking,brann,Brann,3,2,,,Played,H,NOR
2026,NO-ELI,Eliteserien,206092,1,-,,206092-5-v-lerenga,2026-04-19,14:30,v-lerenga,Vålerenga,lillestr-m,Lillestrøm,0,2,,,Played,A,NOR
2026,NO-ELI,Eliteserien,206092,1,-,,206092-5-hamkam,2026-04-19,17:00,hamkam,HamKam,kfum,KFUM,4,0,,,Played,H,NOR
2026,NO-ELI,Eliteserien,206092,1,-,,206092-5-kristiansund,2026-04-19,17:00,kristiansund,Kristiansund,fredrikstad,Fredrikstad,2,0,,,Played,H,NOR
2026,NO-ELI,Eliteserien,206092,1,-,,206092-5-sarpsborg-08,2026-04-19,17:00,sarpsborg-08,Sarpsborg 08,troms,Tromsø,0,1,,,Played,A,NOR
2026,NO-ELI,Eliteserien,206092,1,-,,206092-5-start,2026-04-19,19:15,start,Start,molde,Molde,1,1,,,Played,D,NOR
2026,NO-ELI,Eliteserien,206092,1,-,,206092-6-fredrikstad,2026-04-25,16:00,fredrikstad,Fredrikstad,viking,Viking,1,2,,,Played,A,NOR
2026,NO-ELI,Eliteserien,206092,1,-,,206092-6-rosenborg,2026-04-25,18:00,rosenborg,Rosenborg,brann,Brann,1,1,,,Played,D,NOR
2026,NO-ELI,Eliteserien,206092,1,-,,206092-6-molde,2026-04-26,14:30,molde,Molde,v-lerenga,Vålerenga,5,1,,,Played,H,NOR
2026,NO-ELI,Eliteserien,206092,1,-,,206092-6-hamkam,2026-04-26,17:00,hamkam,HamKam,start,Start,2,1,,,Played,H,NOR
2026,NO-ELI,Eliteserien,206092,1,-,,206092-6-kfum,2026-04-26,17:00,kfum,KFUM,sarpsborg-08,Sarpsborg 08,1,0,,,Played,H,NOR
2026,NO-ELI,Eliteserien,206092,1,-,,206092-6-troms,2026-04-26,17:00,troms,Tromsø,sandefjord-fotball,Sandefjord Fotball,3,1,,,Played,H,NOR
2026,NO-ELI,Eliteserien,206092,1,-,,206092-6-aalesund,2026-04-26,17:00,aalesund,Aalesund,kristiansund,Kristiansund,1,1,,,Played,D,NOR
2026,NO-ELI,Eliteserien,206092,1,-,,206092-6-lillestr-m,2026-04-26,19:15,lillestr-m,Lillestrøm,bod-glimt,Bodø/Glimt,0,2,,,Played,A,NOR
2026,NO-ELI,Eliteserien,206092,1,-,,206092-7-viking,2026-05-01,18:00,viking,Viking,rosenborg,Rosenborg,3,0,,,Played,H,NOR
2026,NO-ELI,Eliteserien,206092,1,-,,206092-7-brann,2026-05-02,18:00,brann,Brann,fredrikstad,Fredrikstad,3,1,,,Played,H,NOR
2026,NO-ELI,Eliteserien,206092,1,-,,206092-7-lillestr-m,2026-05-03,14:30,lillestr-m,Lillestrøm,sarpsborg-08,Sarpsborg 08,4,0,,,Played,H,NOR
2026,NO-ELI,Eliteserien,206092,1,-,,206092-7-kristiansund,2026-05-03,17:00,kristiansund,Kristiansund,hamkam,HamKam,1,1,,,Played,D,NOR
2026,NO-ELI,Eliteserien,206092,1,-,,206092-7-sandefjord-fotball,2026-05-03,17:00,sandefjord-fotball,Sandefjord Fotball,aalesund,Aalesund,1,0,,,Played,H,NOR
2026,NO-ELI,Eliteserien,206092,1,-,,206092-7-start,2026-05-03,17:00,start,Start,troms,Tromsø,1,1,,,Played,D,NOR
2026,NO-ELI,Eliteserien,206092,1,-,,206092-7-v-lerenga,2026-05-03,19:15,v-lerenga,Vålerenga,kfum,KFUM,2,2,,,Played,D,NOR
2026,NO-ELI,Eliteserien,206092,1,-,,206092-7-bod-glimt,2026-05-04,19:00,bod-glimt,Bodø/Glimt,molde,Molde,0,1,,,Played,A,NOR
2026,NO-ELI,Eliteserien,206092,1,-,,206092-8-hamkam,2026-05-08,19:00,hamkam,HamKam,v-lerenga,Vålerenga,1,0,,,Played,H,NOR
2026,NO-ELI,Eliteserien,206092,1,-,,206092-8-sarpsborg-08,2026-05-09,14:00,sarpsborg-08,Sarpsborg 08,fredrikstad,Fredrikstad,2,1,,,Played,H,NOR
2026,NO-ELI,Eliteserien,206092,1,-,,206092-8-rosenborg,2026-05-10,14:30,rosenborg,Rosenborg,lillestr-m,Lillestrøm,2,0,,,Played,H,NOR
2026,NO-ELI,Eliteserien,206092,1,-,,206092-8-kfum,2026-05-10,17:00,kfum,KFUM,viking,Viking,0,2,,,Played,A,NOR
2026,NO-ELI,Eliteserien,206092,1,-,,206092-8-sandefjord-fotball,2026-05-10,17:00,sandefjord-fotball,Sandefjord Fotball,kristiansund,Kristiansund,2,0,,,Played,H,NOR
2026,NO-ELI,Eliteserien,206092,1,-,,206092-8-troms,2026-05-10,17:00,troms,Tromsø,molde,Molde,2,0,,,Played,H,NOR
2026,NO-ELI,Eliteserien,206092,1,-,,206092-8-start,2026-05-20,18:00,start,Start,bod-glimt,Bodø/Glimt,1,4,,,Played,A,NOR
2026,NO-ELI,Eliteserien,206092,1,-,,206092-8-aalesund,2026-05-20,20:00,aalesund,Aalesund,brann,Brann,2,1,,,Played,H,NOR
2026,NO-ELI,Eliteserien,206092,1,-,,206092-9-brann,2026-05-16,14:00,brann,Brann,kfum,KFUM,2,1,,,Played,H,NOR
2026,NO-ELI,Eliteserien,206092,1,-,,206092-9-fredrikstad,2026-05-16,16:00,fredrikstad,Fredrikstad,hamkam,HamKam,2,1,,,Played,H,NOR
2026,NO-ELI,Eliteserien,206092,1,-,,206092-9-lillestr-m,2026-05-16,16:00,lillestr-m,Lillestrøm,sandefjord-fotball,Sandefjord Fotball,3,1,,,Played,H,NOR
2026,NO-ELI,Eliteserien,206092,1,-,,206092-9-molde,2026-05-16,16:00,molde,Molde,kristiansund,Kristiansund,1,0,,,Played,H,NOR
2026,NO-ELI,Eliteserien,206092,1,-,,206092-9-rosenborg,2026-05-16,16:00,rosenborg,Rosenborg,aalesund,Aalesund,2,3,,,Played,A,NOR
2026,NO-ELI,Eliteserien,206092,1,-,,206092-9-viking,2026-05-16,16:00,viking,Viking,start,Start,6,3,,,Played,H,NOR
2026,NO-ELI,Eliteserien,206092,1,-,,206092-9-bod-glimt,2026-05-16,18:00,bod-glimt,Bodø/Glimt,troms,Tromsø,5,0,,,Played,H,NOR
2026,NO-ELI,Eliteserien,206092,1,-,,206092-9-v-lerenga,2026-05-16,20:00,v-lerenga,Vålerenga,sarpsborg-08,Sarpsborg 08,3,2,,,Played,H,NOR
2026,NO-ELI,Eliteserien,206092,1,-,,206092-10-bod-glimt,2026-05-24,16:00,bod-glimt,Bodø/Glimt,brann,Brann,3,1,,,Played,H,NOR
2026,NO-ELI,Eliteserien,206092,1,-,,206092-10-kristiansund,2026-05-24,18:00,kristiansund,Kristiansund,viking,Viking,1,2,,,Played,A,NOR
2026,NO-ELI,Eliteserien,206092,1,-,,206092-10-start,2026-05-25,14:30,start,Start,v-lerenga,Vålerenga,2,0,,,Played,H,NOR
2026,NO-ELI,Eliteserien,206092,1,-,,206092-10-hamkam,2026-05-25,17:00,hamkam,HamKam,lillestr-m,Lillestrøm,2,0,,,Played,H,NOR
2026,NO-ELI,Eliteserien,206092,1,-,,206092-10-kfum,2026-05-25,17:00,kfum,KFUM,rosenborg,Rosenborg,2,0,,,Played,H,NOR
2026,NO-ELI,Eliteserien,206092,1,-,,206092-10-sarpsborg-08,2026-05-25,17:00,sarpsborg-08,Sarpsborg 08,molde,Molde,2,1,,,Played,H,NOR
2026,NO-ELI,Eliteserien,206092,1,-,,206092-10-troms,2026-05-25,17:00,troms,Tromsø,aalesund,Aalesund,1,1,,,Played,D,NOR
2026,NO-ELI,Eliteserien,206092,1,-,,206092-10-sandefjord-fotball,2026-05-25,19:15,sandefjord-fotball,Sandefjord Fotball,fredrikstad,Fredrikstad,1,1,,,Played,D,NOR
2026,NO-ELI,Eliteserien,206092,1,-,,206092-11-brann,2026-05-29,19:00,brann,Brann,sarpsborg-08,Sarpsborg 08,1,2,,,Played,A,NOR
2026,NO-ELI,Eliteserien,206092,1,-,,206092-11-fredrikstad,2026-05-29,19:00,fredrikstad,Fredrikstad,start,Start,2,1,,,Played,H,NOR
2026,NO-ELI,Eliteserien,206092,1,-,,206092-11-kfum,2026-05-29,19:00,kfum,KFUM,troms,Tromsø,0,0,,,Played,D,NOR
2026,NO-ELI,Eliteserien,206092,1,-,,206092-11-rosenborg,2026-05-29,19:00,rosenborg,Rosenborg,bod-glimt,Bodø/Glimt,2,2,,,Played,D,NOR
2026,NO-ELI,Eliteserien,206092,1,-,,206092-11-v-lerenga,2026-05-29,19:00,v-lerenga,Vålerenga,kristiansund,Kristiansund,3,1,,,Played,H,NOR
2026,NO-ELI,Eliteserien,206092,1,-,,206092-11-aalesund,2026-05-29,19:00,aalesund,Aalesund,hamkam,HamKam,2,2,,,Played,D,NOR
2026,NO-ELI,Eliteserien,206092,1,-,,206092-11-molde,2026-05-30,16:00,molde,Molde,sandefjord-fotball,Sandefjord Fotball,2,1,,,Played,H,NOR
2026,NO-ELI,Eliteserien,206092,1,-,,206092-13-fredrikstad,2026-07-11,14:00,fredrikstad,Fredrikstad,lillestr-m,Lillestrøm,0,2,,,Played,A,NOR
2026,NO-ELI,Eliteserien,206092,1,-,,206092-13-aalesund,2026-07-11,16:00,aalesund,Aalesund,molde,Molde,2,2,,,Played,D,NOR
2026,NO-ELI,Eliteserien,206092,1,-,,206092-13-troms,2026-07-11,18:00,troms,Tromsø,v-lerenga,Vålerenga,4,0,,,Played,H,NOR
2026,NO-ELI,Eliteserien,206092,1,-,,206092-13-kfum,2026-07-12,14:30,kfum,KFUM,bod-glimt,Bodø/Glimt,0,2,,,Played,A,NOR
2026,NO-ELI,Eliteserien,206092,1,-,,206092-13-brann,2026-07-12,17:00,brann,Brann,start,Start,2,1,,,Played,H,NOR
2026,NO-ELI,Eliteserien,206092,1,-,,206092-13-rosenborg,2026-07-12,17:00,rosenborg,Rosenborg,kristiansund,Kristiansund,3,0,,,Played,H,NOR
2026,NO-ELI,Eliteserien,206092,1,-,,206092-13-sandefjord-fotball,2026-07-12,17:00,sandefjord-fotball,Sandefjord Fotball,hamkam,HamKam,2,2,,,Played,D,NOR
2026,NO-ELI,Eliteserien,206092,1,-,,206092-13-sarpsborg-08,2026-07-12,19:15,sarpsborg-08,Sarpsborg 08,viking,Viking,1,0,,,Played,H,NOR
2026,NO-ELI,Eliteserien,206092,1,-,,206092-14-v-lerenga,2026-07-16,19:00,v-lerenga,Vålerenga,aalesund,Aalesund,6,1,,,Played,H,NOR
2026,NO-ELI,Eliteserien,206092,1,-,,206092-14-bod-glimt,2026-07-17,19:15,bod-glimt,Bodø/Glimt,fredrikstad,Fredrikstad,1,0,,,Played,H,NOR
2026,NO-ELI,Eliteserien,206092,1,-,,206092-14-hamkam,2026-07-18,14:00,hamkam,HamKam,troms,Tromsø,1,4,,,Played,A,NOR
2026,NO-ELI,Eliteserien,206092,1,-,,206092-14-kristiansund,2026-07-18,16:00,kristiansund,Kristiansund,sarpsborg-08,Sarpsborg 08,0,0,,,Played,D,NOR
2026,NO-ELI,Eliteserien,206092,1,-,,206092-14-lillestr-m,2026-07-18,16:00,lillestr-m,Lillestrøm,kfum,KFUM,2,1,,,Played,H,NOR
2026,NO-ELI,Eliteserien,206092,1,-,,206092-14-start,2026-07-18,16:00,start,Start,rosenborg,Rosenborg,0,3,,,Played,A,NOR
2026,NO-ELI,Eliteserien,206092,1,-,,206092-14-molde,2026-07-18,18:00,molde,Molde,brann,Brann,1,2,,,Played,A,NOR
2026,NO-ELI,Eliteserien,206092,1,-,,206092-14-viking,2026-07-18,18:00,viking,Viking,sandefjord-fotball,Sandefjord Fotball,2,1,,,Played,H,NOR
2026,NO-ELI,Eliteserien,206092,1,-,,206092-15-troms,2026-04-15,19:00,troms,Tromsø,lillestr-m,Lillestrøm,0,0,,,Played,D,NOR
2026,NO-ELI,Eliteserien,206092,1,-,,206092-17-troms,2026-04-29,19:00,troms,Tromsø,brann,Brann,0,5,,,Played,A,NOR
2026,NO-ELI,Eliteserien,206092,1,-,,206092-18-bod-glimt,2026-04-30,19:00,bod-glimt,Bodø/Glimt,start,Start,5,0,,,Played,H,NOR
2025,NO-OBOS,OBOS-ligaen,199422,1,-,,199422-1-egersund,2025-03-31,19:00,egersund,Egersund,mj-ndalen,Mjøndalen,3,2,,,Played,H,NOR
2025,NO-OBOS,OBOS-ligaen,199422,1,-,,199422-1-kongsvinger,2025-03-31,19:00,kongsvinger,Kongsvinger,sane,Åsane,1,1,,,Played,D,NOR
2025,NO-OBOS,OBOS-ligaen,199422,1,-,,199422-1-odd,2025-03-31,19:00,odd,Odd,skeid,Skeid,2,1,,,Played,H,NOR
2025,NO-OBOS,OBOS-ligaen,199422,1,-,,199422-1-ranheim-tf,2025-03-31,19:00,ranheim-tf,Ranheim TF,lyn,Lyn,0,3,,,Played,A,NOR
2025,NO-OBOS,OBOS-ligaen,199422,1,-,,199422-1-stab-k,2025-03-31,19:00,stab-k,Stabæk,h-dd,Hødd,1,1,,,Played,D,NOR
2025,NO-OBOS,OBOS-ligaen,199422,1,-,,199422-1-start,2025-03-31,19:00,start,Start,sogndal,Sogndal,2,1,,,Played,H,NOR
2025,NO-OBOS,OBOS-ligaen,199422,1,-,,199422-1-aalesund,2025-03-31,19:00,aalesund,Aalesund,lillestr-m,Lillestrøm,2,2,,,Played,D,NOR
2025,NO-OBOS,OBOS-ligaen,199422,1,-,,199422-1-raufoss,2025-04-01,19:00,raufoss,Raufoss,moss,Moss,3,2,,,Played,H,NOR
2025,NO-OBOS,OBOS-ligaen,199422,1,-,,199422-2-h-dd,2025-04-05,16:00,h-dd,Hødd,kongsvinger,Kongsvinger,0,2,,,Played,A,NOR
2025,NO-OBOS,OBOS-ligaen,199422,1,-,,199422-2-lillestr-m,2025-04-05,16:00,lillestr-m,Lillestrøm,odd,Odd,1,0,,,Played,H,NOR
2025,NO-OBOS,OBOS-ligaen,199422,1,-,,199422-2-mj-ndalen,2025-04-05,16:00,mj-ndalen,Mjøndalen,raufoss,Raufoss,1,1,,,Played,D,NOR
2025,NO-OBOS,OBOS-ligaen,199422,1,-,,199422-2-moss,2025-04-05,16:00,moss,Moss,ranheim-tf,Ranheim TF,2,0,,,Played,H,NOR
2025,NO-OBOS,OBOS-ligaen,199422,1,-,,199422-2-skeid,2025-04-05,16:00,skeid,Skeid,start,Start,1,3,,,Played,A,NOR
2025,NO-OBOS,OBOS-ligaen,199422,1,-,,199422-2-sogndal,2025-04-05,16:00,sogndal,Sogndal,aalesund,Aalesund,3,4,,,Played,A,NOR
2025,NO-OBOS,OBOS-ligaen,199422,1,-,,199422-2-sane,2025-04-05,16:00,sane,Åsane,egersund,Egersund,0,2,,,Played,A,NOR
2025,NO-OBOS,OBOS-ligaen,199422,1,-,,199422-2-lyn,2025-04-06,17:00,lyn,Lyn,stab-k,Stabæk,0,1,,,Played,A,NOR
2025,NO-OBOS,OBOS-ligaen,199422,1,-,,199422-3-egersund,2025-04-21,17:00,egersund,Egersund,skeid,Skeid,4,3,,,Played,H,NOR
2025,NO-OBOS,OBOS-ligaen,199422,1,-,,199422-3-kongsvinger,2025-04-21,17:00,kongsvinger,Kongsvinger,moss,Moss,6,0,,,Played,H,NOR
2025,NO-OBOS,OBOS-ligaen,199422,1,-,,199422-3-odd,2025-04-21,17:00,odd,Odd,lyn,Lyn,2,1,,,Played,H,NOR
2025,NO-OBOS,OBOS-ligaen,199422,1,-,,199422-3-ranheim-tf,2025-04-21,17:00,ranheim-tf,Ranheim TF,sogndal,Sogndal,1,2,,,Played,A,NOR
2025,NO-OBOS,OBOS-ligaen,199422,1,-,,199422-3-raufoss,2025-04-21,17:00,raufoss,Raufoss,sane,Åsane,3,2,,,Played,H,NOR
2025,NO-OBOS,OBOS-ligaen,199422,1,-,,199422-3-stab-k,2025-04-21,17:00,stab-k,Stabæk,lillestr-m,Lillestrøm,0,3,,,Played,A,NOR
2025,NO-OBOS,OBOS-ligaen,199422,1,-,,199422-3-start,2025-04-21,17:00,start,Start,h-dd,Hødd,1,2,,,Played,A,NOR
2025,NO-OBOS,OBOS-ligaen,199422,1,-,,199422-3-aalesund,2025-04-21,17:00,aalesund,Aalesund,mj-ndalen,Mjøndalen,0,0,,,Played,D,NOR
2025,NO-OBOS,OBOS-ligaen,199422,1,-,,199422-4-lyn,2025-04-27,17:00,lyn,Lyn,lillestr-m,Lillestrøm,0,1,,,Played,A,NOR
2025,NO-OBOS,OBOS-ligaen,199422,1,-,,199422-4-moss,2025-04-27,17:00,moss,Moss,stab-k,Stabæk,4,2,,,Played,H,NOR
2025,NO-OBOS,OBOS-ligaen,199422,1,-,,199422-4-mj-ndalen,2025-04-28,19:00,mj-ndalen,Mjøndalen,start,Start,2,3,,,Played,A,NOR
2025,NO-OBOS,OBOS-ligaen,199422,1,-,,199422-4-raufoss,2025-04-28,19:00,raufoss,Raufoss,egersund,Egersund,0,1,,,Played,A,NOR
2025,NO-OBOS,OBOS-ligaen,199422,1,-,,199422-4-skeid,2025-04-28,19:00,skeid,Skeid,kongsvinger,Kongsvinger,1,4,,,Played,A,NOR
2025,NO-OBOS,OBOS-ligaen,199422,1,-,,199422-4-sogndal,2025-04-28,19:00,sogndal,Sogndal,odd,Odd,3,2,,,Played,H,NOR
2025,NO-OBOS,OBOS-ligaen,199422,1,-,,199422-4-sane,2025-04-28,19:00,sane,Åsane,aalesund,Aalesund,0,0,,,Played,D,NOR
2025,NO-OBOS,OBOS-ligaen,199422,1,-,,199422-4-h-dd,2025-04-29,19:00,h-dd,Hødd,ranheim-tf,Ranheim TF,0,1,,,Played,A,NOR
2025,NO-OBOS,OBOS-ligaen,199422,1,-,,199422-5-lillestr-m,2025-05-03,16:00,lillestr-m,Lillestrøm,moss,Moss,3,0,,,Played,H,NOR
2025,NO-OBOS,OBOS-ligaen,199422,1,-,,199422-5-odd,2025-05-03,16:00,odd,Odd,egersund,Egersund,1,1,,,Played,D,NOR
2025,NO-OBOS,OBOS-ligaen,199422,1,-,,199422-5-ranheim-tf,2025-05-03,16:00,ranheim-tf,Ranheim TF,kongsvinger,Kongsvinger,2,1,,,Played,H,NOR
2025,NO-OBOS,OBOS-ligaen,199422,1,-,,199422-5-sogndal,2025-05-03,16:00,sogndal,Sogndal,mj-ndalen,Mjøndalen,1,0,,,Played,H,NOR
2025,NO-OBOS,OBOS-ligaen,199422,1,-,,199422-5-start,2025-05-03,16:00,start,Start,sane,Åsane,2,3,,,Played,A,NOR
2025,NO-OBOS,OBOS-ligaen,199422,1,-,,199422-5-aalesund,2025-05-03,16:00,aalesund,Aalesund,raufoss,Raufoss,3,1,,,Played,H,NOR
2025,NO-OBOS,OBOS-ligaen,199422,1,-,,199422-5-stab-k,2025-05-04,14:30,stab-k,Stabæk,skeid,Skeid,1,0,,,Played,H,NOR
2025,NO-OBOS,OBOS-ligaen,199422,1,-,,199422-5-lyn,2025-05-04,17:00,lyn,Lyn,h-dd,Hødd,0,1,,,Played,A,NOR
2025,NO-OBOS,OBOS-ligaen,199422,1,-,,199422-6-mj-ndalen,2025-05-11,17:00,mj-ndalen,Mjøndalen,ranheim-tf,Ranheim TF,1,4,,,Played,A,NOR
2025,NO-OBOS,OBOS-ligaen,199422,1,-,,199422-6-raufoss,2025-05-11,17:00,raufoss,Raufoss,start,Start,0,0,,,Played,D,NOR
2025,NO-OBOS,OBOS-ligaen,199422,1,-,,199422-6-h-dd,2025-05-11,17:00,h-dd,Hødd,sogndal,Sogndal,2,1,,,Played,H,NOR
2025,NO-OBOS,OBOS-ligaen,199422,1,-,,199422-6-moss,2025-05-11,17:00,moss,Moss,lyn,Lyn,2,0,,,Played,H,NOR
2025,NO-OBOS,OBOS-ligaen,199422,1,-,,199422-6-kongsvinger,2025-05-12,19:00,kongsvinger,Kongsvinger,odd,Odd,1,3,,,Played,A,NOR
2025,NO-OBOS,OBOS-ligaen,199422,1,-,,199422-6-skeid,2025-05-12,19:00,skeid,Skeid,lillestr-m,Lillestrøm,1,1,,,Played,D,NOR
2025,NO-OBOS,OBOS-ligaen,199422,1,-,,199422-6-sane,2025-05-12,19:00,sane,Åsane,stab-k,Stabæk,1,1,,,Played,D,NOR
2025,NO-OBOS,OBOS-ligaen,199422,1,-,,199422-6-egersund,2025-07-22,18:00,egersund,Egersund,aalesund,Aalesund,2,2,,,Played,D,NOR
2025,NO-OBOS,OBOS-ligaen,199422,1,-,,199422-7-ranheim-tf,2025-05-15,19:00,ranheim-tf,Ranheim TF,raufoss,Raufoss,1,1,,,Played,D,NOR
2025,NO-OBOS,OBOS-ligaen,199422,1,-,,199422-7-lillestr-m,2025-05-16,18:00,lillestr-m,Lillestrøm,kongsvinger,Kongsvinger,2,0,,,Played,H,NOR
2025,NO-OBOS,OBOS-ligaen,199422,1,-,,199422-7-lyn,2025-05-16,18:00,lyn,Lyn,skeid,Skeid,1,1,,,Played,D,NOR
2025,NO-OBOS,OBOS-ligaen,199422,1,-,,199422-7-odd,2025-05-16,18:00,odd,Odd,moss,Moss,2,0,,,Played,H,NOR
2025,NO-OBOS,OBOS-ligaen,199422,1,-,,199422-7-sogndal,2025-05-16,18:00,sogndal,Sogndal,sane,Åsane,2,0,,,Played,H,NOR
2025,NO-OBOS,OBOS-ligaen,199422,1,-,,199422-7-stab-k,2025-05-16,18:00,stab-k,Stabæk,mj-ndalen,Mjøndalen,4,0,,,Played,H,NOR
2025,NO-OBOS,OBOS-ligaen,199422,1,-,,199422-7-start,2025-05-16,18:00,start,Start,egersund,Egersund,2,1,,,Played,H,NOR
2025,NO-OBOS,OBOS-ligaen,199422,1,-,,199422-7-aalesund,2025-05-16,18:00,aalesund,Aalesund,h-dd,Hødd,2,0,,,Played,H,NOR
2025,NO-OBOS,OBOS-ligaen,199422,1,-,,199422-8-kongsvinger,2025-05-24,16:00,kongsvinger,Kongsvinger,lyn,Lyn,2,1,,,Played,H,NOR
2025,NO-OBOS,OBOS-ligaen,199422,1,-,,199422-8-mj-ndalen,2025-05-24,16:00,mj-ndalen,Mjøndalen,lillestr-m,Lillestrøm,0,6,,,Played,A,NOR
2025,NO-OBOS,OBOS-ligaen,199422,1,-,,199422-8-moss,2025-05-24,16:00,moss,Moss,skeid,Skeid,2,1,,,Played,H,NOR
2025,NO-OBOS,OBOS-ligaen,199422,1,-,,199422-8-raufoss,2025-05-24,16:00,raufoss,Raufoss,stab-k,Stabæk,1,0,,,Played,H,NOR
2025,NO-OBOS,OBOS-ligaen,199422,1,-,,199422-8-aalesund,2025-05-24,16:00,aalesund,Aalesund,start,Start,1,1,,,Played,D,NOR
2025,NO-OBOS,OBOS-ligaen,199422,1,-,,199422-8-sane,2025-05-25,17:00,sane,Åsane,ranheim-tf,Ranheim TF,2,1,,,Played,H,NOR
2025,NO-OBOS,OBOS-ligaen,199422,1,-,,199422-8-egersund,2025-05-25,17:00,egersund,Egersund,sogndal,Sogndal,0,2,,,Played,A,NOR
2025,NO-OBOS,OBOS-ligaen,199422,1,-,,199422-8-h-dd,2025-05-25,17:00,h-dd,Hødd,odd,Odd,3,1,,,Played,H,NOR
2025,NO-OBOS,OBOS-ligaen,199422,1,-,,199422-9-lyn,2025-05-29,19:00,lyn,Lyn,mj-ndalen,Mjøndalen,1,3,,,Played,A,NOR
2025,NO-OBOS,OBOS-ligaen,199422,1,-,,199422-9-skeid,2025-05-30,19:00,skeid,Skeid,h-dd,Hødd,1,1,,,Played,D,NOR
2025,NO-OBOS,OBOS-ligaen,199422,1,-,,199422-9-lillestr-m,2025-05-31,16:00,lillestr-m,Lillestrøm,egersund,Egersund,1,0,,,Played,H,NOR
2025,NO-OBOS,OBOS-ligaen,199422,1,-,,199422-9-moss,2025-05-31,16:00,moss,Moss,start,Start,0,3,,,Played,A,NOR
2025,NO-OBOS,OBOS-ligaen,199422,1,-,,199422-9-odd,2025-05-31,16:00,odd,Odd,sane,Åsane,1,0,,,Played,H,NOR
2025,NO-OBOS,OBOS-ligaen,199422,1,-,,199422-9-ranheim-tf,2025-05-31,16:00,ranheim-tf,Ranheim TF,aalesund,Aalesund,2,1,,,Played,H,NOR
2025,NO-OBOS,OBOS-ligaen,199422,1,-,,199422-9-sogndal,2025-05-31,16:00,sogndal,Sogndal,raufoss,Raufoss,2,2,,,Played,D,NOR
2025,NO-OBOS,OBOS-ligaen,199422,1,-,,199422-9-stab-k,2025-05-31,16:00,stab-k,Stabæk,kongsvinger,Kongsvinger,2,2,,,Played,D,NOR
2025,NO-OBOS,OBOS-ligaen,199422,1,-,,199422-10-kongsvinger,2025-06-14,16:00,kongsvinger,Kongsvinger,sogndal,Sogndal,4,2,,,Played,H,NOR
2025,NO-OBOS,OBOS-ligaen,199422,1,-,,199422-10-h-dd,2025-06-14,18:00,h-dd,Hødd,lillestr-m,Lillestrøm,2,2,,,Played,D,NOR
2025,NO-OBOS,OBOS-ligaen,199422,1,-,,199422-10-start,2025-06-15,14:30,start,Start,lyn,Lyn,1,1,,,Played,D,NOR
2025,NO-OBOS,OBOS-ligaen,199422,1,-,,199422-10-egersund,2025-06-15,16:00,egersund,Egersund,ranheim-tf,Ranheim TF,3,4,,,Played,A,NOR
2025,NO-OBOS,OBOS-ligaen,199422,1,-,,199422-10-mj-ndalen,2025-06-15,17:00,mj-ndalen,Mjøndalen,moss,Moss,2,2,,,Played,D,NOR
2025,NO-OBOS,OBOS-ligaen,199422,1,-,,199422-10-raufoss,2025-06-15,17:00,raufoss,Raufoss,odd,Odd,1,1,,,Played,D,NOR
2025,NO-OBOS,OBOS-ligaen,199422,1,-,,199422-10-sane,2025-06-15,17:00,sane,Åsane,skeid,Skeid,2,1,,,Played,H,NOR
2025,NO-OBOS,OBOS-ligaen,199422,1,-,,199422-10-aalesund,2025-06-15,19:15,aalesund,Aalesund,stab-k,Stabæk,2,2,,,Played,D,NOR
2025,NO-OBOS,OBOS-ligaen,199422,1,-,,199422-11-kongsvinger,2025-06-18,19:00,kongsvinger,Kongsvinger,aalesund,Aalesund,3,0,,,Played,H,NOR
2025,NO-OBOS,OBOS-ligaen,199422,1,-,,199422-11-lillestr-m,2025-06-18,19:00,lillestr-m,Lillestrøm,sane,Åsane,2,2,,,Played,D,NOR
2025,NO-OBOS,OBOS-ligaen,199422,1,-,,199422-11-lyn,2025-06-18,19:00,lyn,Lyn,raufoss,Raufoss,3,2,,,Played,H,NOR
2025,NO-OBOS,OBOS-ligaen,199422,1,-,,199422-11-moss,2025-06-18,19:00,moss,Moss,h-dd,Hødd,3,1,,,Played,H,NOR
2025,NO-OBOS,OBOS-ligaen,199422,1,-,,199422-11-odd,2025-06-18,19:00,odd,Odd,mj-ndalen,Mjøndalen,1,1,,,Played,D,NOR
2025,NO-OBOS,OBOS-ligaen,199422,1,-,,199422-11-ranheim-tf,2025-06-18,19:00,ranheim-tf,Ranheim TF,start,Start,0,1,,,Played,A,NOR
2025,NO-OBOS,OBOS-ligaen,199422,1,-,,199422-11-skeid,2025-06-18,19:00,skeid,Skeid,sogndal,Sogndal,1,4,,,Played,A,NOR
2025,NO-OBOS,OBOS-ligaen,199422,1,-,,199422-11-stab-k,2025-06-18,19:00,stab-k,Stabæk,egersund,Egersund,1,3,,,Played,A,NOR
2025,NO-OBOS,OBOS-ligaen,199422,1,-,,199422-12-egersund,2025-06-21,14:00,egersund,Egersund,kongsvinger,Kongsvinger,2,2,,,Played,D,NOR
2025,NO-OBOS,OBOS-ligaen,199422,1,-,,199422-12-sane,2025-06-21,14:00,sane,Åsane,moss,Moss,2,1,,,Played,H,NOR
2025,NO-OBOS,OBOS-ligaen,199422,1,-,,199422-12-ranheim-tf,2025-06-21,16:00,ranheim-tf,Ranheim TF,lillestr-m,Lillestrøm,0,4,,,Played,A,NOR
2025,NO-OBOS,OBOS-ligaen,199422,1,-,,199422-12-raufoss,2025-06-21,16:00,raufoss,Raufoss,h-dd,Hødd,6,1,,,Played,H,NOR
2025,NO-OBOS,OBOS-ligaen,199422,1,-,,199422-12-start,2025-06-21,16:00,start,Start,stab-k,Stabæk,5,1,,,Played,H,NOR
2025,NO-OBOS,OBOS-ligaen,199422,1,-,,199422-12-aalesund,2025-06-21,16:00,aalesund,Aalesund,odd,Odd,1,0,,,Played,H,NOR
2025,NO-OBOS,OBOS-ligaen,199422,1,-,,199422-12-sogndal,2025-06-22,17:00,sogndal,Sogndal,lyn,Lyn,1,2,,,Played,A,NOR
2025,NO-OBOS,OBOS-ligaen,199422,1,-,,199422-12-mj-ndalen,2025-06-23,19:00,mj-ndalen,Mjøndalen,skeid,Skeid,1,4,,,Played,A,NOR
2025,NO-OBOS,OBOS-ligaen,199422,1,-,,199422-13-h-dd,2025-06-28,14:00,h-dd,Hødd,mj-ndalen,Mjøndalen,3,1,,,Played,H,NOR
2025,NO-OBOS,OBOS-ligaen,199422,1,-,,199422-13-kongsvinger,2025-06-28,14:00,kongsvinger,Kongsvinger,raufoss,Raufoss,2,2,,,Played,D,NOR
2025,NO-OBOS,OBOS-ligaen,199422,1,-,,199422-13-lillestr-m,2025-06-28,16:00,lillestr-m,Lillestrøm,sogndal,Sogndal,0,0,,,Played,D,NOR
2025,NO-OBOS,OBOS-ligaen,199422,1,-,,199422-13-moss,2025-06-28,16:00,moss,Moss,egersund,Egersund,2,4,,,Played,A,NOR
2025,NO-OBOS,OBOS-ligaen,199422,1,-,,199422-13-odd,2025-06-28,16:00,odd,Odd,start,Start,2,2,,,Played,D,NOR
2025,NO-OBOS,OBOS-ligaen,199422,1,-,,199422-13-skeid,2025-06-28,16:00,skeid,Skeid,aalesund,Aalesund,1,1,,,Played,D,NOR
2025,NO-OBOS,OBOS-ligaen,199422,1,-,,199422-13-stab-k,2025-06-28,16:00,stab-k,Stabæk,ranheim-tf,Ranheim TF,1,2,,,Played,A,NOR
2025,NO-OBOS,OBOS-ligaen,199422,1,-,,199422-13-lyn,2025-06-29,17:00,lyn,Lyn,sane,Åsane,2,1,,,Played,H,NOR
2025,NO-OBOS,OBOS-ligaen,199422,1,-,,199422-14-egersund,2025-07-26,14:00,egersund,Egersund,lyn,Lyn,0,5,,,Played,A,NOR
2025,NO-OBOS,OBOS-ligaen,199422,1,-,,199422-14-mj-ndalen,2025-07-26,14:00,mj-ndalen,Mjøndalen,kongsvinger,Kongsvinger,1,1,,,Played,D,NOR
2025,NO-OBOS,OBOS-ligaen,199422,1,-,,199422-14-ranheim-tf,2025-07-26,14:00,ranheim-tf,Ranheim TF,odd,Odd,3,1,,,Played,H,NOR
2025,NO-OBOS,OBOS-ligaen,199422,1,-,,199422-14-raufoss,2025-07-26,14:00,raufoss,Raufoss,skeid,Skeid,1,1,,,Played,D,NOR
2025,NO-OBOS,OBOS-ligaen,199422,1,-,,199422-14-sogndal,2025-07-26,14:00,sogndal,Sogndal,stab-k,Stabæk,1,1,,,Played,D,NOR
2025,NO-OBOS,OBOS-ligaen,199422,1,-,,199422-14-start,2025-07-26,14:00,start,Start,lillestr-m,Lillestrøm,0,3,,,Played,A,NOR
2025,NO-OBOS,OBOS-ligaen,199422,1,-,,199422-14-aalesund,2025-07-26,14:00,aalesund,Aalesund,moss,Moss,2,0,,,Played,H,NOR
2025,NO-OBOS,OBOS-ligaen,199422,1,-,,199422-14-sane,2025-07-26,14:00,sane,Åsane,h-dd,Hødd,2,2,,,Played,D,NOR
2025,NO-OBOS,OBOS-ligaen,199422,1,-,,199422-15-h-dd,2025-07-30,18:00,h-dd,Hødd,egersund,Egersund,1,0,,,Played,H,NOR
2025,NO-OBOS,OBOS-ligaen,199422,1,-,,199422-15-kongsvinger,2025-07-30,18:00,kongsvinger,Kongsvinger,start,Start,0,3,,,Played,A,NOR
2025,NO-OBOS,OBOS-ligaen,199422,1,-,,199422-15-lyn,2025-07-30,18:00,lyn,Lyn,aalesund,Aalesund,2,2,,,Played,D,NOR
2025,NO-OBOS,OBOS-ligaen,199422,1,-,,199422-15-mj-ndalen,2025-07-30,18:00,mj-ndalen,Mjøndalen,sane,Åsane,2,0,,,Played,H,NOR
2025,NO-OBOS,OBOS-ligaen,199422,1,-,,199422-15-moss,2025-07-30,18:00,moss,Moss,sogndal,Sogndal,3,1,,,Played,H,NOR
2025,NO-OBOS,OBOS-ligaen,199422,1,-,,199422-15-odd,2025-07-30,18:00,odd,Odd,stab-k,Stabæk,2,0,,,Played,H,NOR
2025,NO-OBOS,OBOS-ligaen,199422,1,-,,199422-15-skeid,2025-07-30,18:00,skeid,Skeid,ranheim-tf,Ranheim TF,0,0,,,Played,D,NOR
2025,NO-OBOS,OBOS-ligaen,199422,1,-,,199422-15-lillestr-m,2025-07-30,20:00,lillestr-m,Lillestrøm,raufoss,Raufoss,2,1,,,Played,H,NOR
2025,NO-OBOS,OBOS-ligaen,199422,1,-,,199422-16-egersund,2025-08-02,16:00,egersund,Egersund,odd,Odd,1,0,,,Played,H,NOR
2025,NO-OBOS,OBOS-ligaen,199422,1,-,,199422-16-ranheim-tf,2025-08-02,16:00,ranheim-tf,Ranheim TF,h-dd,Hødd,2,1,,,Played,H,NOR
2025,NO-OBOS,OBOS-ligaen,199422,1,-,,199422-16-raufoss,2025-08-02,16:00,raufoss,Raufoss,lyn,Lyn,0,3,,,Played,A,NOR
2025,NO-OBOS,OBOS-ligaen,199422,1,-,,199422-16-sogndal,2025-08-02,16:00,sogndal,Sogndal,skeid,Skeid,1,1,,,Played,D,NOR
2025,NO-OBOS,OBOS-ligaen,199422,1,-,,199422-16-start,2025-08-02,16:00,start,Start,mj-ndalen,Mjøndalen,4,0,,,Played,H,NOR
2025,NO-OBOS,OBOS-ligaen,199422,1,-,,199422-16-aalesund,2025-08-02,16:00,aalesund,Aalesund,kongsvinger,Kongsvinger,3,1,,,Played,H,NOR
2025,NO-OBOS,OBOS-ligaen,199422,1,-,,199422-16-sane,2025-08-02,16:00,sane,Åsane,lillestr-m,Lillestrøm,1,2,,,Played,A,NOR
2025,NO-OBOS,OBOS-ligaen,199422,1,-,,199422-16-stab-k,2025-08-02,16:00,stab-k,Stabæk,moss,Moss,3,3,,,Played,D,NOR
2025,NO-OBOS,OBOS-ligaen,199422,1,-,,199422-17-lillestr-m,2025-08-10,14:30,lillestr-m,Lillestrøm,aalesund,Aalesund,5,1,,,Played,H,NOR
2025,NO-OBOS,OBOS-ligaen,199422,1,-,,199422-17-h-dd,2025-08-10,17:00,h-dd,Hødd,start,Start,0,2,,,Played,A,NOR
2025,NO-OBOS,OBOS-ligaen,199422,1,-,,199422-17-kongsvinger,2025-08-10,17:00,kongsvinger,Kongsvinger,stab-k,Stabæk,2,1,,,Played,H,NOR
2025,NO-OBOS,OBOS-ligaen,199422,1,-,,199422-17-lyn,2025-08-10,17:00,lyn,Lyn,ranheim-tf,Ranheim TF,2,1,,,Played,H,NOR
2025,NO-OBOS,OBOS-ligaen,199422,1,-,,199422-17-mj-ndalen,2025-08-10,17:00,mj-ndalen,Mjøndalen,sogndal,Sogndal,2,3,,,Played,A,NOR
2025,NO-OBOS,OBOS-ligaen,199422,1,-,,199422-17-moss,2025-08-10,17:00,moss,Moss,sane,Åsane,1,2,,,Played,A,NOR
2025,NO-OBOS,OBOS-ligaen,199422,1,-,,199422-17-odd,2025-08-10,17:00,odd,Odd,raufoss,Raufoss,1,2,,,Played,A,NOR
2025,NO-OBOS,OBOS-ligaen,199422,1,-,,199422-17-skeid,2025-08-10,17:00,skeid,Skeid,egersund,Egersund,0,2,,,Played,A,NOR
2025,NO-OBOS,OBOS-ligaen,199422,1,-,,199422-18-sogndal,2025-08-06,18:00,sogndal,Sogndal,h-dd,Hødd,2,1,,,Played,H,NOR
2025,NO-OBOS,OBOS-ligaen,199422,1,-,,199422-18-egersund,2025-08-06,19:00,egersund,Egersund,lillestr-m,Lillestrøm,0,2,,,Played,A,NOR
2025,NO-OBOS,OBOS-ligaen,199422,1,-,,199422-18-ranheim-tf,2025-08-06,19:00,ranheim-tf,Ranheim TF,moss,Moss,0,0,,,Played,D,NOR
2025,NO-OBOS,OBOS-ligaen,199422,1,-,,199422-18-raufoss,2025-08-06,19:00,raufoss,Raufoss,kongsvinger,Kongsvinger,2,2,,,Played,D,NOR
2025,NO-OBOS,OBOS-ligaen,199422,1,-,,199422-18-skeid,2025-08-06,19:00,skeid,Skeid,mj-ndalen,Mjøndalen,1,2,,,Played,A,NOR
2025,NO-OBOS,OBOS-ligaen,199422,1,-,,199422-18-stab-k,2025-08-06,19:00,stab-k,Stabæk,aalesund,Aalesund,1,2,,,Played,A,NOR
2025,NO-OBOS,OBOS-ligaen,199422,1,-,,199422-18-start,2025-08-06,19:00,start,Start,odd,Odd,2,0,,,Played,H,NOR
2025,NO-OBOS,OBOS-ligaen,199422,1,-,,199422-18-sane,2025-08-06,19:00,sane,Åsane,lyn,Lyn,0,2,,,Played,A,NOR
2025,NO-OBOS,OBOS-ligaen,199422,1,-,,199422-19-lillestr-m,2025-08-16,18:00,lillestr-m,Lillestrøm,start,Start,3,0,,,Played,H,NOR
2025,NO-OBOS,OBOS-ligaen,199422,1,-,,199422-19-h-dd,2025-08-17,17:00,h-dd,Hødd,skeid,Skeid,1,1,,,Played,D,NOR
2025,NO-OBOS,OBOS-ligaen,199422,1,-,,199422-19-moss,2025-08-17,17:00,moss,Moss,odd,Odd,2,2,,,Played,D,NOR
2025,NO-OBOS,OBOS-ligaen,199422,1,-,,199422-19-kongsvinger,2025-08-18,19:00,kongsvinger,Kongsvinger,mj-ndalen,Mjøndalen,4,3,,,Played,H,NOR
2025,NO-OBOS,OBOS-ligaen,199422,1,-,,199422-19-stab-k,2025-08-18,19:00,stab-k,Stabæk,sogndal,Sogndal,1,2,,,Played,A,NOR
2025,NO-OBOS,OBOS-ligaen,199422,1,-,,199422-19-aalesund,2025-08-18,19:00,aalesund,Aalesund,ranheim-tf,Ranheim TF,6,0,,,Played,H,NOR
2025,NO-OBOS,OBOS-ligaen,199422,1,-,,199422-19-sane,2025-08-18,19:00,sane,Åsane,raufoss,Raufoss,4,2,,,Played,H,NOR
2025,NO-OBOS,OBOS-ligaen,199422,1,-,,199422-19-lyn,2025-08-19,19:00,lyn,Lyn,egersund,Egersund,1,1,,,Played,D,NOR
2025,NO-OBOS,OBOS-ligaen,199422,1,-,,199422-20-egersund,2025-08-23,16:00,egersund,Egersund,sane,Åsane,1,1,,,Played,D,NOR
2025,NO-OBOS,OBOS-ligaen,199422,1,-,,199422-20-mj-ndalen,2025-08-23,16:00,mj-ndalen,Mjøndalen,h-dd,Hødd,1,1,,,Played,D,NOR
2025,NO-OBOS,OBOS-ligaen,199422,1,-,,199422-20-odd,2025-08-23,16:00,odd,Odd,kongsvinger,Kongsvinger,1,2,,,Played,A,NOR
2025,NO-OBOS,OBOS-ligaen,199422,1,-,,199422-20-ranheim-tf,2025-08-23,16:00,ranheim-tf,Ranheim TF,stab-k,Stabæk,1,1,,,Played,D,NOR
2025,NO-OBOS,OBOS-ligaen,199422,1,-,,199422-20-raufoss,2025-08-23,16:00,raufoss,Raufoss,lillestr-m,Lillestrøm,1,2,,,Played,A,NOR
2025,NO-OBOS,OBOS-ligaen,199422,1,-,,199422-20-skeid,2025-08-23,16:00,skeid,Skeid,lyn,Lyn,2,3,,,Played,A,NOR
2025,NO-OBOS,OBOS-ligaen,199422,1,-,,199422-20-sogndal,2025-08-23,16:00,sogndal,Sogndal,moss,Moss,3,1,,,Played,H,NOR
2025,NO-OBOS,OBOS-ligaen,199422,1,-,,199422-20-start,2025-08-23,18:00,start,Start,aalesund,Aalesund,3,1,,,Played,H,NOR
2025,NO-OBOS,OBOS-ligaen,199422,1,-,,199422-21-stab-k,2025-08-30,14:00,stab-k,Stabæk,start,Start,1,1,,,Played,D,NOR
2025,NO-OBOS,OBOS-ligaen,199422,1,-,,199422-21-h-dd,2025-08-30,16:00,h-dd,Hødd,raufoss,Raufoss,2,4,,,Played,A,NOR
2025,NO-OBOS,OBOS-ligaen,199422,1,-,,199422-21-kongsvinger,2025-08-30,16:00,kongsvinger,Kongsvinger,ranheim-tf,Ranheim TF,1,1,,,Played,D,NOR
2025,NO-OBOS,OBOS-ligaen,199422,1,-,,199422-21-lillestr-m,2025-08-30,16:00,lillestr-m,Lillestrøm,skeid,Skeid,3,1,,,Played,H,NOR
2025,NO-OBOS,OBOS-ligaen,199422,1,-,,199422-21-moss,2025-08-30,16:00,moss,Moss,mj-ndalen,Mjøndalen,3,1,,,Played,H,NOR
2025,NO-OBOS,OBOS-ligaen,199422,1,-,,199422-21-sane,2025-08-30,16:00,sane,Åsane,sogndal,Sogndal,1,1,,,Played,D,NOR
2025,NO-OBOS,OBOS-ligaen,199422,1,-,,199422-21-aalesund,2025-08-31,17:00,aalesund,Aalesund,egersund,Egersund,2,3,,,Played,A,NOR
2025,NO-OBOS,OBOS-ligaen,199422,1,-,,199422-21-lyn,2025-08-31,19:00,lyn,Lyn,odd,Odd,0,0,,,Played,D,NOR
2025,NO-OBOS,OBOS-ligaen,199422,1,-,,199422-22-egersund,2025-09-13,16:00,egersund,Egersund,stab-k,Stabæk,1,1,,,Played,D,NOR
2025,NO-OBOS,OBOS-ligaen,199422,1,-,,199422-22-odd,2025-09-13,16:00,odd,Odd,h-dd,Hødd,1,2,,,Played,A,NOR
2025,NO-OBOS,OBOS-ligaen,199422,1,-,,199422-22-ranheim-tf,2025-09-13,16:00,ranheim-tf,Ranheim TF,sane,Åsane,5,2,,,Played,H,NOR
2025,NO-OBOS,OBOS-ligaen,199422,1,-,,199422-22-raufoss,2025-09-13,16:00,raufoss,Raufoss,aalesund,Aalesund,0,1,,,Played,A,NOR
2025,NO-OBOS,OBOS-ligaen,199422,1,-,,199422-22-sogndal,2025-09-13,16:00,sogndal,Sogndal,lillestr-m,Lillestrøm,1,5,,,Played,A,NOR
2025,NO-OBOS,OBOS-ligaen,199422,1,-,,199422-22-start,2025-09-13,16:00,start,Start,kongsvinger,Kongsvinger,2,3,,,Played,A,NOR
2025,NO-OBOS,OBOS-ligaen,199422,1,-,,199422-22-skeid,2025-09-14,14:30,skeid,Skeid,moss,Moss,1,1,,,Played,D,NOR
2025,NO-OBOS,OBOS-ligaen,199422,1,-,,199422-22-mj-ndalen,2025-09-14,17:00,mj-ndalen,Mjøndalen,lyn,Lyn,0,1,,,Played,A,NOR
2025,NO-OBOS,OBOS-ligaen,199422,1,-,,199422-23-h-dd,2025-09-20,16:00,h-dd,Hødd,moss,Moss,2,1,,,Played,H,NOR
2025,NO-OBOS,OBOS-ligaen,199422,1,-,,199422-23-lillestr-m,2025-09-20,16:00,lillestr-m,Lillestrøm,mj-ndalen,Mjøndalen,4,1,,,Played,H,NOR
2025,NO-OBOS,OBOS-ligaen,199422,1,-,,199422-23-aalesund,2025-09-20,16:00,aalesund,Aalesund,skeid,Skeid,3,0,,,Played,H,NOR
2025,NO-OBOS,OBOS-ligaen,199422,1,-,,199422-23-sane,2025-09-20,16:00,sane,Åsane,odd,Odd,0,2,,,Played,A,NOR
2025,NO-OBOS,OBOS-ligaen,199422,1,-,,199422-23-start,2025-09-20,18:00,start,Start,ranheim-tf,Ranheim TF,2,3,,,Played,A,NOR
2025,NO-OBOS,OBOS-ligaen,199422,1,-,,199422-23-kongsvinger,2025-09-21,17:00,kongsvinger,Kongsvinger,egersund,Egersund,2,1,,,Played,H,NOR
2025,NO-OBOS,OBOS-ligaen,199422,1,-,,199422-23-lyn,2025-09-21,17:00,lyn,Lyn,sogndal,Sogndal,2,1,,,Played,H,NOR
2025,NO-OBOS,OBOS-ligaen,199422,1,-,,199422-23-stab-k,2025-09-21,17:00,stab-k,Stabæk,raufoss,Raufoss,3,0,,,Played,H,NOR
2025,NO-OBOS,OBOS-ligaen,199422,1,-,,199422-24-skeid,2025-09-27,14:00,skeid,Skeid,sane,Åsane,1,2,,,Played,A,NOR
2025,NO-OBOS,OBOS-ligaen,199422,1,-,,199422-24-egersund,2025-09-27,16:00,egersund,Egersund,start,Start,2,0,,,Played,H,NOR
2025,NO-OBOS,OBOS-ligaen,199422,1,-,,199422-24-sogndal,2025-09-28,14:30,sogndal,Sogndal,kongsvinger,Kongsvinger,2,2,,,Played,D,NOR
2025,NO-OBOS,OBOS-ligaen,199422,1,-,,199422-24-h-dd,2025-09-29,19:00,h-dd,Hødd,lyn,Lyn,0,1,,,Played,A,NOR
2025,NO-OBOS,OBOS-ligaen,199422,1,-,,199422-24-moss,2025-09-29,19:00,moss,Moss,lillestr-m,Lillestrøm,1,5,,,Played,A,NOR
2025,NO-OBOS,OBOS-ligaen,199422,1,-,,199422-24-odd,2025-09-29,19:00,odd,Odd,aalesund,Aalesund,1,0,,,Played,H,NOR
2025,NO-OBOS,OBOS-ligaen,199422,1,-,,199422-24-raufoss,2025-09-29,19:00,raufoss,Raufoss,ranheim-tf,Ranheim TF,1,2,,,Played,A,NOR
2025,NO-OBOS,OBOS-ligaen,199422,1,-,,199422-24-mj-ndalen,2025-10-29,19:00,mj-ndalen,Mjøndalen,stab-k,Stabæk,3,2,,,Played,H,NOR
2025,NO-OBOS,OBOS-ligaen,199422,1,-,,199422-25-kongsvinger,2025-10-04,16:00,kongsvinger,Kongsvinger,skeid,Skeid,3,0,,,Played,H,NOR
2025,NO-OBOS,OBOS-ligaen,199422,1,-,,199422-25-lillestr-m,2025-10-04,16:00,lillestr-m,Lillestrøm,h-dd,Hødd,4,0,,,Played,H,NOR
2025,NO-OBOS,OBOS-ligaen,199422,1,-,,199422-25-ranheim-tf,2025-10-04,16:00,ranheim-tf,Ranheim TF,egersund,Egersund,0,4,,,Played,A,NOR
2025,NO-OBOS,OBOS-ligaen,199422,1,-,,199422-25-start,2025-10-04,16:00,start,Start,raufoss,Raufoss,4,0,,,Played,H,NOR
2025,NO-OBOS,OBOS-ligaen,199422,1,-,,199422-25-aalesund,2025-10-04,16:00,aalesund,Aalesund,sogndal,Sogndal,2,0,,,Played,H,NOR
2025,NO-OBOS,OBOS-ligaen,199422,1,-,,199422-25-sane,2025-10-04,16:00,sane,Åsane,mj-ndalen,Mjøndalen,2,3,,,Played,A,NOR
2025,NO-OBOS,OBOS-ligaen,199422,1,-,,199422-25-lyn,2025-10-05,17:00,lyn,Lyn,moss,Moss,4,0,,,Played,H,NOR
2025,NO-OBOS,OBOS-ligaen,199422,1,-,,199422-25-stab-k,2025-10-05,17:00,stab-k,Stabæk,odd,Odd,2,2,,,Played,D,NOR
2025,NO-OBOS,OBOS-ligaen,199422,1,-,,199422-26-lillestr-m,2025-10-17,19:00,lillestr-m,Lillestrøm,lyn,Lyn,5,1,,,Played,H,NOR
2025,NO-OBOS,OBOS-ligaen,199422,1,-,,199422-26-skeid,2025-10-18,14:00,skeid,Skeid,stab-k,Stabæk,0,5,,,Played,A,NOR
2025,NO-OBOS,OBOS-ligaen,199422,1,-,,199422-26-egersund,2025-10-18,16:00,egersund,Egersund,raufoss,Raufoss,4,0,,,Played,H,NOR
2025,NO-OBOS,OBOS-ligaen,199422,1,-,,199422-26-h-dd,2025-10-18,16:00,h-dd,Hødd,sane,Åsane,3,3,,,Played,D,NOR
2025,NO-OBOS,OBOS-ligaen,199422,1,-,,199422-26-mj-ndalen,2025-10-18,16:00,mj-ndalen,Mjøndalen,aalesund,Aalesund,0,6,,,Played,A,NOR
2025,NO-OBOS,OBOS-ligaen,199422,1,-,,199422-26-moss,2025-10-18,16:00,moss,Moss,kongsvinger,Kongsvinger,2,4,,,Played,A,NOR
2025,NO-OBOS,OBOS-ligaen,199422,1,-,,199422-26-odd,2025-10-18,16:00,odd,Odd,ranheim-tf,Ranheim TF,1,1,,,Played,D,NOR
2025,NO-OBOS,OBOS-ligaen,199422,1,-,,199422-26-sogndal,2025-10-18,16:00,sogndal,Sogndal,start,Start,0,0,,,Played,D,NOR
2025,NO-OBOS,OBOS-ligaen,199422,1,-,,199422-27-egersund,2025-10-22,18:00,egersund,Egersund,moss,Moss,2,0,,,Played,H,NOR
2025,NO-OBOS,OBOS-ligaen,199422,1,-,,199422-27-kongsvinger,2025-10-22,18:00,kongsvinger,Kongsvinger,h-dd,Hødd,3,0,,,Played,H,NOR
2025,NO-OBOS,OBOS-ligaen,199422,1,-,,199422-27-odd,2025-10-22,18:00,odd,Odd,lillestr-m,Lillestrøm,1,7,,,Played,A,NOR
2025,NO-OBOS,OBOS-ligaen,199422,1,-,,199422-27-ranheim-tf,2025-10-22,18:00,ranheim-tf,Ranheim TF,mj-ndalen,Mjøndalen,3,0,,,Played,H,NOR
2025,NO-OBOS,OBOS-ligaen,199422,1,-,,199422-27-raufoss,2025-10-22,18:00,raufoss,Raufoss,sogndal,Sogndal,1,3,,,Played,A,NOR
2025,NO-OBOS,OBOS-ligaen,199422,1,-,,199422-27-stab-k,2025-10-22,18:00,stab-k,Stabæk,sane,Åsane,2,0,,,Played,H,NOR
2025,NO-OBOS,OBOS-ligaen,199422,1,-,,199422-27-start,2025-10-22,18:00,start,Start,skeid,Skeid,2,1,,,Played,H,NOR
2025,NO-OBOS,OBOS-ligaen,199422,1,-,,199422-27-aalesund,2025-10-22,18:00,aalesund,Aalesund,lyn,Lyn,2,1,,,Played,H,NOR
2025,NO-OBOS,OBOS-ligaen,199422,1,-,,199422-28-skeid,2025-10-25,14:00,skeid,Skeid,raufoss,Raufoss,1,4,,,Played,A,NOR
2025,NO-OBOS,OBOS-ligaen,199422,1,-,,199422-28-h-dd,2025-10-25,16:00,h-dd,Hødd,stab-k,Stabæk,1,3,,,Played,A,NOR
2025,NO-OBOS,OBOS-ligaen,199422,1,-,,199422-28-lillestr-m,2025-10-25,16:00,lillestr-m,Lillestrøm,ranheim-tf,Ranheim TF,2,1,,,Played,H,NOR
2025,NO-OBOS,OBOS-ligaen,199422,1,-,,199422-28-lyn,2025-10-25,16:00,lyn,Lyn,kongsvinger,Kongsvinger,0,1,,,Played,A,NOR
2025,NO-OBOS,OBOS-ligaen,199422,1,-,,199422-28-mj-ndalen,2025-10-25,16:00,mj-ndalen,Mjøndalen,odd,Odd,1,1,,,Played,D,NOR
2025,NO-OBOS,OBOS-ligaen,199422,1,-,,199422-28-moss,2025-10-25,16:00,moss,Moss,aalesund,Aalesund,1,1,,,Played,D,NOR
2025,NO-OBOS,OBOS-ligaen,199422,1,-,,199422-28-sogndal,2025-10-25,16:00,sogndal,Sogndal,egersund,Egersund,0,1,,,Played,A,NOR
2025,NO-OBOS,OBOS-ligaen,199422,1,-,,199422-28-sane,2025-10-25,16:00,sane,Åsane,start,Start,2,2,,,Played,D,NOR
2025,NO-OBOS,OBOS-ligaen,199422,1,-,,199422-29-egersund,2025-11-01,16:00,egersund,Egersund,h-dd,Hødd,0,0,,,Played,D,NOR
2025,NO-OBOS,OBOS-ligaen,199422,1,-,,199422-29-kongsvinger,2025-11-01,16:00,kongsvinger,Kongsvinger,lillestr-m,Lillestrøm,0,2,,,Played,A,NOR
2025,NO-OBOS,OBOS-ligaen,199422,1,-,,199422-29-odd,2025-11-01,16:00,odd,Odd,sogndal,Sogndal,1,4,,,Played,A,NOR
2025,NO-OBOS,OBOS-ligaen,199422,1,-,,199422-29-ranheim-tf,2025-11-01,16:00,ranheim-tf,Ranheim TF,skeid,Skeid,4,2,,,Played,H,NOR
2025,NO-OBOS,OBOS-ligaen,199422,1,-,,199422-29-start,2025-11-01,16:00,start,Start,moss,Moss,2,1,,,Played,H,NOR
2025,NO-OBOS,OBOS-ligaen,199422,1,-,,199422-29-aalesund,2025-11-01,16:00,aalesund,Aalesund,sane,Åsane,3,0,,,Played,H,NOR
2025,NO-OBOS,OBOS-ligaen,199422,1,-,,199422-29-raufoss,2025-11-02,17:00,raufoss,Raufoss,mj-ndalen,Mjøndalen,0,1,,,Played,A,NOR
2025,NO-OBOS,OBOS-ligaen,199422,1,-,,199422-29-stab-k,2025-11-02,17:00,stab-k,Stabæk,lyn,Lyn,1,5,,,Played,A,NOR
2025,NO-OBOS,OBOS-ligaen,199422,1,-,,199422-30-h-dd,2025-11-08,16:00,h-dd,Hødd,aalesund,Aalesund,0,0,,,Played,D,NOR
2025,NO-OBOS,OBOS-ligaen,199422,1,-,,199422-30-lillestr-m,2025-11-08,16:00,lillestr-m,Lillestrøm,stab-k,Stabæk,3,0,,,Played,H,NOR
2025,NO-OBOS,OBOS-ligaen,199422,1,-,,199422-30-lyn,2025-11-08,16:00,lyn,Lyn,start,Start,0,3,,,Played,A,NOR
2025,NO-OBOS,OBOS-ligaen,199422,1,-,,199422-30-mj-ndalen,2025-11-08,16:00,mj-ndalen,Mjøndalen,egersund,Egersund,1,2,,,Played,A,NOR
2025,NO-OBOS,OBOS-ligaen,199422,1,-,,199422-30-moss,2025-11-08,16:00,moss,Moss,raufoss,Raufoss,1,1,,,Played,D,NOR
2025,NO-OBOS,OBOS-ligaen,199422,1,-,,199422-30-skeid,2025-11-08,16:00,skeid,Skeid,odd,Odd,5,2,,,Played,H,NOR
2025,NO-OBOS,OBOS-ligaen,199422,1,-,,199422-30-sogndal,2025-11-08,16:00,sogndal,Sogndal,ranheim-tf,Ranheim TF,0,3,,,Played,A,NOR
2025,NO-OBOS,OBOS-ligaen,199422,1,-,,199422-30-sane,2025-11-08,16:00,sane,Åsane,kongsvinger,Kongsvinger,0,0,,,Played,D,NOR
2026,NO-OBOS,OBOS-ligaen,206093,1,-,,206093-1-str-msgodset,2026-04-05,16:00,str-msgodset,Strømsgodset,stab-k,Stabæk,2,1,,,Played,H,NOR
2026,NO-OBOS,OBOS-ligaen,206093,1,-,,206093-1-lyn,2026-04-06,14:30,lyn,Lyn,haugesund,Haugesund,2,4,,,Played,A,NOR
2026,NO-OBOS,OBOS-ligaen,206093,1,-,,206093-1-odd,2026-04-06,14:30,odd,Odd,sogndal,Sogndal,4,0,,,Played,H,NOR
2026,NO-OBOS,OBOS-ligaen,206093,1,-,,206093-1-sane,2026-04-06,14:30,sane,Åsane,moss,Moss,2,3,,,Played,A,NOR
2026,NO-OBOS,OBOS-ligaen,206093,1,-,,206093-1-h-dd,2026-04-07,19:00,h-dd,Hødd,sandnes-ulf,Sandnes Ulf,2,1,,,Played,H,NOR
2026,NO-OBOS,OBOS-ligaen,206093,1,-,,206093-1-kongsvinger,2026-04-07,19:00,kongsvinger,Kongsvinger,bryne,Bryne,3,0,,,Played,H,NOR
2026,NO-OBOS,OBOS-ligaen,206093,1,-,,206093-1-egersund,2026-05-06,18:00,egersund,Egersund,raufoss,Raufoss,2,1,,,Played,H,NOR
2026,NO-OBOS,OBOS-ligaen,206093,1,-,,206093-1-ranheim-tf,2026-06-07,17:00,ranheim-tf,Ranheim TF,str-mmen,Strømmen,2,2,,,Played,D,NOR
2026,NO-OBOS,OBOS-ligaen,206093,1,-,,206093-2-haugesund,2026-04-11,14:00,haugesund,Haugesund,str-msgodset,Strømsgodset,4,2,,,Played,H,NOR
2026,NO-OBOS,OBOS-ligaen,206093,1,-,,206093-2-sandnes-ulf,2026-04-11,14:00,sandnes-ulf,Sandnes Ulf,odd,Odd,1,3,,,Played,A,NOR
2026,NO-OBOS,OBOS-ligaen,206093,1,-,,206093-2-sogndal,2026-04-11,14:00,sogndal,Sogndal,lyn,Lyn,0,3,,,Played,A,NOR
2026,NO-OBOS,OBOS-ligaen,206093,1,-,,206093-2-str-mmen,2026-04-11,14:00,str-mmen,Strømmen,egersund,Egersund,0,3,,,Played,A,NOR
2026,NO-OBOS,OBOS-ligaen,206093,1,-,,206093-2-bryne,2026-04-12,17:00,bryne,Bryne,ranheim-tf,Ranheim TF,2,3,,,Played,A,NOR
2026,NO-OBOS,OBOS-ligaen,206093,1,-,,206093-2-moss,2026-04-12,17:00,moss,Moss,h-dd,Hødd,1,0,,,Played,H,NOR
2026,NO-OBOS,OBOS-ligaen,206093,1,-,,206093-2-stab-k,2026-04-12,17:00,stab-k,Stabæk,sane,Åsane,4,0,,,Played,H,NOR
2026,NO-OBOS,OBOS-ligaen,206093,1,-,,206093-2-raufoss,2026-04-13,19:00,raufoss,Raufoss,kongsvinger,Kongsvinger,1,3,,,Played,A,NOR
2026,NO-OBOS,OBOS-ligaen,206093,1,-,,206093-3-ranheim-tf,2026-04-17,19:00,ranheim-tf,Ranheim TF,raufoss,Raufoss,5,1,,,Played,H,NOR
2026,NO-OBOS,OBOS-ligaen,206093,1,-,,206093-3-h-dd,2026-04-18,14:00,h-dd,Hødd,haugesund,Haugesund,0,2,,,Played,A,NOR
2026,NO-OBOS,OBOS-ligaen,206093,1,-,,206093-3-kongsvinger,2026-04-18,14:00,kongsvinger,Kongsvinger,moss,Moss,2,1,,,Played,H,NOR
2026,NO-OBOS,OBOS-ligaen,206093,1,-,,206093-3-str-msgodset,2026-04-18,14:00,str-msgodset,Strømsgodset,sogndal,Sogndal,3,0,,,Played,H,NOR
2026,NO-OBOS,OBOS-ligaen,206093,1,-,,206093-3-egersund,2026-04-19,17:00,egersund,Egersund,bryne,Bryne,1,0,,,Played,H,NOR
2026,NO-OBOS,OBOS-ligaen,206093,1,-,,206093-3-odd,2026-04-19,17:00,odd,Odd,stab-k,Stabæk,2,2,,,Played,D,NOR
2026,NO-OBOS,OBOS-ligaen,206093,1,-,,206093-3-sane,2026-04-19,17:00,sane,Åsane,str-mmen,Strømmen,4,5,,,Played,A,NOR
2026,NO-OBOS,OBOS-ligaen,206093,1,-,,206093-3-lyn,2026-04-20,19:00,lyn,Lyn,sandnes-ulf,Sandnes Ulf,0,2,,,Played,A,NOR
2026,NO-OBOS,OBOS-ligaen,206093,1,-,,206093-4-sogndal,2026-04-25,16:00,sogndal,Sogndal,sane,Åsane,2,0,,,Played,H,NOR
2026,NO-OBOS,OBOS-ligaen,206093,1,-,,206093-4-str-mmen,2026-04-25,18:00,str-mmen,Strømmen,kongsvinger,Kongsvinger,2,2,,,Played,D,NOR
2026,NO-OBOS,OBOS-ligaen,206093,1,-,,206093-4-bryne,2026-04-25,20:00,bryne,Bryne,odd,Odd,1,2,,,Played,A,NOR
2026,NO-OBOS,OBOS-ligaen,206093,1,-,,206093-4-moss,2026-04-26,17:00,moss,Moss,lyn,Lyn,2,1,,,Played,H,NOR
2026,NO-OBOS,OBOS-ligaen,206093,1,-,,206093-4-raufoss,2026-04-26,17:00,raufoss,Raufoss,h-dd,Hødd,1,1,,,Played,D,NOR
2026,NO-OBOS,OBOS-ligaen,206093,1,-,,206093-4-sandnes-ulf,2026-04-26,17:00,sandnes-ulf,Sandnes Ulf,str-msgodset,Strømsgodset,1,1,,,Played,D,NOR
2026,NO-OBOS,OBOS-ligaen,206093,1,-,,206093-4-stab-k,2026-04-26,17:00,stab-k,Stabæk,haugesund,Haugesund,3,2,,,Played,H,NOR
2026,NO-OBOS,OBOS-ligaen,206093,1,-,,206093-4-egersund,2026-04-27,19:00,egersund,Egersund,ranheim-tf,Ranheim TF,3,0,,,Played,H,NOR
2026,NO-OBOS,OBOS-ligaen,206093,1,-,,206093-5-bryne,2026-05-01,16:00,bryne,Bryne,sogndal,Sogndal,3,3,,,Played,D,NOR
2026,NO-OBOS,OBOS-ligaen,206093,1,-,,206093-5-haugesund,2026-05-01,16:00,haugesund,Haugesund,sandnes-ulf,Sandnes Ulf,2,0,,,Played,H,NOR
2026,NO-OBOS,OBOS-ligaen,206093,1,-,,206093-5-h-dd,2026-05-01,16:00,h-dd,Hødd,sane,Åsane,1,0,,,Played,H,NOR
2026,NO-OBOS,OBOS-ligaen,206093,1,-,,206093-5-kongsvinger,2026-05-01,16:00,kongsvinger,Kongsvinger,egersund,Egersund,2,1,,,Played,H,NOR
2026,NO-OBOS,OBOS-ligaen,206093,1,-,,206093-5-lyn,2026-05-01,16:00,lyn,Lyn,stab-k,Stabæk,0,4,,,Played,A,NOR
2026,NO-OBOS,OBOS-ligaen,206093,1,-,,206093-5-odd,2026-05-01,16:00,odd,Odd,raufoss,Raufoss,1,0,,,Played,H,NOR
2026,NO-OBOS,OBOS-ligaen,206093,1,-,,206093-5-str-msgodset,2026-05-01,16:00,str-msgodset,Strømsgodset,str-mmen,Strømmen,3,0,,,Played,H,NOR
2026,NO-OBOS,OBOS-ligaen,206093,1,-,,206093-5-ranheim-tf,2026-05-01,20:00,ranheim-tf,Ranheim TF,moss,Moss,4,0,,,Played,H,NOR
2026,NO-OBOS,OBOS-ligaen,206093,1,-,,206093-6-ranheim-tf,2026-05-08,19:00,ranheim-tf,Ranheim TF,kongsvinger,Kongsvinger,1,1,,,Played,D,NOR
2026,NO-OBOS,OBOS-ligaen,206093,1,-,,206093-6-moss,2026-05-10,17:00,moss,Moss,bryne,Bryne,2,3,,,Played,A,NOR
2026,NO-OBOS,OBOS-ligaen,206093,1,-,,206093-6-raufoss,2026-05-10,17:00,raufoss,Raufoss,lyn,Lyn,0,1,,,Played,A,NOR
2026,NO-OBOS,OBOS-ligaen,206093,1,-,,206093-6-sandnes-ulf,2026-05-10,17:00,sandnes-ulf,Sandnes Ulf,stab-k,Stabæk,0,1,,,Played,A,NOR
2026,NO-OBOS,OBOS-ligaen,206093,1,-,,206093-6-sogndal,2026-05-10,17:00,sogndal,Sogndal,haugesund,Haugesund,5,1,,,Played,H,NOR
2026,NO-OBOS,OBOS-ligaen,206093,1,-,,206093-6-str-mmen,2026-05-10,17:00,str-mmen,Strømmen,h-dd,Hødd,1,2,,,Played,A,NOR
2026,NO-OBOS,OBOS-ligaen,206093,1,-,,206093-6-sane,2026-05-10,17:00,sane,Åsane,str-msgodset,Strømsgodset,0,3,,,Played,A,NOR
2026,NO-OBOS,OBOS-ligaen,206093,1,-,,206093-6-egersund,2026-05-11,19:00,egersund,Egersund,odd,Odd,0,1,,,Played,A,NOR
2026,NO-OBOS,OBOS-ligaen,206093,1,-,,206093-7-sandnes-ulf,2026-05-15,18:00,sandnes-ulf,Sandnes Ulf,egersund,Egersund,4,2,,,Played,H,NOR
2026,NO-OBOS,OBOS-ligaen,206093,1,-,,206093-7-bryne,2026-05-16,16:00,bryne,Bryne,str-mmen,Strømmen,4,2,,,Played,H,NOR
2026,NO-OBOS,OBOS-ligaen,206093,1,-,,206093-7-haugesund,2026-05-16,16:00,haugesund,Haugesund,sane,Åsane,1,1,,,Played,D,NOR
2026,NO-OBOS,OBOS-ligaen,206093,1,-,,206093-7-h-dd,2026-05-16,16:00,h-dd,Hødd,sogndal,Sogndal,2,2,,,Played,D,NOR
2026,NO-OBOS,OBOS-ligaen,206093,1,-,,206093-7-lyn,2026-05-16,16:00,lyn,Lyn,kongsvinger,Kongsvinger,0,3,,,Played,A,NOR
2026,NO-OBOS,OBOS-ligaen,206093,1,-,,206093-7-odd,2026-05-16,16:00,odd,Odd,moss,Moss,2,3,,,Played,A,NOR
2026,NO-OBOS,OBOS-ligaen,206093,1,-,,206093-7-stab-k,2026-05-16,16:00,stab-k,Stabæk,raufoss,Raufoss,1,2,,,Played,A,NOR
2026,NO-OBOS,OBOS-ligaen,206093,1,-,,206093-7-str-msgodset,2026-05-16,16:00,str-msgodset,Strømsgodset,ranheim-tf,Ranheim TF,5,4,,,Played,H,NOR
2026,NO-OBOS,OBOS-ligaen,206093,1,-,,206093-8-egersund,2026-05-20,19:00,egersund,Egersund,lyn,Lyn,0,0,,,Played,D,NOR
2026,NO-OBOS,OBOS-ligaen,206093,1,-,,206093-8-kongsvinger,2026-05-20,19:00,kongsvinger,Kongsvinger,odd,Odd,4,2,,,Played,H,NOR
2026,NO-OBOS,OBOS-ligaen,206093,1,-,,206093-8-moss,2026-05-20,19:00,moss,Moss,str-msgodset,Strømsgodset,1,1,,,Played,D,NOR
2026,NO-OBOS,OBOS-ligaen,206093,1,-,,206093-8-ranheim-tf,2026-05-20,19:00,ranheim-tf,Ranheim TF,h-dd,Hødd,3,2,,,Played,H,NOR
2026,NO-OBOS,OBOS-ligaen,206093,1,-,,206093-8-raufoss,2026-05-20,19:00,raufoss,Raufoss,bryne,Bryne,3,0,,,Played,H,NOR
2026,NO-OBOS,OBOS-ligaen,206093,1,-,,206093-8-sogndal,2026-05-20,19:00,sogndal,Sogndal,stab-k,Stabæk,2,2,,,Played,D,NOR
2026,NO-OBOS,OBOS-ligaen,206093,1,-,,206093-8-str-mmen,2026-05-20,19:00,str-mmen,Strømmen,haugesund,Haugesund,0,7,,,Played,A,NOR
2026,NO-OBOS,OBOS-ligaen,206093,1,-,,206093-8-sane,2026-05-20,19:00,sane,Åsane,sandnes-ulf,Sandnes Ulf,2,0,,,Played,H,NOR
2026,NO-OBOS,OBOS-ligaen,206093,1,-,,206093-9-haugesund,2026-05-25,17:00,haugesund,Haugesund,moss,Moss,3,1,,,Played,H,NOR
2026,NO-OBOS,OBOS-ligaen,206093,1,-,,206093-9-h-dd,2026-05-25,17:00,h-dd,Hødd,egersund,Egersund,3,1,,,Played,H,NOR
2026,NO-OBOS,OBOS-ligaen,206093,1,-,,206093-9-lyn,2026-05-25,17:00,lyn,Lyn,str-mmen,Strømmen,1,0,,,Played,H,NOR
2026,NO-OBOS,OBOS-ligaen,206093,1,-,,206093-9-odd,2026-05-25,17:00,odd,Odd,ranheim-tf,Ranheim TF,3,1,,,Played,H,NOR
2026,NO-OBOS,OBOS-ligaen,206093,1,-,,206093-9-sandnes-ulf,2026-05-25,17:00,sandnes-ulf,Sandnes Ulf,sogndal,Sogndal,2,0,,,Played,H,NOR
2026,NO-OBOS,OBOS-ligaen,206093,1,-,,206093-9-stab-k,2026-05-25,17:00,stab-k,Stabæk,kongsvinger,Kongsvinger,2,0,,,Played,H,NOR
2026,NO-OBOS,OBOS-ligaen,206093,1,-,,206093-9-str-msgodset,2026-05-25,17:00,str-msgodset,Strømsgodset,bryne,Bryne,1,0,,,Played,H,NOR
2026,NO-OBOS,OBOS-ligaen,206093,1,-,,206093-9-sane,2026-05-25,17:00,sane,Åsane,raufoss,Raufoss,3,0,,,Played,H,NOR
2026,NO-OBOS,OBOS-ligaen,206093,1,-,,206093-10-moss,2026-05-30,16:00,moss,Moss,stab-k,Stabæk,2,2,,,Played,D,NOR
2026,NO-OBOS,OBOS-ligaen,206093,1,-,,206093-10-odd,2026-05-30,16:00,odd,Odd,lyn,Lyn,3,0,,,Played,H,NOR
2026,NO-OBOS,OBOS-ligaen,206093,1,-,,206093-10-bryne,2026-05-31,17:00,bryne,Bryne,h-dd,Hødd,1,0,,,Played,H,NOR
2026,NO-OBOS,OBOS-ligaen,206093,1,-,,206093-10-egersund,2026-05-31,17:00,egersund,Egersund,str-msgodset,Strømsgodset,0,5,,,Played,A,NOR
2026,NO-OBOS,OBOS-ligaen,206093,1,-,,206093-10-kongsvinger,2026-05-31,17:00,kongsvinger,Kongsvinger,sane,Åsane,3,1,,,Played,H,NOR
2026,NO-OBOS,OBOS-ligaen,206093,1,-,,206093-10-ranheim-tf,2026-05-31,17:00,ranheim-tf,Ranheim TF,sandnes-ulf,Sandnes Ulf,5,1,,,Played,H,NOR
2026,NO-OBOS,OBOS-ligaen,206093,1,-,,206093-10-raufoss,2026-05-31,17:00,raufoss,Raufoss,haugesund,Haugesund,3,4,,,Played,A,NOR
2026,NO-OBOS,OBOS-ligaen,206093,1,-,,206093-10-str-mmen,2026-05-31,17:00,str-mmen,Strømmen,sogndal,Sogndal,2,3,,,Played,A,NOR
2026,NO-OBOS,OBOS-ligaen,206093,1,-,,206093-11-haugesund,2026-06-14,16:00,haugesund,Haugesund,ranheim-tf,Ranheim TF,4,1,,,Played,H,NOR
2026,NO-OBOS,OBOS-ligaen,206093,1,-,,206093-11-h-dd,2026-06-14,16:00,h-dd,Hødd,kongsvinger,Kongsvinger,1,2,,,Played,A,NOR
2026,NO-OBOS,OBOS-ligaen,206093,1,-,,206093-11-lyn,2026-06-14,16:00,lyn,Lyn,bryne,Bryne,0,3,,,Played,A,NOR
2026,NO-OBOS,OBOS-ligaen,206093,1,-,,206093-11-sandnes-ulf,2026-06-14,16:00,sandnes-ulf,Sandnes Ulf,str-mmen,Strømmen,2,0,,,Played,H,NOR
2026,NO-OBOS,OBOS-ligaen,206093,1,-,,206093-11-sogndal,2026-06-14,16:00,sogndal,Sogndal,moss,Moss,2,4,,,Played,A,NOR
2026,NO-OBOS,OBOS-ligaen,206093,1,-,,206093-11-stab-k,2026-06-14,16:00,stab-k,Stabæk,egersund,Egersund,3,1,,,Played,H,NOR
2026,NO-OBOS,OBOS-ligaen,206093,1,-,,206093-11-str-msgodset,2026-06-14,16:00,str-msgodset,Strømsgodset,raufoss,Raufoss,6,1,,,Played,H,NOR
2026,NO-OBOS,OBOS-ligaen,206093,1,-,,206093-11-sane,2026-06-14,16:00,sane,Åsane,odd,Odd,2,1,,,Played,H,NOR
2026,NO-OBOS,OBOS-ligaen,206093,1,-,,206093-12-ranheim-tf,2026-06-19,19:00,ranheim-tf,Ranheim TF,lyn,Lyn,3,2,,,Played,H,NOR
2026,NO-OBOS,OBOS-ligaen,206093,1,-,,206093-12-bryne,2026-06-21,16:00,bryne,Bryne,sane,Åsane,1,0,,,Played,H,NOR
2026,NO-OBOS,OBOS-ligaen,206093,1,-,,206093-12-egersund,2026-06-21,16:00,egersund,Egersund,haugesund,Haugesund,5,2,,,Played,H,NOR
2026,NO-OBOS,OBOS-ligaen,206093,1,-,,206093-12-kongsvinger,2026-06-21,16:00,kongsvinger,Kongsvinger,str-msgodset,Strømsgodset,4,4,,,Played,D,NOR
2026,NO-OBOS,OBOS-ligaen,206093,1,-,,206093-12-moss,2026-06-21,16:00,moss,Moss,sandnes-ulf,Sandnes Ulf,1,4,,,Played,A,NOR
2026,NO-OBOS,OBOS-ligaen,206093,1,-,,206093-12-odd,2026-06-21,16:00,odd,Odd,h-dd,Hødd,0,0,,,Played,D,NOR
2026,NO-OBOS,OBOS-ligaen,206093,1,-,,206093-12-raufoss,2026-06-21,16:00,raufoss,Raufoss,sogndal,Sogndal,3,1,,,Played,H,NOR
2026,NO-OBOS,OBOS-ligaen,206093,1,-,,206093-12-str-mmen,2026-06-21,16:00,str-mmen,Strømmen,stab-k,Stabæk,1,0,,,Played,H,NOR
2026,NO-OBOS,OBOS-ligaen,206093,1,-,,206093-13-haugesund,2026-06-27,16:00,haugesund,Haugesund,kongsvinger,Kongsvinger,4,2,,,Played,H,NOR
2026,NO-OBOS,OBOS-ligaen,206093,1,-,,206093-13-lyn,2026-06-27,16:00,lyn,Lyn,h-dd,Hødd,1,4,,,Played,A,NOR
2026,NO-OBOS,OBOS-ligaen,206093,1,-,,206093-13-sandnes-ulf,2026-06-27,16:00,sandnes-ulf,Sandnes Ulf,raufoss,Raufoss,3,0,,,Played,H,NOR
2026,NO-OBOS,OBOS-ligaen,206093,1,-,,206093-13-stab-k,2026-06-27,16:00,stab-k,Stabæk,bryne,Bryne,2,0,,,Played,H,NOR
2026,NO-OBOS,OBOS-ligaen,206093,1,-,,206093-13-str-mmen,2026-06-27,16:00,str-mmen,Strømmen,moss,Moss,3,2,,,Played,H,NOR
2026,NO-OBOS,OBOS-ligaen,206093,1,-,,206093-13-sane,2026-06-27,16:00,sane,Åsane,ranheim-tf,Ranheim TF,3,0,,,Played,H,NOR
2026,NO-OBOS,OBOS-ligaen,206093,1,-,,206093-13-str-msgodset,2026-06-27,18:00,str-msgodset,Strømsgodset,odd,Odd,2,2,,,Played,D,NOR
2026,NO-OBOS,OBOS-ligaen,206093,1,-,,206093-13-sogndal,2026-06-27,20:00,sogndal,Sogndal,egersund,Egersund,4,2,,,Played,H,NOR
2026,NO-OBOS,OBOS-ligaen,206093,1,-,,206093-14-lyn,2026-07-02,18:00,lyn,Lyn,sane,Åsane,6,2,,,Played,H,NOR
2026,NO-OBOS,OBOS-ligaen,206093,1,-,,206093-14-kongsvinger,2026-07-03,18:00,kongsvinger,Kongsvinger,sogndal,Sogndal,5,1,,,Played,H,NOR
2026,NO-OBOS,OBOS-ligaen,206093,1,-,,206093-14-raufoss,2026-07-03,18:00,raufoss,Raufoss,str-mmen,Strømmen,1,0,,,Played,H,NOR
2026,NO-OBOS,OBOS-ligaen,206093,1,-,,206093-14-ranheim-tf,2026-07-03,19:00,ranheim-tf,Ranheim TF,stab-k,Stabæk,2,5,,,Played,A,NOR
2026,NO-OBOS,OBOS-ligaen,206093,1,-,,206093-14-egersund,2026-07-04,14:00,egersund,Egersund,moss,Moss,3,0,,,Played,H,NOR
2026,NO-OBOS,OBOS-ligaen,206093,1,-,,206093-14-h-dd,2026-07-04,16:00,h-dd,Hødd,str-msgodset,Strømsgodset,4,3,,,Played,H,NOR
2026,NO-OBOS,OBOS-ligaen,206093,1,-,,206093-14-bryne,2026-07-04,18:00,bryne,Bryne,sandnes-ulf,Sandnes Ulf,1,1,,,Played,D,NOR
2026,NO-OBOS,OBOS-ligaen,206093,1,-,,206093-14-odd,2026-07-05,16:00,odd,Odd,haugesund,Haugesund,1,3,,,Played,A,NOR
2025,NO-PN1,PostNord-ligaen avd. 1,199294,1,-,,199294-1-notodden,2025-03-29,13:00,notodden,Notodden,vard-haugesund,Vard Haugesund,2,1,,,Played,H,NOR
2025,NO-PN1,PostNord-ligaen avd. 1,199294,1,-,,199294-1-jerv,2025-03-29,13:00,jerv,Jerv,pors,Pors,1,1,,,Played,D,NOR
2025,NO-PN1,PostNord-ligaen avd. 1,199294,1,-,,199294-1-lysekloster,2025-03-29,15:00,lysekloster,Lysekloster,sotra,Sotra,0,0,,,Played,D,NOR
2025,NO-PN1,PostNord-ligaen avd. 1,199294,1,-,,199294-1-fl-y-flekker-y,2025-03-29,15:00,fl-y-flekker-y,Fløy-Flekkerøy,arendal,Arendal,1,1,,,Played,D,NOR
2025,NO-PN1,PostNord-ligaen avd. 1,199294,1,-,,199294-1-sandnes-ulf,2025-03-30,13:00,sandnes-ulf,Sandnes Ulf,fk-eik-t-nsberg-871,FK Eik Tønsberg 871,3,1,,,Played,H,NOR
2025,NO-PN1,PostNord-ligaen avd. 1,199294,1,-,,199294-1-tr-ff,2025-03-30,15:00,tr-ff,Træff,brann-2,Brann  2,3,4,,,Played,A,NOR
2025,NO-PN1,PostNord-ligaen avd. 1,199294,1,-,,199294-1-brattv-g,2025-03-30,16:00,brattv-g,Brattvåg,sandviken,Sandviken,2,1,,,Played,H,NOR
2025,NO-PN1,PostNord-ligaen avd. 1,199294,1,-,,199294-2-vard-haugesund,2025-04-05,14:00,vard-haugesund,Vard Haugesund,jerv,Jerv,1,2,,,Played,A,NOR
2025,NO-PN1,PostNord-ligaen avd. 1,199294,1,-,,199294-2-sandviken,2025-04-05,14:00,sandviken,Sandviken,lysekloster,Lysekloster,2,1,,,Played,H,NOR
2025,NO-PN1,PostNord-ligaen avd. 1,199294,1,-,,199294-2-fk-eik-t-nsberg-871,2025-04-05,14:00,fk-eik-t-nsberg-871,FK Eik Tønsberg 871,notodden,Notodden,1,1,,,Played,D,NOR
2025,NO-PN1,PostNord-ligaen avd. 1,199294,1,-,,199294-2-arendal,2025-04-05,16:00,arendal,Arendal,sandnes-ulf,Sandnes Ulf,3,3,,,Played,D,NOR
2025,NO-PN1,PostNord-ligaen avd. 1,199294,1,-,,199294-2-pors,2025-04-06,13:00,pors,Pors,tr-ff,Træff,1,1,,,Played,D,NOR
2025,NO-PN1,PostNord-ligaen avd. 1,199294,1,-,,199294-2-sotra,2025-04-06,16:00,sotra,Sotra,fl-y-flekker-y,Fløy-Flekkerøy,6,1,,,Played,H,NOR
2025,NO-PN1,PostNord-ligaen avd. 1,199294,1,-,,199294-2-brann-2,2025-04-07,14:00,brann-2,Brann  2,brattv-g,Brattvåg,4,3,,,Played,H,NOR
2025,NO-PN1,PostNord-ligaen avd. 1,199294,1,-,,199294-3-vard-haugesund,2025-04-19,15:00,vard-haugesund,Vard Haugesund,sotra,Sotra,0,2,,,Played,A,NOR
2025,NO-PN1,PostNord-ligaen avd. 1,199294,1,-,,199294-3-tr-ff,2025-04-19,15:00,tr-ff,Træff,brattv-g,Brattvåg,1,0,,,Played,H,NOR
2025,NO-PN1,PostNord-ligaen avd. 1,199294,1,-,,199294-3-sandnes-ulf,2025-04-21,13:00,sandnes-ulf,Sandnes Ulf,pors,Pors,2,1,,,Played,H,NOR
2025,NO-PN1,PostNord-ligaen avd. 1,199294,1,-,,199294-3-jerv,2025-04-21,14:00,jerv,Jerv,sandviken,Sandviken,1,2,,,Played,A,NOR
2025,NO-PN1,PostNord-ligaen avd. 1,199294,1,-,,199294-3-fl-y-flekker-y,2025-04-21,15:00,fl-y-flekker-y,Fløy-Flekkerøy,fk-eik-t-nsberg-871,FK Eik Tønsberg 871,0,2,,,Played,A,NOR
2025,NO-PN1,PostNord-ligaen avd. 1,199294,1,-,,199294-3-notodden,2025-04-21,16:00,notodden,Notodden,arendal,Arendal,1,1,,,Played,D,NOR
2025,NO-PN1,PostNord-ligaen avd. 1,199294,1,-,,199294-3-lysekloster,2025-04-21,18:00,lysekloster,Lysekloster,brann-2,Brann  2,3,2,,,Played,H,NOR
2025,NO-PN1,PostNord-ligaen avd. 1,199294,1,-,,199294-4-fk-eik-t-nsberg-871,2025-04-27,13:00,fk-eik-t-nsberg-871,FK Eik Tønsberg 871,vard-haugesund,Vard Haugesund,1,1,,,Played,D,NOR
2025,NO-PN1,PostNord-ligaen avd. 1,199294,1,-,,199294-4-arendal,2025-04-27,13:00,arendal,Arendal,tr-ff,Træff,1,0,,,Played,H,NOR
2025,NO-PN1,PostNord-ligaen avd. 1,199294,1,-,,199294-4-sotra,2025-04-27,13:00,sotra,Sotra,notodden,Notodden,1,3,,,Played,A,NOR
2025,NO-PN1,PostNord-ligaen avd. 1,199294,1,-,,199294-4-brattv-g,2025-04-27,14:00,brattv-g,Brattvåg,jerv,Jerv,2,3,,,Played,A,NOR
2025,NO-PN1,PostNord-ligaen avd. 1,199294,1,-,,199294-4-sandviken,2025-04-27,16:00,sandviken,Sandviken,fl-y-flekker-y,Fløy-Flekkerøy,5,3,,,Played,H,NOR
2025,NO-PN1,PostNord-ligaen avd. 1,199294,1,-,,199294-4-pors,2025-04-27,16:00,pors,Pors,lysekloster,Lysekloster,2,1,,,Played,H,NOR
2025,NO-PN1,PostNord-ligaen avd. 1,199294,1,-,,199294-4-brann-2,2025-04-28,16:30,brann-2,Brann  2,sandnes-ulf,Sandnes Ulf,2,1,,,Played,H,NOR
2025,NO-PN1,PostNord-ligaen avd. 1,199294,1,-,,199294-5-arendal,2025-05-02,18:00,arendal,Arendal,sotra,Sotra,1,1,,,Played,D,NOR
2025,NO-PN1,PostNord-ligaen avd. 1,199294,1,-,,199294-5-fk-eik-t-nsberg-871,2025-05-03,14:00,fk-eik-t-nsberg-871,FK Eik Tønsberg 871,sandviken,Sandviken,3,0,,,Played,H,NOR
2025,NO-PN1,PostNord-ligaen avd. 1,199294,1,-,,199294-5-notodden,2025-05-03,15:00,notodden,Notodden,pors,Pors,2,1,,,Played,H,NOR
2025,NO-PN1,PostNord-ligaen avd. 1,199294,1,-,,199294-5-sandnes-ulf,2025-05-03,16:00,sandnes-ulf,Sandnes Ulf,tr-ff,Træff,1,1,,,Played,D,NOR
2025,NO-PN1,PostNord-ligaen avd. 1,199294,1,-,,199294-5-fl-y-flekker-y,2025-05-03,16:00,fl-y-flekker-y,Fløy-Flekkerøy,jerv,Jerv,1,1,,,Played,D,NOR
2025,NO-PN1,PostNord-ligaen avd. 1,199294,1,-,,199294-5-lysekloster,2025-05-04,13:00,lysekloster,Lysekloster,brattv-g,Brattvåg,1,2,,,Played,A,NOR
2025,NO-PN1,PostNord-ligaen avd. 1,199294,1,-,,199294-5-vard-haugesund,2025-05-04,15:00,vard-haugesund,Vard Haugesund,brann-2,Brann  2,2,1,,,Played,H,NOR
2025,NO-PN1,PostNord-ligaen avd. 1,199294,1,-,,199294-6-sandviken,2025-05-10,13:00,sandviken,Sandviken,notodden,Notodden,2,2,,,Played,D,NOR
2025,NO-PN1,PostNord-ligaen avd. 1,199294,1,-,,199294-6-pors,2025-05-10,13:00,pors,Pors,vard-haugesund,Vard Haugesund,1,2,,,Played,A,NOR
2025,NO-PN1,PostNord-ligaen avd. 1,199294,1,-,,199294-6-sotra,2025-05-10,13:00,sotra,Sotra,fk-eik-t-nsberg-871,FK Eik Tønsberg 871,4,0,,,Played,H,NOR
2025,NO-PN1,PostNord-ligaen avd. 1,199294,1,-,,199294-6-tr-ff,2025-05-11,12:00,tr-ff,Træff,lysekloster,Lysekloster,2,1,,,Played,H,NOR
2025,NO-PN1,PostNord-ligaen avd. 1,199294,1,-,,199294-6-brattv-g,2025-05-11,13:00,brattv-g,Brattvåg,sandnes-ulf,Sandnes Ulf,2,5,,,Played,A,NOR
2025,NO-PN1,PostNord-ligaen avd. 1,199294,1,-,,199294-6-brann-2,2025-05-12,15:00,brann-2,Brann  2,fl-y-flekker-y,Fløy-Flekkerøy,4,3,,,Played,H,NOR
2025,NO-PN1,PostNord-ligaen avd. 1,199294,1,-,,199294-6-jerv,2025-05-16,18:00,jerv,Jerv,arendal,Arendal,1,1,,,Played,D,NOR
2025,NO-PN1,PostNord-ligaen avd. 1,199294,1,-,,199294-7-sotra,2025-05-23,19:30,sotra,Sotra,sandviken,Sandviken,2,2,,,Played,D,NOR
2025,NO-PN1,PostNord-ligaen avd. 1,199294,1,-,,199294-7-sandnes-ulf,2025-05-24,14:00,sandnes-ulf,Sandnes Ulf,lysekloster,Lysekloster,0,0,,,Played,D,NOR
2025,NO-PN1,PostNord-ligaen avd. 1,199294,1,-,,199294-7-fk-eik-t-nsberg-871,2025-05-24,14:00,fk-eik-t-nsberg-871,FK Eik Tønsberg 871,pors,Pors,4,4,,,Played,D,NOR
2025,NO-PN1,PostNord-ligaen avd. 1,199294,1,-,,199294-7-vard-haugesund,2025-05-25,13:00,vard-haugesund,Vard Haugesund,brattv-g,Brattvåg,4,4,,,Played,D,NOR
2025,NO-PN1,PostNord-ligaen avd. 1,199294,1,-,,199294-7-fl-y-flekker-y,2025-05-25,13:00,fl-y-flekker-y,Fløy-Flekkerøy,tr-ff,Træff,3,0,,,Played,H,NOR
2025,NO-PN1,PostNord-ligaen avd. 1,199294,1,-,,199294-7-notodden,2025-05-25,16:00,notodden,Notodden,jerv,Jerv,2,3,,,Played,A,NOR
2025,NO-PN1,PostNord-ligaen avd. 1,199294,1,-,,199294-7-arendal,2025-05-25,18:00,arendal,Arendal,brann-2,Brann  2,6,1,,,Played,H,NOR
2025,NO-PN1,PostNord-ligaen avd. 1,199294,1,-,,199294-8-lysekloster,2025-05-31,13:00,lysekloster,Lysekloster,notodden,Notodden,0,0,,,Played,D,NOR
2025,NO-PN1,PostNord-ligaen avd. 1,199294,1,-,,199294-8-tr-ff,2025-05-31,13:00,tr-ff,Træff,vard-haugesund,Vard Haugesund,1,2,,,Played,A,NOR
2025,NO-PN1,PostNord-ligaen avd. 1,199294,1,-,,199294-8-pors,2025-05-31,13:00,pors,Pors,sotra,Sotra,0,2,,,Played,A,NOR
2025,NO-PN1,PostNord-ligaen avd. 1,199294,1,-,,199294-8-jerv,2025-05-31,17:00,jerv,Jerv,sandnes-ulf,Sandnes Ulf,1,3,,,Played,A,NOR
2025,NO-PN1,PostNord-ligaen avd. 1,199294,1,-,,199294-8-sandviken,2025-06-01,13:00,sandviken,Sandviken,arendal,Arendal,1,1,,,Played,D,NOR
2025,NO-PN1,PostNord-ligaen avd. 1,199294,1,-,,199294-8-brattv-g,2025-06-01,15:00,brattv-g,Brattvåg,fl-y-flekker-y,Fløy-Flekkerøy,3,3,,,Played,D,NOR
2025,NO-PN1,PostNord-ligaen avd. 1,199294,1,-,,199294-8-brann-2,2025-06-02,15:00,brann-2,Brann  2,fk-eik-t-nsberg-871,FK Eik Tønsberg 871,2,2,,,Played,D,NOR
2025,NO-PN1,PostNord-ligaen avd. 1,199294,1,-,,199294-9-vard-haugesund,2025-06-07,15:00,vard-haugesund,Vard Haugesund,sandnes-ulf,Sandnes Ulf,2,2,,,Played,D,NOR
2025,NO-PN1,PostNord-ligaen avd. 1,199294,1,-,,199294-9-arendal,2025-06-08,13:00,arendal,Arendal,brattv-g,Brattvåg,3,3,,,Played,D,NOR
2025,NO-PN1,PostNord-ligaen avd. 1,199294,1,-,,199294-9-fl-y-flekker-y,2025-06-08,14:00,fl-y-flekker-y,Fløy-Flekkerøy,lysekloster,Lysekloster,3,1,,,Played,H,NOR
2025,NO-PN1,PostNord-ligaen avd. 1,199294,1,-,,199294-9-pors,2025-06-08,14:30,pors,Pors,sandviken,Sandviken,1,1,,,Played,D,NOR
2025,NO-PN1,PostNord-ligaen avd. 1,199294,1,-,,199294-9-sotra,2025-06-08,16:00,sotra,Sotra,jerv,Jerv,2,1,,,Played,H,NOR
2025,NO-PN1,PostNord-ligaen avd. 1,199294,1,-,,199294-9-fk-eik-t-nsberg-871,2025-06-09,14:30,fk-eik-t-nsberg-871,FK Eik Tønsberg 871,tr-ff,Træff,2,0,,,Played,H,NOR
2025,NO-PN1,PostNord-ligaen avd. 1,199294,1,-,,199294-9-notodden,2025-06-09,16:00,notodden,Notodden,brann-2,Brann  2,3,0,,,Played,H,NOR
2025,NO-PN1,PostNord-ligaen avd. 1,199294,1,-,,199294-10-brann-2,2025-06-13,18:30,brann-2,Brann  2,sotra,Sotra,0,2,,,Played,A,NOR
2025,NO-PN1,PostNord-ligaen avd. 1,199294,1,-,,199294-10-brattv-g,2025-06-14,13:00,brattv-g,Brattvåg,pors,Pors,4,1,,,Played,H,NOR
2025,NO-PN1,PostNord-ligaen avd. 1,199294,1,-,,199294-10-sandviken,2025-06-14,14:00,sandviken,Sandviken,vard-haugesund,Vard Haugesund,1,1,,,Played,D,NOR
2025,NO-PN1,PostNord-ligaen avd. 1,199294,1,-,,199294-10-jerv,2025-06-14,15:00,jerv,Jerv,fk-eik-t-nsberg-871,FK Eik Tønsberg 871,4,1,,,Played,H,NOR
2025,NO-PN1,PostNord-ligaen avd. 1,199294,1,-,,199294-10-sandnes-ulf,2025-06-14,16:00,sandnes-ulf,Sandnes Ulf,fl-y-flekker-y,Fløy-Flekkerøy,3,0,,,Played,H,NOR
2025,NO-PN1,PostNord-ligaen avd. 1,199294,1,-,,199294-10-tr-ff,2025-06-15,14:00,tr-ff,Træff,notodden,Notodden,1,1,,,Played,D,NOR
2025,NO-PN1,PostNord-ligaen avd. 1,199294,1,-,,199294-10-lysekloster,2025-06-15,17:30,lysekloster,Lysekloster,arendal,Arendal,2,1,,,Played,H,NOR
2025,NO-PN1,PostNord-ligaen avd. 1,199294,1,-,,199294-11-vard-haugesund,2025-06-21,14:00,vard-haugesund,Vard Haugesund,arendal,Arendal,2,4,,,Played,A,NOR
2025,NO-PN1,PostNord-ligaen avd. 1,199294,1,-,,199294-11-pors,2025-06-21,15:00,pors,Pors,fl-y-flekker-y,Fløy-Flekkerøy,0,0,,,Played,D,NOR
2025,NO-PN1,PostNord-ligaen avd. 1,199294,1,-,,199294-11-notodden,2025-06-22,13:00,notodden,Notodden,sandnes-ulf,Sandnes Ulf,0,4,,,Played,A,NOR
2025,NO-PN1,PostNord-ligaen avd. 1,199294,1,-,,199294-11-jerv,2025-06-22,14:30,jerv,Jerv,brann-2,Brann  2,2,1,,,Played,H,NOR
2025,NO-PN1,PostNord-ligaen avd. 1,199294,1,-,,199294-11-sandviken,2025-06-22,16:00,sandviken,Sandviken,tr-ff,Træff,1,2,,,Played,A,NOR
2025,NO-PN1,PostNord-ligaen avd. 1,199294,1,-,,199294-11-fk-eik-t-nsberg-871,2025-06-22,16:00,fk-eik-t-nsberg-871,FK Eik Tønsberg 871,lysekloster,Lysekloster,0,0,,,Played,D,NOR
2025,NO-PN1,PostNord-ligaen avd. 1,199294,1,-,,199294-11-sotra,2025-06-22,16:00,sotra,Sotra,brattv-g,Brattvåg,2,1,,,Played,H,NOR
2025,NO-PN1,PostNord-ligaen avd. 1,199294,1,-,,199294-12-fl-y-flekker-y,2025-06-28,13:00,fl-y-flekker-y,Fløy-Flekkerøy,vard-haugesund,Vard Haugesund,2,2,,,Played,D,NOR
2025,NO-PN1,PostNord-ligaen avd. 1,199294,1,-,,199294-12-sandnes-ulf,2025-06-28,14:00,sandnes-ulf,Sandnes Ulf,sandviken,Sandviken,5,1,,,Played,H,NOR
2025,NO-PN1,PostNord-ligaen avd. 1,199294,1,-,,199294-12-arendal,2025-06-28,15:00,arendal,Arendal,fk-eik-t-nsberg-871,FK Eik Tønsberg 871,1,1,,,Played,D,NOR
2025,NO-PN1,PostNord-ligaen avd. 1,199294,1,-,,199294-12-brattv-g,2025-06-29,13:00,brattv-g,Brattvåg,notodden,Notodden,3,0,,,Played,H,NOR
2025,NO-PN1,PostNord-ligaen avd. 1,199294,1,-,,199294-12-tr-ff,2025-06-29,14:30,tr-ff,Træff,sotra,Sotra,1,2,,,Played,A,NOR
2025,NO-PN1,PostNord-ligaen avd. 1,199294,1,-,,199294-12-lysekloster,2025-06-29,16:00,lysekloster,Lysekloster,jerv,Jerv,3,0,,,Played,H,NOR
2025,NO-PN1,PostNord-ligaen avd. 1,199294,1,-,,199294-12-brann-2,2025-07-01,16:00,brann-2,Brann  2,pors,Pors,0,2,,,Played,A,NOR
2025,NO-PN1,PostNord-ligaen avd. 1,199294,1,-,,199294-13-sotra,2025-07-05,13:00,sotra,Sotra,sandnes-ulf,Sandnes Ulf,1,2,,,Played,A,NOR
2025,NO-PN1,PostNord-ligaen avd. 1,199294,1,-,,199294-13-vard-haugesund,2025-07-05,15:00,vard-haugesund,Vard Haugesund,lysekloster,Lysekloster,4,4,,,Played,D,NOR
2025,NO-PN1,PostNord-ligaen avd. 1,199294,1,-,,199294-13-pors,2025-07-05,15:00,pors,Pors,arendal,Arendal,1,0,,,Played,H,NOR
2025,NO-PN1,PostNord-ligaen avd. 1,199294,1,-,,199294-13-notodden,2025-07-05,15:00,notodden,Notodden,fl-y-flekker-y,Fløy-Flekkerøy,1,0,,,Played,H,NOR
2025,NO-PN1,PostNord-ligaen avd. 1,199294,1,-,,199294-13-sandviken,2025-07-06,12:30,sandviken,Sandviken,brann-2,Brann  2,1,2,,,Played,A,NOR
2025,NO-PN1,PostNord-ligaen avd. 1,199294,1,-,,199294-13-jerv,2025-07-06,13:00,jerv,Jerv,tr-ff,Træff,2,0,,,Played,H,NOR
2025,NO-PN1,PostNord-ligaen avd. 1,199294,1,-,,199294-13-fk-eik-t-nsberg-871,2025-07-06,16:00,fk-eik-t-nsberg-871,FK Eik Tønsberg 871,brattv-g,Brattvåg,1,1,,,Played,D,NOR
2025,NO-PN1,PostNord-ligaen avd. 1,199294,1,-,,199294-14-tr-ff,2025-07-12,13:00,tr-ff,Træff,pors,Pors,3,3,,,Played,D,NOR
2025,NO-PN1,PostNord-ligaen avd. 1,199294,1,-,,199294-14-brattv-g,2025-07-12,13:00,brattv-g,Brattvåg,vard-haugesund,Vard Haugesund,2,0,,,Played,H,NOR
2025,NO-PN1,PostNord-ligaen avd. 1,199294,1,-,,199294-14-sandnes-ulf,2025-07-13,13:00,sandnes-ulf,Sandnes Ulf,notodden,Notodden,7,0,,,Played,H,NOR
2025,NO-PN1,PostNord-ligaen avd. 1,199294,1,-,,199294-14-arendal,2025-07-13,14:00,arendal,Arendal,sandviken,Sandviken,6,1,,,Played,H,NOR
2025,NO-PN1,PostNord-ligaen avd. 1,199294,1,-,,199294-14-fl-y-flekker-y,2025-07-13,14:30,fl-y-flekker-y,Fløy-Flekkerøy,sotra,Sotra,1,2,,,Played,A,NOR
2025,NO-PN1,PostNord-ligaen avd. 1,199294,1,-,,199294-14-lysekloster,2025-07-13,16:00,lysekloster,Lysekloster,fk-eik-t-nsberg-871,FK Eik Tønsberg 871,1,2,,,Played,A,NOR
2025,NO-PN1,PostNord-ligaen avd. 1,199294,1,-,,199294-14-brann-2,2025-07-14,16:00,brann-2,Brann  2,jerv,Jerv,2,4,,,Played,A,NOR
2025,NO-PN1,PostNord-ligaen avd. 1,199294,1,-,,199294-15-fk-eik-t-nsberg-871,2025-08-09,15:00,fk-eik-t-nsberg-871,FK Eik Tønsberg 871,arendal,Arendal,1,3,,,Played,A,NOR
2025,NO-PN1,PostNord-ligaen avd. 1,199294,1,-,,199294-15-sandviken,2025-08-09,16:00,sandviken,Sandviken,sandnes-ulf,Sandnes Ulf,0,2,,,Played,A,NOR
2025,NO-PN1,PostNord-ligaen avd. 1,199294,1,-,,199294-15-jerv,2025-08-09,18:00,jerv,Jerv,fl-y-flekker-y,Fløy-Flekkerøy,3,0,,,Played,H,NOR
2025,NO-PN1,PostNord-ligaen avd. 1,199294,1,-,,199294-15-vard-haugesund,2025-08-09,19:00,vard-haugesund,Vard Haugesund,tr-ff,Træff,2,2,,,Played,D,NOR
2025,NO-PN1,PostNord-ligaen avd. 1,199294,1,-,,199294-15-sotra,2025-08-10,13:00,sotra,Sotra,brann-2,Brann  2,5,0,,,Played,H,NOR
2025,NO-PN1,PostNord-ligaen avd. 1,199294,1,-,,199294-15-notodden,2025-08-10,14:00,notodden,Notodden,lysekloster,Lysekloster,0,2,,,Played,A,NOR
2025,NO-PN1,PostNord-ligaen avd. 1,199294,1,-,,199294-15-pors,2025-08-10,16:15,pors,Pors,brattv-g,Brattvåg,1,1,,,Played,D,NOR
2025,NO-PN1,PostNord-ligaen avd. 1,199294,1,-,,199294-16-fl-y-flekker-y,2025-08-16,16:00,fl-y-flekker-y,Fløy-Flekkerøy,pors,Pors,0,3,,,Played,A,NOR
2025,NO-PN1,PostNord-ligaen avd. 1,199294,1,-,,199294-16-brattv-g,2025-08-17,13:00,brattv-g,Brattvåg,fk-eik-t-nsberg-871,FK Eik Tønsberg 871,1,0,,,Played,H,NOR
2025,NO-PN1,PostNord-ligaen avd. 1,199294,1,-,,199294-16-tr-ff,2025-08-17,14:00,tr-ff,Træff,jerv,Jerv,0,1,,,Played,A,NOR
2025,NO-PN1,PostNord-ligaen avd. 1,199294,1,-,,199294-16-arendal,2025-08-17,14:00,arendal,Arendal,notodden,Notodden,4,1,,,Played,H,NOR
2025,NO-PN1,PostNord-ligaen avd. 1,199294,1,-,,199294-16-lysekloster,2025-08-17,15:00,lysekloster,Lysekloster,sandviken,Sandviken,1,1,,,Played,D,NOR
2025,NO-PN1,PostNord-ligaen avd. 1,199294,1,-,,199294-16-sandnes-ulf,2025-08-17,16:00,sandnes-ulf,Sandnes Ulf,sotra,Sotra,0,0,,,Played,D,NOR
2025,NO-PN1,PostNord-ligaen avd. 1,199294,1,-,,199294-16-brann-2,2025-08-18,17:00,brann-2,Brann  2,vard-haugesund,Vard Haugesund,2,1,,,Played,H,NOR
2025,NO-PN1,PostNord-ligaen avd. 1,199294,1,-,,199294-17-sandviken,2025-08-23,13:00,sandviken,Sandviken,fk-eik-t-nsberg-871,FK Eik Tønsberg 871,2,0,,,Played,H,NOR
2025,NO-PN1,PostNord-ligaen avd. 1,199294,1,-,,199294-17-pors,2025-08-23,13:00,pors,Pors,sandnes-ulf,Sandnes Ulf,4,2,,,Played,H,NOR
2025,NO-PN1,PostNord-ligaen avd. 1,199294,1,-,,199294-17-vard-haugesund,2025-08-24,13:00,vard-haugesund,Vard Haugesund,notodden,Notodden,1,1,,,Played,D,NOR
2025,NO-PN1,PostNord-ligaen avd. 1,199294,1,-,,199294-17-fl-y-flekker-y,2025-08-24,13:00,fl-y-flekker-y,Fløy-Flekkerøy,brattv-g,Brattvåg,2,4,,,Played,A,NOR
2025,NO-PN1,PostNord-ligaen avd. 1,199294,1,-,,199294-17-brann-2,2025-08-24,16:00,brann-2,Brann  2,arendal,Arendal,1,1,,,Played,D,NOR
2025,NO-PN1,PostNord-ligaen avd. 1,199294,1,-,,199294-17-jerv,2025-08-24,16:00,jerv,Jerv,lysekloster,Lysekloster,0,1,,,Played,A,NOR
2025,NO-PN1,PostNord-ligaen avd. 1,199294,1,-,,199294-17-sotra,2025-08-24,16:00,sotra,Sotra,tr-ff,Træff,0,0,,,Played,D,NOR
2025,NO-PN1,PostNord-ligaen avd. 1,199294,1,-,,199294-18-lysekloster,2025-08-30,15:00,lysekloster,Lysekloster,vard-haugesund,Vard Haugesund,1,0,,,Played,H,NOR
2025,NO-PN1,PostNord-ligaen avd. 1,199294,1,-,,199294-18-fk-eik-t-nsberg-871,2025-08-30,15:00,fk-eik-t-nsberg-871,FK Eik Tønsberg 871,sotra,Sotra,2,1,,,Played,H,NOR
2025,NO-PN1,PostNord-ligaen avd. 1,199294,1,-,,199294-18-arendal,2025-08-30,15:00,arendal,Arendal,pors,Pors,3,1,,,Played,H,NOR
2025,NO-PN1,PostNord-ligaen avd. 1,199294,1,-,,199294-18-tr-ff,2025-08-31,13:00,tr-ff,Træff,fl-y-flekker-y,Fløy-Flekkerøy,2,0,,,Played,H,NOR
2025,NO-PN1,PostNord-ligaen avd. 1,199294,1,-,,199294-18-brattv-g,2025-08-31,15:00,brattv-g,Brattvåg,brann-2,Brann  2,3,2,,,Played,H,NOR
2025,NO-PN1,PostNord-ligaen avd. 1,199294,1,-,,199294-18-notodden,2025-08-31,15:00,notodden,Notodden,sandviken,Sandviken,0,1,,,Played,A,NOR
2025,NO-PN1,PostNord-ligaen avd. 1,199294,1,-,,199294-18-sandnes-ulf,2025-08-31,16:00,sandnes-ulf,Sandnes Ulf,jerv,Jerv,4,0,,,Played,H,NOR
2025,NO-PN1,PostNord-ligaen avd. 1,199294,1,-,,199294-19-vard-haugesund,2025-09-06,14:00,vard-haugesund,Vard Haugesund,sandviken,Sandviken,1,1,,,Played,D,NOR
2025,NO-PN1,PostNord-ligaen avd. 1,199294,1,-,,199294-19-pors,2025-09-06,14:00,pors,Pors,fk-eik-t-nsberg-871,FK Eik Tønsberg 871,0,2,,,Played,A,NOR
2025,NO-PN1,PostNord-ligaen avd. 1,199294,1,-,,199294-19-brann-2,2025-09-06,15:00,brann-2,Brann  2,lysekloster,Lysekloster,0,4,,,Played,A,NOR
2025,NO-PN1,PostNord-ligaen avd. 1,199294,1,-,,199294-19-fl-y-flekker-y,2025-09-06,15:00,fl-y-flekker-y,Fløy-Flekkerøy,notodden,Notodden,2,2,,,Played,D,NOR
2025,NO-PN1,PostNord-ligaen avd. 1,199294,1,-,,199294-19-tr-ff,2025-09-07,13:00,tr-ff,Træff,sandnes-ulf,Sandnes Ulf,3,2,,,Played,H,NOR
2025,NO-PN1,PostNord-ligaen avd. 1,199294,1,-,,199294-19-jerv,2025-09-07,13:00,jerv,Jerv,brattv-g,Brattvåg,4,3,,,Played,H,NOR
2025,NO-PN1,PostNord-ligaen avd. 1,199294,1,-,,199294-19-sotra,2025-09-07,17:30,sotra,Sotra,arendal,Arendal,3,1,,,Played,H,NOR
2025,NO-PN1,PostNord-ligaen avd. 1,199294,1,-,,199294-20-sandviken,2025-09-13,13:00,sandviken,Sandviken,pors,Pors,5,2,,,Played,H,NOR
2025,NO-PN1,PostNord-ligaen avd. 1,199294,1,-,,199294-20-notodden,2025-09-13,13:00,notodden,Notodden,sotra,Sotra,1,1,,,Played,D,NOR
2025,NO-PN1,PostNord-ligaen avd. 1,199294,1,-,,199294-20-arendal,2025-09-13,13:00,arendal,Arendal,vard-haugesund,Vard Haugesund,0,0,,,Played,D,NOR
2025,NO-PN1,PostNord-ligaen avd. 1,199294,1,-,,199294-20-brattv-g,2025-09-13,15:00,brattv-g,Brattvåg,tr-ff,Træff,4,2,,,Played,H,NOR
2025,NO-PN1,PostNord-ligaen avd. 1,199294,1,-,,199294-20-fk-eik-t-nsberg-871,2025-09-13,16:00,fk-eik-t-nsberg-871,FK Eik Tønsberg 871,jerv,Jerv,2,3,,,Played,A,NOR
2025,NO-PN1,PostNord-ligaen avd. 1,199294,1,-,,199294-20-lysekloster,2025-09-14,16:00,lysekloster,Lysekloster,fl-y-flekker-y,Fløy-Flekkerøy,3,0,,,Played,H,NOR
2025,NO-PN1,PostNord-ligaen avd. 1,199294,1,-,,199294-20-sandnes-ulf,2025-09-15,16:30,sandnes-ulf,Sandnes Ulf,brann-2,Brann  2,5,0,,,Played,H,NOR
2025,NO-PN1,PostNord-ligaen avd. 1,199294,1,-,,199294-21-sotra,2025-09-20,13:00,sotra,Sotra,pors,Pors,5,0,,,Played,H,NOR
2025,NO-PN1,PostNord-ligaen avd. 1,199294,1,-,,199294-21-fl-y-flekker-y,2025-09-20,16:00,fl-y-flekker-y,Fløy-Flekkerøy,sandnes-ulf,Sandnes Ulf,0,2,,,Played,A,NOR
2025,NO-PN1,PostNord-ligaen avd. 1,199294,1,-,,199294-21-jerv,2025-09-20,16:00,jerv,Jerv,notodden,Notodden,2,2,,,Played,D,NOR
2025,NO-PN1,PostNord-ligaen avd. 1,199294,1,-,,199294-21-vard-haugesund,2025-09-21,13:00,vard-haugesund,Vard Haugesund,fk-eik-t-nsberg-871,FK Eik Tønsberg 871,2,1,,,Played,H,NOR
2025,NO-PN1,PostNord-ligaen avd. 1,199294,1,-,,199294-21-tr-ff,2025-09-21,13:00,tr-ff,Træff,arendal,Arendal,1,1,,,Played,D,NOR
2025,NO-PN1,PostNord-ligaen avd. 1,199294,1,-,,199294-21-brann-2,2025-09-21,14:00,brann-2,Brann  2,sandviken,Sandviken,2,0,,,Played,H,NOR
2025,NO-PN1,PostNord-ligaen avd. 1,199294,1,-,,199294-21-brattv-g,2025-09-21,16:00,brattv-g,Brattvåg,lysekloster,Lysekloster,2,0,,,Played,H,NOR
2025,NO-PN1,PostNord-ligaen avd. 1,199294,1,-,,199294-22-sandviken,2025-09-26,19:30,sandviken,Sandviken,sotra,Sotra,2,1,,,Played,H,NOR
2025,NO-PN1,PostNord-ligaen avd. 1,199294,1,-,,199294-22-sandnes-ulf,2025-09-27,15:00,sandnes-ulf,Sandnes Ulf,vard-haugesund,Vard Haugesund,4,0,,,Played,H,NOR
2025,NO-PN1,PostNord-ligaen avd. 1,199294,1,-,,199294-22-arendal,2025-09-27,15:00,arendal,Arendal,fl-y-flekker-y,Fløy-Flekkerøy,9,0,,,Played,H,NOR
2025,NO-PN1,PostNord-ligaen avd. 1,199294,1,-,,199294-22-notodden,2025-09-28,14:30,notodden,Notodden,brattv-g,Brattvåg,2,4,,,Played,A,NOR
2025,NO-PN1,PostNord-ligaen avd. 1,199294,1,-,,199294-22-pors,2025-09-28,15:00,pors,Pors,jerv,Jerv,2,2,,,Played,D,NOR
2025,NO-PN1,PostNord-ligaen avd. 1,199294,1,-,,199294-22-lysekloster,2025-09-28,16:00,lysekloster,Lysekloster,tr-ff,Træff,1,1,,,Played,D,NOR
2025,NO-PN1,PostNord-ligaen avd. 1,199294,1,-,,199294-22-fk-eik-t-nsberg-871,2025-09-29,14:30,fk-eik-t-nsberg-871,FK Eik Tønsberg 871,brann-2,Brann  2,0,0,,,Played,D,NOR
2025,NO-PN1,PostNord-ligaen avd. 1,199294,1,-,,199294-23-vard-haugesund,2025-10-04,13:00,vard-haugesund,Vard Haugesund,pors,Pors,1,1,,,Played,D,NOR
2025,NO-PN1,PostNord-ligaen avd. 1,199294,1,-,,199294-23-lysekloster,2025-10-04,14:00,lysekloster,Lysekloster,sandnes-ulf,Sandnes Ulf,2,3,,,Played,A,NOR
2025,NO-PN1,PostNord-ligaen avd. 1,199294,1,-,,199294-23-brattv-g,2025-10-05,13:30,brattv-g,Brattvåg,arendal,Arendal,2,0,,,Played,H,NOR
2025,NO-PN1,PostNord-ligaen avd. 1,199294,1,-,,199294-23-tr-ff,2025-10-05,14:00,tr-ff,Træff,fk-eik-t-nsberg-871,FK Eik Tønsberg 871,1,1,,,Played,D,NOR
2025,NO-PN1,PostNord-ligaen avd. 1,199294,1,-,,199294-23-fl-y-flekker-y,2025-10-05,16:00,fl-y-flekker-y,Fløy-Flekkerøy,sandviken,Sandviken,2,1,,,Played,H,NOR
2025,NO-PN1,PostNord-ligaen avd. 1,199294,1,-,,199294-23-jerv,2025-10-05,16:00,jerv,Jerv,sotra,Sotra,2,0,,,Played,H,NOR
2025,NO-PN1,PostNord-ligaen avd. 1,199294,1,-,,199294-23-brann-2,2025-10-06,15:30,brann-2,Brann  2,notodden,Notodden,2,1,,,Played,H,NOR
2025,NO-PN1,PostNord-ligaen avd. 1,199294,1,-,,199294-24-sotra,2025-10-11,14:00,sotra,Sotra,vard-haugesund,Vard Haugesund,1,0,,,Played,H,NOR
2025,NO-PN1,PostNord-ligaen avd. 1,199294,1,-,,199294-24-fk-eik-t-nsberg-871,2025-10-11,15:00,fk-eik-t-nsberg-871,FK Eik Tønsberg 871,fl-y-flekker-y,Fløy-Flekkerøy,2,0,,,Played,H,NOR
2025,NO-PN1,PostNord-ligaen avd. 1,199294,1,-,,199294-24-sandviken,2025-10-11,16:00,sandviken,Sandviken,jerv,Jerv,2,1,,,Played,H,NOR
2025,NO-PN1,PostNord-ligaen avd. 1,199294,1,-,,199294-24-sandnes-ulf,2025-10-12,13:00,sandnes-ulf,Sandnes Ulf,brattv-g,Brattvåg,2,2,,,Played,D,NOR
2025,NO-PN1,PostNord-ligaen avd. 1,199294,1,-,,199294-24-notodden,2025-10-12,13:00,notodden,Notodden,tr-ff,Træff,4,3,,,Played,H,NOR
2025,NO-PN1,PostNord-ligaen avd. 1,199294,1,-,,199294-24-pors,2025-10-12,14:30,pors,Pors,brann-2,Brann  2,2,1,,,Played,H,NOR
2025,NO-PN1,PostNord-ligaen avd. 1,199294,1,-,,199294-24-arendal,2025-10-12,16:00,arendal,Arendal,lysekloster,Lysekloster,3,2,,,Played,H,NOR
2025,NO-PN1,PostNord-ligaen avd. 1,199294,1,-,,199294-25-lysekloster,2025-10-18,13:00,lysekloster,Lysekloster,pors,Pors,1,3,,,Played,A,NOR
2025,NO-PN1,PostNord-ligaen avd. 1,199294,1,-,,199294-25-jerv,2025-10-18,13:00,jerv,Jerv,vard-haugesund,Vard Haugesund,2,1,,,Played,H,NOR
2025,NO-PN1,PostNord-ligaen avd. 1,199294,1,-,,199294-25-notodden,2025-10-18,15:00,notodden,Notodden,fk-eik-t-nsberg-871,FK Eik Tønsberg 871,0,1,,,Played,A,NOR
2025,NO-PN1,PostNord-ligaen avd. 1,199294,1,-,,199294-25-sandnes-ulf,2025-10-18,16:00,sandnes-ulf,Sandnes Ulf,arendal,Arendal,4,1,,,Played,H,NOR
2025,NO-PN1,PostNord-ligaen avd. 1,199294,1,-,,199294-25-fl-y-flekker-y,2025-10-19,14:30,fl-y-flekker-y,Fløy-Flekkerøy,brann-2,Brann  2,1,1,,,Played,D,NOR
2025,NO-PN1,PostNord-ligaen avd. 1,199294,1,-,,199294-25-tr-ff,2025-10-19,15:00,tr-ff,Træff,sandviken,Sandviken,1,0,,,Played,H,NOR
2025,NO-PN1,PostNord-ligaen avd. 1,199294,1,-,,199294-25-brattv-g,2025-10-19,16:00,brattv-g,Brattvåg,sotra,Sotra,2,0,,,Played,H,NOR
2025,NO-PN1,PostNord-ligaen avd. 1,199294,1,-,,199294-26-vard-haugesund,2025-10-25,13:00,vard-haugesund,Vard Haugesund,fl-y-flekker-y,Fløy-Flekkerøy,4,1,,,Played,H,NOR
2025,NO-PN1,PostNord-ligaen avd. 1,199294,1,-,,199294-26-sandviken,2025-10-25,13:00,sandviken,Sandviken,brattv-g,Brattvåg,2,4,,,Played,A,NOR
2025,NO-PN1,PostNord-ligaen avd. 1,199294,1,-,,199294-26-brann-2,2025-10-25,13:00,brann-2,Brann  2,tr-ff,Træff,1,2,,,Played,A,NOR
2025,NO-PN1,PostNord-ligaen avd. 1,199294,1,-,,199294-26-pors,2025-10-25,13:00,pors,Pors,notodden,Notodden,2,2,,,Played,D,NOR
2025,NO-PN1,PostNord-ligaen avd. 1,199294,1,-,,199294-26-fk-eik-t-nsberg-871,2025-10-25,13:00,fk-eik-t-nsberg-871,FK Eik Tønsberg 871,sandnes-ulf,Sandnes Ulf,3,1,,,Played,H,NOR
2025,NO-PN1,PostNord-ligaen avd. 1,199294,1,-,,199294-26-arendal,2025-10-25,13:00,arendal,Arendal,jerv,Jerv,3,1,,,Played,H,NOR
2025,NO-PN1,PostNord-ligaen avd. 1,199294,1,-,,199294-26-sotra,2025-10-25,13:00,sotra,Sotra,lysekloster,Lysekloster,2,3,,,Played,A,NOR
2026,NO-PN1,PostNord-ligaen avd. 1,206007,1,-,,206007-1-sotra,2026-04-05,15:00,sotra,Sotra,lysekloster,Lysekloster,2,2,,,Played,D,NOR
2026,NO-PN1,PostNord-ligaen avd. 1,206007,1,-,,206007-1-tr-ff,2026-04-06,13:00,tr-ff,Træff,brattv-g,Brattvåg,2,0,,,Played,H,NOR
2026,NO-PN1,PostNord-ligaen avd. 1,206007,1,-,,206007-1-pors,2026-04-06,14:00,pors,Pors,kvik-halden,Kvik Halden,0,1,,,Played,A,NOR
2026,NO-PN1,PostNord-ligaen avd. 1,206007,1,-,,206007-1-fk-eik-t-nsberg-871,2026-04-06,14:00,fk-eik-t-nsberg-871,FK Eik Tønsberg 871,notodden,Notodden,0,1,,,Played,A,NOR
2026,NO-PN1,PostNord-ligaen avd. 1,206007,1,-,,206007-1-bjarg,2026-04-06,14:00,bjarg,Bjarg,sandviken,Sandviken,3,1,,,Played,H,NOR
2026,NO-PN1,PostNord-ligaen avd. 1,206007,1,-,,206007-1-mj-ndalen,2026-04-06,16:00,mj-ndalen,Mjøndalen,arendal,Arendal,4,1,,,Played,H,NOR
2026,NO-PN1,PostNord-ligaen avd. 1,206007,1,-,,206007-1-vidar,2026-04-06,16:00,vidar,Vidar,jerv,Jerv,1,3,,,Played,A,NOR
2026,NO-PN1,PostNord-ligaen avd. 1,206007,1,-,,206007-2-sandviken,2026-04-11,14:00,sandviken,Sandviken,sotra,Sotra,1,3,,,Played,A,NOR
2026,NO-PN1,PostNord-ligaen avd. 1,206007,1,-,,206007-2-brattv-g,2026-04-11,14:00,brattv-g,Brattvåg,pors,Pors,2,1,,,Played,H,NOR
2026,NO-PN1,PostNord-ligaen avd. 1,206007,1,-,,206007-2-lysekloster,2026-04-11,15:00,lysekloster,Lysekloster,vidar,Vidar,1,1,,,Played,D,NOR
2026,NO-PN1,PostNord-ligaen avd. 1,206007,1,-,,206007-2-kvik-halden,2026-04-11,16:00,kvik-halden,Kvik Halden,fk-eik-t-nsberg-871,FK Eik Tønsberg 871,1,0,,,Played,H,NOR
2026,NO-PN1,PostNord-ligaen avd. 1,206007,1,-,,206007-2-notodden,2026-04-12,13:00,notodden,Notodden,tr-ff,Træff,1,2,,,Played,A,NOR
2026,NO-PN1,PostNord-ligaen avd. 1,206007,1,-,,206007-2-jerv,2026-04-12,15:00,jerv,Jerv,mj-ndalen,Mjøndalen,1,0,,,Played,H,NOR
2026,NO-PN1,PostNord-ligaen avd. 1,206007,1,-,,206007-2-arendal,2026-04-12,16:00,arendal,Arendal,bjarg,Bjarg,0,2,,,Played,A,NOR
2026,NO-PN1,PostNord-ligaen avd. 1,206007,1,-,,206007-3-tr-ff,2026-04-18,12:00,tr-ff,Træff,sotra,Sotra,0,2,,,Played,A,NOR
2026,NO-PN1,PostNord-ligaen avd. 1,206007,1,-,,206007-3-fk-eik-t-nsberg-871,2026-04-18,13:00,fk-eik-t-nsberg-871,FK Eik Tønsberg 871,brattv-g,Brattvåg,0,2,,,Played,A,NOR
2026,NO-PN1,PostNord-ligaen avd. 1,206007,1,-,,206007-3-bjarg,2026-04-18,13:00,bjarg,Bjarg,kvik-halden,Kvik Halden,1,2,,,Played,A,NOR
2026,NO-PN1,PostNord-ligaen avd. 1,206007,1,-,,206007-3-mj-ndalen,2026-04-18,14:00,mj-ndalen,Mjøndalen,lysekloster,Lysekloster,2,1,,,Played,H,NOR
2026,NO-PN1,PostNord-ligaen avd. 1,206007,1,-,,206007-3-pors,2026-04-18,15:00,pors,Pors,jerv,Jerv,0,3,,,Played,A,NOR
2026,NO-PN1,PostNord-ligaen avd. 1,206007,1,-,,206007-3-vidar,2026-04-18,15:00,vidar,Vidar,sandviken,Sandviken,0,1,,,Played,A,NOR
2026,NO-PN1,PostNord-ligaen avd. 1,206007,1,-,,206007-3-arendal,2026-04-18,16:00,arendal,Arendal,notodden,Notodden,2,2,,,Played,D,NOR
2026,NO-PN1,PostNord-ligaen avd. 1,206007,1,-,,206007-4-lysekloster,2026-04-25,13:00,lysekloster,Lysekloster,fk-eik-t-nsberg-871,FK Eik Tønsberg 871,3,1,,,Played,H,NOR
2026,NO-PN1,PostNord-ligaen avd. 1,206007,1,-,,206007-4-sandviken,2026-04-25,13:00,sandviken,Sandviken,pors,Pors,0,1,,,Played,A,NOR
2026,NO-PN1,PostNord-ligaen avd. 1,206007,1,-,,206007-4-notodden,2026-04-25,13:00,notodden,Notodden,bjarg,Bjarg,0,1,,,Played,A,NOR
2026,NO-PN1,PostNord-ligaen avd. 1,206007,1,-,,206007-4-sotra,2026-04-25,15:00,sotra,Sotra,mj-ndalen,Mjøndalen,4,0,,,Played,H,NOR
2026,NO-PN1,PostNord-ligaen avd. 1,206007,1,-,,206007-4-kvik-halden,2026-04-25,16:00,kvik-halden,Kvik Halden,arendal,Arendal,3,1,,,Played,H,NOR
2026,NO-PN1,PostNord-ligaen avd. 1,206007,1,-,,206007-4-jerv,2026-04-26,13:00,jerv,Jerv,tr-ff,Træff,1,1,,,Played,D,NOR
2026,NO-PN1,PostNord-ligaen avd. 1,206007,1,-,,206007-4-brattv-g,2026-04-26,14:30,brattv-g,Brattvåg,vidar,Vidar,3,0,,,Played,H,NOR
2026,NO-PN1,PostNord-ligaen avd. 1,206007,1,-,,206007-5-kvik-halden,2026-05-02,13:00,kvik-halden,Kvik Halden,brattv-g,Brattvåg,0,2,,,Played,A,NOR
2026,NO-PN1,PostNord-ligaen avd. 1,206007,1,-,,206007-5-bjarg,2026-05-02,14:00,bjarg,Bjarg,lysekloster,Lysekloster,2,2,,,Played,D,NOR
2026,NO-PN1,PostNord-ligaen avd. 1,206007,1,-,,206007-5-fk-eik-t-nsberg-871,2026-05-02,15:00,fk-eik-t-nsberg-871,FK Eik Tønsberg 871,jerv,Jerv,2,3,,,Played,A,NOR
2026,NO-PN1,PostNord-ligaen avd. 1,206007,1,-,,206007-5-vidar,2026-05-03,14:00,vidar,Vidar,notodden,Notodden,0,5,,,Played,A,NOR
2026,NO-PN1,PostNord-ligaen avd. 1,206007,1,-,,206007-5-tr-ff,2026-05-03,14:00,tr-ff,Træff,mj-ndalen,Mjøndalen,2,2,,,Played,D,NOR
2026,NO-PN1,PostNord-ligaen avd. 1,206007,1,-,,206007-5-arendal,2026-05-03,15:00,arendal,Arendal,sandviken,Sandviken,0,0,,,Played,D,NOR
2026,NO-PN1,PostNord-ligaen avd. 1,206007,1,-,,206007-5-pors,2026-05-03,16:00,pors,Pors,sotra,Sotra,0,0,,,Played,D,NOR
2026,NO-PN1,PostNord-ligaen avd. 1,206007,1,-,,206007-6-lysekloster,2026-05-09,13:00,lysekloster,Lysekloster,pors,Pors,1,2,,,Played,A,NOR
2026,NO-PN1,PostNord-ligaen avd. 1,206007,1,-,,206007-6-notodden,2026-05-09,15:00,notodden,Notodden,kvik-halden,Kvik Halden,1,1,,,Played,D,NOR
2026,NO-PN1,PostNord-ligaen avd. 1,206007,1,-,,206007-6-sotra,2026-05-10,13:00,sotra,Sotra,fk-eik-t-nsberg-871,FK Eik Tønsberg 871,6,0,,,Played,H,NOR
2026,NO-PN1,PostNord-ligaen avd. 1,206007,1,-,,206007-6-brattv-g,2026-05-10,13:00,brattv-g,Brattvåg,arendal,Arendal,2,0,,,Played,H,NOR
2026,NO-PN1,PostNord-ligaen avd. 1,206007,1,-,,206007-6-mj-ndalen,2026-05-10,15:00,mj-ndalen,Mjøndalen,vidar,Vidar,2,0,,,Played,H,NOR
2026,NO-PN1,PostNord-ligaen avd. 1,206007,1,-,,206007-6-sandviken,2026-05-10,16:00,sandviken,Sandviken,tr-ff,Træff,4,2,,,Played,H,NOR
2026,NO-PN1,PostNord-ligaen avd. 1,206007,1,-,,206007-6-jerv,2026-05-10,16:00,jerv,Jerv,bjarg,Bjarg,3,1,,,Played,H,NOR
2026,NO-PN1,PostNord-ligaen avd. 1,206007,1,-,,206007-7-bjarg,2026-05-14,13:00,bjarg,Bjarg,brattv-g,Brattvåg,2,6,,,Played,A,NOR
2026,NO-PN1,PostNord-ligaen avd. 1,206007,1,-,,206007-7-tr-ff,2026-05-14,14:30,tr-ff,Træff,lysekloster,Lysekloster,4,0,,,Played,H,NOR
2026,NO-PN1,PostNord-ligaen avd. 1,206007,1,-,,206007-7-vidar,2026-05-14,15:30,vidar,Vidar,sotra,Sotra,1,3,,,Played,A,NOR
2026,NO-PN1,PostNord-ligaen avd. 1,206007,1,-,,206007-7-kvik-halden,2026-05-16,13:00,kvik-halden,Kvik Halden,sandviken,Sandviken,0,0,,,Played,D,NOR
2026,NO-PN1,PostNord-ligaen avd. 1,206007,1,-,,206007-7-fk-eik-t-nsberg-871,2026-05-16,15:00,fk-eik-t-nsberg-871,FK Eik Tønsberg 871,mj-ndalen,Mjøndalen,1,2,,,Played,A,NOR
2026,NO-PN1,PostNord-ligaen avd. 1,206007,1,-,,206007-7-arendal,2026-05-16,16:00,arendal,Arendal,jerv,Jerv,1,2,,,Played,A,NOR
2026,NO-PN1,PostNord-ligaen avd. 1,206007,1,-,,206007-7-pors,2026-05-16,18:00,pors,Pors,notodden,Notodden,1,2,,,Played,A,NOR
2026,NO-PN1,PostNord-ligaen avd. 1,206007,1,-,,206007-8-mj-ndalen,2026-05-23,14:00,mj-ndalen,Mjøndalen,sandviken,Sandviken,4,0,,,Played,H,NOR
2026,NO-PN1,PostNord-ligaen avd. 1,206007,1,-,,206007-8-jerv,2026-05-23,16:00,jerv,Jerv,kvik-halden,Kvik Halden,2,1,,,Played,H,NOR
2026,NO-PN1,PostNord-ligaen avd. 1,206007,1,-,,206007-8-fk-eik-t-nsberg-871,2026-05-23,17:00,fk-eik-t-nsberg-871,FK Eik Tønsberg 871,vidar,Vidar,3,1,,,Played,H,NOR
2026,NO-PN1,PostNord-ligaen avd. 1,206007,1,-,,206007-8-tr-ff,2026-05-24,14:00,tr-ff,Træff,pors,Pors,3,3,,,Played,D,NOR
2026,NO-PN1,PostNord-ligaen avd. 1,206007,1,-,,206007-8-sotra,2026-05-25,14:00,sotra,Sotra,bjarg,Bjarg,1,2,,,Played,A,NOR
2026,NO-PN1,PostNord-ligaen avd. 1,206007,1,-,,206007-8-lysekloster,2026-05-25,15:00,lysekloster,Lysekloster,arendal,Arendal,1,1,,,Played,D,NOR
2026,NO-PN1,PostNord-ligaen avd. 1,206007,1,-,,206007-8-brattv-g,2026-05-25,15:00,brattv-g,Brattvåg,notodden,Notodden,2,0,,,Played,H,NOR
2026,NO-PN1,PostNord-ligaen avd. 1,206007,1,-,,206007-9-bjarg,2026-05-30,13:00,bjarg,Bjarg,fk-eik-t-nsberg-871,FK Eik Tønsberg 871,2,0,,,Played,H,NOR
2026,NO-PN1,PostNord-ligaen avd. 1,206007,1,-,,206007-9-vidar,2026-05-30,17:00,vidar,Vidar,tr-ff,Træff,1,1,,,Played,D,NOR
2026,NO-PN1,PostNord-ligaen avd. 1,206007,1,-,,206007-9-sandviken,2026-05-31,13:00,sandviken,Sandviken,brattv-g,Brattvåg,1,0,,,Played,H,NOR
2026,NO-PN1,PostNord-ligaen avd. 1,206007,1,-,,206007-9-notodden,2026-05-31,16:00,notodden,Notodden,jerv,Jerv,0,0,,,Played,D,NOR
2026,NO-PN1,PostNord-ligaen avd. 1,206007,1,-,,206007-9-arendal,2026-05-31,16:00,arendal,Arendal,sotra,Sotra,1,1,,,Played,D,NOR
2026,NO-PN1,PostNord-ligaen avd. 1,206007,1,-,,206007-9-kvik-halden,2026-05-31,16:00,kvik-halden,Kvik Halden,lysekloster,Lysekloster,4,0,,,Played,H,NOR
2026,NO-PN1,PostNord-ligaen avd. 1,206007,1,-,,206007-9-pors,2026-05-31,18:00,pors,Pors,mj-ndalen,Mjøndalen,1,0,,,Played,H,NOR
2026,NO-PN1,PostNord-ligaen avd. 1,206007,1,-,,206007-10-vidar,2026-06-13,14:00,vidar,Vidar,pors,Pors,1,1,,,Played,D,NOR
2026,NO-PN1,PostNord-ligaen avd. 1,206007,1,-,,206007-10-fk-eik-t-nsberg-871,2026-06-13,15:00,fk-eik-t-nsberg-871,FK Eik Tønsberg 871,arendal,Arendal,0,0,,,Played,D,NOR
2026,NO-PN1,PostNord-ligaen avd. 1,206007,1,-,,206007-10-mj-ndalen,2026-06-13,15:00,mj-ndalen,Mjøndalen,kvik-halden,Kvik Halden,3,3,,,Played,D,NOR
2026,NO-PN1,PostNord-ligaen avd. 1,206007,1,-,,206007-10-lysekloster,2026-06-14,13:00,lysekloster,Lysekloster,notodden,Notodden,0,2,,,Played,A,NOR
2026,NO-PN1,PostNord-ligaen avd. 1,206007,1,-,,206007-10-sotra,2026-06-14,13:00,sotra,Sotra,brattv-g,Brattvåg,0,1,,,Played,A,NOR
2026,NO-PN1,PostNord-ligaen avd. 1,206007,1,-,,206007-10-jerv,2026-06-14,14:30,jerv,Jerv,sandviken,Sandviken,2,1,,,Played,H,NOR
2026,NO-PN1,PostNord-ligaen avd. 1,206007,1,-,,206007-10-tr-ff,2026-06-14,14:30,tr-ff,Træff,bjarg,Bjarg,2,3,,,Played,A,NOR
2026,NO-PN1,PostNord-ligaen avd. 1,206007,1,-,,206007-11-sandviken,2026-06-20,14:00,sandviken,Sandviken,lysekloster,Lysekloster,2,3,,,Played,A,NOR
2026,NO-PN1,PostNord-ligaen avd. 1,206007,1,-,,206007-11-pors,2026-06-20,14:00,pors,Pors,fk-eik-t-nsberg-871,FK Eik Tønsberg 871,2,0,,,Played,H,NOR
2026,NO-PN1,PostNord-ligaen avd. 1,206007,1,-,,206007-11-notodden,2026-06-20,15:00,notodden,Notodden,mj-ndalen,Mjøndalen,1,2,,,Played,A,NOR
2026,NO-PN1,PostNord-ligaen avd. 1,206007,1,-,,206007-11-bjarg,2026-06-20,15:00,bjarg,Bjarg,vidar,Vidar,3,1,,,Played,H,NOR
2026,NO-PN1,PostNord-ligaen avd. 1,206007,1,-,,206007-11-kvik-halden,2026-06-20,15:30,kvik-halden,Kvik Halden,sotra,Sotra,2,1,,,Played,H,NOR
2026,NO-PN1,PostNord-ligaen avd. 1,206007,1,-,,206007-11-arendal,2026-06-21,12:00,arendal,Arendal,tr-ff,Træff,3,1,,,Played,H,NOR
2026,NO-PN1,PostNord-ligaen avd. 1,206007,1,-,,206007-11-brattv-g,2026-06-21,14:00,brattv-g,Brattvåg,jerv,Jerv,1,2,,,Played,A,NOR
2026,NO-PN1,PostNord-ligaen avd. 1,206007,1,-,,206007-12-tr-ff,2026-06-27,12:00,tr-ff,Træff,fk-eik-t-nsberg-871,FK Eik Tønsberg 871,3,1,,,Played,H,NOR
2026,NO-PN1,PostNord-ligaen avd. 1,206007,1,-,,206007-12-lysekloster,2026-06-27,13:00,lysekloster,Lysekloster,brattv-g,Brattvåg,1,1,,,Played,D,NOR
2026,NO-PN1,PostNord-ligaen avd. 1,206007,1,-,,206007-12-vidar,2026-06-27,13:00,vidar,Vidar,kvik-halden,Kvik Halden,2,4,,,Played,A,NOR
2026,NO-PN1,PostNord-ligaen avd. 1,206007,1,-,,206007-12-mj-ndalen,2026-06-27,13:30,mj-ndalen,Mjøndalen,bjarg,Bjarg,1,0,,,Played,H,NOR
2026,NO-PN1,PostNord-ligaen avd. 1,206007,1,-,,206007-12-sandviken,2026-06-27,15:00,sandviken,Sandviken,notodden,Notodden,0,4,,,Played,A,NOR
2026,NO-PN1,PostNord-ligaen avd. 1,206007,1,-,,206007-12-pors,2026-06-27,15:00,pors,Pors,arendal,Arendal,2,4,,,Played,A,NOR
2026,NO-PN1,PostNord-ligaen avd. 1,206007,1,-,,206007-12-sotra,2026-06-28,17:00,sotra,Sotra,jerv,Jerv,1,3,,,Played,A,NOR
2025,NO-PN2,PostNord-ligaen avd. 2,199295,1,-,,199295-1-ullensaker-kisa,2025-03-29,14:00,ullensaker-kisa,Ullensaker/Kisa,eidsvold-tf,Eidsvold TF,2,3,,,Played,A,NOR
2025,NO-PN2,PostNord-ligaen avd. 2,199295,1,-,,199295-1-asker,2025-03-29,14:00,asker,Asker,follo,Follo,2,2,,,Played,D,NOR
2025,NO-PN2,PostNord-ligaen avd. 2,199295,1,-,,199295-1-strindheim-tf,2025-03-29,15:00,strindheim-tf,Strindheim TF,kjels-s,Kjelsås,1,2,,,Played,A,NOR
2025,NO-PN2,PostNord-ligaen avd. 2,199295,1,-,,199295-1-str-mmen,2025-03-30,13:00,str-mmen,Strømmen,rana-fk,Rana FK,4,1,,,Played,H,NOR
2025,NO-PN2,PostNord-ligaen avd. 2,199295,1,-,,199295-1-grorud,2025-03-30,13:00,grorud,Grorud,tromsdalen,Tromsdalen,0,3,,,Played,A,NOR
2025,NO-PN2,PostNord-ligaen avd. 2,199295,1,-,,199295-1-stj-rdals-blink,2025-03-30,16:00,stj-rdals-blink,Stjørdals-Blink,h-nefoss-bk,Hønefoss BK,0,3,,,Played,A,NOR
2025,NO-PN2,PostNord-ligaen avd. 2,199295,1,-,,199295-1-alta,2025-03-31,18:30,alta,Alta,levanger,Levanger,0,3,,,Played,A,NOR
2025,NO-PN2,PostNord-ligaen avd. 2,199295,1,-,,199295-2-tromsdalen,2025-04-05,14:00,tromsdalen,Tromsdalen,asker,Asker,1,1,,,Played,D,NOR
2025,NO-PN2,PostNord-ligaen avd. 2,199295,1,-,,199295-2-eidsvold-tf,2025-04-05,14:00,eidsvold-tf,Eidsvold TF,grorud,Grorud,1,2,,,Played,A,NOR
2025,NO-PN2,PostNord-ligaen avd. 2,199295,1,-,,199295-2-follo,2025-04-05,14:00,follo,Follo,strindheim-tf,Strindheim TF,2,1,,,Played,H,NOR
2025,NO-PN2,PostNord-ligaen avd. 2,199295,1,-,,199295-2-h-nefoss-bk,2025-04-05,14:00,h-nefoss-bk,Hønefoss BK,ullensaker-kisa,Ullensaker/Kisa,0,1,,,Played,A,NOR
2025,NO-PN2,PostNord-ligaen avd. 2,199295,1,-,,199295-2-levanger,2025-04-05,15:00,levanger,Levanger,str-mmen,Strømmen,1,2,,,Played,A,NOR
2025,NO-PN2,PostNord-ligaen avd. 2,199295,1,-,,199295-2-rana-fk,2025-04-05,16:00,rana-fk,Rana FK,alta,Alta,2,0,,,Played,H,NOR
2025,NO-PN2,PostNord-ligaen avd. 2,199295,1,-,,199295-2-kjels-s,2025-04-06,15:00,kjels-s,Kjelsås,stj-rdals-blink,Stjørdals-Blink,1,2,,,Played,A,NOR
2025,NO-PN2,PostNord-ligaen avd. 2,199295,1,-,,199295-3-ullensaker-kisa,2025-04-17,14:00,ullensaker-kisa,Ullensaker/Kisa,kjels-s,Kjelsås,1,2,,,Played,A,NOR
2025,NO-PN2,PostNord-ligaen avd. 2,199295,1,-,,199295-3-grorud,2025-04-17,14:00,grorud,Grorud,h-nefoss-bk,Hønefoss BK,5,1,,,Played,H,NOR
2025,NO-PN2,PostNord-ligaen avd. 2,199295,1,-,,199295-3-tromsdalen,2025-04-19,13:00,tromsdalen,Tromsdalen,alta,Alta,3,2,,,Played,H,NOR
2025,NO-PN2,PostNord-ligaen avd. 2,199295,1,-,,199295-3-str-mmen,2025-04-19,14:00,str-mmen,Strømmen,follo,Follo,2,1,,,Played,H,NOR
2025,NO-PN2,PostNord-ligaen avd. 2,199295,1,-,,199295-3-stj-rdals-blink,2025-04-21,13:00,stj-rdals-blink,Stjørdals-Blink,rana-fk,Rana FK,2,1,,,Played,H,NOR
2025,NO-PN2,PostNord-ligaen avd. 2,199295,1,-,,199295-3-asker,2025-04-21,15:00,asker,Asker,eidsvold-tf,Eidsvold TF,1,1,,,Played,D,NOR
2025,NO-PN2,PostNord-ligaen avd. 2,199295,1,-,,199295-3-strindheim-tf,2025-04-21,17:00,strindheim-tf,Strindheim TF,levanger,Levanger,1,2,,,Played,A,NOR
2025,NO-PN2,PostNord-ligaen avd. 2,199295,1,-,,199295-4-alta,2025-04-27,12:30,alta,Alta,str-mmen,Strømmen,0,2,,,Played,A,NOR
2025,NO-PN2,PostNord-ligaen avd. 2,199295,1,-,,199295-4-rana-fk,2025-04-27,13:00,rana-fk,Rana FK,ullensaker-kisa,Ullensaker/Kisa,1,1,,,Played,D,NOR
2025,NO-PN2,PostNord-ligaen avd. 2,199295,1,-,,199295-4-h-nefoss-bk,2025-04-27,13:00,h-nefoss-bk,Hønefoss BK,tromsdalen,Tromsdalen,2,3,,,Played,A,NOR
2025,NO-PN2,PostNord-ligaen avd. 2,199295,1,-,,199295-4-eidsvold-tf,2025-04-27,14:00,eidsvold-tf,Eidsvold TF,strindheim-tf,Strindheim TF,3,1,,,Played,H,NOR
2025,NO-PN2,PostNord-ligaen avd. 2,199295,1,-,,199295-4-kjels-s,2025-04-27,14:00,kjels-s,Kjelsås,asker,Asker,2,1,,,Played,H,NOR
2025,NO-PN2,PostNord-ligaen avd. 2,199295,1,-,,199295-4-follo,2025-04-27,14:30,follo,Follo,stj-rdals-blink,Stjørdals-Blink,1,0,,,Played,H,NOR
2025,NO-PN2,PostNord-ligaen avd. 2,199295,1,-,,199295-4-levanger,2025-04-27,15:30,levanger,Levanger,grorud,Grorud,2,2,,,Played,D,NOR
2025,NO-PN2,PostNord-ligaen avd. 2,199295,1,-,,199295-5-strindheim-tf,2025-05-03,13:00,strindheim-tf,Strindheim TF,rana-fk,Rana FK,2,0,,,Played,H,NOR
2025,NO-PN2,PostNord-ligaen avd. 2,199295,1,-,,199295-5-tromsdalen,2025-05-03,14:00,tromsdalen,Tromsdalen,follo,Follo,2,1,,,Played,H,NOR
2025,NO-PN2,PostNord-ligaen avd. 2,199295,1,-,,199295-5-str-mmen,2025-05-03,14:00,str-mmen,Strømmen,eidsvold-tf,Eidsvold TF,5,1,,,Played,H,NOR
2025,NO-PN2,PostNord-ligaen avd. 2,199295,1,-,,199295-5-grorud,2025-05-03,14:00,grorud,Grorud,kjels-s,Kjelsås,0,2,,,Played,A,NOR
2025,NO-PN2,PostNord-ligaen avd. 2,199295,1,-,,199295-5-asker,2025-05-03,14:00,asker,Asker,h-nefoss-bk,Hønefoss BK,0,4,,,Played,A,NOR
2025,NO-PN2,PostNord-ligaen avd. 2,199295,1,-,,199295-5-ullensaker-kisa,2025-05-03,16:00,ullensaker-kisa,Ullensaker/Kisa,levanger,Levanger,3,3,,,Played,D,NOR
2025,NO-PN2,PostNord-ligaen avd. 2,199295,1,-,,199295-5-stj-rdals-blink,2025-05-03,17:30,stj-rdals-blink,Stjørdals-Blink,alta,Alta,3,0,,,Played,H,NOR
2025,NO-PN2,PostNord-ligaen avd. 2,199295,1,-,,199295-6-alta,2025-05-11,12:00,alta,Alta,strindheim-tf,Strindheim TF,6,0,,,Played,H,NOR
2025,NO-PN2,PostNord-ligaen avd. 2,199295,1,-,,199295-6-kjels-s,2025-05-11,13:00,kjels-s,Kjelsås,tromsdalen,Tromsdalen,2,0,,,Played,H,NOR
2025,NO-PN2,PostNord-ligaen avd. 2,199295,1,-,,199295-6-rana-fk,2025-05-11,14:00,rana-fk,Rana FK,grorud,Grorud,0,1,,,Played,A,NOR
2025,NO-PN2,PostNord-ligaen avd. 2,199295,1,-,,199295-6-str-mmen,2025-05-11,14:00,str-mmen,Strømmen,ullensaker-kisa,Ullensaker/Kisa,1,2,,,Played,A,NOR
2025,NO-PN2,PostNord-ligaen avd. 2,199295,1,-,,199295-6-follo,2025-05-11,14:00,follo,Follo,h-nefoss-bk,Hønefoss BK,2,3,,,Played,A,NOR
2025,NO-PN2,PostNord-ligaen avd. 2,199295,1,-,,199295-6-levanger,2025-05-11,15:00,levanger,Levanger,asker,Asker,2,0,,,Played,H,NOR
2025,NO-PN2,PostNord-ligaen avd. 2,199295,1,-,,199295-6-eidsvold-tf,2025-05-11,15:00,eidsvold-tf,Eidsvold TF,stj-rdals-blink,Stjørdals-Blink,3,1,,,Played,H,NOR
2025,NO-PN2,PostNord-ligaen avd. 2,199295,1,-,,199295-7-tromsdalen,2025-05-24,13:30,tromsdalen,Tromsdalen,eidsvold-tf,Eidsvold TF,4,2,,,Played,H,NOR
2025,NO-PN2,PostNord-ligaen avd. 2,199295,1,-,,199295-7-ullensaker-kisa,2025-05-24,13:30,ullensaker-kisa,Ullensaker/Kisa,alta,Alta,3,1,,,Played,H,NOR
2025,NO-PN2,PostNord-ligaen avd. 2,199295,1,-,,199295-7-strindheim-tf,2025-05-24,15:00,strindheim-tf,Strindheim TF,str-mmen,Strømmen,2,4,,,Played,A,NOR
2025,NO-PN2,PostNord-ligaen avd. 2,199295,1,-,,199295-7-stj-rdals-blink,2025-05-24,16:00,stj-rdals-blink,Stjørdals-Blink,levanger,Levanger,1,3,,,Played,A,NOR
2025,NO-PN2,PostNord-ligaen avd. 2,199295,1,-,,199295-7-asker,2025-05-24,20:00,asker,Asker,rana-fk,Rana FK,2,0,,,Played,H,NOR
2025,NO-PN2,PostNord-ligaen avd. 2,199295,1,-,,199295-7-grorud,2025-05-25,14:00,grorud,Grorud,follo,Follo,3,2,,,Played,H,NOR
2025,NO-PN2,PostNord-ligaen avd. 2,199295,1,-,,199295-7-h-nefoss-bk,2025-05-25,14:00,h-nefoss-bk,Hønefoss BK,kjels-s,Kjelsås,1,0,,,Played,H,NOR
2025,NO-PN2,PostNord-ligaen avd. 2,199295,1,-,,199295-8-rana-fk,2025-05-30,19:00,rana-fk,Rana FK,tromsdalen,Tromsdalen,0,1,,,Played,A,NOR
2025,NO-PN2,PostNord-ligaen avd. 2,199295,1,-,,199295-8-eidsvold-tf,2025-05-31,14:00,eidsvold-tf,Eidsvold TF,h-nefoss-bk,Hønefoss BK,2,1,,,Played,H,NOR
2025,NO-PN2,PostNord-ligaen avd. 2,199295,1,-,,199295-8-follo,2025-05-31,14:00,follo,Follo,ullensaker-kisa,Ullensaker/Kisa,1,4,,,Played,A,NOR
2025,NO-PN2,PostNord-ligaen avd. 2,199295,1,-,,199295-8-levanger,2025-05-31,15:00,levanger,Levanger,kjels-s,Kjelsås,1,1,,,Played,D,NOR
2025,NO-PN2,PostNord-ligaen avd. 2,199295,1,-,,199295-8-str-mmen,2025-05-31,15:00,str-mmen,Strømmen,stj-rdals-blink,Stjørdals-Blink,0,2,,,Played,A,NOR
2025,NO-PN2,PostNord-ligaen avd. 2,199295,1,-,,199295-8-alta,2025-06-01,13:00,alta,Alta,asker,Asker,3,4,,,Played,A,NOR
2025,NO-PN2,PostNord-ligaen avd. 2,199295,1,-,,199295-8-strindheim-tf,2025-06-01,16:00,strindheim-tf,Strindheim TF,grorud,Grorud,0,2,,,Played,A,NOR
2025,NO-PN2,PostNord-ligaen avd. 2,199295,1,-,,199295-9-h-nefoss-bk,2025-06-07,12:30,h-nefoss-bk,Hønefoss BK,alta,Alta,3,1,,,Played,H,NOR
2025,NO-PN2,PostNord-ligaen avd. 2,199295,1,-,,199295-9-tromsdalen,2025-06-07,14:00,tromsdalen,Tromsdalen,levanger,Levanger,1,1,,,Played,D,NOR
2025,NO-PN2,PostNord-ligaen avd. 2,199295,1,-,,199295-9-eidsvold-tf,2025-06-07,14:00,eidsvold-tf,Eidsvold TF,follo,Follo,2,1,,,Played,H,NOR
2025,NO-PN2,PostNord-ligaen avd. 2,199295,1,-,,199295-9-asker,2025-06-07,14:00,asker,Asker,strindheim-tf,Strindheim TF,2,3,,,Played,A,NOR
2025,NO-PN2,PostNord-ligaen avd. 2,199295,1,-,,199295-9-stj-rdals-blink,2025-06-07,15:00,stj-rdals-blink,Stjørdals-Blink,ullensaker-kisa,Ullensaker/Kisa,2,3,,,Played,A,NOR
2025,NO-PN2,PostNord-ligaen avd. 2,199295,1,-,,199295-9-kjels-s,2025-06-08,12:30,kjels-s,Kjelsås,rana-fk,Rana FK,2,2,,,Played,D,NOR
2025,NO-PN2,PostNord-ligaen avd. 2,199295,1,-,,199295-9-grorud,2025-06-08,15:00,grorud,Grorud,str-mmen,Strømmen,0,2,,,Played,A,NOR
2025,NO-PN2,PostNord-ligaen avd. 2,199295,1,-,,199295-10-levanger,2025-06-14,14:00,levanger,Levanger,follo,Follo,0,1,,,Played,A,NOR
2025,NO-PN2,PostNord-ligaen avd. 2,199295,1,-,,199295-10-ullensaker-kisa,2025-06-14,14:00,ullensaker-kisa,Ullensaker/Kisa,asker,Asker,3,2,,,Played,H,NOR
2025,NO-PN2,PostNord-ligaen avd. 2,199295,1,-,,199295-10-strindheim-tf,2025-06-14,15:30,strindheim-tf,Strindheim TF,h-nefoss-bk,Hønefoss BK,0,1,,,Played,A,NOR
2025,NO-PN2,PostNord-ligaen avd. 2,199295,1,-,,199295-10-rana-fk,2025-06-15,13:00,rana-fk,Rana FK,eidsvold-tf,Eidsvold TF,1,2,,,Played,A,NOR
2025,NO-PN2,PostNord-ligaen avd. 2,199295,1,-,,199295-10-str-mmen,2025-06-15,13:00,str-mmen,Strømmen,tromsdalen,Tromsdalen,1,0,,,Played,H,NOR
2025,NO-PN2,PostNord-ligaen avd. 2,199295,1,-,,199295-10-alta,2025-06-15,13:30,alta,Alta,kjels-s,Kjelsås,2,0,,,Played,H,NOR
2025,NO-PN2,PostNord-ligaen avd. 2,199295,1,-,,199295-10-stj-rdals-blink,2025-06-15,16:00,stj-rdals-blink,Stjørdals-Blink,grorud,Grorud,1,0,,,Played,H,NOR
2025,NO-PN2,PostNord-ligaen avd. 2,199295,1,-,,199295-11-eidsvold-tf,2025-06-20,18:00,eidsvold-tf,Eidsvold TF,levanger,Levanger,2,0,,,Played,H,NOR
2025,NO-PN2,PostNord-ligaen avd. 2,199295,1,-,,199295-11-tromsdalen,2025-06-20,20:30,tromsdalen,Tromsdalen,strindheim-tf,Strindheim TF,2,0,,,Played,H,NOR
2025,NO-PN2,PostNord-ligaen avd. 2,199295,1,-,,199295-11-h-nefoss-bk,2025-06-21,12:30,h-nefoss-bk,Hønefoss BK,rana-fk,Rana FK,4,2,,,Played,H,NOR
2025,NO-PN2,PostNord-ligaen avd. 2,199295,1,-,,199295-11-grorud,2025-06-21,14:00,grorud,Grorud,ullensaker-kisa,Ullensaker/Kisa,2,2,,,Played,D,NOR
2025,NO-PN2,PostNord-ligaen avd. 2,199295,1,-,,199295-11-kjels-s,2025-06-21,14:00,kjels-s,Kjelsås,str-mmen,Strømmen,1,2,,,Played,A,NOR
2025,NO-PN2,PostNord-ligaen avd. 2,199295,1,-,,199295-11-follo,2025-06-22,13:00,follo,Follo,alta,Alta,3,2,,,Played,H,NOR
2025,NO-PN2,PostNord-ligaen avd. 2,199295,1,-,,199295-11-asker,2025-06-22,14:30,asker,Asker,stj-rdals-blink,Stjørdals-Blink,0,3,,,Played,A,NOR
2025,NO-PN2,PostNord-ligaen avd. 2,199295,1,-,,199295-12-stj-rdals-blink,2025-07-18,20:30,stj-rdals-blink,Stjørdals-Blink,tromsdalen,Tromsdalen,1,1,,,Played,D,NOR
2025,NO-PN2,PostNord-ligaen avd. 2,199295,1,-,,199295-12-str-mmen,2025-07-19,14:00,str-mmen,Strømmen,asker,Asker,5,0,,,Played,H,NOR
2025,NO-PN2,PostNord-ligaen avd. 2,199295,1,-,,199295-12-ullensaker-kisa,2025-07-19,14:00,ullensaker-kisa,Ullensaker/Kisa,strindheim-tf,Strindheim TF,4,1,,,Played,H,NOR
2025,NO-PN2,PostNord-ligaen avd. 2,199295,1,-,,199295-12-kjels-s,2025-07-19,14:00,kjels-s,Kjelsås,eidsvold-tf,Eidsvold TF,4,5,,,Played,A,NOR
2025,NO-PN2,PostNord-ligaen avd. 2,199295,1,-,,199295-12-levanger,2025-07-19,17:00,levanger,Levanger,h-nefoss-bk,Hønefoss BK,4,0,,,Played,H,NOR
2025,NO-PN2,PostNord-ligaen avd. 2,199295,1,-,,199295-12-alta,2025-07-20,14:00,alta,Alta,grorud,Grorud,1,2,,,Played,A,NOR
2025,NO-PN2,PostNord-ligaen avd. 2,199295,1,-,,199295-12-rana-fk,2025-07-20,15:00,rana-fk,Rana FK,follo,Follo,1,0,,,Played,H,NOR
2025,NO-PN2,PostNord-ligaen avd. 2,199295,1,-,,199295-13-strindheim-tf,2025-05-15,18:00,strindheim-tf,Strindheim TF,stj-rdals-blink,Stjørdals-Blink,1,0,,,Played,H,NOR
2025,NO-PN2,PostNord-ligaen avd. 2,199295,1,-,,199295-13-rana-fk,2025-07-26,13:30,rana-fk,Rana FK,levanger,Levanger,1,0,,,Played,H,NOR
2025,NO-PN2,PostNord-ligaen avd. 2,199295,1,-,,199295-13-follo,2025-07-26,14:00,follo,Follo,kjels-s,Kjelsås,1,3,,,Played,A,NOR
2025,NO-PN2,PostNord-ligaen avd. 2,199295,1,-,,199295-13-grorud,2025-07-26,14:00,grorud,Grorud,asker,Asker,5,0,,,Played,H,NOR
2025,NO-PN2,PostNord-ligaen avd. 2,199295,1,-,,199295-13-h-nefoss-bk,2025-07-26,14:00,h-nefoss-bk,Hønefoss BK,str-mmen,Strømmen,2,2,,,Played,D,NOR
2025,NO-PN2,PostNord-ligaen avd. 2,199295,1,-,,199295-13-eidsvold-tf,2025-07-27,13:00,eidsvold-tf,Eidsvold TF,alta,Alta,2,2,,,Played,D,NOR
2025,NO-PN2,PostNord-ligaen avd. 2,199295,1,-,,199295-13-tromsdalen,2025-07-27,15:00,tromsdalen,Tromsdalen,ullensaker-kisa,Ullensaker/Kisa,3,2,,,Played,H,NOR
2025,NO-PN2,PostNord-ligaen avd. 2,199295,1,-,,199295-14-ullensaker-kisa,2025-08-02,13:00,ullensaker-kisa,Ullensaker/Kisa,rana-fk,Rana FK,3,2,,,Played,H,NOR
2025,NO-PN2,PostNord-ligaen avd. 2,199295,1,-,,199295-14-str-mmen,2025-08-02,14:00,str-mmen,Strømmen,strindheim-tf,Strindheim TF,4,1,,,Played,H,NOR
2025,NO-PN2,PostNord-ligaen avd. 2,199295,1,-,,199295-14-asker,2025-08-02,14:00,asker,Asker,grorud,Grorud,5,1,,,Played,H,NOR
2025,NO-PN2,PostNord-ligaen avd. 2,199295,1,-,,199295-14-kjels-s,2025-08-02,14:00,kjels-s,Kjelsås,h-nefoss-bk,Hønefoss BK,5,4,,,Played,H,NOR
2025,NO-PN2,PostNord-ligaen avd. 2,199295,1,-,,199295-14-levanger,2025-08-02,16:00,levanger,Levanger,eidsvold-tf,Eidsvold TF,1,1,,,Played,D,NOR
2025,NO-PN2,PostNord-ligaen avd. 2,199295,1,-,,199295-14-stj-rdals-blink,2025-08-02,17:00,stj-rdals-blink,Stjørdals-Blink,follo,Follo,2,0,,,Played,H,NOR
2025,NO-PN2,PostNord-ligaen avd. 2,199295,1,-,,199295-14-alta,2025-08-03,12:00,alta,Alta,tromsdalen,Tromsdalen,3,2,,,Played,H,NOR
2025,NO-PN2,PostNord-ligaen avd. 2,199295,1,-,,199295-15-eidsvold-tf,2025-08-09,14:00,eidsvold-tf,Eidsvold TF,kjels-s,Kjelsås,2,1,,,Played,H,NOR
2025,NO-PN2,PostNord-ligaen avd. 2,199295,1,-,,199295-15-follo,2025-08-09,14:00,follo,Follo,asker,Asker,2,1,,,Played,H,NOR
2025,NO-PN2,PostNord-ligaen avd. 2,199295,1,-,,199295-15-strindheim-tf,2025-08-09,16:30,strindheim-tf,Strindheim TF,ullensaker-kisa,Ullensaker/Kisa,0,1,,,Played,A,NOR
2025,NO-PN2,PostNord-ligaen avd. 2,199295,1,-,,199295-15-grorud,2025-08-10,12:00,grorud,Grorud,alta,Alta,4,3,,,Played,H,NOR
2025,NO-PN2,PostNord-ligaen avd. 2,199295,1,-,,199295-15-tromsdalen,2025-08-10,13:00,tromsdalen,Tromsdalen,stj-rdals-blink,Stjørdals-Blink,3,1,,,Played,H,NOR
2025,NO-PN2,PostNord-ligaen avd. 2,199295,1,-,,199295-15-rana-fk,2025-08-10,14:00,rana-fk,Rana FK,str-mmen,Strømmen,2,1,,,Played,H,NOR
2025,NO-PN2,PostNord-ligaen avd. 2,199295,1,-,,199295-15-h-nefoss-bk,2025-08-10,15:00,h-nefoss-bk,Hønefoss BK,levanger,Levanger,2,0,,,Played,H,NOR
2025,NO-PN2,PostNord-ligaen avd. 2,199295,1,-,,199295-16-levanger,2025-08-16,13:00,levanger,Levanger,rana-fk,Rana FK,0,2,,,Played,A,NOR
2025,NO-PN2,PostNord-ligaen avd. 2,199295,1,-,,199295-16-stj-rdals-blink,2025-08-16,13:00,stj-rdals-blink,Stjørdals-Blink,eidsvold-tf,Eidsvold TF,2,1,,,Played,H,NOR
2025,NO-PN2,PostNord-ligaen avd. 2,199295,1,-,,199295-16-asker,2025-08-16,13:00,asker,Asker,tromsdalen,Tromsdalen,2,2,,,Played,D,NOR
2025,NO-PN2,PostNord-ligaen avd. 2,199295,1,-,,199295-16-ullensaker-kisa,2025-08-16,14:00,ullensaker-kisa,Ullensaker/Kisa,follo,Follo,2,1,,,Played,H,NOR
2025,NO-PN2,PostNord-ligaen avd. 2,199295,1,-,,199295-16-kjels-s,2025-08-16,14:00,kjels-s,Kjelsås,strindheim-tf,Strindheim TF,6,2,,,Played,H,NOR
2025,NO-PN2,PostNord-ligaen avd. 2,199295,1,-,,199295-16-alta,2025-08-17,12:30,alta,Alta,h-nefoss-bk,Hønefoss BK,2,0,,,Played,H,NOR
2025,NO-PN2,PostNord-ligaen avd. 2,199295,1,-,,199295-16-str-mmen,2025-08-17,14:00,str-mmen,Strømmen,grorud,Grorud,2,1,,,Played,H,NOR
2025,NO-PN2,PostNord-ligaen avd. 2,199295,1,-,,199295-17-rana-fk,2025-08-23,12:00,rana-fk,Rana FK,asker,Asker,2,1,,,Played,H,NOR
2025,NO-PN2,PostNord-ligaen avd. 2,199295,1,-,,199295-17-ullensaker-kisa,2025-08-23,14:00,ullensaker-kisa,Ullensaker/Kisa,str-mmen,Strømmen,1,5,,,Played,A,NOR
2025,NO-PN2,PostNord-ligaen avd. 2,199295,1,-,,199295-17-h-nefoss-bk,2025-08-23,14:00,h-nefoss-bk,Hønefoss BK,eidsvold-tf,Eidsvold TF,2,2,,,Played,D,NOR
2025,NO-PN2,PostNord-ligaen avd. 2,199295,1,-,,199295-17-follo,2025-08-23,15:00,follo,Follo,levanger,Levanger,1,4,,,Played,A,NOR
2025,NO-PN2,PostNord-ligaen avd. 2,199295,1,-,,199295-17-strindheim-tf,2025-08-23,16:00,strindheim-tf,Strindheim TF,alta,Alta,2,2,,,Played,D,NOR
2025,NO-PN2,PostNord-ligaen avd. 2,199295,1,-,,199295-17-tromsdalen,2025-08-24,13:00,tromsdalen,Tromsdalen,kjels-s,Kjelsås,2,2,,,Played,D,NOR
2025,NO-PN2,PostNord-ligaen avd. 2,199295,1,-,,199295-17-grorud,2025-08-24,15:00,grorud,Grorud,stj-rdals-blink,Stjørdals-Blink,5,3,,,Played,H,NOR
2025,NO-PN2,PostNord-ligaen avd. 2,199295,1,-,,199295-18-asker,2025-08-30,13:00,asker,Asker,ullensaker-kisa,Ullensaker/Kisa,0,2,,,Played,A,NOR
2025,NO-PN2,PostNord-ligaen avd. 2,199295,1,-,,199295-18-stj-rdals-blink,2025-08-30,15:00,stj-rdals-blink,Stjørdals-Blink,str-mmen,Strømmen,0,1,,,Played,A,NOR
2025,NO-PN2,PostNord-ligaen avd. 2,199295,1,-,,199295-18-h-nefoss-bk,2025-08-30,15:00,h-nefoss-bk,Hønefoss BK,strindheim-tf,Strindheim TF,8,1,,,Played,H,NOR
2025,NO-PN2,PostNord-ligaen avd. 2,199295,1,-,,199295-18-levanger,2025-08-30,16:00,levanger,Levanger,tromsdalen,Tromsdalen,1,3,,,Played,A,NOR
2025,NO-PN2,PostNord-ligaen avd. 2,199295,1,-,,199295-18-alta,2025-08-31,13:00,alta,Alta,follo,Follo,1,2,,,Played,A,NOR
2025,NO-PN2,PostNord-ligaen avd. 2,199295,1,-,,199295-18-eidsvold-tf,2025-08-31,13:00,eidsvold-tf,Eidsvold TF,rana-fk,Rana FK,1,4,,,Played,A,NOR
2025,NO-PN2,PostNord-ligaen avd. 2,199295,1,-,,199295-18-kjels-s,2025-08-31,14:00,kjels-s,Kjelsås,grorud,Grorud,0,2,,,Played,A,NOR
2025,NO-PN2,PostNord-ligaen avd. 2,199295,1,-,,199295-19-str-mmen,2025-09-06,12:30,str-mmen,Strømmen,alta,Alta,6,0,,,Played,H,NOR
2025,NO-PN2,PostNord-ligaen avd. 2,199295,1,-,,199295-19-strindheim-tf,2025-09-06,14:00,strindheim-tf,Strindheim TF,asker,Asker,4,1,,,Played,H,NOR
2025,NO-PN2,PostNord-ligaen avd. 2,199295,1,-,,199295-19-follo,2025-09-06,14:00,follo,Follo,eidsvold-tf,Eidsvold TF,1,1,,,Played,D,NOR
2025,NO-PN2,PostNord-ligaen avd. 2,199295,1,-,,199295-19-ullensaker-kisa,2025-09-06,15:00,ullensaker-kisa,Ullensaker/Kisa,stj-rdals-blink,Stjørdals-Blink,3,3,,,Played,D,NOR
2025,NO-PN2,PostNord-ligaen avd. 2,199295,1,-,,199295-19-grorud,2025-09-06,16:00,grorud,Grorud,levanger,Levanger,5,1,,,Played,H,NOR
2025,NO-PN2,PostNord-ligaen avd. 2,199295,1,-,,199295-19-rana-fk,2025-09-07,12:30,rana-fk,Rana FK,kjels-s,Kjelsås,0,3,,,Played,A,NOR
2025,NO-PN2,PostNord-ligaen avd. 2,199295,1,-,,199295-19-tromsdalen,2025-09-07,17:00,tromsdalen,Tromsdalen,h-nefoss-bk,Hønefoss BK,5,1,,,Played,H,NOR
2025,NO-PN2,PostNord-ligaen avd. 2,199295,1,-,,199295-20-kjels-s,2025-09-13,14:00,kjels-s,Kjelsås,follo,Follo,3,1,,,Played,H,NOR
2025,NO-PN2,PostNord-ligaen avd. 2,199295,1,-,,199295-20-h-nefoss-bk,2025-09-13,14:00,h-nefoss-bk,Hønefoss BK,grorud,Grorud,1,1,,,Played,D,NOR
2025,NO-PN2,PostNord-ligaen avd. 2,199295,1,-,,199295-20-stj-rdals-blink,2025-09-13,16:00,stj-rdals-blink,Stjørdals-Blink,strindheim-tf,Strindheim TF,4,2,,,Played,H,NOR
2025,NO-PN2,PostNord-ligaen avd. 2,199295,1,-,,199295-20-alta,2025-09-13,18:30,alta,Alta,rana-fk,Rana FK,3,3,,,Played,D,NOR
2025,NO-PN2,PostNord-ligaen avd. 2,199295,1,-,,199295-20-asker,2025-09-13,19:00,asker,Asker,str-mmen,Strømmen,2,2,,,Played,D,NOR
2025,NO-PN2,PostNord-ligaen avd. 2,199295,1,-,,199295-20-eidsvold-tf,2025-09-14,13:00,eidsvold-tf,Eidsvold TF,tromsdalen,Tromsdalen,0,1,,,Played,A,NOR
2025,NO-PN2,PostNord-ligaen avd. 2,199295,1,-,,199295-20-levanger,2025-09-14,14:00,levanger,Levanger,ullensaker-kisa,Ullensaker/Kisa,1,1,,,Played,D,NOR
2025,NO-PN2,PostNord-ligaen avd. 2,199295,1,-,,199295-21-strindheim-tf,2025-09-20,13:00,strindheim-tf,Strindheim TF,eidsvold-tf,Eidsvold TF,2,3,,,Played,A,NOR
2025,NO-PN2,PostNord-ligaen avd. 2,199295,1,-,,199295-21-str-mmen,2025-09-20,14:00,str-mmen,Strømmen,kjels-s,Kjelsås,1,0,,,Played,H,NOR
2025,NO-PN2,PostNord-ligaen avd. 2,199295,1,-,,199295-21-ullensaker-kisa,2025-09-20,14:00,ullensaker-kisa,Ullensaker/Kisa,grorud,Grorud,1,2,,,Played,A,NOR
2025,NO-PN2,PostNord-ligaen avd. 2,199295,1,-,,199295-21-asker,2025-09-20,14:30,asker,Asker,alta,Alta,0,5,,,Played,A,NOR
2025,NO-PN2,PostNord-ligaen avd. 2,199295,1,-,,199295-21-levanger,2025-09-20,16:00,levanger,Levanger,stj-rdals-blink,Stjørdals-Blink,4,2,,,Played,H,NOR
2025,NO-PN2,PostNord-ligaen avd. 2,199295,1,-,,199295-21-rana-fk,2025-09-21,12:00,rana-fk,Rana FK,h-nefoss-bk,Hønefoss BK,1,0,,,Played,H,NOR
2025,NO-PN2,PostNord-ligaen avd. 2,199295,1,-,,199295-21-follo,2025-09-21,13:00,follo,Follo,tromsdalen,Tromsdalen,2,1,,,Played,H,NOR
2025,NO-PN2,PostNord-ligaen avd. 2,199295,1,-,,199295-22-stj-rdals-blink,2025-09-27,14:00,stj-rdals-blink,Stjørdals-Blink,asker,Asker,4,1,,,Played,H,NOR
2025,NO-PN2,PostNord-ligaen avd. 2,199295,1,-,,199295-22-eidsvold-tf,2025-09-27,14:00,eidsvold-tf,Eidsvold TF,str-mmen,Strømmen,3,2,,,Played,H,NOR
2025,NO-PN2,PostNord-ligaen avd. 2,199295,1,-,,199295-22-grorud,2025-09-27,14:00,grorud,Grorud,strindheim-tf,Strindheim TF,2,1,,,Played,H,NOR
2025,NO-PN2,PostNord-ligaen avd. 2,199295,1,-,,199295-22-h-nefoss-bk,2025-09-27,14:00,h-nefoss-bk,Hønefoss BK,follo,Follo,3,1,,,Played,H,NOR
2025,NO-PN2,PostNord-ligaen avd. 2,199295,1,-,,199295-22-kjels-s,2025-09-27,15:00,kjels-s,Kjelsås,levanger,Levanger,1,0,,,Played,H,NOR
2025,NO-PN2,PostNord-ligaen avd. 2,199295,1,-,,199295-22-tromsdalen,2025-09-27,16:00,tromsdalen,Tromsdalen,rana-fk,Rana FK,3,2,,,Played,H,NOR
2025,NO-PN2,PostNord-ligaen avd. 2,199295,1,-,,199295-22-alta,2025-09-28,13:00,alta,Alta,ullensaker-kisa,Ullensaker/Kisa,2,4,,,Played,A,NOR
2025,NO-PN2,PostNord-ligaen avd. 2,199295,1,-,,199295-23-ullensaker-kisa,2025-10-04,14:00,ullensaker-kisa,Ullensaker/Kisa,h-nefoss-bk,Hønefoss BK,3,4,,,Played,A,NOR
2025,NO-PN2,PostNord-ligaen avd. 2,199295,1,-,,199295-23-strindheim-tf,2025-10-05,13:00,strindheim-tf,Strindheim TF,tromsdalen,Tromsdalen,2,1,,,Played,H,NOR
2025,NO-PN2,PostNord-ligaen avd. 2,199295,1,-,,199295-23-asker,2025-10-05,13:00,asker,Asker,kjels-s,Kjelsås,2,3,,,Played,A,NOR
2025,NO-PN2,PostNord-ligaen avd. 2,199295,1,-,,199295-23-grorud,2025-10-05,14:00,grorud,Grorud,eidsvold-tf,Eidsvold TF,4,0,,,Played,H,NOR
2025,NO-PN2,PostNord-ligaen avd. 2,199295,1,-,,199295-23-str-mmen,2025-10-05,15:00,str-mmen,Strømmen,levanger,Levanger,7,0,,,Played,H,NOR
2025,NO-PN2,PostNord-ligaen avd. 2,199295,1,-,,199295-23-follo,2025-10-05,16:00,follo,Follo,rana-fk,Rana FK,2,1,,,Played,H,NOR
2025,NO-PN2,PostNord-ligaen avd. 2,199295,1,-,,199295-23-alta,2025-10-08,18:00,alta,Alta,stj-rdals-blink,Stjørdals-Blink,1,4,,,Played,A,NOR
2025,NO-PN2,PostNord-ligaen avd. 2,199295,1,-,,199295-24-rana-fk,2025-10-11,14:00,rana-fk,Rana FK,strindheim-tf,Strindheim TF,2,1,,,Played,H,NOR
2025,NO-PN2,PostNord-ligaen avd. 2,199295,1,-,,199295-24-eidsvold-tf,2025-10-11,14:00,eidsvold-tf,Eidsvold TF,asker,Asker,2,0,,,Played,H,NOR
2025,NO-PN2,PostNord-ligaen avd. 2,199295,1,-,,199295-24-kjels-s,2025-10-11,14:00,kjels-s,Kjelsås,ullensaker-kisa,Ullensaker/Kisa,3,1,,,Played,H,NOR
2025,NO-PN2,PostNord-ligaen avd. 2,199295,1,-,,199295-24-levanger,2025-10-11,16:00,levanger,Levanger,alta,Alta,0,0,,,Played,D,NOR
2025,NO-PN2,PostNord-ligaen avd. 2,199295,1,-,,199295-24-follo,2025-10-12,14:00,follo,Follo,grorud,Grorud,1,2,,,Played,A,NOR
2025,NO-PN2,PostNord-ligaen avd. 2,199295,1,-,,199295-24-h-nefoss-bk,2025-10-12,15:30,h-nefoss-bk,Hønefoss BK,stj-rdals-blink,Stjørdals-Blink,4,1,,,Played,H,NOR
2025,NO-PN2,PostNord-ligaen avd. 2,199295,1,-,,199295-24-tromsdalen,2025-10-12,16:30,tromsdalen,Tromsdalen,str-mmen,Strømmen,0,1,,,Played,A,NOR
2025,NO-PN2,PostNord-ligaen avd. 2,199295,1,-,,199295-25-strindheim-tf,2025-10-18,13:00,strindheim-tf,Strindheim TF,follo,Follo,2,0,,,Played,H,NOR
2025,NO-PN2,PostNord-ligaen avd. 2,199295,1,-,,199295-25-str-mmen,2025-10-18,14:00,str-mmen,Strømmen,h-nefoss-bk,Hønefoss BK,3,0,,,Played,H,NOR
2025,NO-PN2,PostNord-ligaen avd. 2,199295,1,-,,199295-25-grorud,2025-10-19,12:30,grorud,Grorud,rana-fk,Rana FK,3,0,,,Played,H,NOR
2025,NO-PN2,PostNord-ligaen avd. 2,199295,1,-,,199295-25-alta,2025-10-19,13:00,alta,Alta,eidsvold-tf,Eidsvold TF,3,5,,,Played,A,NOR
2025,NO-PN2,PostNord-ligaen avd. 2,199295,1,-,,199295-25-ullensaker-kisa,2025-10-19,13:00,ullensaker-kisa,Ullensaker/Kisa,tromsdalen,Tromsdalen,3,6,,,Played,A,NOR
2025,NO-PN2,PostNord-ligaen avd. 2,199295,1,-,,199295-25-stj-rdals-blink,2025-10-19,14:00,stj-rdals-blink,Stjørdals-Blink,kjels-s,Kjelsås,1,2,,,Played,A,NOR
2025,NO-PN2,PostNord-ligaen avd. 2,199295,1,-,,199295-25-asker,2025-10-19,15:00,asker,Asker,levanger,Levanger,1,2,,,Played,A,NOR
2025,NO-PN2,PostNord-ligaen avd. 2,199295,1,-,,199295-26-levanger,2025-10-25,13:00,levanger,Levanger,strindheim-tf,Strindheim TF,1,3,,,Played,A,NOR
2025,NO-PN2,PostNord-ligaen avd. 2,199295,1,-,,199295-26-rana-fk,2025-10-25,13:00,rana-fk,Rana FK,stj-rdals-blink,Stjørdals-Blink,1,0,,,Played,H,NOR
2025,NO-PN2,PostNord-ligaen avd. 2,199295,1,-,,199295-26-tromsdalen,2025-10-25,13:00,tromsdalen,Tromsdalen,grorud,Grorud,1,2,,,Played,A,NOR
2025,NO-PN2,PostNord-ligaen avd. 2,199295,1,-,,199295-26-eidsvold-tf,2025-10-25,13:00,eidsvold-tf,Eidsvold TF,ullensaker-kisa,Ullensaker/Kisa,0,3,,,Played,A,NOR
2025,NO-PN2,PostNord-ligaen avd. 2,199295,1,-,,199295-26-follo,2025-10-25,13:00,follo,Follo,str-mmen,Strømmen,1,2,,,Played,A,NOR
2025,NO-PN2,PostNord-ligaen avd. 2,199295,1,-,,199295-26-kjels-s,2025-10-25,13:00,kjels-s,Kjelsås,alta,Alta,6,4,,,Played,H,NOR
2025,NO-PN2,PostNord-ligaen avd. 2,199295,1,-,,199295-26-h-nefoss-bk,2025-10-25,13:00,h-nefoss-bk,Hønefoss BK,asker,Asker,3,1,,,Played,H,NOR
2026,NO-PN2,PostNord-ligaen avd. 2,206008,1,-,,206008-1-rana-fk,2026-04-06,13:00,rana-fk,Rana FK,trygg-lade,Trygg/Lade,1,0,,,Played,H,NOR
2026,NO-PN2,PostNord-ligaen avd. 2,206008,1,-,,206008-1-follo,2026-04-06,14:00,follo,Follo,h-nefoss-bk,Hønefoss BK,2,2,,,Played,D,NOR
2026,NO-PN2,PostNord-ligaen avd. 2,206008,1,-,,206008-1-ullensaker-kisa,2026-04-06,14:00,ullensaker-kisa,Ullensaker/Kisa,skeid,Skeid,5,3,,,Played,H,NOR
2026,NO-PN2,PostNord-ligaen avd. 2,206008,1,-,,206008-1-junkeren,2026-04-06,15:30,junkeren,Junkeren,tromsdalen,Tromsdalen,1,1,,,Played,D,NOR
2026,NO-PN2,PostNord-ligaen avd. 2,206008,1,-,,206008-1-kjels-s,2026-04-06,16:00,kjels-s,Kjelsås,grorud,Grorud,2,1,,,Played,H,NOR
2026,NO-PN2,PostNord-ligaen avd. 2,206008,1,-,,206008-1-eidsvold-tf,2026-04-06,16:00,eidsvold-tf,Eidsvold TF,l-renskog,Lørenskog,0,0,,,Played,D,NOR
2026,NO-PN2,PostNord-ligaen avd. 2,206008,1,-,,206008-1-stj-rdals-blink,2026-04-06,16:00,stj-rdals-blink,Stjørdals-Blink,levanger,Levanger,1,2,,,Played,A,NOR
2026,NO-PN2,PostNord-ligaen avd. 2,206008,1,-,,206008-2-trygg-lade,2026-04-11,13:00,trygg-lade,Trygg/Lade,follo,Follo,2,2,,,Played,D,NOR
2026,NO-PN2,PostNord-ligaen avd. 2,206008,1,-,,206008-2-levanger,2026-04-11,14:00,levanger,Levanger,kjels-s,Kjelsås,1,2,,,Played,A,NOR
2026,NO-PN2,PostNord-ligaen avd. 2,206008,1,-,,206008-2-grorud,2026-04-11,14:00,grorud,Grorud,eidsvold-tf,Eidsvold TF,0,0,,,Played,D,NOR
2026,NO-PN2,PostNord-ligaen avd. 2,206008,1,-,,206008-2-l-renskog,2026-04-11,14:30,l-renskog,Lørenskog,stj-rdals-blink,Stjørdals-Blink,2,1,,,Played,H,NOR
2026,NO-PN2,PostNord-ligaen avd. 2,206008,1,-,,206008-2-h-nefoss-bk,2026-04-12,12:30,h-nefoss-bk,Hønefoss BK,rana-fk,Rana FK,2,1,,,Played,H,NOR
2026,NO-PN2,PostNord-ligaen avd. 2,206008,1,-,,206008-2-tromsdalen,2026-04-12,15:00,tromsdalen,Tromsdalen,ullensaker-kisa,Ullensaker/Kisa,5,1,,,Played,H,NOR
2026,NO-PN2,PostNord-ligaen avd. 2,206008,1,-,,206008-2-skeid,2026-04-12,16:00,skeid,Skeid,junkeren,Junkeren,1,0,,,Played,H,NOR
2026,NO-PN2,PostNord-ligaen avd. 2,206008,1,-,,206008-3-skeid,2026-04-18,14:00,skeid,Skeid,l-renskog,Lørenskog,1,2,,,Played,A,NOR
2026,NO-PN2,PostNord-ligaen avd. 2,206008,1,-,,206008-3-follo,2026-04-18,14:00,follo,Follo,grorud,Grorud,2,3,,,Played,A,NOR
2026,NO-PN2,PostNord-ligaen avd. 2,206008,1,-,,206008-3-ullensaker-kisa,2026-04-18,14:00,ullensaker-kisa,Ullensaker/Kisa,h-nefoss-bk,Hønefoss BK,0,3,,,Played,A,NOR
2026,NO-PN2,PostNord-ligaen avd. 2,206008,1,-,,206008-3-rana-fk,2026-04-19,13:00,rana-fk,Rana FK,levanger,Levanger,2,3,,,Played,A,NOR
2026,NO-PN2,PostNord-ligaen avd. 2,206008,1,-,,206008-3-junkeren,2026-04-19,14:00,junkeren,Junkeren,trygg-lade,Trygg/Lade,3,2,,,Played,H,NOR
2026,NO-PN2,PostNord-ligaen avd. 2,206008,1,-,,206008-3-eidsvold-tf,2026-04-19,14:30,eidsvold-tf,Eidsvold TF,stj-rdals-blink,Stjørdals-Blink,3,0,,,Played,H,NOR
2026,NO-PN2,PostNord-ligaen avd. 2,206008,1,-,,206008-3-kjels-s,2026-04-19,17:00,kjels-s,Kjelsås,tromsdalen,Tromsdalen,3,2,,,Played,H,NOR
2026,NO-PN2,PostNord-ligaen avd. 2,206008,1,-,,206008-4-grorud,2026-04-24,18:00,grorud,Grorud,skeid,Skeid,1,0,,,Played,H,NOR
2026,NO-PN2,PostNord-ligaen avd. 2,206008,1,-,,206008-4-stj-rdals-blink,2026-04-25,13:00,stj-rdals-blink,Stjørdals-Blink,follo,Follo,1,2,,,Played,A,NOR
2026,NO-PN2,PostNord-ligaen avd. 2,206008,1,-,,206008-4-junkeren,2026-04-25,14:00,junkeren,Junkeren,eidsvold-tf,Eidsvold TF,0,1,,,Played,A,NOR
2026,NO-PN2,PostNord-ligaen avd. 2,206008,1,-,,206008-4-l-renskog,2026-04-25,14:00,l-renskog,Lørenskog,ullensaker-kisa,Ullensaker/Kisa,5,1,,,Played,H,NOR
2026,NO-PN2,PostNord-ligaen avd. 2,206008,1,-,,206008-4-trygg-lade,2026-04-25,16:00,trygg-lade,Trygg/Lade,kjels-s,Kjelsås,1,3,,,Played,A,NOR
2026,NO-PN2,PostNord-ligaen avd. 2,206008,1,-,,206008-4-tromsdalen,2026-04-25,16:00,tromsdalen,Tromsdalen,rana-fk,Rana FK,2,1,,,Played,H,NOR
2026,NO-PN2,PostNord-ligaen avd. 2,206008,1,-,,206008-4-h-nefoss-bk,2026-04-26,15:00,h-nefoss-bk,Hønefoss BK,levanger,Levanger,0,1,,,Played,A,NOR
2026,NO-PN2,PostNord-ligaen avd. 2,206008,1,-,,206008-5-skeid,2026-05-02,14:00,skeid,Skeid,eidsvold-tf,Eidsvold TF,1,2,,,Played,A,NOR
2026,NO-PN2,PostNord-ligaen avd. 2,206008,1,-,,206008-5-kjels-s,2026-05-02,14:00,kjels-s,Kjelsås,l-renskog,Lørenskog,4,1,,,Played,H,NOR
2026,NO-PN2,PostNord-ligaen avd. 2,206008,1,-,,206008-5-ullensaker-kisa,2026-05-02,14:30,ullensaker-kisa,Ullensaker/Kisa,stj-rdals-blink,Stjørdals-Blink,2,3,,,Played,A,NOR
2026,NO-PN2,PostNord-ligaen avd. 2,206008,1,-,,206008-5-rana-fk,2026-05-02,18:00,rana-fk,Rana FK,grorud,Grorud,0,0,,,Played,D,NOR
2026,NO-PN2,PostNord-ligaen avd. 2,206008,1,-,,206008-5-levanger,2026-05-03,12:00,levanger,Levanger,tromsdalen,Tromsdalen,2,3,,,Played,A,NOR
2026,NO-PN2,PostNord-ligaen avd. 2,206008,1,-,,206008-5-h-nefoss-bk,2026-05-03,13:00,h-nefoss-bk,Hønefoss BK,trygg-lade,Trygg/Lade,3,1,,,Played,H,NOR
2026,NO-PN2,PostNord-ligaen avd. 2,206008,1,-,,206008-5-follo,2026-05-03,17:00,follo,Follo,junkeren,Junkeren,2,0,,,Played,H,NOR
2026,NO-PN2,PostNord-ligaen avd. 2,206008,1,-,,206008-6-eidsvold-tf,2026-05-09,14:00,eidsvold-tf,Eidsvold TF,follo,Follo,4,1,,,Played,H,NOR
2026,NO-PN2,PostNord-ligaen avd. 2,206008,1,-,,206008-6-junkeren,2026-05-09,15:00,junkeren,Junkeren,kjels-s,Kjelsås,2,3,,,Played,A,NOR
2026,NO-PN2,PostNord-ligaen avd. 2,206008,1,-,,206008-6-stj-rdals-blink,2026-05-09,15:30,stj-rdals-blink,Stjørdals-Blink,skeid,Skeid,0,1,,,Played,A,NOR
2026,NO-PN2,PostNord-ligaen avd. 2,206008,1,-,,206008-6-l-renskog,2026-05-10,13:00,l-renskog,Lørenskog,rana-fk,Rana FK,1,2,,,Played,A,NOR
2026,NO-PN2,PostNord-ligaen avd. 2,206008,1,-,,206008-6-trygg-lade,2026-05-10,14:00,trygg-lade,Trygg/Lade,ullensaker-kisa,Ullensaker/Kisa,4,2,,,Played,H,NOR
2026,NO-PN2,PostNord-ligaen avd. 2,206008,1,-,,206008-6-grorud,2026-05-10,15:00,grorud,Grorud,levanger,Levanger,2,3,,,Played,A,NOR
2026,NO-PN2,PostNord-ligaen avd. 2,206008,1,-,,206008-6-tromsdalen,2026-05-10,16:30,tromsdalen,Tromsdalen,h-nefoss-bk,Hønefoss BK,0,3,,,Played,A,NOR
2026,NO-PN2,PostNord-ligaen avd. 2,206008,1,-,,206008-7-tromsdalen,2026-05-14,13:00,tromsdalen,Tromsdalen,grorud,Grorud,0,2,,,Played,A,NOR
2026,NO-PN2,PostNord-ligaen avd. 2,206008,1,-,,206008-7-h-nefoss-bk,2026-05-14,15:00,h-nefoss-bk,Hønefoss BK,stj-rdals-blink,Stjørdals-Blink,3,2,,,Played,H,NOR
2026,NO-PN2,PostNord-ligaen avd. 2,206008,1,-,,206008-7-ullensaker-kisa,2026-05-15,19:00,ullensaker-kisa,Ullensaker/Kisa,eidsvold-tf,Eidsvold TF,2,5,,,Played,A,NOR
2026,NO-PN2,PostNord-ligaen avd. 2,206008,1,-,,206008-7-kjels-s,2026-05-16,14:00,kjels-s,Kjelsås,skeid,Skeid,1,0,,,Played,H,NOR
2026,NO-PN2,PostNord-ligaen avd. 2,206008,1,-,,206008-7-follo,2026-05-16,14:00,follo,Follo,l-renskog,Lørenskog,0,1,,,Played,A,NOR
2026,NO-PN2,PostNord-ligaen avd. 2,206008,1,-,,206008-7-levanger,2026-05-16,15:00,levanger,Levanger,trygg-lade,Trygg/Lade,3,0,,,Played,H,NOR
2026,NO-PN2,PostNord-ligaen avd. 2,206008,1,-,,206008-7-rana-fk,2026-05-16,17:00,rana-fk,Rana FK,junkeren,Junkeren,1,2,,,Played,A,NOR
2026,NO-PN2,PostNord-ligaen avd. 2,206008,1,-,,206008-8-stj-rdals-blink,2026-05-23,13:30,stj-rdals-blink,Stjørdals-Blink,kjels-s,Kjelsås,1,1,,,Played,D,NOR
2026,NO-PN2,PostNord-ligaen avd. 2,206008,1,-,,206008-8-skeid,2026-05-23,14:00,skeid,Skeid,follo,Follo,2,0,,,Played,H,NOR
2026,NO-PN2,PostNord-ligaen avd. 2,206008,1,-,,206008-8-grorud,2026-05-23,14:00,grorud,Grorud,h-nefoss-bk,Hønefoss BK,3,2,,,Played,H,NOR
2026,NO-PN2,PostNord-ligaen avd. 2,206008,1,-,,206008-8-trygg-lade,2026-05-24,13:00,trygg-lade,Trygg/Lade,tromsdalen,Tromsdalen,1,2,,,Played,A,NOR
2026,NO-PN2,PostNord-ligaen avd. 2,206008,1,-,,206008-8-eidsvold-tf,2026-05-25,14:30,eidsvold-tf,Eidsvold TF,rana-fk,Rana FK,4,1,,,Played,H,NOR
2026,NO-PN2,PostNord-ligaen avd. 2,206008,1,-,,206008-8-junkeren,2026-05-25,15:00,junkeren,Junkeren,ullensaker-kisa,Ullensaker/Kisa,3,0,,,Played,H,NOR
2026,NO-PN2,PostNord-ligaen avd. 2,206008,1,-,,206008-8-l-renskog,2026-05-25,16:00,l-renskog,Lørenskog,levanger,Levanger,1,0,,,Played,H,NOR
2026,NO-PN2,PostNord-ligaen avd. 2,206008,1,-,,206008-9-kjels-s,2026-05-30,14:00,kjels-s,Kjelsås,eidsvold-tf,Eidsvold TF,0,4,,,Played,A,NOR
2026,NO-PN2,PostNord-ligaen avd. 2,206008,1,-,,206008-9-follo,2026-05-30,14:00,follo,Follo,ullensaker-kisa,Ullensaker/Kisa,1,2,,,Played,A,NOR
2026,NO-PN2,PostNord-ligaen avd. 2,206008,1,-,,206008-9-grorud,2026-05-31,13:00,grorud,Grorud,trygg-lade,Trygg/Lade,2,1,,,Played,H,NOR
2026,NO-PN2,PostNord-ligaen avd. 2,206008,1,-,,206008-9-h-nefoss-bk,2026-05-31,14:00,h-nefoss-bk,Hønefoss BK,l-renskog,Lørenskog,1,1,,,Played,D,NOR
2026,NO-PN2,PostNord-ligaen avd. 2,206008,1,-,,206008-9-levanger,2026-05-31,16:00,levanger,Levanger,junkeren,Junkeren,3,0,,,Played,H,NOR
2026,NO-PN2,PostNord-ligaen avd. 2,206008,1,-,,206008-9-rana-fk,2026-05-31,16:30,rana-fk,Rana FK,stj-rdals-blink,Stjørdals-Blink,3,2,,,Played,H,NOR
2026,NO-PN2,PostNord-ligaen avd. 2,206008,1,-,,206008-9-tromsdalen,2026-05-31,16:30,tromsdalen,Tromsdalen,skeid,Skeid,2,0,,,Played,H,NOR
2026,NO-PN2,PostNord-ligaen avd. 2,206008,1,-,,206008-10-follo,2026-06-12,18:00,follo,Follo,kjels-s,Kjelsås,1,4,,,Played,A,NOR
2026,NO-PN2,PostNord-ligaen avd. 2,206008,1,-,,206008-10-ullensaker-kisa,2026-06-13,14:00,ullensaker-kisa,Ullensaker/Kisa,grorud,Grorud,2,1,,,Played,H,NOR
2026,NO-PN2,PostNord-ligaen avd. 2,206008,1,-,,206008-10-skeid,2026-06-14,13:00,skeid,Skeid,rana-fk,Rana FK,3,3,,,Played,D,NOR
2026,NO-PN2,PostNord-ligaen avd. 2,206008,1,-,,206008-10-l-renskog,2026-06-14,14:00,l-renskog,Lørenskog,tromsdalen,Tromsdalen,6,0,,,Played,H,NOR
2026,NO-PN2,PostNord-ligaen avd. 2,206008,1,-,,206008-10-eidsvold-tf,2026-06-14,15:00,eidsvold-tf,Eidsvold TF,levanger,Levanger,1,3,,,Played,A,NOR
2026,NO-PN2,PostNord-ligaen avd. 2,206008,1,-,,206008-10-stj-rdals-blink,2026-06-14,15:00,stj-rdals-blink,Stjørdals-Blink,trygg-lade,Trygg/Lade,2,1,,,Played,H,NOR
2026,NO-PN2,PostNord-ligaen avd. 2,206008,1,-,,206008-10-junkeren,2026-06-14,16:00,junkeren,Junkeren,h-nefoss-bk,Hønefoss BK,4,3,,,Played,H,NOR
2026,NO-PN2,PostNord-ligaen avd. 2,206008,1,-,,206008-11-kjels-s,2026-06-20,14:00,kjels-s,Kjelsås,ullensaker-kisa,Ullensaker/Kisa,3,0,,,Played,H,NOR
2026,NO-PN2,PostNord-ligaen avd. 2,206008,1,-,,206008-11-levanger,2026-06-20,14:00,levanger,Levanger,skeid,Skeid,2,1,,,Played,H,NOR
2026,NO-PN2,PostNord-ligaen avd. 2,206008,1,-,,206008-11-tromsdalen,2026-06-20,14:30,tromsdalen,Tromsdalen,stj-rdals-blink,Stjørdals-Blink,2,4,,,Played,A,NOR
2026,NO-PN2,PostNord-ligaen avd. 2,206008,1,-,,206008-11-h-nefoss-bk,2026-06-21,13:00,h-nefoss-bk,Hønefoss BK,eidsvold-tf,Eidsvold TF,2,1,,,Played,H,NOR
2026,NO-PN2,PostNord-ligaen avd. 2,206008,1,-,,206008-11-trygg-lade,2026-06-21,14:30,trygg-lade,Trygg/Lade,l-renskog,Lørenskog,1,4,,,Played,A,NOR
2026,NO-PN2,PostNord-ligaen avd. 2,206008,1,-,,206008-11-grorud,2026-06-21,17:00,grorud,Grorud,junkeren,Junkeren,3,0,,,Played,H,NOR
2026,NO-PN2,PostNord-ligaen avd. 2,206008,1,-,,206008-12-eidsvold-tf,2026-06-26,18:00,eidsvold-tf,Eidsvold TF,tromsdalen,Tromsdalen,2,1,,,Played,H,NOR
2026,NO-PN2,PostNord-ligaen avd. 2,206008,1,-,,206008-12-ullensaker-kisa,2026-06-27,13:00,ullensaker-kisa,Ullensaker/Kisa,rana-fk,Rana FK,1,3,,,Played,A,NOR
2026,NO-PN2,PostNord-ligaen avd. 2,206008,1,-,,206008-12-kjels-s,2026-06-27,14:00,kjels-s,Kjelsås,h-nefoss-bk,Hønefoss BK,1,3,,,Played,A,NOR
2026,NO-PN2,PostNord-ligaen avd. 2,206008,1,-,,206008-12-l-renskog,2026-06-27,14:00,l-renskog,Lørenskog,grorud,Grorud,1,0,,,Played,H,NOR
2026,NO-PN2,PostNord-ligaen avd. 2,206008,1,-,,206008-12-skeid,2026-06-28,14:00,skeid,Skeid,trygg-lade,Trygg/Lade,7,1,,,Played,H,NOR
2026,NO-PN2,PostNord-ligaen avd. 2,206008,1,-,,206008-12-follo,2026-06-28,15:00,follo,Follo,levanger,Levanger,0,2,,,Played,A,NOR
2026,NO-PN2,PostNord-ligaen avd. 2,206008,1,-,,206008-12-stj-rdals-blink,2026-06-28,15:00,stj-rdals-blink,Stjørdals-Blink,junkeren,Junkeren,1,1,,,Played,D,NOR
2025,NO-TS,Toppserien,199118,1,-,,199118-1-bod-glimt,2025-03-21,18:00,bod-glimt,Bodø/Glimt,r-a-fotball-elite,Røa Fotball Elite,1,0,,,Played,H,NOR
2025,NO-TS,Toppserien,199118,1,-,,199118-1-h-nefoss-bk,2025-03-23,14:00,h-nefoss-bk,Hønefoss BK,stab-k,Stabæk,0,1,,,Played,A,NOR
2025,NO-TS,Toppserien,199118,1,-,,199118-1-lsk-kvinner,2025-03-23,14:00,lsk-kvinner,LSK Kvinner,lyn,Lyn,2,0,,,Played,H,NOR
2025,NO-TS,Toppserien,199118,1,-,,199118-1-v-lerenga-fotball,2025-03-23,16:00,v-lerenga-fotball,Vålerenga Fotball,kolbotn-il-elite,Kolbotn IL Elite,6,0,,,Played,H,NOR
2025,NO-TS,Toppserien,199118,1,-,,199118-1-sk-brann,2025-03-23,18:00,sk-brann,SK Brann,rosenborg-bk,Rosenborg BK,3,0,,,Played,H,NOR
2025,NO-TS,Toppserien,199118,1,-,,199118-2-stab-k,2025-03-28,18:00,stab-k,Stabæk,sk-brann,SK Brann,0,1,,,Played,A,NOR
2025,NO-TS,Toppserien,199118,1,-,,199118-2-kolbotn-il-elite,2025-03-29,14:00,kolbotn-il-elite,Kolbotn IL Elite,lsk-kvinner,LSK Kvinner,0,2,,,Played,A,NOR
2025,NO-TS,Toppserien,199118,1,-,,199118-2-lyn,2025-03-29,14:00,lyn,Lyn,h-nefoss-bk,Hønefoss BK,1,1,,,Played,D,NOR
2025,NO-TS,Toppserien,199118,1,-,,199118-2-rosenborg-bk,2025-03-29,14:00,rosenborg-bk,Rosenborg BK,bod-glimt,Bodø/Glimt,2,1,,,Played,H,NOR
2025,NO-TS,Toppserien,199118,1,-,,199118-2-r-a-fotball-elite,2025-03-29,14:00,r-a-fotball-elite,Røa Fotball Elite,v-lerenga-fotball,Vålerenga Fotball,0,1,,,Played,A,NOR
2025,NO-TS,Toppserien,199118,1,-,,199118-3-h-nefoss-bk,2025-04-12,14:00,h-nefoss-bk,Hønefoss BK,rosenborg-bk,Rosenborg BK,2,3,,,Played,A,NOR
2025,NO-TS,Toppserien,199118,1,-,,199118-3-lsk-kvinner,2025-04-12,14:00,lsk-kvinner,LSK Kvinner,r-a-fotball-elite,Røa Fotball Elite,1,2,,,Played,A,NOR
2025,NO-TS,Toppserien,199118,1,-,,199118-3-stab-k,2025-04-12,14:00,stab-k,Stabæk,kolbotn-il-elite,Kolbotn IL Elite,1,0,,,Played,H,NOR
2025,NO-TS,Toppserien,199118,1,-,,199118-3-v-lerenga-fotball,2025-04-12,16:00,v-lerenga-fotball,Vålerenga Fotball,lyn,Lyn,3,2,,,Played,H,NOR
2025,NO-TS,Toppserien,199118,1,-,,199118-3-sk-brann,2025-04-12,18:00,sk-brann,SK Brann,bod-glimt,Bodø/Glimt,4,0,,,Played,H,NOR
2025,NO-TS,Toppserien,199118,1,-,,199118-4-bod-glimt,2025-04-16,18:00,bod-glimt,Bodø/Glimt,lsk-kvinner,LSK Kvinner,0,4,,,Played,A,NOR
2025,NO-TS,Toppserien,199118,1,-,,199118-4-kolbotn-il-elite,2025-04-16,18:00,kolbotn-il-elite,Kolbotn IL Elite,h-nefoss-bk,Hønefoss BK,3,1,,,Played,H,NOR
2025,NO-TS,Toppserien,199118,1,-,,199118-4-lyn,2025-04-16,18:00,lyn,Lyn,stab-k,Stabæk,6,0,,,Played,H,NOR
2025,NO-TS,Toppserien,199118,1,-,,199118-4-rosenborg-bk,2025-04-16,18:00,rosenborg-bk,Rosenborg BK,v-lerenga-fotball,Vålerenga Fotball,2,0,,,Played,H,NOR
2025,NO-TS,Toppserien,199118,1,-,,199118-4-r-a-fotball-elite,2025-04-16,18:00,r-a-fotball-elite,Røa Fotball Elite,sk-brann,SK Brann,2,5,,,Played,A,NOR
2025,NO-TS,Toppserien,199118,1,-,,199118-5-sk-brann,2025-04-22,18:00,sk-brann,SK Brann,kolbotn-il-elite,Kolbotn IL Elite,7,0,,,Played,H,NOR
2025,NO-TS,Toppserien,199118,1,-,,199118-5-h-nefoss-bk,2025-04-22,18:00,h-nefoss-bk,Hønefoss BK,r-a-fotball-elite,Røa Fotball Elite,2,1,,,Played,H,NOR
2025,NO-TS,Toppserien,199118,1,-,,199118-5-lsk-kvinner,2025-04-22,18:00,lsk-kvinner,LSK Kvinner,v-lerenga-fotball,Vålerenga Fotball,0,2,,,Played,A,NOR
2025,NO-TS,Toppserien,199118,1,-,,199118-5-rosenborg-bk,2025-04-22,18:00,rosenborg-bk,Rosenborg BK,lyn,Lyn,3,0,,,Played,H,NOR
2025,NO-TS,Toppserien,199118,1,-,,199118-5-stab-k,2025-04-22,18:00,stab-k,Stabæk,bod-glimt,Bodø/Glimt,2,0,,,Played,H,NOR
2025,NO-TS,Toppserien,199118,1,-,,199118-6-bod-glimt,2025-04-25,18:00,bod-glimt,Bodø/Glimt,h-nefoss-bk,Hønefoss BK,1,2,,,Played,A,NOR
2025,NO-TS,Toppserien,199118,1,-,,199118-6-kolbotn-il-elite,2025-04-26,12:00,kolbotn-il-elite,Kolbotn IL Elite,lyn,Lyn,1,0,,,Played,H,NOR
2025,NO-TS,Toppserien,199118,1,-,,199118-6-v-lerenga-fotball,2025-04-26,14:00,v-lerenga-fotball,Vålerenga Fotball,sk-brann,SK Brann,0,3,,,Played,A,NOR
2025,NO-TS,Toppserien,199118,1,-,,199118-6-r-a-fotball-elite,2025-04-26,16:00,r-a-fotball-elite,Røa Fotball Elite,rosenborg-bk,Rosenborg BK,1,1,,,Played,D,NOR
2025,NO-TS,Toppserien,199118,1,-,,199118-6-lsk-kvinner,2025-04-26,18:00,lsk-kvinner,LSK Kvinner,stab-k,Stabæk,1,1,,,Played,D,NOR
2025,NO-TS,Toppserien,199118,1,-,,199118-7-sk-brann,2025-04-29,18:00,sk-brann,SK Brann,lsk-kvinner,LSK Kvinner,1,1,,,Played,D,NOR
2025,NO-TS,Toppserien,199118,1,-,,199118-7-h-nefoss-bk,2025-04-29,18:00,h-nefoss-bk,Hønefoss BK,v-lerenga-fotball,Vålerenga Fotball,0,4,,,Played,A,NOR
2025,NO-TS,Toppserien,199118,1,-,,199118-7-lyn,2025-04-29,18:00,lyn,Lyn,bod-glimt,Bodø/Glimt,0,0,,,Played,D,NOR
2025,NO-TS,Toppserien,199118,1,-,,199118-7-rosenborg-bk,2025-04-29,18:00,rosenborg-bk,Rosenborg BK,kolbotn-il-elite,Kolbotn IL Elite,1,0,,,Played,H,NOR
2025,NO-TS,Toppserien,199118,1,-,,199118-7-stab-k,2025-04-29,18:00,stab-k,Stabæk,r-a-fotball-elite,Røa Fotball Elite,2,1,,,Played,H,NOR
2025,NO-TS,Toppserien,199118,1,-,,199118-8-bod-glimt,2025-05-02,18:00,bod-glimt,Bodø/Glimt,kolbotn-il-elite,Kolbotn IL Elite,3,1,,,Played,H,NOR
2025,NO-TS,Toppserien,199118,1,-,,199118-8-sk-brann,2025-05-02,18:00,sk-brann,SK Brann,h-nefoss-bk,Hønefoss BK,2,0,,,Played,H,NOR
2025,NO-TS,Toppserien,199118,1,-,,199118-8-lsk-kvinner,2025-05-03,14:00,lsk-kvinner,LSK Kvinner,rosenborg-bk,Rosenborg BK,1,2,,,Played,A,NOR
2025,NO-TS,Toppserien,199118,1,-,,199118-8-r-a-fotball-elite,2025-05-03,14:00,r-a-fotball-elite,Røa Fotball Elite,lyn,Lyn,2,1,,,Played,H,NOR
2025,NO-TS,Toppserien,199118,1,-,,199118-8-stab-k,2025-05-03,14:00,stab-k,Stabæk,v-lerenga-fotball,Vålerenga Fotball,0,2,,,Played,A,NOR
2025,NO-TS,Toppserien,199118,1,-,,199118-9-h-nefoss-bk,2025-05-10,14:00,h-nefoss-bk,Hønefoss BK,lsk-kvinner,LSK Kvinner,2,1,,,Played,H,NOR
2025,NO-TS,Toppserien,199118,1,-,,199118-9-lyn,2025-05-10,14:00,lyn,Lyn,sk-brann,SK Brann,0,0,,,Played,D,NOR
2025,NO-TS,Toppserien,199118,1,-,,199118-9-rosenborg-bk,2025-05-10,14:00,rosenborg-bk,Rosenborg BK,stab-k,Stabæk,3,0,,,Played,H,NOR
2025,NO-TS,Toppserien,199118,1,-,,199118-9-v-lerenga-fotball,2025-05-10,14:00,v-lerenga-fotball,Vålerenga Fotball,bod-glimt,Bodø/Glimt,4,0,,,Played,H,NOR
2025,NO-TS,Toppserien,199118,1,-,,199118-9-kolbotn-il-elite,2025-07-29,16:00,kolbotn-il-elite,Kolbotn IL Elite,r-a-fotball-elite,Røa Fotball Elite,2,0,,,Played,H,NOR
2025,NO-TS,Toppserien,199118,1,-,,199118-10-bod-glimt,2025-05-15,18:00,bod-glimt,Bodø/Glimt,lyn,Lyn,2,1,,,Played,H,NOR
2025,NO-TS,Toppserien,199118,1,-,,199118-10-sk-brann,2025-05-15,18:00,sk-brann,SK Brann,stab-k,Stabæk,3,0,,,Played,H,NOR
2025,NO-TS,Toppserien,199118,1,-,,199118-10-lsk-kvinner,2025-05-15,18:00,lsk-kvinner,LSK Kvinner,kolbotn-il-elite,Kolbotn IL Elite,1,1,,,Played,D,NOR
2025,NO-TS,Toppserien,199118,1,-,,199118-10-r-a-fotball-elite,2025-05-15,18:00,r-a-fotball-elite,Røa Fotball Elite,h-nefoss-bk,Hønefoss BK,0,0,,,Played,D,NOR
2025,NO-TS,Toppserien,199118,1,-,,199118-10-v-lerenga-fotball,2025-05-15,18:00,v-lerenga-fotball,Vålerenga Fotball,rosenborg-bk,Rosenborg BK,2,0,,,Played,H,NOR
2025,NO-TS,Toppserien,199118,1,-,,199118-11-h-nefoss-bk,2025-05-24,14:00,h-nefoss-bk,Hønefoss BK,bod-glimt,Bodø/Glimt,0,1,,,Played,A,NOR
2025,NO-TS,Toppserien,199118,1,-,,199118-11-kolbotn-il-elite,2025-05-24,14:00,kolbotn-il-elite,Kolbotn IL Elite,v-lerenga-fotball,Vålerenga Fotball,1,6,,,Played,A,NOR
2025,NO-TS,Toppserien,199118,1,-,,199118-11-lyn,2025-05-24,14:00,lyn,Lyn,r-a-fotball-elite,Røa Fotball Elite,1,0,,,Played,H,NOR
2025,NO-TS,Toppserien,199118,1,-,,199118-11-rosenborg-bk,2025-05-24,14:00,rosenborg-bk,Rosenborg BK,sk-brann,SK Brann,0,2,,,Played,A,NOR
2025,NO-TS,Toppserien,199118,1,-,,199118-11-stab-k,2025-05-25,14:30,stab-k,Stabæk,lsk-kvinner,LSK Kvinner,2,3,,,Played,A,NOR
2025,NO-TS,Toppserien,199118,1,-,,199118-12-bod-glimt,2025-06-06,18:00,bod-glimt,Bodø/Glimt,rosenborg-bk,Rosenborg BK,0,4,,,Played,A,NOR
2025,NO-TS,Toppserien,199118,1,-,,199118-12-sk-brann,2025-06-07,14:00,sk-brann,SK Brann,lyn,Lyn,0,1,,,Played,A,NOR
2025,NO-TS,Toppserien,199118,1,-,,199118-12-lsk-kvinner,2025-06-07,14:00,lsk-kvinner,LSK Kvinner,h-nefoss-bk,Hønefoss BK,5,1,,,Played,H,NOR
2025,NO-TS,Toppserien,199118,1,-,,199118-12-r-a-fotball-elite,2025-06-07,14:00,r-a-fotball-elite,Røa Fotball Elite,kolbotn-il-elite,Kolbotn IL Elite,2,1,,,Played,H,NOR
2025,NO-TS,Toppserien,199118,1,-,,199118-12-v-lerenga-fotball,2025-06-07,18:00,v-lerenga-fotball,Vålerenga Fotball,stab-k,Stabæk,2,0,,,Played,H,NOR
2025,NO-TS,Toppserien,199118,1,-,,199118-13-kolbotn-il-elite,2025-06-14,14:00,kolbotn-il-elite,Kolbotn IL Elite,stab-k,Stabæk,0,1,,,Played,A,NOR
2025,NO-TS,Toppserien,199118,1,-,,199118-13-lyn,2025-06-14,14:00,lyn,Lyn,lsk-kvinner,LSK Kvinner,2,3,,,Played,A,NOR
2025,NO-TS,Toppserien,199118,1,-,,199118-13-rosenborg-bk,2025-06-14,14:00,rosenborg-bk,Rosenborg BK,r-a-fotball-elite,Røa Fotball Elite,4,1,,,Played,H,NOR
2025,NO-TS,Toppserien,199118,1,-,,199118-13-bod-glimt,2025-06-14,16:00,bod-glimt,Bodø/Glimt,v-lerenga-fotball,Vålerenga Fotball,0,3,,,Played,A,NOR
2025,NO-TS,Toppserien,199118,1,-,,199118-13-h-nefoss-bk,2025-06-14,16:00,h-nefoss-bk,Hønefoss BK,sk-brann,SK Brann,0,3,,,Played,A,NOR
2025,NO-TS,Toppserien,199118,1,-,,199118-14-sk-brann,2025-06-19,18:00,sk-brann,SK Brann,r-a-fotball-elite,Røa Fotball Elite,5,0,,,Played,H,NOR
2025,NO-TS,Toppserien,199118,1,-,,199118-14-kolbotn-il-elite,2025-06-19,18:00,kolbotn-il-elite,Kolbotn IL Elite,rosenborg-bk,Rosenborg BK,2,5,,,Played,A,NOR
2025,NO-TS,Toppserien,199118,1,-,,199118-14-lsk-kvinner,2025-06-19,18:00,lsk-kvinner,LSK Kvinner,bod-glimt,Bodø/Glimt,4,0,,,Played,H,NOR
2025,NO-TS,Toppserien,199118,1,-,,199118-14-stab-k,2025-06-19,18:00,stab-k,Stabæk,lyn,Lyn,4,1,,,Played,H,NOR
2025,NO-TS,Toppserien,199118,1,-,,199118-14-v-lerenga-fotball,2025-06-19,18:00,v-lerenga-fotball,Vålerenga Fotball,h-nefoss-bk,Hønefoss BK,7,0,,,Played,H,NOR
2025,NO-TS,Toppserien,199118,1,-,,199118-15-bod-glimt,2025-08-05,18:00,bod-glimt,Bodø/Glimt,sk-brann,SK Brann,0,3,,,Played,A,NOR
2025,NO-TS,Toppserien,199118,1,-,,199118-15-h-nefoss-bk,2025-08-05,18:00,h-nefoss-bk,Hønefoss BK,kolbotn-il-elite,Kolbotn IL Elite,2,0,,,Played,H,NOR
2025,NO-TS,Toppserien,199118,1,-,,199118-15-lyn,2025-08-05,18:00,lyn,Lyn,v-lerenga-fotball,Vålerenga Fotball,1,1,,,Played,D,NOR
2025,NO-TS,Toppserien,199118,1,-,,199118-15-rosenborg-bk,2025-08-05,18:00,rosenborg-bk,Rosenborg BK,lsk-kvinner,LSK Kvinner,5,0,,,Played,H,NOR
2025,NO-TS,Toppserien,199118,1,-,,199118-15-r-a-fotball-elite,2025-08-05,18:00,r-a-fotball-elite,Røa Fotball Elite,stab-k,Stabæk,0,0,,,Played,D,NOR
2025,NO-TS,Toppserien,199118,1,-,,199118-16-h-nefoss-bk,2025-08-09,14:00,h-nefoss-bk,Hønefoss BK,lyn,Lyn,1,0,,,Played,H,NOR
2025,NO-TS,Toppserien,199118,1,-,,199118-16-kolbotn-il-elite,2025-08-09,14:00,kolbotn-il-elite,Kolbotn IL Elite,bod-glimt,Bodø/Glimt,1,2,,,Played,A,NOR
2025,NO-TS,Toppserien,199118,1,-,,199118-16-stab-k,2025-08-09,14:00,stab-k,Stabæk,rosenborg-bk,Rosenborg BK,0,3,,,Played,A,NOR
2025,NO-TS,Toppserien,199118,1,-,,199118-16-v-lerenga-fotball,2025-08-09,14:00,v-lerenga-fotball,Vålerenga Fotball,r-a-fotball-elite,Røa Fotball Elite,3,0,,,Played,H,NOR
2025,NO-TS,Toppserien,199118,1,-,,199118-16-lsk-kvinner,2025-08-09,16:00,lsk-kvinner,LSK Kvinner,sk-brann,SK Brann,0,3,,,Played,A,NOR
2025,NO-TS,Toppserien,199118,1,-,,199118-17-bod-glimt,2025-08-15,18:00,bod-glimt,Bodø/Glimt,stab-k,Stabæk,0,4,,,Played,A,NOR
2025,NO-TS,Toppserien,199118,1,-,,199118-17-rosenborg-bk,2025-08-16,13:00,rosenborg-bk,Rosenborg BK,h-nefoss-bk,Hønefoss BK,0,0,,,Played,D,NOR
2025,NO-TS,Toppserien,199118,1,-,,199118-17-lyn,2025-08-16,14:00,lyn,Lyn,kolbotn-il-elite,Kolbotn IL Elite,2,1,,,Played,H,NOR
2025,NO-TS,Toppserien,199118,1,-,,199118-17-r-a-fotball-elite,2025-08-16,14:00,r-a-fotball-elite,Røa Fotball Elite,lsk-kvinner,LSK Kvinner,1,1,,,Played,D,NOR
2025,NO-TS,Toppserien,199118,1,-,,199118-17-sk-brann,2025-08-16,16:00,sk-brann,SK Brann,v-lerenga-fotball,Vålerenga Fotball,2,1,,,Played,H,NOR
2025,NO-TS,Toppserien,199118,1,-,,199118-18-kolbotn-il-elite,2025-08-20,18:00,kolbotn-il-elite,Kolbotn IL Elite,sk-brann,SK Brann,0,2,,,Played,A,NOR
2025,NO-TS,Toppserien,199118,1,-,,199118-18-v-lerenga-fotball,2025-08-20,18:00,v-lerenga-fotball,Vålerenga Fotball,lsk-kvinner,LSK Kvinner,3,1,,,Played,H,NOR
2025,NO-TS,Toppserien,199118,1,-,,199118-18-lyn,2025-08-23,14:00,lyn,Lyn,rosenborg-bk,Rosenborg BK,1,1,,,Played,D,NOR
2025,NO-TS,Toppserien,199118,1,-,,199118-18-r-a-fotball-elite,2025-08-23,14:00,r-a-fotball-elite,Røa Fotball Elite,bod-glimt,Bodø/Glimt,1,1,,,Played,D,NOR
2025,NO-TS,Toppserien,199118,1,-,,199118-18-stab-k,2025-08-23,14:00,stab-k,Stabæk,h-nefoss-bk,Hønefoss BK,1,0,,,Played,H,NOR
2025,NO-TS,Toppserien,199118,1,-,,199118-19-h-nefoss-bk,2025-09-03,18:00,h-nefoss-bk,Hønefoss BK,v-lerenga-fotball,Vålerenga Fotball,0,1,,,Played,A,NOR
2025,NO-TS,Toppserien,199118,1,-,,199118-19-bod-glimt,2025-09-05,18:00,bod-glimt,Bodø/Glimt,lyn,Lyn,1,2,,,Played,A,NOR
2025,NO-TS,Toppserien,199118,1,-,,199118-19-rosenborg-bk,2025-09-06,14:00,rosenborg-bk,Rosenborg BK,stab-k,Stabæk,1,1,,,Played,D,NOR
2025,NO-TS,Toppserien,199118,1,-,,199118-19-sk-brann,2025-09-06,16:00,sk-brann,SK Brann,r-a-fotball-elite,Røa Fotball Elite,3,0,,,Played,H,NOR
2025,NO-TS,Toppserien,199118,1,-,,199118-19-lsk-kvinner,2025-09-07,14:30,lsk-kvinner,LSK Kvinner,kolbotn-il-elite,Kolbotn IL Elite,4,3,,,Played,H,NOR
2025,NO-TS,Toppserien,199118,1,-,,199118-20-rosenborg-bk,2025-08-13,18:00,rosenborg-bk,Rosenborg BK,lsk-kvinner,LSK Kvinner,4,1,,,Played,H,NOR
2025,NO-TS,Toppserien,199118,1,-,,199118-20-kolbotn-il-elite,2025-09-13,14:00,kolbotn-il-elite,Kolbotn IL Elite,r-a-fotball-elite,Røa Fotball Elite,1,2,,,Played,A,NOR
2025,NO-TS,Toppserien,199118,1,-,,199118-20-stab-k,2025-09-13,14:00,stab-k,Stabæk,bod-glimt,Bodø/Glimt,2,1,,,Played,H,NOR
2025,NO-TS,Toppserien,199118,1,-,,199118-20-sk-brann,2025-09-14,14:30,sk-brann,SK Brann,h-nefoss-bk,Hønefoss BK,2,0,,,Played,H,NOR
2025,NO-TS,Toppserien,199118,1,-,,199118-20-v-lerenga-fotball,2025-09-24,18:00,v-lerenga-fotball,Vålerenga Fotball,lyn,Lyn,2,1,,,Played,H,NOR
2025,NO-TS,Toppserien,199118,1,-,,199118-21-h-nefoss-bk,2025-09-20,14:00,h-nefoss-bk,Hønefoss BK,stab-k,Stabæk,0,2,,,Played,A,NOR
2025,NO-TS,Toppserien,199118,1,-,,199118-21-r-a-fotball-elite,2025-09-20,14:00,r-a-fotball-elite,Røa Fotball Elite,bod-glimt,Bodø/Glimt,0,4,,,Played,A,NOR
2025,NO-TS,Toppserien,199118,1,-,,199118-21-lsk-kvinner,2025-09-21,17:00,lsk-kvinner,LSK Kvinner,sk-brann,SK Brann,1,5,,,Played,A,NOR
2025,NO-TS,Toppserien,199118,1,-,,199118-21-lyn,2025-09-21,17:00,lyn,Lyn,rosenborg-bk,Rosenborg BK,0,2,,,Played,A,NOR
2025,NO-TS,Toppserien,199118,1,-,,199118-21-v-lerenga-fotball,2025-09-21,17:00,v-lerenga-fotball,Vålerenga Fotball,kolbotn-il-elite,Kolbotn IL Elite,4,0,,,Played,H,NOR
2025,NO-TS,Toppserien,199118,1,-,,199118-22-rosenborg-bk,2025-10-02,18:00,rosenborg-bk,Rosenborg BK,r-a-fotball-elite,Røa Fotball Elite,2,1,,,Played,H,NOR
2025,NO-TS,Toppserien,199118,1,-,,199118-22-bod-glimt,2025-10-03,18:00,bod-glimt,Bodø/Glimt,v-lerenga-fotball,Vålerenga Fotball,1,4,,,Played,A,NOR
2025,NO-TS,Toppserien,199118,1,-,,199118-22-sk-brann,2025-10-03,18:00,sk-brann,SK Brann,lyn,Lyn,9,0,,,Played,H,NOR
2025,NO-TS,Toppserien,199118,1,-,,199118-22-kolbotn-il-elite,2025-10-04,14:00,kolbotn-il-elite,Kolbotn IL Elite,h-nefoss-bk,Hønefoss BK,1,2,,,Played,A,NOR
2025,NO-TS,Toppserien,199118,1,-,,199118-22-stab-k,2025-10-04,14:00,stab-k,Stabæk,lsk-kvinner,LSK Kvinner,2,0,,,Played,H,NOR
2025,NO-TS,Toppserien,199118,1,-,,199118-23-lyn,2025-10-11,13:00,lyn,Lyn,kolbotn-il-elite,Kolbotn IL Elite,2,2,,,Played,D,NOR
2025,NO-TS,Toppserien,199118,1,-,,199118-23-lsk-kvinner,2025-10-12,14:00,lsk-kvinner,LSK Kvinner,bod-glimt,Bodø/Glimt,1,0,,,Played,H,NOR
2025,NO-TS,Toppserien,199118,1,-,,199118-23-r-a-fotball-elite,2025-10-12,14:00,r-a-fotball-elite,Røa Fotball Elite,stab-k,Stabæk,1,1,,,Played,D,NOR
2025,NO-TS,Toppserien,199118,1,-,,199118-23-rosenborg-bk,2025-10-12,17:00,rosenborg-bk,Rosenborg BK,h-nefoss-bk,Hønefoss BK,8,0,,,Played,H,NOR
2025,NO-TS,Toppserien,199118,1,-,,199118-23-v-lerenga-fotball,2025-10-12,17:00,v-lerenga-fotball,Vålerenga Fotball,sk-brann,SK Brann,2,4,,,Played,A,NOR
2025,NO-TS,Toppserien,199118,1,-,,199118-24-bod-glimt,2025-10-19,14:30,bod-glimt,Bodø/Glimt,rosenborg-bk,Rosenborg BK,0,1,,,Played,A,NOR
2025,NO-TS,Toppserien,199118,1,-,,199118-24-h-nefoss-bk,2025-10-19,14:30,h-nefoss-bk,Hønefoss BK,lyn,Lyn,2,2,,,Played,D,NOR
2025,NO-TS,Toppserien,199118,1,-,,199118-24-kolbotn-il-elite,2025-10-19,14:30,kolbotn-il-elite,Kolbotn IL Elite,sk-brann,SK Brann,1,5,,,Played,A,NOR
2025,NO-TS,Toppserien,199118,1,-,,199118-24-r-a-fotball-elite,2025-10-19,14:30,r-a-fotball-elite,Røa Fotball Elite,lsk-kvinner,LSK Kvinner,2,3,,,Played,A,NOR
2025,NO-TS,Toppserien,199118,1,-,,199118-24-stab-k,2025-10-19,14:30,stab-k,Stabæk,v-lerenga-fotball,Vålerenga Fotball,0,4,,,Played,A,NOR
2025,NO-TS,Toppserien,199118,1,-,,199118-25-kolbotn-il-elite,2025-09-25,18:00,kolbotn-il-elite,Kolbotn IL Elite,stab-k,Stabæk,1,0,,,Played,H,NOR
2025,NO-TS,Toppserien,199118,1,-,,199118-25-lyn,2025-11-01,12:30,lyn,Lyn,r-a-fotball-elite,Røa Fotball Elite,4,2,,,Played,H,NOR
2025,NO-TS,Toppserien,199118,1,-,,199118-25-sk-brann,2025-11-01,13:30,sk-brann,SK Brann,rosenborg-bk,Rosenborg BK,2,1,,,Played,H,NOR
2025,NO-TS,Toppserien,199118,1,-,,199118-25-h-nefoss-bk,2025-11-02,12:30,h-nefoss-bk,Hønefoss BK,bod-glimt,Bodø/Glimt,3,2,,,Played,H,NOR
2025,NO-TS,Toppserien,199118,1,-,,199118-25-v-lerenga-fotball,2025-11-02,12:30,v-lerenga-fotball,Vålerenga Fotball,lsk-kvinner,LSK Kvinner,2,0,,,Played,H,NOR
2025,NO-TS,Toppserien,199118,1,-,,199118-26-bod-glimt,2025-11-07,18:00,bod-glimt,Bodø/Glimt,kolbotn-il-elite,Kolbotn IL Elite,1,2,,,Played,A,NOR
2025,NO-TS,Toppserien,199118,1,-,,199118-26-lsk-kvinner,2025-11-07,18:00,lsk-kvinner,LSK Kvinner,lyn,Lyn,4,0,,,Played,H,NOR
2025,NO-TS,Toppserien,199118,1,-,,199118-26-rosenborg-bk,2025-11-07,18:00,rosenborg-bk,Rosenborg BK,v-lerenga-fotball,Vålerenga Fotball,1,3,,,Played,A,NOR
2025,NO-TS,Toppserien,199118,1,-,,199118-26-r-a-fotball-elite,2025-11-07,18:00,r-a-fotball-elite,Røa Fotball Elite,h-nefoss-bk,Hønefoss BK,1,1,,,Played,D,NOR
2025,NO-TS,Toppserien,199118,1,-,,199118-26-stab-k,2025-11-07,18:00,stab-k,Stabæk,sk-brann,SK Brann,1,3,,,Played,A,NOR
2025,NO-TS,Toppserien,199118,1,-,,199118-27-sk-brann,2025-11-15,16:00,sk-brann,SK Brann,bod-glimt,Bodø/Glimt,8,0,,,Played,H,NOR
2025,NO-TS,Toppserien,199118,1,-,,199118-27-h-nefoss-bk,2025-11-15,16:00,h-nefoss-bk,Hønefoss BK,lsk-kvinner,LSK Kvinner,1,3,,,Played,A,NOR
2025,NO-TS,Toppserien,199118,1,-,,199118-27-kolbotn-il-elite,2025-11-15,16:00,kolbotn-il-elite,Kolbotn IL Elite,rosenborg-bk,Rosenborg BK,2,4,,,Played,A,NOR
2025,NO-TS,Toppserien,199118,1,-,,199118-27-lyn,2025-11-15,16:00,lyn,Lyn,stab-k,Stabæk,0,3,,,Played,A,NOR
2025,NO-TS,Toppserien,199118,1,-,,199118-27-v-lerenga-fotball,2025-11-15,16:00,v-lerenga-fotball,Vålerenga Fotball,r-a-fotball-elite,Røa Fotball Elite,1,0,,,Played,H,NOR
2026,NO-TS,Toppserien,206119,1,-,,206119-1-bod-glimt,2026-03-20,18:00,bod-glimt,Bodø/Glimt,h-nefoss-bk,Hønefoss BK,0,0,,,Played,D,NOR
2026,NO-TS,Toppserien,206119,1,-,,206119-1-molde,2026-03-20,18:00,molde,Molde,sk-brann,SK Brann,0,5,,,Played,A,NOR
2026,NO-TS,Toppserien,206119,1,-,,206119-1-lsk-kvinner,2026-03-21,14:00,lsk-kvinner,LSK Kvinner,r-a-fotball-elite,Røa Fotball Elite,1,3,,,Played,A,NOR
2026,NO-TS,Toppserien,206119,1,-,,206119-1-rosenborg-bk,2026-03-21,14:00,rosenborg-bk,Rosenborg BK,haugesund,Haugesund,1,1,,,Played,D,NOR
2026,NO-TS,Toppserien,206119,1,-,,206119-1-stab-k,2026-03-21,14:00,stab-k,Stabæk,lyn,Lyn,0,1,,,Played,A,NOR
2026,NO-TS,Toppserien,206119,1,-,,206119-1-v-lerenga-fotball,2026-03-21,14:00,v-lerenga-fotball,Vålerenga Fotball,aafk-kvinner,AaFK Kvinner,0,2,,,Played,A,NOR
2026,NO-TS,Toppserien,206119,1,-,,206119-2-haugesund,2026-03-28,13:00,haugesund,Haugesund,v-lerenga-fotball,Vålerenga Fotball,2,4,,,Played,A,NOR
2026,NO-TS,Toppserien,206119,1,-,,206119-2-h-nefoss-bk,2026-03-28,13:00,h-nefoss-bk,Hønefoss BK,molde,Molde,3,1,,,Played,H,NOR
2026,NO-TS,Toppserien,206119,1,-,,206119-2-lyn,2026-03-28,13:00,lyn,Lyn,lsk-kvinner,LSK Kvinner,1,1,,,Played,D,NOR
2026,NO-TS,Toppserien,206119,1,-,,206119-2-r-a-fotball-elite,2026-03-28,13:00,r-a-fotball-elite,Røa Fotball Elite,bod-glimt,Bodø/Glimt,1,1,,,Played,D,NOR
2026,NO-TS,Toppserien,206119,1,-,,206119-2-aafk-kvinner,2026-03-28,13:00,aafk-kvinner,AaFK Kvinner,stab-k,Stabæk,2,2,,,Played,D,NOR
2026,NO-TS,Toppserien,206119,1,-,,206119-2-sk-brann,2026-03-28,16:00,sk-brann,SK Brann,rosenborg-bk,Rosenborg BK,1,1,,,Played,D,NOR
2026,NO-TS,Toppserien,206119,1,-,,206119-3-molde,2026-04-01,14:00,molde,Molde,lyn,Lyn,0,0,,,Played,D,NOR
2026,NO-TS,Toppserien,206119,1,-,,206119-3-bod-glimt,2026-04-01,16:00,bod-glimt,Bodø/Glimt,sk-brann,SK Brann,1,4,,,Played,A,NOR
2026,NO-TS,Toppserien,206119,1,-,,206119-3-haugesund,2026-04-01,16:00,haugesund,Haugesund,aafk-kvinner,AaFK Kvinner,3,1,,,Played,H,NOR
2026,NO-TS,Toppserien,206119,1,-,,206119-3-lsk-kvinner,2026-04-01,16:00,lsk-kvinner,LSK Kvinner,stab-k,Stabæk,0,3,,,Played,A,NOR
2026,NO-TS,Toppserien,206119,1,-,,206119-3-rosenborg-bk,2026-04-01,16:00,rosenborg-bk,Rosenborg BK,h-nefoss-bk,Hønefoss BK,2,0,,,Played,H,NOR
2026,NO-TS,Toppserien,206119,1,-,,206119-3-v-lerenga-fotball,2026-04-01,16:00,v-lerenga-fotball,Vålerenga Fotball,r-a-fotball-elite,Røa Fotball Elite,4,0,,,Played,H,NOR
2026,NO-TS,Toppserien,206119,1,-,,206119-4-aafk-kvinner,2026-04-24,18:00,aafk-kvinner,AaFK Kvinner,rosenborg-bk,Rosenborg BK,1,0,,,Played,H,NOR
2026,NO-TS,Toppserien,206119,1,-,,206119-4-h-nefoss-bk,2026-04-25,14:00,h-nefoss-bk,Hønefoss BK,haugesund,Haugesund,2,3,,,Played,A,NOR
2026,NO-TS,Toppserien,206119,1,-,,206119-4-lsk-kvinner,2026-04-25,14:00,lsk-kvinner,LSK Kvinner,molde,Molde,1,3,,,Played,A,NOR
2026,NO-TS,Toppserien,206119,1,-,,206119-4-lyn,2026-04-25,14:00,lyn,Lyn,bod-glimt,Bodø/Glimt,9,0,,,Played,H,NOR
2026,NO-TS,Toppserien,206119,1,-,,206119-4-r-a-fotball-elite,2026-04-25,14:00,r-a-fotball-elite,Røa Fotball Elite,sk-brann,SK Brann,0,2,,,Played,A,NOR
2026,NO-TS,Toppserien,206119,1,-,,206119-4-stab-k,2026-04-25,14:00,stab-k,Stabæk,v-lerenga-fotball,Vålerenga Fotball,0,0,,,Played,D,NOR
2026,NO-TS,Toppserien,206119,1,-,,206119-5-haugesund,2026-05-02,14:00,haugesund,Haugesund,lyn,Lyn,0,3,,,Played,A,NOR
2026,NO-TS,Toppserien,206119,1,-,,206119-5-molde,2026-05-02,14:00,molde,Molde,aafk-kvinner,AaFK Kvinner,2,3,,,Played,A,NOR
2026,NO-TS,Toppserien,206119,1,-,,206119-5-r-a-fotball-elite,2026-05-02,14:00,r-a-fotball-elite,Røa Fotball Elite,rosenborg-bk,Rosenborg BK,0,1,,,Played,A,NOR
2026,NO-TS,Toppserien,206119,1,-,,206119-5-v-lerenga-fotball,2026-05-02,16:00,v-lerenga-fotball,Vålerenga Fotball,lsk-kvinner,LSK Kvinner,3,2,,,Played,H,NOR
2026,NO-TS,Toppserien,206119,1,-,,206119-5-sk-brann,2026-05-03,14:30,sk-brann,SK Brann,h-nefoss-bk,Hønefoss BK,6,0,,,Played,H,NOR
2026,NO-TS,Toppserien,206119,1,-,,206119-5-bod-glimt,2026-05-03,18:00,bod-glimt,Bodø/Glimt,stab-k,Stabæk,0,4,,,Played,A,NOR
2026,NO-TS,Toppserien,206119,1,-,,206119-6-sk-brann,2026-05-08,18:00,sk-brann,SK Brann,stab-k,Stabæk,1,0,,,Played,H,NOR
2026,NO-TS,Toppserien,206119,1,-,,206119-6-h-nefoss-bk,2026-05-08,18:00,h-nefoss-bk,Hønefoss BK,v-lerenga-fotball,Vålerenga Fotball,0,3,,,Played,A,NOR
2026,NO-TS,Toppserien,206119,1,-,,206119-6-lsk-kvinner,2026-05-08,18:00,lsk-kvinner,LSK Kvinner,haugesund,Haugesund,2,1,,,Played,H,NOR
2026,NO-TS,Toppserien,206119,1,-,,206119-6-molde,2026-05-08,18:00,molde,Molde,r-a-fotball-elite,Røa Fotball Elite,4,0,,,Played,H,NOR
2026,NO-TS,Toppserien,206119,1,-,,206119-6-rosenborg-bk,2026-05-08,18:00,rosenborg-bk,Rosenborg BK,bod-glimt,Bodø/Glimt,3,0,,,Played,H,NOR
2026,NO-TS,Toppserien,206119,1,-,,206119-6-aafk-kvinner,2026-05-08,18:00,aafk-kvinner,AaFK Kvinner,lyn,Lyn,1,0,,,Played,H,NOR
2026,NO-TS,Toppserien,206119,1,-,,206119-7-bod-glimt,2026-05-15,18:00,bod-glimt,Bodø/Glimt,lsk-kvinner,LSK Kvinner,0,6,,,Played,A,NOR
2026,NO-TS,Toppserien,206119,1,-,,206119-7-haugesund,2026-05-15,18:00,haugesund,Haugesund,sk-brann,SK Brann,0,7,,,Played,A,NOR
2026,NO-TS,Toppserien,206119,1,-,,206119-7-lyn,2026-05-15,18:00,lyn,Lyn,r-a-fotball-elite,Røa Fotball Elite,0,0,,,Played,D,NOR
2026,NO-TS,Toppserien,206119,1,-,,206119-7-stab-k,2026-05-15,18:00,stab-k,Stabæk,rosenborg-bk,Rosenborg BK,1,2,,,Played,A,NOR
2026,NO-TS,Toppserien,206119,1,-,,206119-7-v-lerenga-fotball,2026-05-15,18:00,v-lerenga-fotball,Vålerenga Fotball,molde,Molde,1,2,,,Played,A,NOR
2026,NO-TS,Toppserien,206119,1,-,,206119-7-aafk-kvinner,2026-05-15,18:00,aafk-kvinner,AaFK Kvinner,h-nefoss-bk,Hønefoss BK,2,0,,,Played,H,NOR
2026,NO-TS,Toppserien,206119,1,-,,206119-8-sk-brann,2026-05-26,18:00,sk-brann,SK Brann,lyn,Lyn,4,0,,,Played,H,NOR
2026,NO-TS,Toppserien,206119,1,-,,206119-8-lsk-kvinner,2026-05-26,18:00,lsk-kvinner,LSK Kvinner,h-nefoss-bk,Hønefoss BK,3,2,,,Played,H,NOR
2026,NO-TS,Toppserien,206119,1,-,,206119-8-molde,2026-05-26,18:00,molde,Molde,rosenborg-bk,Rosenborg BK,2,3,,,Played,A,NOR
2026,NO-TS,Toppserien,206119,1,-,,206119-8-r-a-fotball-elite,2026-05-26,18:00,r-a-fotball-elite,Røa Fotball Elite,aafk-kvinner,AaFK Kvinner,2,3,,,Played,A,NOR
2026,NO-TS,Toppserien,206119,1,-,,206119-8-stab-k,2026-05-26,18:00,stab-k,Stabæk,haugesund,Haugesund,3,0,,,Played,H,NOR
2026,NO-TS,Toppserien,206119,1,-,,206119-8-v-lerenga-fotball,2026-05-26,18:00,v-lerenga-fotball,Vålerenga Fotball,bod-glimt,Bodø/Glimt,7,1,,,Played,H,NOR
2026,NO-TS,Toppserien,206119,1,-,,206119-9-h-nefoss-bk,2026-05-29,18:00,h-nefoss-bk,Hønefoss BK,stab-k,Stabæk,1,2,,,Played,A,NOR
2026,NO-TS,Toppserien,206119,1,-,,206119-9-haugesund,2026-05-30,14:00,haugesund,Haugesund,r-a-fotball-elite,Røa Fotball Elite,2,1,,,Played,H,NOR
2026,NO-TS,Toppserien,206119,1,-,,206119-9-aafk-kvinner,2026-05-30,14:00,aafk-kvinner,AaFK Kvinner,sk-brann,SK Brann,1,2,,,Played,A,NOR
2026,NO-TS,Toppserien,206119,1,-,,206119-9-rosenborg-bk,2026-05-30,17:00,rosenborg-bk,Rosenborg BK,lsk-kvinner,LSK Kvinner,0,1,,,Played,A,NOR
2026,NO-TS,Toppserien,206119,1,-,,206119-9-lyn,2026-05-31,14:30,lyn,Lyn,v-lerenga-fotball,Vålerenga Fotball,2,0,,,Played,H,NOR
2026,NO-TS,Toppserien,206119,1,-,,206119-10-haugesund,2026-06-13,13:30,haugesund,Haugesund,bod-glimt,Bodø/Glimt,2,1,,,Played,H,NOR
2026,NO-TS,Toppserien,206119,1,-,,206119-10-lsk-kvinner,2026-06-13,13:30,lsk-kvinner,LSK Kvinner,aafk-kvinner,AaFK Kvinner,0,3,,,Played,A,NOR
2026,NO-TS,Toppserien,206119,1,-,,206119-10-lyn,2026-06-13,13:30,lyn,Lyn,rosenborg-bk,Rosenborg BK,4,4,,,Played,D,NOR
2026,NO-TS,Toppserien,206119,1,-,,206119-10-r-a-fotball-elite,2026-06-13,13:30,r-a-fotball-elite,Røa Fotball Elite,h-nefoss-bk,Hønefoss BK,1,1,,,Played,D,NOR
2026,NO-TS,Toppserien,206119,1,-,,206119-10-stab-k,2026-06-13,13:30,stab-k,Stabæk,molde,Molde,2,1,,,Played,H,NOR
2026,NO-TS,Toppserien,206119,1,-,,206119-10-v-lerenga-fotball,2026-06-13,16:00,v-lerenga-fotball,Vålerenga Fotball,sk-brann,SK Brann,0,3,,,Played,A,NOR
2026,NO-TS,Toppserien,206119,1,-,,206119-11-aafk-kvinner,2026-06-20,12:00,aafk-kvinner,AaFK Kvinner,bod-glimt,Bodø/Glimt,8,1,,,Played,H,NOR
2026,NO-TS,Toppserien,206119,1,-,,206119-11-h-nefoss-bk,2026-06-20,14:30,h-nefoss-bk,Hønefoss BK,lyn,Lyn,1,0,,,Played,H,NOR
2026,NO-TS,Toppserien,206119,1,-,,206119-11-molde,2026-06-20,14:30,molde,Molde,haugesund,Haugesund,3,3,,,Played,D,NOR
2026,NO-TS,Toppserien,206119,1,-,,206119-11-stab-k,2026-06-20,16:00,stab-k,Stabæk,r-a-fotball-elite,Røa Fotball Elite,0,1,,,Played,A,NOR
2026,NO-TS,Toppserien,206119,1,-,,206119-11-rosenborg-bk,2026-06-20,17:00,rosenborg-bk,Rosenborg BK,v-lerenga-fotball,Vålerenga Fotball,3,2,,,Played,H,NOR
2026,NO-TS,Toppserien,206119,1,-,,206119-11-sk-brann,2026-06-21,14:00,sk-brann,SK Brann,lsk-kvinner,LSK Kvinner,0,0,,,Played,D,NOR
2026,NO-TS,Toppserien,206119,1,-,,206119-14-sk-brann,2026-04-28,18:00,sk-brann,SK Brann,haugesund,Haugesund,2,0,,,Played,H,NOR
2026,NO-TS,Toppserien,206119,1,-,,206119-14-rosenborg-bk,2026-04-29,18:00,rosenborg-bk,Rosenborg BK,molde,Molde,1,0,,,Played,H,NOR
2026,NO-TS,Toppserien,206119,1,-,,206119-14-v-lerenga-fotball,2026-04-29,18:00,v-lerenga-fotball,Vålerenga Fotball,stab-k,Stabæk,3,1,,,Played,H,NOR
2025,NO-1DK,1. divisjon Kvinner,199120,1,-,,199120-1-ik-start-kvinner,2025-03-22,11:30,ik-start-kvinner,IK Start Kvinner,troms-il,Tromsø IL,4,1,,,Played,H,NOR
2025,NO-1DK,1. divisjon Kvinner,199120,1,-,,199120-1-odds-ballklubb,2025-03-22,13:00,odds-ballklubb,Odds Ballklubb,haugesund,Haugesund,2,1,,,Played,H,NOR
2025,NO-1DK,1. divisjon Kvinner,199120,1,-,,199120-1-hamkam,2025-03-22,14:00,hamkam,HamKam,fyllingsdalen,Fyllingsdalen,1,1,,,Played,D,NOR
2025,NO-1DK,1. divisjon Kvinner,199120,1,-,,199120-1-kil-hemne,2025-03-23,13:00,kil-hemne,KIL/Hemne,sane,Åsane,0,1,,,Played,A,NOR
2025,NO-1DK,1. divisjon Kvinner,199120,1,-,,199120-1-aafk-fortuna,2025-03-23,13:00,aafk-fortuna,AaFK Fortuna,viking,Viking,1,0,,,Played,H,NOR
2025,NO-1DK,1. divisjon Kvinner,199120,1,-,,199120-1-molde,2025-03-23,16:00,molde,Molde,arna-bj-rnar,Arna-Bjørnar,3,1,,,Played,H,NOR
2025,NO-1DK,1. divisjon Kvinner,199120,1,-,,199120-2-haugesund,2025-03-29,12:00,haugesund,Haugesund,kil-hemne,KIL/Hemne,2,0,,,Played,H,NOR
2025,NO-1DK,1. divisjon Kvinner,199120,1,-,,199120-2-viking,2025-03-29,13:00,viking,Viking,odds-ballklubb,Odds Ballklubb,2,4,,,Played,A,NOR
2025,NO-1DK,1. divisjon Kvinner,199120,1,-,,199120-2-troms-il,2025-03-29,14:00,troms-il,Tromsø IL,molde,Molde,1,3,,,Played,A,NOR
2025,NO-1DK,1. divisjon Kvinner,199120,1,-,,199120-2-fyllingsdalen,2025-03-30,15:00,fyllingsdalen,Fyllingsdalen,ik-start-kvinner,IK Start Kvinner,1,0,,,Played,H,NOR
2025,NO-1DK,1. divisjon Kvinner,199120,1,-,,199120-2-sane,2025-03-30,15:00,sane,Åsane,aafk-fortuna,AaFK Fortuna,0,0,,,Played,D,NOR
2025,NO-1DK,1. divisjon Kvinner,199120,1,-,,199120-2-arna-bj-rnar,2025-03-30,15:30,arna-bj-rnar,Arna-Bjørnar,hamkam,HamKam,2,0,,,Played,H,NOR
2025,NO-1DK,1. divisjon Kvinner,199120,1,-,,199120-3-hamkam,2025-04-12,15:00,hamkam,HamKam,viking,Viking,0,2,,,Played,A,NOR
2025,NO-1DK,1. divisjon Kvinner,199120,1,-,,199120-3-ik-start-kvinner,2025-04-12,15:00,ik-start-kvinner,IK Start Kvinner,haugesund,Haugesund,1,1,,,Played,D,NOR
2025,NO-1DK,1. divisjon Kvinner,199120,1,-,,199120-3-odds-ballklubb,2025-04-12,16:00,odds-ballklubb,Odds Ballklubb,sane,Åsane,0,0,,,Played,D,NOR
2025,NO-1DK,1. divisjon Kvinner,199120,1,-,,199120-3-kil-hemne,2025-04-13,12:00,kil-hemne,KIL/Hemne,arna-bj-rnar,Arna-Bjørnar,1,2,,,Played,A,NOR
2025,NO-1DK,1. divisjon Kvinner,199120,1,-,,199120-3-molde,2025-04-13,13:00,molde,Molde,fyllingsdalen,Fyllingsdalen,2,2,,,Played,D,NOR
2025,NO-1DK,1. divisjon Kvinner,199120,1,-,,199120-3-aafk-fortuna,2025-04-13,14:00,aafk-fortuna,AaFK Fortuna,troms-il,Tromsø IL,4,1,,,Played,H,NOR
2025,NO-1DK,1. divisjon Kvinner,199120,1,-,,199120-4-viking,2025-04-19,15:00,viking,Viking,ik-start-kvinner,IK Start Kvinner,1,1,,,Played,D,NOR
2025,NO-1DK,1. divisjon Kvinner,199120,1,-,,199120-4-haugesund,2025-04-20,13:00,haugesund,Haugesund,molde,Molde,3,1,,,Played,H,NOR
2025,NO-1DK,1. divisjon Kvinner,199120,1,-,,199120-4-kil-hemne,2025-04-20,13:00,kil-hemne,KIL/Hemne,hamkam,HamKam,2,1,,,Played,H,NOR
2025,NO-1DK,1. divisjon Kvinner,199120,1,-,,199120-4-sane,2025-04-20,14:00,sane,Åsane,troms-il,Tromsø IL,3,0,,,Played,H,NOR
2025,NO-1DK,1. divisjon Kvinner,199120,1,-,,199120-4-odds-ballklubb,2025-04-20,15:00,odds-ballklubb,Odds Ballklubb,aafk-fortuna,AaFK Fortuna,2,5,,,Played,A,NOR
2025,NO-1DK,1. divisjon Kvinner,199120,1,-,,199120-4-arna-bj-rnar,2025-04-22,18:30,arna-bj-rnar,Arna-Bjørnar,fyllingsdalen,Fyllingsdalen,1,0,,,Played,H,NOR
2025,NO-1DK,1. divisjon Kvinner,199120,1,-,,199120-5-fyllingsdalen,2025-04-26,14:00,fyllingsdalen,Fyllingsdalen,haugesund,Haugesund,1,2,,,Played,A,NOR
2025,NO-1DK,1. divisjon Kvinner,199120,1,-,,199120-5-troms-il,2025-04-26,14:00,troms-il,Tromsø IL,viking,Viking,1,1,,,Played,D,NOR
2025,NO-1DK,1. divisjon Kvinner,199120,1,-,,199120-5-aafk-fortuna,2025-04-26,14:00,aafk-fortuna,AaFK Fortuna,kil-hemne,KIL/Hemne,1,1,,,Played,D,NOR
2025,NO-1DK,1. divisjon Kvinner,199120,1,-,,199120-5-hamkam,2025-04-26,15:00,hamkam,HamKam,odds-ballklubb,Odds Ballklubb,0,2,,,Played,A,NOR
2025,NO-1DK,1. divisjon Kvinner,199120,1,-,,199120-5-molde,2025-04-27,15:00,molde,Molde,sane,Åsane,3,1,,,Played,H,NOR
2025,NO-1DK,1. divisjon Kvinner,199120,1,-,,199120-5-ik-start-kvinner,2025-04-27,16:00,ik-start-kvinner,IK Start Kvinner,arna-bj-rnar,Arna-Bjørnar,0,1,,,Played,A,NOR
2025,NO-1DK,1. divisjon Kvinner,199120,1,-,,199120-6-viking,2025-05-03,18:00,viking,Viking,molde,Molde,1,6,,,Played,A,NOR
2025,NO-1DK,1. divisjon Kvinner,199120,1,-,,199120-6-sane,2025-05-04,12:00,sane,Åsane,ik-start-kvinner,IK Start Kvinner,3,0,,,Played,H,NOR
2025,NO-1DK,1. divisjon Kvinner,199120,1,-,,199120-6-haugesund,2025-05-04,13:30,haugesund,Haugesund,hamkam,HamKam,0,2,,,Played,A,NOR
2025,NO-1DK,1. divisjon Kvinner,199120,1,-,,199120-6-arna-bj-rnar,2025-05-04,14:00,arna-bj-rnar,Arna-Bjørnar,aafk-fortuna,AaFK Fortuna,1,1,,,Played,D,NOR
2025,NO-1DK,1. divisjon Kvinner,199120,1,-,,199120-6-kil-hemne,2025-05-04,14:00,kil-hemne,KIL/Hemne,troms-il,Tromsø IL,0,0,,,Played,D,NOR
2025,NO-1DK,1. divisjon Kvinner,199120,1,-,,199120-6-odds-ballklubb,2025-05-04,17:00,odds-ballklubb,Odds Ballklubb,fyllingsdalen,Fyllingsdalen,1,3,,,Played,A,NOR
2025,NO-1DK,1. divisjon Kvinner,199120,1,-,,199120-7-hamkam,2025-05-10,14:00,hamkam,HamKam,sane,Åsane,0,3,,,Played,A,NOR
2025,NO-1DK,1. divisjon Kvinner,199120,1,-,,199120-7-molde,2025-05-10,16:00,molde,Molde,kil-hemne,KIL/Hemne,4,1,,,Played,H,NOR
2025,NO-1DK,1. divisjon Kvinner,199120,1,-,,199120-7-troms-il,2025-05-11,12:30,troms-il,Tromsø IL,arna-bj-rnar,Arna-Bjørnar,2,0,,,Played,H,NOR
2025,NO-1DK,1. divisjon Kvinner,199120,1,-,,199120-7-aafk-fortuna,2025-05-11,13:00,aafk-fortuna,AaFK Fortuna,haugesund,Haugesund,1,1,,,Played,D,NOR
2025,NO-1DK,1. divisjon Kvinner,199120,1,-,,199120-7-ik-start-kvinner,2025-05-11,15:00,ik-start-kvinner,IK Start Kvinner,odds-ballklubb,Odds Ballklubb,0,1,,,Played,A,NOR
2025,NO-1DK,1. divisjon Kvinner,199120,1,-,,199120-7-fyllingsdalen,2025-05-11,16:00,fyllingsdalen,Fyllingsdalen,viking,Viking,3,1,,,Played,H,NOR
2025,NO-1DK,1. divisjon Kvinner,199120,1,-,,199120-8-haugesund,2025-05-24,12:00,haugesund,Haugesund,troms-il,Tromsø IL,3,1,,,Played,H,NOR
2025,NO-1DK,1. divisjon Kvinner,199120,1,-,,199120-8-viking,2025-05-24,13:00,viking,Viking,kil-hemne,KIL/Hemne,5,1,,,Played,H,NOR
2025,NO-1DK,1. divisjon Kvinner,199120,1,-,,199120-8-arna-bj-rnar,2025-05-24,14:00,arna-bj-rnar,Arna-Bjørnar,sane,Åsane,0,3,,,Played,A,NOR
2025,NO-1DK,1. divisjon Kvinner,199120,1,-,,199120-8-ik-start-kvinner,2025-05-25,13:00,ik-start-kvinner,IK Start Kvinner,hamkam,HamKam,1,0,,,Played,H,NOR
2025,NO-1DK,1. divisjon Kvinner,199120,1,-,,199120-8-fyllingsdalen,2025-05-25,14:00,fyllingsdalen,Fyllingsdalen,aafk-fortuna,AaFK Fortuna,1,2,,,Played,A,NOR
2025,NO-1DK,1. divisjon Kvinner,199120,1,-,,199120-8-odds-ballklubb,2025-05-25,14:00,odds-ballklubb,Odds Ballklubb,molde,Molde,1,1,,,Played,D,NOR
2025,NO-1DK,1. divisjon Kvinner,199120,1,-,,199120-9-kil-hemne,2025-06-07,13:00,kil-hemne,KIL/Hemne,fyllingsdalen,Fyllingsdalen,4,0,,,Played,H,NOR
2025,NO-1DK,1. divisjon Kvinner,199120,1,-,,199120-9-troms-il,2025-06-07,13:00,troms-il,Tromsø IL,odds-ballklubb,Odds Ballklubb,3,1,,,Played,H,NOR
2025,NO-1DK,1. divisjon Kvinner,199120,1,-,,199120-9-sane,2025-06-07,14:00,sane,Åsane,haugesund,Haugesund,2,2,,,Played,D,NOR
2025,NO-1DK,1. divisjon Kvinner,199120,1,-,,199120-9-arna-bj-rnar,2025-06-07,15:00,arna-bj-rnar,Arna-Bjørnar,viking,Viking,1,0,,,Played,H,NOR
2025,NO-1DK,1. divisjon Kvinner,199120,1,-,,199120-9-aafk-fortuna,2025-06-08,13:30,aafk-fortuna,AaFK Fortuna,ik-start-kvinner,IK Start Kvinner,4,0,,,Played,H,NOR
2025,NO-1DK,1. divisjon Kvinner,199120,1,-,,199120-9-molde,2025-06-08,14:00,molde,Molde,hamkam,HamKam,1,0,,,Played,H,NOR
2025,NO-1DK,1. divisjon Kvinner,199120,1,-,,199120-10-haugesund,2025-06-14,14:00,haugesund,Haugesund,arna-bj-rnar,Arna-Bjørnar,4,2,,,Played,H,NOR
2025,NO-1DK,1. divisjon Kvinner,199120,1,-,,199120-10-viking,2025-06-14,15:00,viking,Viking,sane,Åsane,2,1,,,Played,H,NOR
2025,NO-1DK,1. divisjon Kvinner,199120,1,-,,199120-10-ik-start-kvinner,2025-06-15,10:30,ik-start-kvinner,IK Start Kvinner,molde,Molde,3,1,,,Played,H,NOR
2025,NO-1DK,1. divisjon Kvinner,199120,1,-,,199120-10-fyllingsdalen,2025-06-15,12:30,fyllingsdalen,Fyllingsdalen,troms-il,Tromsø IL,2,0,,,Played,H,NOR
2025,NO-1DK,1. divisjon Kvinner,199120,1,-,,199120-10-odds-ballklubb,2025-06-15,13:00,odds-ballklubb,Odds Ballklubb,kil-hemne,KIL/Hemne,4,1,,,Played,H,NOR
2025,NO-1DK,1. divisjon Kvinner,199120,1,-,,199120-10-hamkam,2025-06-15,15:00,hamkam,HamKam,aafk-fortuna,AaFK Fortuna,0,2,,,Played,A,NOR
2025,NO-1DK,1. divisjon Kvinner,199120,1,-,,199120-11-sane,2025-06-20,18:00,sane,Åsane,fyllingsdalen,Fyllingsdalen,3,0,,,Played,H,NOR
2025,NO-1DK,1. divisjon Kvinner,199120,1,-,,199120-11-arna-bj-rnar,2025-06-21,13:00,arna-bj-rnar,Arna-Bjørnar,odds-ballklubb,Odds Ballklubb,4,2,,,Played,H,NOR
2025,NO-1DK,1. divisjon Kvinner,199120,1,-,,199120-11-viking,2025-06-21,14:00,viking,Viking,haugesund,Haugesund,0,4,,,Played,A,NOR
2025,NO-1DK,1. divisjon Kvinner,199120,1,-,,199120-11-kil-hemne,2025-06-22,12:00,kil-hemne,KIL/Hemne,ik-start-kvinner,IK Start Kvinner,0,0,,,Played,D,NOR
2025,NO-1DK,1. divisjon Kvinner,199120,1,-,,199120-11-troms-il,2025-06-22,15:00,troms-il,Tromsø IL,hamkam,HamKam,4,0,,,Played,H,NOR
2025,NO-1DK,1. divisjon Kvinner,199120,1,-,,199120-11-aafk-fortuna,2025-06-22,17:00,aafk-fortuna,AaFK Fortuna,molde,Molde,2,2,,,Played,D,NOR
2025,NO-1DK,1. divisjon Kvinner,199120,1,-,,199120-12-molde,2025-08-02,11:30,molde,Molde,troms-il,Tromsø IL,4,2,,,Played,H,NOR
2025,NO-1DK,1. divisjon Kvinner,199120,1,-,,199120-12-odds-ballklubb,2025-08-02,13:00,odds-ballklubb,Odds Ballklubb,viking,Viking,1,2,,,Played,A,NOR
2025,NO-1DK,1. divisjon Kvinner,199120,1,-,,199120-12-hamkam,2025-08-02,14:00,hamkam,HamKam,kil-hemne,KIL/Hemne,3,0,,,Played,H,NOR
2025,NO-1DK,1. divisjon Kvinner,199120,1,-,,199120-12-haugesund,2025-08-02,15:00,haugesund,Haugesund,sane,Åsane,2,0,,,Played,H,NOR
2025,NO-1DK,1. divisjon Kvinner,199120,1,-,,199120-12-ik-start-kvinner,2025-08-03,14:00,ik-start-kvinner,IK Start Kvinner,aafk-fortuna,AaFK Fortuna,2,2,,,Played,D,NOR
2025,NO-1DK,1. divisjon Kvinner,199120,1,-,,199120-12-fyllingsdalen,2025-08-03,15:00,fyllingsdalen,Fyllingsdalen,arna-bj-rnar,Arna-Bjørnar,2,0,,,Played,H,NOR
2025,NO-1DK,1. divisjon Kvinner,199120,1,-,,199120-13-sane,2025-08-09,13:00,sane,Åsane,odds-ballklubb,Odds Ballklubb,2,0,,,Played,H,NOR
2025,NO-1DK,1. divisjon Kvinner,199120,1,-,,199120-13-hamkam,2025-08-09,14:00,hamkam,HamKam,molde,Molde,1,3,,,Played,A,NOR
2025,NO-1DK,1. divisjon Kvinner,199120,1,-,,199120-13-kil-hemne,2025-08-09,14:00,kil-hemne,KIL/Hemne,haugesund,Haugesund,1,5,,,Played,A,NOR
2025,NO-1DK,1. divisjon Kvinner,199120,1,-,,199120-13-viking,2025-08-09,14:00,viking,Viking,arna-bj-rnar,Arna-Bjørnar,1,1,,,Played,D,NOR
2025,NO-1DK,1. divisjon Kvinner,199120,1,-,,199120-13-troms-il,2025-08-10,14:00,troms-il,Tromsø IL,ik-start-kvinner,IK Start Kvinner,1,1,,,Played,D,NOR
2025,NO-1DK,1. divisjon Kvinner,199120,1,-,,199120-13-aafk-fortuna,2025-08-10,15:00,aafk-fortuna,AaFK Fortuna,fyllingsdalen,Fyllingsdalen,4,0,,,Played,H,NOR
2025,NO-1DK,1. divisjon Kvinner,199120,1,-,,199120-14-haugesund,2025-08-16,15:00,haugesund,Haugesund,viking,Viking,2,1,,,Played,H,NOR
2025,NO-1DK,1. divisjon Kvinner,199120,1,-,,199120-14-odds-ballklubb,2025-08-16,15:00,odds-ballklubb,Odds Ballklubb,hamkam,HamKam,2,0,,,Played,H,NOR
2025,NO-1DK,1. divisjon Kvinner,199120,1,-,,199120-14-molde,2025-08-16,16:00,molde,Molde,aafk-fortuna,AaFK Fortuna,0,3,,,Played,A,NOR
2025,NO-1DK,1. divisjon Kvinner,199120,1,-,,199120-14-arna-bj-rnar,2025-08-17,12:30,arna-bj-rnar,Arna-Bjørnar,troms-il,Tromsø IL,5,5,,,Played,D,NOR
2025,NO-1DK,1. divisjon Kvinner,199120,1,-,,199120-14-ik-start-kvinner,2025-08-17,13:00,ik-start-kvinner,IK Start Kvinner,kil-hemne,KIL/Hemne,2,0,,,Played,H,NOR
2025,NO-1DK,1. divisjon Kvinner,199120,1,-,,199120-14-fyllingsdalen,2025-08-17,15:00,fyllingsdalen,Fyllingsdalen,sane,Åsane,0,0,,,Played,D,NOR
2025,NO-1DK,1. divisjon Kvinner,199120,1,-,,199120-15-hamkam,2025-08-23,14:00,hamkam,HamKam,ik-start-kvinner,IK Start Kvinner,1,0,,,Played,H,NOR
2025,NO-1DK,1. divisjon Kvinner,199120,1,-,,199120-15-sane,2025-08-23,14:00,sane,Åsane,arna-bj-rnar,Arna-Bjørnar,2,2,,,Played,D,NOR
2025,NO-1DK,1. divisjon Kvinner,199120,1,-,,199120-15-troms-il,2025-08-24,13:00,troms-il,Tromsø IL,haugesund,Haugesund,1,4,,,Played,A,NOR
2025,NO-1DK,1. divisjon Kvinner,199120,1,-,,199120-15-aafk-fortuna,2025-08-24,13:00,aafk-fortuna,AaFK Fortuna,odds-ballklubb,Odds Ballklubb,2,1,,,Played,H,NOR
2025,NO-1DK,1. divisjon Kvinner,199120,1,-,,199120-15-kil-hemne,2025-08-24,15:00,kil-hemne,KIL/Hemne,molde,Molde,1,1,,,Played,D,NOR
2025,NO-1DK,1. divisjon Kvinner,199120,1,-,,199120-15-viking,2025-08-24,15:00,viking,Viking,fyllingsdalen,Fyllingsdalen,3,1,,,Played,H,NOR
2025,NO-1DK,1. divisjon Kvinner,199120,1,-,,199120-16-molde,2025-08-30,11:30,molde,Molde,ik-start-kvinner,IK Start Kvinner,4,1,,,Played,H,NOR
2025,NO-1DK,1. divisjon Kvinner,199120,1,-,,199120-16-arna-bj-rnar,2025-08-30,13:30,arna-bj-rnar,Arna-Bjørnar,kil-hemne,KIL/Hemne,4,0,,,Played,H,NOR
2025,NO-1DK,1. divisjon Kvinner,199120,1,-,,199120-16-odds-ballklubb,2025-08-31,12:00,odds-ballklubb,Odds Ballklubb,troms-il,Tromsø IL,1,1,,,Played,D,NOR
2025,NO-1DK,1. divisjon Kvinner,199120,1,-,,199120-16-haugesund,2025-08-31,14:00,haugesund,Haugesund,aafk-fortuna,AaFK Fortuna,2,1,,,Played,H,NOR
2025,NO-1DK,1. divisjon Kvinner,199120,1,-,,199120-16-fyllingsdalen,2025-08-31,15:30,fyllingsdalen,Fyllingsdalen,hamkam,HamKam,3,2,,,Played,H,NOR
2025,NO-1DK,1. divisjon Kvinner,199120,1,-,,199120-16-sane,2025-08-31,16:00,sane,Åsane,viking,Viking,4,1,,,Played,H,NOR
2025,NO-1DK,1. divisjon Kvinner,199120,1,-,,199120-17-molde,2025-09-06,12:00,molde,Molde,viking,Viking,4,1,,,Played,H,NOR
2025,NO-1DK,1. divisjon Kvinner,199120,1,-,,199120-17-kil-hemne,2025-09-07,12:00,kil-hemne,KIL/Hemne,odds-ballklubb,Odds Ballklubb,1,1,,,Played,D,NOR
2025,NO-1DK,1. divisjon Kvinner,199120,1,-,,199120-17-hamkam,2025-09-07,13:00,hamkam,HamKam,haugesund,Haugesund,0,1,,,Played,A,NOR
2025,NO-1DK,1. divisjon Kvinner,199120,1,-,,199120-17-troms-il,2025-09-07,13:00,troms-il,Tromsø IL,fyllingsdalen,Fyllingsdalen,2,4,,,Played,A,NOR
2025,NO-1DK,1. divisjon Kvinner,199120,1,-,,199120-17-ik-start-kvinner,2025-09-07,16:00,ik-start-kvinner,IK Start Kvinner,sane,Åsane,0,3,,,Played,A,NOR
2025,NO-1DK,1. divisjon Kvinner,199120,1,-,,199120-17-aafk-fortuna,2025-09-07,16:00,aafk-fortuna,AaFK Fortuna,arna-bj-rnar,Arna-Bjørnar,3,1,,,Played,H,NOR
2025,NO-1DK,1. divisjon Kvinner,199120,1,-,,199120-18-sane,2025-09-13,13:30,sane,Åsane,kil-hemne,KIL/Hemne,3,2,,,Played,H,NOR
2025,NO-1DK,1. divisjon Kvinner,199120,1,-,,199120-18-aafk-fortuna,2025-09-14,13:00,aafk-fortuna,AaFK Fortuna,hamkam,HamKam,4,0,,,Played,H,NOR
2025,NO-1DK,1. divisjon Kvinner,199120,1,-,,199120-18-arna-bj-rnar,2025-09-14,14:00,arna-bj-rnar,Arna-Bjørnar,haugesund,Haugesund,3,3,,,Played,D,NOR
2025,NO-1DK,1. divisjon Kvinner,199120,1,-,,199120-18-fyllingsdalen,2025-09-14,14:00,fyllingsdalen,Fyllingsdalen,molde,Molde,1,1,,,Played,D,NOR
2025,NO-1DK,1. divisjon Kvinner,199120,1,-,,199120-18-odds-ballklubb,2025-09-14,15:00,odds-ballklubb,Odds Ballklubb,ik-start-kvinner,IK Start Kvinner,0,2,,,Played,A,NOR
2025,NO-1DK,1. divisjon Kvinner,199120,1,-,,199120-18-viking,2025-09-28,13:00,viking,Viking,troms-il,Tromsø IL,1,2,,,Played,A,NOR
2025,NO-1DK,1. divisjon Kvinner,199120,1,-,,199120-19-haugesund,2025-09-20,14:00,haugesund,Haugesund,fyllingsdalen,Fyllingsdalen,4,1,,,Played,H,NOR
2025,NO-1DK,1. divisjon Kvinner,199120,1,-,,199120-19-ik-start-kvinner,2025-09-20,14:00,ik-start-kvinner,IK Start Kvinner,viking,Viking,0,2,,,Played,A,NOR
2025,NO-1DK,1. divisjon Kvinner,199120,1,-,,199120-19-troms-il,2025-09-20,14:00,troms-il,Tromsø IL,sane,Åsane,4,1,,,Played,H,NOR
2025,NO-1DK,1. divisjon Kvinner,199120,1,-,,199120-19-hamkam,2025-09-20,15:00,hamkam,HamKam,arna-bj-rnar,Arna-Bjørnar,0,4,,,Played,A,NOR
2025,NO-1DK,1. divisjon Kvinner,199120,1,-,,199120-19-molde,2025-09-21,13:00,molde,Molde,odds-ballklubb,Odds Ballklubb,3,1,,,Played,H,NOR
2025,NO-1DK,1. divisjon Kvinner,199120,1,-,,199120-19-kil-hemne,2025-09-21,15:00,kil-hemne,KIL/Hemne,aafk-fortuna,AaFK Fortuna,0,3,,,Played,A,NOR
2025,NO-1DK,1. divisjon Kvinner,199120,1,-,,199120-20-viking,2025-10-04,12:30,viking,Viking,hamkam,HamKam,2,1,,,Played,H,NOR
2025,NO-1DK,1. divisjon Kvinner,199120,1,-,,199120-20-haugesund,2025-10-04,13:00,haugesund,Haugesund,odds-ballklubb,Odds Ballklubb,4,0,,,Played,H,NOR
2025,NO-1DK,1. divisjon Kvinner,199120,1,-,,199120-20-fyllingsdalen,2025-10-04,13:30,fyllingsdalen,Fyllingsdalen,kil-hemne,KIL/Hemne,0,2,,,Played,A,NOR
2025,NO-1DK,1. divisjon Kvinner,199120,1,-,,199120-20-troms-il,2025-10-05,13:00,troms-il,Tromsø IL,aafk-fortuna,AaFK Fortuna,0,2,,,Played,A,NOR
2025,NO-1DK,1. divisjon Kvinner,199120,1,-,,199120-20-sane,2025-10-05,14:00,sane,Åsane,molde,Molde,1,3,,,Played,A,NOR
2025,NO-1DK,1. divisjon Kvinner,199120,1,-,,199120-20-arna-bj-rnar,2025-10-05,15:00,arna-bj-rnar,Arna-Bjørnar,ik-start-kvinner,IK Start Kvinner,1,1,,,Played,D,NOR
2025,NO-1DK,1. divisjon Kvinner,199120,1,-,,199120-21-kil-hemne,2025-10-11,13:00,kil-hemne,KIL/Hemne,viking,Viking,1,1,,,Played,D,NOR
2025,NO-1DK,1. divisjon Kvinner,199120,1,-,,199120-21-molde,2025-10-12,13:00,molde,Molde,haugesund,Haugesund,2,1,,,Played,H,NOR
2025,NO-1DK,1. divisjon Kvinner,199120,1,-,,199120-21-odds-ballklubb,2025-10-12,13:00,odds-ballklubb,Odds Ballklubb,arna-bj-rnar,Arna-Bjørnar,0,3,,,Played,A,NOR
2025,NO-1DK,1. divisjon Kvinner,199120,1,-,,199120-21-aafk-fortuna,2025-10-12,13:00,aafk-fortuna,AaFK Fortuna,sane,Åsane,2,0,,,Played,H,NOR
2025,NO-1DK,1. divisjon Kvinner,199120,1,-,,199120-21-hamkam,2025-10-12,14:00,hamkam,HamKam,troms-il,Tromsø IL,1,4,,,Played,A,NOR
2025,NO-1DK,1. divisjon Kvinner,199120,1,-,,199120-21-ik-start-kvinner,2025-10-12,15:00,ik-start-kvinner,IK Start Kvinner,fyllingsdalen,Fyllingsdalen,1,1,,,Played,D,NOR
2025,NO-1DK,1. divisjon Kvinner,199120,1,-,,199120-22-arna-bj-rnar,2025-10-18,13:00,arna-bj-rnar,Arna-Bjørnar,molde,Molde,3,2,,,Played,H,NOR
2025,NO-1DK,1. divisjon Kvinner,199120,1,-,,199120-22-fyllingsdalen,2025-10-18,13:00,fyllingsdalen,Fyllingsdalen,odds-ballklubb,Odds Ballklubb,1,2,,,Played,A,NOR
2025,NO-1DK,1. divisjon Kvinner,199120,1,-,,199120-22-haugesund,2025-10-18,13:00,haugesund,Haugesund,ik-start-kvinner,IK Start Kvinner,2,3,,,Played,A,NOR
2025,NO-1DK,1. divisjon Kvinner,199120,1,-,,199120-22-troms-il,2025-10-18,13:00,troms-il,Tromsø IL,kil-hemne,KIL/Hemne,3,0,,,Played,H,NOR
2025,NO-1DK,1. divisjon Kvinner,199120,1,-,,199120-22-viking,2025-10-18,13:00,viking,Viking,aafk-fortuna,AaFK Fortuna,0,5,,,Played,A,NOR
2025,NO-1DK,1. divisjon Kvinner,199120,1,-,,199120-22-sane,2025-10-18,13:00,sane,Åsane,hamkam,HamKam,4,0,,,Played,H,NOR
2026,NO-1DK,1. divisjon Kvinner,206107,1,-,,206107-1-arna-bj-rnar,2026-03-21,13:00,arna-bj-rnar,Arna-Bjørnar,odds-ballklubb,Odds Ballklubb,1,0,,,Played,H,NOR
2026,NO-1DK,1. divisjon Kvinner,206107,1,-,,206107-1-bryne,2026-03-21,14:00,bryne,Bryne,viking,Viking,0,4,,,Played,A,NOR
2026,NO-1DK,1. divisjon Kvinner,206107,1,-,,206107-1-troms-il,2026-03-21,15:00,troms-il,Tromsø IL,frigg,Frigg,3,0,,,Played,H,NOR
2026,NO-1DK,1. divisjon Kvinner,206107,1,-,,206107-1-grei,2026-03-21,16:00,grei,Grei,sane,Åsane,0,1,,,Played,A,NOR
2026,NO-1DK,1. divisjon Kvinner,206107,1,-,,206107-1-fyllingsdalen,2026-03-22,13:00,fyllingsdalen,Fyllingsdalen,ik-start-kvinner,IK Start Kvinner,1,3,,,Played,A,NOR
2026,NO-1DK,1. divisjon Kvinner,206107,1,-,,206107-1-klepp,2026-03-22,16:00,klepp,Klepp,kolbotn-il-elite,Kolbotn IL Elite,1,2,,,Played,A,NOR
2026,NO-1DK,1. divisjon Kvinner,206107,1,-,,206107-2-ik-start-kvinner,2026-03-28,15:00,ik-start-kvinner,IK Start Kvinner,bryne,Bryne,2,0,,,Played,H,NOR
2026,NO-1DK,1. divisjon Kvinner,206107,1,-,,206107-2-viking,2026-03-28,15:00,viking,Viking,arna-bj-rnar,Arna-Bjørnar,0,0,,,Played,D,NOR
2026,NO-1DK,1. divisjon Kvinner,206107,1,-,,206107-2-sane,2026-03-28,15:00,sane,Åsane,klepp,Klepp,7,0,,,Played,H,NOR
2026,NO-1DK,1. divisjon Kvinner,206107,1,-,,206107-2-frigg,2026-03-29,14:00,frigg,Frigg,grei,Grei,1,5,,,Played,A,NOR
2026,NO-1DK,1. divisjon Kvinner,206107,1,-,,206107-2-kolbotn-il-elite,2026-03-29,14:00,kolbotn-il-elite,Kolbotn IL Elite,fyllingsdalen,Fyllingsdalen,5,1,,,Played,H,NOR
2026,NO-1DK,1. divisjon Kvinner,206107,1,-,,206107-2-odds-ballklubb,2026-03-29,14:00,odds-ballklubb,Odds Ballklubb,troms-il,Tromsø IL,0,1,,,Played,A,NOR
2026,NO-1DK,1. divisjon Kvinner,206107,1,-,,206107-3-grei,2026-04-18,15:00,grei,Grei,viking,Viking,1,3,,,Played,A,NOR
2026,NO-1DK,1. divisjon Kvinner,206107,1,-,,206107-3-fyllingsdalen,2026-04-19,12:45,fyllingsdalen,Fyllingsdalen,frigg,Frigg,2,0,,,Played,H,NOR
2026,NO-1DK,1. divisjon Kvinner,206107,1,-,,206107-3-klepp,2026-04-19,13:00,klepp,Klepp,odds-ballklubb,Odds Ballklubb,1,2,,,Played,A,NOR
2026,NO-1DK,1. divisjon Kvinner,206107,1,-,,206107-3-troms-il,2026-04-19,13:00,troms-il,Tromsø IL,ik-start-kvinner,IK Start Kvinner,0,0,,,Played,D,NOR
2026,NO-1DK,1. divisjon Kvinner,206107,1,-,,206107-3-bryne,2026-04-19,16:00,bryne,Bryne,sane,Åsane,0,0,,,Played,D,NOR
2026,NO-1DK,1. divisjon Kvinner,206107,1,-,,206107-3-arna-bj-rnar,2026-05-25,16:00,arna-bj-rnar,Arna-Bjørnar,kolbotn-il-elite,Kolbotn IL Elite,1,1,,,Played,D,NOR
2026,NO-1DK,1. divisjon Kvinner,206107,1,-,,206107-4-viking,2026-04-25,14:00,viking,Viking,klepp,Klepp,5,0,,,Played,H,NOR
2026,NO-1DK,1. divisjon Kvinner,206107,1,-,,206107-4-kolbotn-il-elite,2026-04-25,14:30,kolbotn-il-elite,Kolbotn IL Elite,troms-il,Tromsø IL,0,3,,,Played,A,NOR
2026,NO-1DK,1. divisjon Kvinner,206107,1,-,,206107-4-frigg,2026-04-25,15:00,frigg,Frigg,arna-bj-rnar,Arna-Bjørnar,0,3,,,Played,A,NOR
2026,NO-1DK,1. divisjon Kvinner,206107,1,-,,206107-4-ik-start-kvinner,2026-04-25,16:00,ik-start-kvinner,IK Start Kvinner,sane,Åsane,2,2,,,Played,D,NOR
2026,NO-1DK,1. divisjon Kvinner,206107,1,-,,206107-4-grei,2026-04-26,14:00,grei,Grei,fyllingsdalen,Fyllingsdalen,3,1,,,Played,H,NOR
2026,NO-1DK,1. divisjon Kvinner,206107,1,-,,206107-4-odds-ballklubb,2026-04-26,15:00,odds-ballklubb,Odds Ballklubb,bryne,Bryne,1,1,,,Played,D,NOR
2026,NO-1DK,1. divisjon Kvinner,206107,1,-,,206107-5-arna-bj-rnar,2026-05-01,14:00,arna-bj-rnar,Arna-Bjørnar,fyllingsdalen,Fyllingsdalen,2,1,,,Played,H,NOR
2026,NO-1DK,1. divisjon Kvinner,206107,1,-,,206107-5-troms-il,2026-05-02,13:15,troms-il,Tromsø IL,viking,Viking,1,2,,,Played,A,NOR
2026,NO-1DK,1. divisjon Kvinner,206107,1,-,,206107-5-ik-start-kvinner,2026-05-02,14:00,ik-start-kvinner,IK Start Kvinner,odds-ballklubb,Odds Ballklubb,2,1,,,Played,H,NOR
2026,NO-1DK,1. divisjon Kvinner,206107,1,-,,206107-5-bryne,2026-05-03,13:30,bryne,Bryne,frigg,Frigg,2,0,,,Played,H,NOR
2026,NO-1DK,1. divisjon Kvinner,206107,1,-,,206107-5-klepp,2026-05-03,13:45,klepp,Klepp,grei,Grei,5,4,,,Played,H,NOR
2026,NO-1DK,1. divisjon Kvinner,206107,1,-,,206107-5-sane,2026-05-03,16:00,sane,Åsane,kolbotn-il-elite,Kolbotn IL Elite,2,1,,,Played,H,NOR
2026,NO-1DK,1. divisjon Kvinner,206107,1,-,,206107-6-fyllingsdalen,2026-05-09,13:00,fyllingsdalen,Fyllingsdalen,troms-il,Tromsø IL,1,7,,,Played,A,NOR
2026,NO-1DK,1. divisjon Kvinner,206107,1,-,,206107-6-grei,2026-05-09,14:00,grei,Grei,arna-bj-rnar,Arna-Bjørnar,2,4,,,Played,A,NOR
2026,NO-1DK,1. divisjon Kvinner,206107,1,-,,206107-6-kolbotn-il-elite,2026-05-09,14:00,kolbotn-il-elite,Kolbotn IL Elite,bryne,Bryne,0,1,,,Played,A,NOR
2026,NO-1DK,1. divisjon Kvinner,206107,1,-,,206107-6-frigg,2026-05-09,14:30,frigg,Frigg,klepp,Klepp,3,2,,,Played,H,NOR
2026,NO-1DK,1. divisjon Kvinner,206107,1,-,,206107-6-viking,2026-05-09,15:00,viking,Viking,ik-start-kvinner,IK Start Kvinner,3,4,,,Played,A,NOR
2026,NO-1DK,1. divisjon Kvinner,206107,1,-,,206107-6-odds-ballklubb,2026-05-09,17:00,odds-ballklubb,Odds Ballklubb,sane,Åsane,2,2,,,Played,D,NOR
2026,NO-1DK,1. divisjon Kvinner,206107,1,-,,206107-7-viking,2026-05-15,16:15,viking,Viking,frigg,Frigg,3,0,,,Played,H,NOR
2026,NO-1DK,1. divisjon Kvinner,206107,1,-,,206107-7-ik-start-kvinner,2026-05-15,18:00,ik-start-kvinner,IK Start Kvinner,kolbotn-il-elite,Kolbotn IL Elite,2,1,,,Played,H,NOR
2026,NO-1DK,1. divisjon Kvinner,206107,1,-,,206107-7-odds-ballklubb,2026-05-15,18:30,odds-ballklubb,Odds Ballklubb,fyllingsdalen,Fyllingsdalen,2,1,,,Played,H,NOR
2026,NO-1DK,1. divisjon Kvinner,206107,1,-,,206107-7-troms-il,2026-05-16,13:00,troms-il,Tromsø IL,grei,Grei,1,1,,,Played,D,NOR
2026,NO-1DK,1. divisjon Kvinner,206107,1,-,,206107-7-sane,2026-05-16,13:00,sane,Åsane,arna-bj-rnar,Arna-Bjørnar,2,1,,,Played,H,NOR
2026,NO-1DK,1. divisjon Kvinner,206107,1,-,,206107-7-bryne,2026-05-23,14:00,bryne,Bryne,klepp,Klepp,1,2,,,Played,A,NOR
2026,NO-1DK,1. divisjon Kvinner,206107,1,-,,206107-8-grei,2026-05-30,13:30,grei,Grei,bryne,Bryne,0,2,,,Played,A,NOR
2026,NO-1DK,1. divisjon Kvinner,206107,1,-,,206107-8-fyllingsdalen,2026-05-30,16:00,fyllingsdalen,Fyllingsdalen,viking,Viking,1,5,,,Played,A,NOR
2026,NO-1DK,1. divisjon Kvinner,206107,1,-,,206107-8-klepp,2026-05-31,14:00,klepp,Klepp,ik-start-kvinner,IK Start Kvinner,0,2,,,Played,A,NOR
2026,NO-1DK,1. divisjon Kvinner,206107,1,-,,206107-8-kolbotn-il-elite,2026-05-31,14:00,kolbotn-il-elite,Kolbotn IL Elite,odds-ballklubb,Odds Ballklubb,1,1,,,Played,D,NOR
2026,NO-1DK,1. divisjon Kvinner,206107,1,-,,206107-8-arna-bj-rnar,2026-05-31,15:00,arna-bj-rnar,Arna-Bjørnar,troms-il,Tromsø IL,1,3,,,Played,A,NOR
2026,NO-1DK,1. divisjon Kvinner,206107,1,-,,206107-8-frigg,2026-05-31,15:00,frigg,Frigg,sane,Åsane,0,1,,,Played,A,NOR
2026,NO-1DK,1. divisjon Kvinner,206107,1,-,,206107-9-odds-ballklubb,2026-06-13,13:00,odds-ballklubb,Odds Ballklubb,viking,Viking,3,3,,,Played,D,NOR
2026,NO-1DK,1. divisjon Kvinner,206107,1,-,,206107-9-sane,2026-06-13,15:00,sane,Åsane,fyllingsdalen,Fyllingsdalen,1,0,,,Played,H,NOR
2026,NO-1DK,1. divisjon Kvinner,206107,1,-,,206107-9-bryne,2026-06-14,14:00,bryne,Bryne,troms-il,Tromsø IL,2,1,,,Played,H,NOR
2026,NO-1DK,1. divisjon Kvinner,206107,1,-,,206107-9-kolbotn-il-elite,2026-06-14,14:00,kolbotn-il-elite,Kolbotn IL Elite,frigg,Frigg,5,0,,,Played,H,NOR
2026,NO-1DK,1. divisjon Kvinner,206107,1,-,,206107-9-klepp,2026-06-14,15:00,klepp,Klepp,arna-bj-rnar,Arna-Bjørnar,1,9,,,Played,A,NOR
2026,NO-1DK,1. divisjon Kvinner,206107,1,-,,206107-9-ik-start-kvinner,2026-06-14,15:00,ik-start-kvinner,IK Start Kvinner,grei,Grei,4,2,,,Played,H,NOR
2026,NO-1DK,1. divisjon Kvinner,206107,1,-,,206107-10-fyllingsdalen,2026-06-20,17:00,fyllingsdalen,Fyllingsdalen,klepp,Klepp,2,0,,,Played,H,NOR
2026,NO-1DK,1. divisjon Kvinner,206107,1,-,,206107-10-grei,2026-06-21,14:00,grei,Grei,odds-ballklubb,Odds Ballklubb,1,3,,,Played,A,NOR
2026,NO-1DK,1. divisjon Kvinner,206107,1,-,,206107-10-frigg,2026-06-21,15:00,frigg,Frigg,ik-start-kvinner,IK Start Kvinner,1,3,,,Played,A,NOR
2026,NO-1DK,1. divisjon Kvinner,206107,1,-,,206107-10-arna-bj-rnar,2026-06-21,15:30,arna-bj-rnar,Arna-Bjørnar,bryne,Bryne,3,0,,,Played,H,NOR
2026,NO-1DK,1. divisjon Kvinner,206107,1,-,,206107-10-troms-il,2026-06-21,16:00,troms-il,Tromsø IL,sane,Åsane,0,2,,,Played,A,NOR
2026,NO-1DK,1. divisjon Kvinner,206107,1,-,,206107-10-viking,2026-06-21,17:00,viking,Viking,kolbotn-il-elite,Kolbotn IL Elite,3,1,,,Played,H,NOR
2026,NO-1DK,1. divisjon Kvinner,206107,1,-,,206107-11-bryne,2026-06-27,13:00,bryne,Bryne,fyllingsdalen,Fyllingsdalen,0,1,,,Played,A,NOR
2026,NO-1DK,1. divisjon Kvinner,206107,1,-,,206107-11-odds-ballklubb,2026-06-27,14:00,odds-ballklubb,Odds Ballklubb,frigg,Frigg,1,0,,,Played,H,NOR
2026,NO-1DK,1. divisjon Kvinner,206107,1,-,,206107-11-kolbotn-il-elite,2026-06-28,14:00,kolbotn-il-elite,Kolbotn IL Elite,grei,Grei,0,3,,,Played,A,NOR
2026,NO-1DK,1. divisjon Kvinner,206107,1,-,,206107-11-ik-start-kvinner,2026-06-28,14:00,ik-start-kvinner,IK Start Kvinner,arna-bj-rnar,Arna-Bjørnar,1,0,,,Played,H,NOR
