season,league_code,league_name,competition_id,group_id,group_name,round,match_id,date,time,home_team_id,home_team,away_team_id,away_team,home_goals,away_goals,ht_home,ht_away,status,result,country
2025,SW-AL,Allsvenskan,123864,1,-,,6143385,2025-11-09,15:00,aik,AIK,halmstad,Halmstad,0,2,,,Played,A,SWE
2025,SW-AL,Allsvenskan,123864,1,-,,6143386,2025-11-09,15:00,hammarby,Hammarby,if-elfsborg,IF Elfsborg,3,0,,,Played,H,SWE
2025,SW-AL,Allsvenskan,123864,1,-,,6143387,2025-11-09,15:00,if-brommapojkarna,IF Brommapojkarna,degerfors-if,Degerfors IF,1,3,,,Played,A,SWE
2025,SW-AL,Allsvenskan,123864,1,-,,6143388,2025-11-09,15:00,ifk-g-teborg,IFK Göteborg,ifk-norrk-ping-fk,IFK Norrköping FK,2,0,,,Played,H,SWE
2025,SW-AL,Allsvenskan,123864,1,-,,6143389,2025-11-09,15:00,sters-if,Östers IF,djurg-rden,Djurgården,1,3,,,Played,A,SWE
2025,SW-AL,Allsvenskan,123864,1,-,,6143390,2025-11-09,15:00,malm-ff,Malmö FF,gais,GAIS,2,1,,,Played,H,SWE
2025,SW-AL,Allsvenskan,123864,1,-,,6143391,2025-11-09,15:00,mj-llby-aif,Mjällby AIF,bk-h-cken,BK Häcken,1,0,,,Played,H,SWE
2025,SW-AL,Allsvenskan,123864,1,-,,6143392,2025-11-09,15:00,ik-sirius-fk,IK Sirius FK,ifk-v-rnamo,IFK Värnamo,3,1,,,Played,H,SWE
2025,SW-AL,Allsvenskan,123864,1,-,,6143383,2025-11-03,19:00,degerfors-if,Degerfors IF,hammarby,Hammarby,1,1,,,Played,D,SWE
2025,SW-AL,Allsvenskan,123864,1,-,,6143384,2025-11-03,19:00,ifk-v-rnamo,IFK Värnamo,mj-llby-aif,Mjällby AIF,0,5,,,Played,A,SWE
2025,SW-AL,Allsvenskan,123864,1,-,,6143377,2025-11-02,16:30,djurg-rden,Djurgården,ifk-g-teborg,IFK Göteborg,0,0,,,Played,D,SWE
2025,SW-AL,Allsvenskan,123864,1,-,,6143379,2025-11-02,16:30,gais,GAIS,sters-if,Östers IF,1,1,,,Played,D,SWE
2025,SW-AL,Allsvenskan,123864,1,-,,6143378,2025-11-02,14:00,if-elfsborg,IF Elfsborg,aik,AIK,0,3,,,Played,A,SWE
2025,SW-AL,Allsvenskan,123864,1,-,,6143382,2025-11-02,14:00,halmstad,Halmstad,if-brommapojkarna,IF Brommapojkarna,0,0,,,Played,D,SWE
2025,SW-AL,Allsvenskan,123864,1,-,,6143381,2025-11-01,17:30,ifk-norrk-ping-fk,IFK Norrköping FK,ik-sirius-fk,IK Sirius FK,1,2,,,Played,A,SWE
2025,SW-AL,Allsvenskan,123864,1,-,,6143380,2025-11-01,15:00,bk-h-cken,BK Häcken,malm-ff,Malmö FF,1,1,,,Played,D,SWE
2025,SW-AL,Allsvenskan,123864,1,-,,6143373,2025-10-27,19:10,malm-ff,Malmö FF,hammarby,Hammarby,1,3,,,Played,A,SWE
2025,SW-AL,Allsvenskan,123864,1,-,,6143371,2025-10-27,19:00,if-brommapojkarna,IF Brommapojkarna,gais,GAIS,0,2,,,Played,A,SWE
2025,SW-AL,Allsvenskan,123864,1,-,,6143369,2025-10-26,16:30,aik,AIK,bk-h-cken,BK Häcken,2,2,,,Played,D,SWE
2025,SW-AL,Allsvenskan,123864,1,-,,6143376,2025-10-26,16:30,halmstad,Halmstad,ifk-g-teborg,IFK Göteborg,0,3,,,Played,A,SWE
2025,SW-AL,Allsvenskan,123864,1,-,,6143374,2025-10-26,14:00,mj-llby-aif,Mjällby AIF,ifk-norrk-ping-fk,IFK Norrköping FK,2,1,,,Played,H,SWE
2025,SW-AL,Allsvenskan,123864,1,-,,6143375,2025-10-26,14:00,ik-sirius-fk,IK Sirius FK,if-elfsborg,IF Elfsborg,4,0,,,Played,H,SWE
2025,SW-AL,Allsvenskan,123864,1,-,,6143372,2025-10-25,17:30,sters-if,Östers IF,degerfors-if,Degerfors IF,1,2,,,Played,A,SWE
2025,SW-AL,Allsvenskan,123864,1,-,,6143370,2025-10-25,15:00,djurg-rden,Djurgården,ifk-v-rnamo,IFK Värnamo,6,2,,,Played,H,SWE
2025,SW-AL,Allsvenskan,123864,1,-,,6143364,2025-10-20,19:10,ifk-g-teborg,IFK Göteborg,mj-llby-aif,Mjällby AIF,0,2,,,Played,A,SWE
2025,SW-AL,Allsvenskan,123864,1,-,,6143367,2025-10-20,19:00,degerfors-if,Degerfors IF,halmstad,Halmstad,0,1,,,Played,A,SWE
2025,SW-AL,Allsvenskan,123864,1,-,,6143362,2025-10-19,16:30,if-elfsborg,IF Elfsborg,sters-if,Östers IF,5,1,,,Played,H,SWE
2025,SW-AL,Allsvenskan,123864,1,-,,6143368,2025-10-19,16:30,ifk-v-rnamo,IFK Värnamo,if-brommapojkarna,IF Brommapojkarna,1,1,,,Played,D,SWE
2025,SW-AL,Allsvenskan,123864,1,-,,6143361,2025-10-19,14:00,hammarby,Hammarby,aik,AIK,2,1,,,Played,H,SWE
2025,SW-AL,Allsvenskan,123864,1,-,,6143363,2025-10-19,14:00,gais,GAIS,djurg-rden,Djurgården,3,2,,,Played,H,SWE
2025,SW-AL,Allsvenskan,123864,1,-,,6143365,2025-10-18,17:30,bk-h-cken,BK Häcken,ik-sirius-fk,IK Sirius FK,1,1,,,Played,D,SWE
2025,SW-AL,Allsvenskan,123864,1,-,,6143366,2025-10-18,15:00,ifk-norrk-ping-fk,IFK Norrköping FK,malm-ff,Malmö FF,0,2,,,Played,A,SWE
2025,SW-AL,Allsvenskan,123864,1,-,,6143354,2025-10-05,16:30,if-brommapojkarna,IF Brommapojkarna,bk-h-cken,BK Häcken,1,3,,,Played,A,SWE
2025,SW-AL,Allsvenskan,123864,1,-,,6143359,2025-10-05,16:30,ik-sirius-fk,IK Sirius FK,malm-ff,Malmö FF,5,1,,,Played,H,SWE
2025,SW-AL,Allsvenskan,123864,1,-,,6143353,2025-10-05,14:00,aik,AIK,ifk-v-rnamo,IFK Värnamo,2,3,,,Played,A,SWE
2025,SW-AL,Allsvenskan,123864,1,-,,6143356,2025-10-05,14:00,ifk-g-teborg,IFK Göteborg,hammarby,Hammarby,1,2,,,Played,A,SWE
2025,SW-AL,Allsvenskan,123864,1,-,,6143355,2025-10-04,17:30,gais,GAIS,ifk-norrk-ping-fk,IFK Norrköping FK,2,1,,,Played,H,SWE
2025,SW-AL,Allsvenskan,123864,1,-,,6143357,2025-10-04,15:00,sters-if,Östers IF,halmstad,Halmstad,3,0,,,Played,H,SWE
2025,SW-AL,Allsvenskan,123864,1,-,,6143358,2025-10-04,15:00,mj-llby-aif,Mjällby AIF,if-elfsborg,IF Elfsborg,2,0,,,Played,H,SWE
2025,SW-AL,Allsvenskan,123864,1,-,,6143360,2025-10-04,15:00,degerfors-if,Degerfors IF,djurg-rden,Djurgården,1,1,,,Played,D,SWE
2025,SW-AL,Allsvenskan,123864,1,-,,6143350,2025-09-29,19:10,sters-if,Östers IF,ifk-g-teborg,IFK Göteborg,0,2,,,Played,A,SWE
2025,SW-AL,Allsvenskan,123864,1,-,,6143346,2025-09-29,19:00,djurg-rden,Djurgården,ik-sirius-fk,IK Sirius FK,8,2,,,Played,H,SWE
2025,SW-AL,Allsvenskan,123864,1,-,,6143345,2025-09-28,16:30,aik,AIK,gais,GAIS,1,1,,,Played,D,SWE
2025,SW-AL,Allsvenskan,123864,1,-,,6143351,2025-09-28,16:30,malm-ff,Malmö FF,ifk-v-rnamo,IFK Värnamo,3,2,,,Played,H,SWE
2025,SW-AL,Allsvenskan,123864,1,-,,6143347,2025-09-28,14:00,if-brommapojkarna,IF Brommapojkarna,mj-llby-aif,Mjällby AIF,0,1,,,Played,A,SWE
2025,SW-AL,Allsvenskan,123864,1,-,,6143352,2025-09-28,14:00,halmstad,Halmstad,hammarby,Hammarby,1,0,,,Played,H,SWE
2025,SW-AL,Allsvenskan,123864,1,-,,6143349,2025-09-27,17:30,bk-h-cken,BK Häcken,ifk-norrk-ping-fk,IFK Norrköping FK,2,0,,,Played,H,SWE
2025,SW-AL,Allsvenskan,123864,1,-,,6143348,2025-09-27,15:00,if-elfsborg,IF Elfsborg,degerfors-if,Degerfors IF,1,2,,,Played,A,SWE
2025,SW-AL,Allsvenskan,123864,1,-,,6143342,2025-09-22,19:10,ifk-norrk-ping-fk,IFK Norrköping FK,aik,AIK,3,1,,,Played,H,SWE
2025,SW-AL,Allsvenskan,123864,1,-,,6143344,2025-09-22,19:00,ifk-v-rnamo,IFK Värnamo,halmstad,Halmstad,1,2,,,Played,A,SWE
2025,SW-AL,Allsvenskan,123864,1,-,,6143343,2025-09-21,16:30,ik-sirius-fk,IK Sirius FK,degerfors-if,Degerfors IF,1,3,,,Played,A,SWE
2025,SW-AL,Allsvenskan,123864,1,-,,6143337,2025-09-21,14:00,hammarby,Hammarby,bk-h-cken,BK Häcken,4,0,,,Played,H,SWE
2025,SW-AL,Allsvenskan,123864,1,-,,6143339,2025-09-21,14:00,ifk-g-teborg,IFK Göteborg,if-brommapojkarna,IF Brommapojkarna,0,1,,,Played,A,SWE
2025,SW-AL,Allsvenskan,123864,1,-,,6143341,2025-09-20,17:30,mj-llby-aif,Mjällby AIF,sters-if,Östers IF,1,1,,,Played,D,SWE
2025,SW-AL,Allsvenskan,123864,1,-,,6143338,2025-09-20,15:00,gais,GAIS,if-elfsborg,IF Elfsborg,2,0,,,Played,H,SWE
2025,SW-AL,Allsvenskan,123864,1,-,,6143340,2025-09-20,15:00,malm-ff,Malmö FF,djurg-rden,Djurgården,0,1,,,Played,A,SWE
2025,SW-AL,Allsvenskan,123864,1,-,,6143332,2025-09-15,19:10,bk-h-cken,BK Häcken,ifk-g-teborg,IFK Göteborg,1,2,,,Played,A,SWE
2025,SW-AL,Allsvenskan,123864,1,-,,6143329,2025-09-15,19:00,aik,AIK,if-brommapojkarna,IF Brommapojkarna,2,1,,,Played,H,SWE
2025,SW-AL,Allsvenskan,123864,1,-,,6143331,2025-09-14,16:30,if-elfsborg,IF Elfsborg,malm-ff,Malmö FF,2,2,,,Played,D,SWE
2025,SW-AL,Allsvenskan,123864,1,-,,6143334,2025-09-14,16:30,ik-sirius-fk,IK Sirius FK,gais,GAIS,3,0,,,Played,H,SWE
2025,SW-AL,Allsvenskan,123864,1,-,,6143333,2025-09-14,15:00,sters-if,Östers IF,ifk-v-rnamo,IFK Värnamo,4,3,,,Played,H,SWE
2025,SW-AL,Allsvenskan,123864,1,-,,6143330,2025-09-14,14:00,djurg-rden,Djurgården,hammarby,Hammarby,3,3,,,Played,D,SWE
2025,SW-AL,Allsvenskan,123864,1,-,,6143335,2025-09-13,17:30,halmstad,Halmstad,ifk-norrk-ping-fk,IFK Norrköping FK,1,1,,,Played,D,SWE
2025,SW-AL,Allsvenskan,123864,1,-,,6143336,2025-09-13,15:00,degerfors-if,Degerfors IF,mj-llby-aif,Mjällby AIF,0,1,,,Played,A,SWE
2025,SW-AL,Allsvenskan,123864,1,-,,6143322,2025-08-31,16:30,hammarby,Hammarby,sters-if,Östers IF,4,0,,,Played,H,SWE
2025,SW-AL,Allsvenskan,123864,1,-,,6143324,2025-08-31,16:30,gais,GAIS,bk-h-cken,BK Häcken,2,1,,,Played,H,SWE
2025,SW-AL,Allsvenskan,123864,1,-,,6143321,2025-08-31,14:00,aik,AIK,ik-sirius-fk,IK Sirius FK,2,1,,,Played,H,SWE
2025,SW-AL,Allsvenskan,123864,1,-,,6143326,2025-08-31,14:00,malm-ff,Malmö FF,degerfors-if,Degerfors IF,1,1,,,Played,D,SWE
2025,SW-AL,Allsvenskan,123864,1,-,,6143328,2025-08-31,14:00,ifk-norrk-ping-fk,IFK Norrköping FK,djurg-rden,Djurgården,0,4,,,Played,A,SWE
2025,SW-AL,Allsvenskan,123864,1,-,,6143327,2025-08-30,17:30,mj-llby-aif,Mjällby AIF,halmstad,Halmstad,1,0,,,Played,H,SWE
2025,SW-AL,Allsvenskan,123864,1,-,,6143323,2025-08-30,15:00,if-brommapojkarna,IF Brommapojkarna,if-elfsborg,IF Elfsborg,3,0,,,Played,H,SWE
2025,SW-AL,Allsvenskan,123864,1,-,,6143325,2025-08-30,15:00,ifk-g-teborg,IFK Göteborg,ifk-v-rnamo,IFK Värnamo,1,0,,,Played,H,SWE
2025,SW-AL,Allsvenskan,123864,1,-,,6143315,2025-08-25,19:00,gais,GAIS,mj-llby-aif,Mjällby AIF,0,2,,,Played,A,SWE
2025,SW-AL,Allsvenskan,123864,1,-,,6143316,2025-08-25,19:00,sters-if,Östers IF,ifk-norrk-ping-fk,IFK Norrköping FK,1,2,,,Played,A,SWE
2025,SW-AL,Allsvenskan,123864,1,-,,6143314,2025-08-24,16:30,if-elfsborg,IF Elfsborg,halmstad,Halmstad,1,2,,,Played,A,SWE
2025,SW-AL,Allsvenskan,123864,1,-,,6143317,2025-08-24,16:30,malm-ff,Malmö FF,ifk-g-teborg,IFK Göteborg,0,0,,,Played,D,SWE
2025,SW-AL,Allsvenskan,123864,1,-,,6143319,2025-08-24,16:30,degerfors-if,Degerfors IF,aik,AIK,0,1,,,Played,A,SWE
2025,SW-AL,Allsvenskan,123864,1,-,,6143320,2025-08-24,16:30,ifk-v-rnamo,IFK Värnamo,bk-h-cken,BK Häcken,1,5,,,Played,A,SWE
2025,SW-AL,Allsvenskan,123864,1,-,,6143313,2025-08-24,14:00,djurg-rden,Djurgården,if-brommapojkarna,IF Brommapojkarna,1,0,,,Played,H,SWE
2025,SW-AL,Allsvenskan,123864,1,-,,6143318,2025-08-24,14:00,ik-sirius-fk,IK Sirius FK,hammarby,Hammarby,3,1,,,Played,H,SWE
2025,SW-AL,Allsvenskan,123864,1,-,,6143312,2025-08-18,19:00,ifk-v-rnamo,IFK Värnamo,degerfors-if,Degerfors IF,3,2,,,Played,H,SWE
2025,SW-AL,Allsvenskan,123864,1,-,,6143304,2025-08-17,16:30,hammarby,Hammarby,gais,GAIS,1,2,,,Played,A,SWE
2025,SW-AL,Allsvenskan,123864,1,-,,6143308,2025-08-17,16:30,bk-h-cken,BK Häcken,sters-if,Östers IF,0,2,,,Played,A,SWE
2025,SW-AL,Allsvenskan,123864,1,-,,6143309,2025-08-17,16:30,mj-llby-aif,Mjällby AIF,djurg-rden,Djurgården,1,1,,,Played,D,SWE
2025,SW-AL,Allsvenskan,123864,1,-,,6143306,2025-08-17,14:00,if-brommapojkarna,IF Brommapojkarna,ik-sirius-fk,IK Sirius FK,2,4,,,Played,A,SWE
2025,SW-AL,Allsvenskan,123864,1,-,,6143307,2025-08-17,14:00,ifk-g-teborg,IFK Göteborg,aik,AIK,2,1,,,Played,H,SWE
2025,SW-AL,Allsvenskan,123864,1,-,,6143310,2025-08-16,17:30,ifk-norrk-ping-fk,IFK Norrköping FK,if-elfsborg,IF Elfsborg,2,1,,,Played,H,SWE
2025,SW-AL,Allsvenskan,123864,1,-,,6143311,2025-08-16,15:00,halmstad,Halmstad,malm-ff,Malmö FF,0,4,,,Played,A,SWE
2025,SW-AL,Allsvenskan,123864,1,-,,6143297,2025-08-11,19:00,if-elfsborg,IF Elfsborg,ifk-v-rnamo,IFK Värnamo,2,2,,,Played,D,SWE
2025,SW-AL,Allsvenskan,123864,1,-,,6143298,2025-08-11,19:00,gais,GAIS,ifk-g-teborg,IFK Göteborg,0,1,,,Played,A,SWE
2025,SW-AL,Allsvenskan,123864,1,-,,6143299,2025-08-10,16:30,sters-if,Östers IF,if-brommapojkarna,IF Brommapojkarna,1,1,,,Played,D,SWE
2025,SW-AL,Allsvenskan,123864,1,-,,6143301,2025-08-10,16:30,ifk-norrk-ping-fk,IFK Norrköping FK,hammarby,Hammarby,0,2,,,Played,A,SWE
2025,SW-AL,Allsvenskan,123864,1,-,,6143296,2025-08-10,14:00,aik,AIK,djurg-rden,Djurgården,0,0,,,Played,D,SWE
2025,SW-AL,Allsvenskan,123864,1,-,,6143303,2025-08-10,14:00,degerfors-if,Degerfors IF,bk-h-cken,BK Häcken,0,0,,,Played,D,SWE
2025,SW-AL,Allsvenskan,123864,1,-,,6143302,2025-08-09,17:30,halmstad,Halmstad,ik-sirius-fk,IK Sirius FK,0,1,,,Played,A,SWE
2025,SW-AL,Allsvenskan,123864,1,-,,6143300,2025-08-09,15:00,malm-ff,Malmö FF,mj-llby-aif,Mjällby AIF,1,3,,,Played,A,SWE
2025,SW-AL,Allsvenskan,123864,1,-,,6143291,2025-08-04,19:00,ifk-g-teborg,IFK Göteborg,degerfors-if,Degerfors IF,3,0,,,Played,H,SWE
2025,SW-AL,Allsvenskan,123864,1,-,,6143294,2025-08-03,16:30,ik-sirius-fk,IK Sirius FK,sters-if,Östers IF,1,1,,,Played,D,SWE
2025,SW-AL,Allsvenskan,123864,1,-,,6143288,2025-08-03,14:00,djurg-rden,Djurgården,halmstad,Halmstad,1,1,,,Played,D,SWE
2025,SW-AL,Allsvenskan,123864,1,-,,6143292,2025-08-03,14:00,bk-h-cken,BK Häcken,if-elfsborg,IF Elfsborg,1,2,,,Played,A,SWE
2025,SW-AL,Allsvenskan,123864,1,-,,6143295,2025-08-02,17:30,ifk-v-rnamo,IFK Värnamo,gais,GAIS,2,2,,,Played,D,SWE
2025,SW-AL,Allsvenskan,123864,1,-,,6143290,2025-08-02,15:00,if-brommapojkarna,IF Brommapojkarna,ifk-norrk-ping-fk,IFK Norrköping FK,6,4,,,Played,H,SWE
2025,SW-AL,Allsvenskan,123864,1,-,,6143282,2025-07-28,19:00,if-elfsborg,IF Elfsborg,ifk-g-teborg,IFK Göteborg,4,3,,,Played,H,SWE
2025,SW-AL,Allsvenskan,123864,1,-,,6143285,2025-07-27,16:30,mj-llby-aif,Mjällby AIF,ik-sirius-fk,IK Sirius FK,2,1,,,Played,H,SWE
2025,SW-AL,Allsvenskan,123864,1,-,,6143287,2025-07-27,16:30,ifk-v-rnamo,IFK Värnamo,hammarby,Hammarby,2,3,,,Played,A,SWE
2025,SW-AL,Allsvenskan,123864,1,-,,6143280,2025-07-27,14:00,aik,AIK,sters-if,Östers IF,0,0,,,Played,D,SWE
2025,SW-AL,Allsvenskan,123864,1,-,,6143284,2025-07-27,14:00,bk-h-cken,BK Häcken,djurg-rden,Djurgården,1,6,,,Played,A,SWE
2025,SW-AL,Allsvenskan,123864,1,-,,6143286,2025-07-26,17:30,degerfors-if,Degerfors IF,ifk-norrk-ping-fk,IFK Norrköping FK,0,0,,,Played,D,SWE
2025,SW-AL,Allsvenskan,123864,1,-,,6143281,2025-07-26,15:00,if-brommapojkarna,IF Brommapojkarna,malm-ff,Malmö FF,2,3,,,Played,A,SWE
2025,SW-AL,Allsvenskan,123864,1,-,,6143283,2025-07-26,15:00,gais,GAIS,halmstad,Halmstad,3,0,,,Played,H,SWE
2025,SW-AL,Allsvenskan,123864,1,-,,6143276,2025-07-21,19:00,ifk-norrk-ping-fk,IFK Norrköping FK,ifk-v-rnamo,IFK Värnamo,3,1,,,Played,H,SWE
2025,SW-AL,Allsvenskan,123864,1,-,,6143273,2025-07-20,16:30,hammarby,Hammarby,if-brommapojkarna,IF Brommapojkarna,3,2,,,Played,H,SWE
2025,SW-AL,Allsvenskan,123864,1,-,,6143278,2025-07-20,16:30,halmstad,Halmstad,bk-h-cken,BK Häcken,0,0,,,Played,D,SWE
2025,SW-AL,Allsvenskan,123864,1,-,,6143275,2025-07-20,14:00,mj-llby-aif,Mjällby AIF,aik,AIK,2,0,,,Played,H,SWE
2025,SW-AL,Allsvenskan,123864,1,-,,6143277,2025-07-20,14:00,ik-sirius-fk,IK Sirius FK,ifk-g-teborg,IFK Göteborg,0,1,,,Played,A,SWE
2025,SW-AL,Allsvenskan,123864,1,-,,6143279,2025-07-19,17:30,degerfors-if,Degerfors IF,gais,GAIS,0,3,,,Played,A,SWE
2025,SW-AL,Allsvenskan,123864,1,-,,6143272,2025-07-19,15:00,djurg-rden,Djurgården,if-elfsborg,IF Elfsborg,1,0,,,Played,H,SWE
2025,SW-AL,Allsvenskan,123864,1,-,,6143274,2025-07-19,15:00,sters-if,Östers IF,malm-ff,Malmö FF,0,2,,,Played,A,SWE
2025,SW-AL,Allsvenskan,123864,1,-,,6143270,2025-07-14,19:00,ik-sirius-fk,IK Sirius FK,mj-llby-aif,Mjällby AIF,1,2,,,Played,A,SWE
2025,SW-AL,Allsvenskan,123864,1,-,,6143268,2025-07-13,18:30,bk-h-cken,BK Häcken,halmstad,Halmstad,4,1,,,Played,H,SWE
2025,SW-AL,Allsvenskan,123864,1,-,,6143264,2025-07-13,16:30,aik,AIK,degerfors-if,Degerfors IF,3,0,,,Played,H,SWE
2025,SW-AL,Allsvenskan,123864,1,-,,6143271,2025-07-13,16:30,ifk-v-rnamo,IFK Värnamo,djurg-rden,Djurgården,1,0,,,Played,H,SWE
2025,SW-AL,Allsvenskan,123864,1,-,,6143265,2025-07-13,14:00,if-brommapojkarna,IF Brommapojkarna,sters-if,Östers IF,2,0,,,Played,H,SWE
2025,SW-AL,Allsvenskan,123864,1,-,,6143266,2025-07-13,14:00,gais,GAIS,hammarby,Hammarby,3,2,,,Played,H,SWE
2025,SW-AL,Allsvenskan,123864,1,-,,6143269,2025-07-12,17:30,malm-ff,Malmö FF,ifk-norrk-ping-fk,IFK Norrköping FK,3,1,,,Played,H,SWE
2025,SW-AL,Allsvenskan,123864,1,-,,6143267,2025-07-12,15:00,ifk-g-teborg,IFK Göteborg,if-elfsborg,IF Elfsborg,1,2,,,Played,A,SWE
2025,SW-AL,Allsvenskan,123864,1,-,,6143262,2025-07-07,19:00,ifk-norrk-ping-fk,IFK Norrköping FK,if-brommapojkarna,IF Brommapojkarna,0,1,,,Played,A,SWE
2025,SW-AL,Allsvenskan,123864,1,-,,6143256,2025-07-06,16:30,djurg-rden,Djurgården,degerfors-if,Degerfors IF,5,1,,,Played,H,SWE
2025,SW-AL,Allsvenskan,123864,1,-,,6143258,2025-07-06,16:30,if-elfsborg,IF Elfsborg,bk-h-cken,BK Häcken,0,2,,,Played,A,SWE
2025,SW-AL,Allsvenskan,123864,1,-,,6143260,2025-07-06,14:00,ifk-g-teborg,IFK Göteborg,ik-sirius-fk,IK Sirius FK,3,1,,,Played,H,SWE
2025,SW-AL,Allsvenskan,123864,1,-,,6143263,2025-07-06,14:00,halmstad,Halmstad,aik,AIK,2,0,,,Played,H,SWE
2025,SW-AL,Allsvenskan,123864,1,-,,6143257,2025-07-05,17:30,hammarby,Hammarby,ifk-v-rnamo,IFK Värnamo,1,0,,,Played,H,SWE
2025,SW-AL,Allsvenskan,123864,1,-,,6143259,2025-07-05,15:00,gais,GAIS,malm-ff,Malmö FF,0,0,,,Played,D,SWE
2025,SW-AL,Allsvenskan,123864,1,-,,6143261,2025-07-05,15:00,sters-if,Östers IF,mj-llby-aif,Mjällby AIF,0,1,,,Played,A,SWE
2025,SW-AL,Allsvenskan,123864,1,-,,6143249,2025-06-30,19:00,djurg-rden,Djurgården,ifk-norrk-ping-fk,IFK Norrköping FK,1,1,,,Played,D,SWE
2025,SW-AL,Allsvenskan,123864,1,-,,6143253,2025-06-30,19:00,mj-llby-aif,Mjällby AIF,malm-ff,Malmö FF,1,1,,,Played,D,SWE
2025,SW-AL,Allsvenskan,123864,1,-,,6143251,2025-06-29,16:30,bk-h-cken,BK Häcken,gais,GAIS,1,3,,,Played,A,SWE
2025,SW-AL,Allsvenskan,123864,1,-,,6143255,2025-06-29,16:30,ifk-v-rnamo,IFK Värnamo,if-elfsborg,IF Elfsborg,0,0,,,Played,D,SWE
2025,SW-AL,Allsvenskan,123864,1,-,,6143248,2025-06-29,14:00,aik,AIK,ifk-g-teborg,IFK Göteborg,3,0,,,Played,H,SWE
2025,SW-AL,Allsvenskan,123864,1,-,,6143254,2025-06-29,14:00,degerfors-if,Degerfors IF,if-brommapojkarna,IF Brommapojkarna,0,3,,,Played,A,SWE
2025,SW-AL,Allsvenskan,123864,1,-,,6143252,2025-06-28,17:30,sters-if,Östers IF,ik-sirius-fk,IK Sirius FK,2,2,,,Played,D,SWE
2025,SW-AL,Allsvenskan,123864,1,-,,6143250,2025-06-28,15:00,hammarby,Hammarby,halmstad,Halmstad,2,0,,,Played,H,SWE
2025,SW-AL,Allsvenskan,123864,1,-,,6143243,2025-06-01,16:30,mj-llby-aif,Mjällby AIF,ifk-v-rnamo,IFK Värnamo,2,0,,,Played,H,SWE
2025,SW-AL,Allsvenskan,123864,1,-,,6143245,2025-06-01,16:30,ik-sirius-fk,IK Sirius FK,aik,AIK,3,1,,,Played,H,SWE
2025,SW-AL,Allsvenskan,123864,1,-,,6143240,2025-06-01,14:00,if-brommapojkarna,IF Brommapojkarna,ifk-g-teborg,IFK Göteborg,1,3,,,Played,A,SWE
2025,SW-AL,Allsvenskan,123864,1,-,,6143242,2025-06-01,14:00,malm-ff,Malmö FF,bk-h-cken,BK Häcken,3,0,,,Played,H,SWE
2025,SW-AL,Allsvenskan,123864,1,-,,6143246,2025-06-01,14:00,halmstad,Halmstad,djurg-rden,Djurgården,1,0,,,Played,H,SWE
2025,SW-AL,Allsvenskan,123864,1,-,,6143241,2025-05-31,15:00,if-elfsborg,IF Elfsborg,hammarby,Hammarby,0,2,,,Played,A,SWE
2025,SW-AL,Allsvenskan,123864,1,-,,6143244,2025-05-31,15:00,ifk-norrk-ping-fk,IFK Norrköping FK,gais,GAIS,0,3,,,Played,A,SWE
2025,SW-AL,Allsvenskan,123864,1,-,,6143247,2025-05-31,15:00,degerfors-if,Degerfors IF,sters-if,Östers IF,1,2,,,Played,A,SWE
2025,SW-AL,Allsvenskan,123864,1,-,,6143193,2025-05-29,18:00,if-brommapojkarna,IF Brommapojkarna,djurg-rden,Djurgården,0,1,,,Played,A,SWE
2025,SW-AL,Allsvenskan,123864,1,-,,6143233,2025-05-26,19:10,hammarby,Hammarby,degerfors-if,Degerfors IF,1,0,,,Played,H,SWE
2025,SW-AL,Allsvenskan,123864,1,-,,6143237,2025-05-26,19:00,ifk-norrk-ping-fk,IFK Norrköping FK,mj-llby-aif,Mjällby AIF,1,1,,,Played,D,SWE
2025,SW-AL,Allsvenskan,123864,1,-,,6143232,2025-05-25,16:30,djurg-rden,Djurgården,bk-h-cken,BK Häcken,1,1,,,Played,D,SWE
2025,SW-AL,Allsvenskan,123864,1,-,,6143234,2025-05-25,16:30,if-brommapojkarna,IF Brommapojkarna,aik,AIK,0,1,,,Played,A,SWE
2025,SW-AL,Allsvenskan,123864,1,-,,6143236,2025-05-25,14:00,ifk-g-teborg,IFK Göteborg,malm-ff,Malmö FF,1,0,,,Played,H,SWE
2025,SW-AL,Allsvenskan,123864,1,-,,6143238,2025-05-25,14:00,halmstad,Halmstad,if-elfsborg,IF Elfsborg,1,4,,,Played,A,SWE
2025,SW-AL,Allsvenskan,123864,1,-,,6143235,2025-05-24,17:30,gais,GAIS,ik-sirius-fk,IK Sirius FK,2,1,,,Played,H,SWE
2025,SW-AL,Allsvenskan,123864,1,-,,6143239,2025-05-24,15:00,ifk-v-rnamo,IFK Värnamo,sters-if,Östers IF,1,1,,,Played,D,SWE
2025,SW-AL,Allsvenskan,123864,1,-,,6143289,2025-05-22,19:00,hammarby,Hammarby,mj-llby-aif,Mjällby AIF,1,2,,,Played,A,SWE
2025,SW-AL,Allsvenskan,123864,1,-,,6143293,2025-05-22,19:00,malm-ff,Malmö FF,aik,AIK,0,0,,,Played,D,SWE
2025,SW-AL,Allsvenskan,123864,1,-,,6143225,2025-05-19,19:10,if-elfsborg,IF Elfsborg,djurg-rden,Djurgården,4,0,,,Played,H,SWE
2025,SW-AL,Allsvenskan,123864,1,-,,6143229,2025-05-19,19:00,mj-llby-aif,Mjällby AIF,if-brommapojkarna,IF Brommapojkarna,1,0,,,Played,H,SWE
2025,SW-AL,Allsvenskan,123864,1,-,,6143230,2025-05-19,19:00,ik-sirius-fk,IK Sirius FK,ifk-norrk-ping-fk,IFK Norrköping FK,1,2,,,Played,A,SWE
2025,SW-AL,Allsvenskan,123864,1,-,,6143231,2025-05-19,19:00,degerfors-if,Degerfors IF,ifk-g-teborg,IFK Göteborg,1,3,,,Played,A,SWE
2025,SW-AL,Allsvenskan,123864,1,-,,6143227,2025-05-18,16:30,sters-if,Östers IF,gais,GAIS,1,1,,,Played,D,SWE
2025,SW-AL,Allsvenskan,123864,1,-,,6143228,2025-05-18,16:30,malm-ff,Malmö FF,halmstad,Halmstad,3,0,,,Played,H,SWE
2025,SW-AL,Allsvenskan,123864,1,-,,6143224,2025-05-18,14:00,aik,AIK,hammarby,Hammarby,0,0,,,Played,D,SWE
2025,SW-AL,Allsvenskan,123864,1,-,,6143226,2025-05-18,14:00,bk-h-cken,BK Häcken,ifk-v-rnamo,IFK Värnamo,2,0,,,Played,H,SWE
2025,SW-AL,Allsvenskan,123864,1,-,,6143216,2025-05-15,19:00,djurg-rden,Djurgården,mj-llby-aif,Mjällby AIF,1,3,,,Played,A,SWE
2025,SW-AL,Allsvenskan,123864,1,-,,6143218,2025-05-15,19:00,if-elfsborg,IF Elfsborg,if-brommapojkarna,IF Brommapojkarna,4,3,,,Played,H,SWE
2025,SW-AL,Allsvenskan,123864,1,-,,6143219,2025-05-15,19:00,ifk-g-teborg,IFK Göteborg,sters-if,Östers IF,0,1,,,Played,A,SWE
2025,SW-AL,Allsvenskan,123864,1,-,,6143221,2025-05-15,19:00,ifk-norrk-ping-fk,IFK Norrköping FK,degerfors-if,Degerfors IF,1,2,,,Played,A,SWE
2025,SW-AL,Allsvenskan,123864,1,-,,6143223,2025-05-15,19:00,ifk-v-rnamo,IFK Värnamo,malm-ff,Malmö FF,2,2,,,Played,D,SWE
2025,SW-AL,Allsvenskan,123864,1,-,,6143217,2025-05-14,19:00,hammarby,Hammarby,ik-sirius-fk,IK Sirius FK,3,2,,,Played,H,SWE
2025,SW-AL,Allsvenskan,123864,1,-,,6143220,2025-05-14,19:00,bk-h-cken,BK Häcken,aik,AIK,3,3,,,Played,D,SWE
2025,SW-AL,Allsvenskan,123864,1,-,,6143222,2025-05-14,19:00,halmstad,Halmstad,gais,GAIS,1,3,,,Played,A,SWE
2025,SW-AL,Allsvenskan,123864,1,-,,6143212,2025-05-12,19:10,ifk-g-teborg,IFK Göteborg,djurg-rden,Djurgården,1,2,,,Played,A,SWE
2025,SW-AL,Allsvenskan,123864,1,-,,6143213,2025-05-11,16:30,sters-if,Östers IF,if-elfsborg,IF Elfsborg,0,1,,,Played,A,SWE
2025,SW-AL,Allsvenskan,123864,1,-,,6143215,2025-05-11,16:30,degerfors-if,Degerfors IF,malm-ff,Malmö FF,1,4,,,Played,A,SWE
2025,SW-AL,Allsvenskan,123864,1,-,,6143208,2025-05-11,14:00,aik,AIK,mj-llby-aif,Mjällby AIF,2,1,,,Played,H,SWE
2025,SW-AL,Allsvenskan,123864,1,-,,6143209,2025-05-11,14:00,hammarby,Hammarby,ifk-norrk-ping-fk,IFK Norrköping FK,1,1,,,Played,D,SWE
2025,SW-AL,Allsvenskan,123864,1,-,,6143211,2025-05-10,17:30,gais,GAIS,ifk-v-rnamo,IFK Värnamo,1,1,,,Played,D,SWE
2025,SW-AL,Allsvenskan,123864,1,-,,6143214,2025-05-10,17:30,ik-sirius-fk,IK Sirius FK,bk-h-cken,BK Häcken,2,0,,,Played,H,SWE
2025,SW-AL,Allsvenskan,123864,1,-,,6143210,2025-05-10,15:00,if-brommapojkarna,IF Brommapojkarna,halmstad,Halmstad,0,1,,,Played,A,SWE
2025,SW-AL,Allsvenskan,123864,1,-,,6143201,2025-05-05,19:10,if-elfsborg,IF Elfsborg,gais,GAIS,2,0,,,Played,H,SWE
2025,SW-AL,Allsvenskan,123864,1,-,,6143203,2025-05-05,19:00,malm-ff,Malmö FF,if-brommapojkarna,IF Brommapojkarna,1,2,,,Played,A,SWE
2025,SW-AL,Allsvenskan,123864,1,-,,6143202,2025-05-04,16:30,sters-if,Östers IF,hammarby,Hammarby,0,3,,,Played,A,SWE
2025,SW-AL,Allsvenskan,123864,1,-,,6143204,2025-05-04,16:30,mj-llby-aif,Mjällby AIF,ifk-g-teborg,IFK Göteborg,1,0,,,Played,H,SWE
2025,SW-AL,Allsvenskan,123864,1,-,,6143200,2025-05-04,14:00,djurg-rden,Djurgården,aik,AIK,1,1,,,Played,D,SWE
2025,SW-AL,Allsvenskan,123864,1,-,,6143205,2025-05-04,14:00,ifk-norrk-ping-fk,IFK Norrköping FK,bk-h-cken,BK Häcken,0,2,,,Played,A,SWE
2025,SW-AL,Allsvenskan,123864,1,-,,6143206,2025-05-03,17:30,halmstad,Halmstad,ifk-v-rnamo,IFK Värnamo,4,2,,,Played,H,SWE
2025,SW-AL,Allsvenskan,123864,1,-,,6143207,2025-05-03,15:00,degerfors-if,Degerfors IF,ik-sirius-fk,IK Sirius FK,1,1,,,Played,D,SWE
2025,SW-AL,Allsvenskan,123864,1,-,,6143196,2025-04-29,19:00,malm-ff,Malmö FF,sters-if,Östers IF,2,0,,,Played,H,SWE
2025,SW-AL,Allsvenskan,123864,1,-,,6143194,2025-04-28,19:10,ifk-g-teborg,IFK Göteborg,gais,GAIS,1,1,,,Played,D,SWE
2025,SW-AL,Allsvenskan,123864,1,-,,6143198,2025-04-27,16:30,ik-sirius-fk,IK Sirius FK,halmstad,Halmstad,1,1,,,Played,D,SWE
2025,SW-AL,Allsvenskan,123864,1,-,,6143199,2025-04-27,16:30,ifk-v-rnamo,IFK Värnamo,ifk-norrk-ping-fk,IFK Norrköping FK,1,3,,,Played,A,SWE
2025,SW-AL,Allsvenskan,123864,1,-,,6143192,2025-04-27,16:00,aik,AIK,if-elfsborg,IF Elfsborg,2,0,,,Played,H,SWE
2025,SW-AL,Allsvenskan,123864,1,-,,6143195,2025-04-27,14:00,bk-h-cken,BK Häcken,hammarby,Hammarby,1,1,,,Played,D,SWE
2025,SW-AL,Allsvenskan,123864,1,-,,6143197,2025-04-27,14:00,mj-llby-aif,Mjällby AIF,degerfors-if,Degerfors IF,4,1,,,Played,H,SWE
2025,SW-AL,Allsvenskan,123864,1,-,,6143184,2025-04-24,19:00,djurg-rden,Djurgården,sters-if,Östers IF,1,0,,,Played,H,SWE
2025,SW-AL,Allsvenskan,123864,1,-,,6143187,2025-04-24,19:00,gais,GAIS,if-brommapojkarna,IF Brommapojkarna,1,1,,,Played,D,SWE
2025,SW-AL,Allsvenskan,123864,1,-,,6143189,2025-04-24,19:00,ifk-norrk-ping-fk,IFK Norrköping FK,ifk-g-teborg,IFK Göteborg,2,3,,,Played,A,SWE
2025,SW-AL,Allsvenskan,123864,1,-,,6143191,2025-04-24,19:00,ifk-v-rnamo,IFK Värnamo,aik,AIK,1,2,,,Played,A,SWE
2025,SW-AL,Allsvenskan,123864,1,-,,6143185,2025-04-23,19:00,hammarby,Hammarby,malm-ff,Malmö FF,2,0,,,Played,H,SWE
2025,SW-AL,Allsvenskan,123864,1,-,,6143186,2025-04-23,19:00,if-elfsborg,IF Elfsborg,ik-sirius-fk,IK Sirius FK,4,3,,,Played,H,SWE
2025,SW-AL,Allsvenskan,123864,1,-,,6143188,2025-04-23,19:00,bk-h-cken,BK Häcken,degerfors-if,Degerfors IF,3,4,,,Played,A,SWE
2025,SW-AL,Allsvenskan,123864,1,-,,6143190,2025-04-23,19:00,halmstad,Halmstad,mj-llby-aif,Mjällby AIF,1,3,,,Played,A,SWE
2025,SW-AL,Allsvenskan,123864,1,-,,6143176,2025-04-21,14:00,djurg-rden,Djurgården,gais,GAIS,0,0,,,Played,D,SWE
2025,SW-AL,Allsvenskan,123864,1,-,,6143178,2025-04-20,16:30,ifk-g-teborg,IFK Göteborg,bk-h-cken,BK Häcken,2,3,,,Played,A,SWE
2025,SW-AL,Allsvenskan,123864,1,-,,6143177,2025-04-20,14:00,if-brommapojkarna,IF Brommapojkarna,ifk-v-rnamo,IFK Värnamo,3,2,,,Played,H,SWE
2025,SW-AL,Allsvenskan,123864,1,-,,6143179,2025-04-20,14:00,sters-if,Östers IF,aik,AIK,0,1,,,Played,A,SWE
2025,SW-AL,Allsvenskan,123864,1,-,,6143182,2025-04-19,15:00,ifk-norrk-ping-fk,IFK Norrköping FK,halmstad,Halmstad,3,0,,,Played,H,SWE
2025,SW-AL,Allsvenskan,123864,1,-,,6143183,2025-04-19,15:00,degerfors-if,Degerfors IF,if-elfsborg,IF Elfsborg,0,1,,,Played,A,SWE
2025,SW-AL,Allsvenskan,123864,1,-,,6143180,2025-04-18,15:00,malm-ff,Malmö FF,ik-sirius-fk,IK Sirius FK,1,1,,,Played,D,SWE
2025,SW-AL,Allsvenskan,123864,1,-,,6143181,2025-04-18,15:00,mj-llby-aif,Mjällby AIF,hammarby,Hammarby,3,1,,,Played,H,SWE
2025,SW-AL,Allsvenskan,123864,1,-,,6143168,2025-04-14,19:10,aik,AIK,malm-ff,Malmö FF,0,0,,,Played,D,SWE
2025,SW-AL,Allsvenskan,123864,1,-,,6143174,2025-04-14,19:00,halmstad,Halmstad,sters-if,Östers IF,1,0,,,Played,H,SWE
2025,SW-AL,Allsvenskan,123864,1,-,,6143171,2025-04-13,16:30,gais,GAIS,degerfors-if,Degerfors IF,2,0,,,Played,H,SWE
2025,SW-AL,Allsvenskan,123864,1,-,,6143173,2025-04-13,16:30,ik-sirius-fk,IK Sirius FK,if-brommapojkarna,IF Brommapojkarna,0,3,,,Played,A,SWE
2025,SW-AL,Allsvenskan,123864,1,-,,6143169,2025-04-13,14:00,hammarby,Hammarby,djurg-rden,Djurgården,2,0,,,Played,H,SWE
2025,SW-AL,Allsvenskan,123864,1,-,,6143175,2025-04-13,14:00,ifk-v-rnamo,IFK Värnamo,ifk-g-teborg,IFK Göteborg,0,1,,,Played,A,SWE
2025,SW-AL,Allsvenskan,123864,1,-,,6143170,2025-04-12,17:30,if-elfsborg,IF Elfsborg,ifk-norrk-ping-fk,IFK Norrköping FK,2,0,,,Played,H,SWE
2025,SW-AL,Allsvenskan,123864,1,-,,6143172,2025-04-12,15:00,bk-h-cken,BK Häcken,mj-llby-aif,Mjällby AIF,0,3,,,Played,A,SWE
2025,SW-AL,Allsvenskan,123864,1,-,,6143164,2025-04-07,19:10,malm-ff,Malmö FF,if-elfsborg,IF Elfsborg,2,1,,,Played,H,SWE
2025,SW-AL,Allsvenskan,123864,1,-,,6143165,2025-04-06,16:30,mj-llby-aif,Mjällby AIF,gais,GAIS,1,1,,,Played,D,SWE
2025,SW-AL,Allsvenskan,123864,1,-,,6143167,2025-04-06,16:30,degerfors-if,Degerfors IF,ifk-v-rnamo,IFK Värnamo,1,0,,,Played,H,SWE
2025,SW-AL,Allsvenskan,123864,1,-,,6143160,2025-04-06,14:00,aik,AIK,ifk-norrk-ping-fk,IFK Norrköping FK,4,3,,,Played,H,SWE
2025,SW-AL,Allsvenskan,123864,1,-,,6143161,2025-04-06,14:00,if-brommapojkarna,IF Brommapojkarna,hammarby,Hammarby,0,2,,,Played,A,SWE
2025,SW-AL,Allsvenskan,123864,1,-,,6143163,2025-04-05,17:30,sters-if,Östers IF,bk-h-cken,BK Häcken,2,0,,,Played,H,SWE
2025,SW-AL,Allsvenskan,123864,1,-,,6143162,2025-04-05,15:00,ifk-g-teborg,IFK Göteborg,halmstad,Halmstad,1,0,,,Played,H,SWE
2025,SW-AL,Allsvenskan,123864,1,-,,6143166,2025-04-05,15:00,ik-sirius-fk,IK Sirius FK,djurg-rden,Djurgården,0,1,,,Played,A,SWE
2025,SW-AL,Allsvenskan,123864,1,-,,6143155,2025-03-31,19:10,gais,GAIS,aik,AIK,0,1,,,Played,A,SWE
2025,SW-AL,Allsvenskan,123864,1,-,,6143159,2025-03-31,19:00,ifk-v-rnamo,IFK Värnamo,ik-sirius-fk,IK Sirius FK,1,2,,,Played,A,SWE
2025,SW-AL,Allsvenskan,123864,1,-,,6143157,2025-03-30,16:30,ifk-norrk-ping-fk,IFK Norrköping FK,sters-if,Östers IF,4,3,,,Played,H,SWE
2025,SW-AL,Allsvenskan,123864,1,-,,6143158,2025-03-30,16:30,halmstad,Halmstad,degerfors-if,Degerfors IF,0,5,,,Played,A,SWE
2025,SW-AL,Allsvenskan,123864,1,-,,6143153,2025-03-30,14:00,hammarby,Hammarby,ifk-g-teborg,IFK Göteborg,4,0,,,Played,H,SWE
2025,SW-AL,Allsvenskan,123864,1,-,,6143154,2025-03-30,14:00,if-elfsborg,IF Elfsborg,mj-llby-aif,Mjällby AIF,2,2,,,Played,D,SWE
2025,SW-AL,Allsvenskan,123864,1,-,,6143156,2025-03-29,17:30,bk-h-cken,BK Häcken,if-brommapojkarna,IF Brommapojkarna,2,0,,,Played,H,SWE
2025,SW-AL,Allsvenskan,123864,1,-,,6143152,2025-03-29,15:00,djurg-rden,Djurgården,malm-ff,Malmö FF,0,1,,,Played,A,SWE
2026,SW-AL,Allsvenskan,133348,1,-,,6529928,2026-07-20,19:00,rgryte-is-fotboll,Örgryte IS Fotboll,djurg-rden,Djurgården,0,0,,,Played,D,SWE
2026,SW-AL,Allsvenskan,133348,1,-,,6529931,2026-07-20,19:00,kalmar-ff,Kalmar FF,malm-ff,Malmö FF,2,2,,,Played,D,SWE
2026,SW-AL,Allsvenskan,133348,1,-,,6529926,2026-07-19,16:30,hammarby,Hammarby,degerfors-if,Degerfors IF,4,0,,,Played,H,SWE
2026,SW-AL,Allsvenskan,133348,1,-,,6529930,2026-07-19,16:30,if-elfsborg,IF Elfsborg,ik-sirius-fk,IK Sirius FK,1,3,,,Played,A,SWE
2026,SW-AL,Allsvenskan,133348,1,-,,6529932,2026-07-19,16:30,halmstad,Halmstad,bk-h-cken,BK Häcken,0,2,,,Played,A,SWE
2026,SW-AL,Allsvenskan,133348,1,-,,6529925,2026-07-18,15:00,aik,AIK,gais,GAIS,2,0,,,Played,H,SWE
2026,SW-AL,Allsvenskan,133348,1,-,,6529927,2026-07-17,19:00,ifk-g-teborg,IFK Göteborg,if-brommapojkarna,IF Brommapojkarna,2,1,,,Played,H,SWE
2026,SW-AL,Allsvenskan,133348,1,-,,6529929,2026-07-17,19:00,mj-llby-aif,Mjällby AIF,v-ster-s-sk-fk,Västerås SK FK,0,0,,,Played,D,SWE
2026,SW-AL,Allsvenskan,133348,1,-,,6529917,2026-07-13,19:00,djurg-rden,Djurgården,halmstad,Halmstad,3,0,,,Played,H,SWE
2026,SW-AL,Allsvenskan,133348,1,-,,6529919,2026-07-12,16:30,gais,GAIS,if-elfsborg,IF Elfsborg,1,0,,,Played,H,SWE
2026,SW-AL,Allsvenskan,133348,1,-,,6529923,2026-07-12,16:30,if-brommapojkarna,IF Brommapojkarna,ik-sirius-fk,IK Sirius FK,1,2,,,Played,A,SWE
2026,SW-AL,Allsvenskan,133348,1,-,,6529918,2026-07-12,14:00,hammarby,Hammarby,kalmar-ff,Kalmar FF,2,0,,,Played,H,SWE
2026,SW-AL,Allsvenskan,133348,1,-,,6529922,2026-07-12,14:00,malm-ff,Malmö FF,ifk-g-teborg,IFK Göteborg,4,0,,,Played,H,SWE
2026,SW-AL,Allsvenskan,133348,1,-,,6529924,2026-07-12,14:00,v-ster-s-sk-fk,Västerås SK FK,degerfors-if,Degerfors IF,2,0,,,Played,H,SWE
2026,SW-AL,Allsvenskan,133348,1,-,,6529920,2026-07-11,17:30,rgryte-is-fotboll,Örgryte IS Fotboll,bk-h-cken,BK Häcken,4,3,,,Played,H,SWE
2026,SW-AL,Allsvenskan,133348,1,-,,6529921,2026-07-11,15:00,mj-llby-aif,Mjällby AIF,aik,AIK,1,2,,,Played,A,SWE
2026,SW-AL,Allsvenskan,133348,1,-,,6529910,2026-07-06,19:00,bk-h-cken,BK Häcken,djurg-rden,Djurgården,2,4,,,Played,A,SWE
2026,SW-AL,Allsvenskan,133348,1,-,,6529912,2026-07-06,19:00,if-brommapojkarna,IF Brommapojkarna,gais,GAIS,1,1,,,Played,D,SWE
2026,SW-AL,Allsvenskan,133348,1,-,,6529911,2026-07-05,16:30,if-elfsborg,IF Elfsborg,hammarby,Hammarby,1,2,,,Played,A,SWE
2026,SW-AL,Allsvenskan,133348,1,-,,6529909,2026-07-05,14:00,ifk-g-teborg,IFK Göteborg,aik,AIK,1,2,,,Played,A,SWE
2026,SW-AL,Allsvenskan,133348,1,-,,6529915,2026-07-05,14:00,kalmar-ff,Kalmar FF,rgryte-is-fotboll,Örgryte IS Fotboll,3,0,,,Played,H,SWE
2026,SW-AL,Allsvenskan,133348,1,-,,6529913,2026-07-04,15:00,degerfors-if,Degerfors IF,malm-ff,Malmö FF,0,1,,,Played,A,SWE
2026,SW-AL,Allsvenskan,133348,1,-,,6529916,2026-07-04,15:00,halmstad,Halmstad,v-ster-s-sk-fk,Västerås SK FK,1,3,,,Played,A,SWE
2026,SW-AL,Allsvenskan,133348,1,-,,6529914,2026-07-03,19:00,ik-sirius-fk,IK Sirius FK,mj-llby-aif,Mjällby AIF,4,4,,,Played,D,SWE
2026,SW-AL,Allsvenskan,133348,1,-,,6529904,2026-05-31,14:00,bk-h-cken,BK Häcken,hammarby,Hammarby,3,2,,,Played,H,SWE
2026,SW-AL,Allsvenskan,133348,1,-,,6529907,2026-05-31,14:00,degerfors-if,Degerfors IF,if-brommapojkarna,IF Brommapojkarna,2,2,,,Played,D,SWE
2026,SW-AL,Allsvenskan,133348,1,-,,6529908,2026-05-31,14:00,v-ster-s-sk-fk,Västerås SK FK,ifk-g-teborg,IFK Göteborg,4,5,,,Played,A,SWE
2026,SW-AL,Allsvenskan,133348,1,-,,6529901,2026-05-30,15:00,aik,AIK,ik-sirius-fk,IK Sirius FK,0,3,,,Played,A,SWE
2026,SW-AL,Allsvenskan,133348,1,-,,6529902,2026-05-30,15:00,gais,GAIS,kalmar-ff,Kalmar FF,3,0,,,Played,H,SWE
2026,SW-AL,Allsvenskan,133348,1,-,,6529906,2026-05-30,15:00,malm-ff,Malmö FF,halmstad,Halmstad,5,2,,,Played,H,SWE
2026,SW-AL,Allsvenskan,133348,1,-,,6529903,2026-05-29,19:00,rgryte-is-fotboll,Örgryte IS Fotboll,if-elfsborg,IF Elfsborg,2,2,,,Played,D,SWE
2026,SW-AL,Allsvenskan,133348,1,-,,6529895,2026-05-25,19:00,ifk-g-teborg,IFK Göteborg,mj-llby-aif,Mjällby AIF,1,1,,,Played,D,SWE
2026,SW-AL,Allsvenskan,133348,1,-,,6529897,2026-05-25,19:00,if-elfsborg,IF Elfsborg,bk-h-cken,BK Häcken,1,1,,,Played,D,SWE
2026,SW-AL,Allsvenskan,133348,1,-,,6529896,2026-05-24,16:30,malm-ff,Malmö FF,v-ster-s-sk-fk,Västerås SK FK,2,3,,,Played,A,SWE
2026,SW-AL,Allsvenskan,133348,1,-,,6529894,2026-05-24,14:00,hammarby,Hammarby,aik,AIK,1,2,,,Played,A,SWE
2026,SW-AL,Allsvenskan,133348,1,-,,6529898,2026-05-24,14:00,ik-sirius-fk,IK Sirius FK,gais,GAIS,2,1,,,Played,H,SWE
2026,SW-AL,Allsvenskan,133348,1,-,,6529899,2026-05-23,15:00,kalmar-ff,Kalmar FF,degerfors-if,Degerfors IF,2,1,,,Played,H,SWE
2026,SW-AL,Allsvenskan,133348,1,-,,6529900,2026-05-23,15:00,halmstad,Halmstad,rgryte-is-fotboll,Örgryte IS Fotboll,2,0,,,Played,H,SWE
2026,SW-AL,Allsvenskan,133348,1,-,,6529893,2026-05-22,19:00,djurg-rden,Djurgården,if-brommapojkarna,IF Brommapojkarna,1,2,,,Played,A,SWE
2026,SW-AL,Allsvenskan,133348,1,-,,6529946,2026-05-21,19:00,if-elfsborg,IF Elfsborg,mj-llby-aif,Mjällby AIF,1,1,,,Played,D,SWE
2026,SW-AL,Allsvenskan,133348,1,-,,6529944,2026-05-20,19:00,gais,GAIS,hammarby,Hammarby,2,0,,,Played,H,SWE
2026,SW-AL,Allsvenskan,133348,1,-,,6529888,2026-05-19,15:00,rgryte-is-fotboll,Örgryte IS Fotboll,ifk-g-teborg,IFK Göteborg,2,3,,,Played,A,SWE
2026,SW-AL,Allsvenskan,133348,1,-,,6529885,2026-05-18,19:00,djurg-rden,Djurgården,ik-sirius-fk,IK Sirius FK,2,3,,,Played,A,SWE
2026,SW-AL,Allsvenskan,133348,1,-,,6529889,2026-05-17,16:30,mj-llby-aif,Mjällby AIF,bk-h-cken,BK Häcken,0,1,,,Played,A,SWE
2026,SW-AL,Allsvenskan,133348,1,-,,6529891,2026-05-17,16:30,v-ster-s-sk-fk,Västerås SK FK,aik,AIK,1,1,,,Played,D,SWE
2026,SW-AL,Allsvenskan,133348,1,-,,6529886,2026-05-17,14:00,hammarby,Hammarby,malm-ff,Malmö FF,4,1,,,Played,H,SWE
2026,SW-AL,Allsvenskan,133348,1,-,,6529890,2026-05-17,14:00,if-brommapojkarna,IF Brommapojkarna,kalmar-ff,Kalmar FF,1,0,,,Played,H,SWE
2026,SW-AL,Allsvenskan,133348,1,-,,6529887,2026-05-16,15:00,gais,GAIS,degerfors-if,Degerfors IF,1,1,,,Played,D,SWE
2026,SW-AL,Allsvenskan,133348,1,-,,6529892,2026-05-16,15:00,halmstad,Halmstad,if-elfsborg,IF Elfsborg,1,1,,,Played,D,SWE
2026,SW-AL,Allsvenskan,133348,1,-,,6529882,2026-05-11,19:00,ik-sirius-fk,IK Sirius FK,rgryte-is-fotboll,Örgryte IS Fotboll,2,0,,,Played,H,SWE
2026,SW-AL,Allsvenskan,133348,1,-,,6529879,2026-05-10,16:30,bk-h-cken,BK Häcken,malm-ff,Malmö FF,3,2,,,Played,H,SWE
2026,SW-AL,Allsvenskan,133348,1,-,,6529877,2026-05-10,14:00,aik,AIK,djurg-rden,Djurgården,2,4,,,Played,A,SWE
2026,SW-AL,Allsvenskan,133348,1,-,,6529884,2026-05-10,14:00,kalmar-ff,Kalmar FF,halmstad,Halmstad,2,0,,,Played,H,SWE
2026,SW-AL,Allsvenskan,133348,1,-,,6529878,2026-05-09,15:00,ifk-g-teborg,IFK Göteborg,hammarby,Hammarby,0,1,,,Played,A,SWE
2026,SW-AL,Allsvenskan,133348,1,-,,6529881,2026-05-09,15:00,degerfors-if,Degerfors IF,mj-llby-aif,Mjällby AIF,1,4,,,Played,A,SWE
2026,SW-AL,Allsvenskan,133348,1,-,,6529883,2026-05-09,15:00,v-ster-s-sk-fk,Västerås SK FK,gais,GAIS,0,1,,,Played,A,SWE
2026,SW-AL,Allsvenskan,133348,1,-,,6529880,2026-05-08,19:00,if-elfsborg,IF Elfsborg,if-brommapojkarna,IF Brommapojkarna,2,0,,,Played,H,SWE
2026,SW-AL,Allsvenskan,133348,1,-,,6529869,2026-05-04,19:00,djurg-rden,Djurgården,ifk-g-teborg,IFK Göteborg,6,0,,,Played,H,SWE
2026,SW-AL,Allsvenskan,133348,1,-,,6529876,2026-05-04,19:00,halmstad,Halmstad,if-brommapojkarna,IF Brommapojkarna,1,3,,,Played,A,SWE
2026,SW-AL,Allsvenskan,133348,1,-,,6529871,2026-05-03,16:30,gais,GAIS,rgryte-is-fotboll,Örgryte IS Fotboll,4,0,,,Played,H,SWE
2026,SW-AL,Allsvenskan,133348,1,-,,6529873,2026-05-03,16:30,if-elfsborg,IF Elfsborg,aik,AIK,1,1,,,Played,D,SWE
2026,SW-AL,Allsvenskan,133348,1,-,,6529870,2026-05-03,14:00,hammarby,Hammarby,v-ster-s-sk-fk,Västerås SK FK,3,0,,,Played,H,SWE
2026,SW-AL,Allsvenskan,133348,1,-,,6529872,2026-05-03,14:00,malm-ff,Malmö FF,mj-llby-aif,Mjällby AIF,2,3,,,Played,A,SWE
2026,SW-AL,Allsvenskan,133348,1,-,,6529874,2026-05-02,15:00,degerfors-if,Degerfors IF,bk-h-cken,BK Häcken,1,1,,,Played,D,SWE
2026,SW-AL,Allsvenskan,133348,1,-,,6529875,2026-05-02,15:00,ik-sirius-fk,IK Sirius FK,kalmar-ff,Kalmar FF,3,2,,,Played,H,SWE
2026,SW-AL,Allsvenskan,133348,1,-,,6529861,2026-04-27,19:00,aik,AIK,malm-ff,Malmö FF,0,1,,,Played,A,SWE
2026,SW-AL,Allsvenskan,133348,1,-,,6529864,2026-04-27,19:00,rgryte-is-fotboll,Örgryte IS Fotboll,degerfors-if,Degerfors IF,1,1,,,Played,D,SWE
2026,SW-AL,Allsvenskan,133348,1,-,,6529865,2026-04-27,19:00,bk-h-cken,BK Häcken,ik-sirius-fk,IK Sirius FK,2,2,,,Played,D,SWE
2026,SW-AL,Allsvenskan,133348,1,-,,6529866,2026-04-27,19:00,mj-llby-aif,Mjällby AIF,halmstad,Halmstad,2,0,,,Played,H,SWE
2026,SW-AL,Allsvenskan,133348,1,-,,6529868,2026-04-27,19:00,kalmar-ff,Kalmar FF,if-elfsborg,IF Elfsborg,2,1,,,Played,H,SWE
2026,SW-AL,Allsvenskan,133348,1,-,,6529863,2026-04-26,16:30,ifk-g-teborg,IFK Göteborg,gais,GAIS,2,2,,,Played,D,SWE
2026,SW-AL,Allsvenskan,133348,1,-,,6529867,2026-04-26,16:30,if-brommapojkarna,IF Brommapojkarna,v-ster-s-sk-fk,Västerås SK FK,1,2,,,Played,A,SWE
2026,SW-AL,Allsvenskan,133348,1,-,,6529862,2026-04-26,14:00,djurg-rden,Djurgården,hammarby,Hammarby,1,1,,,Played,D,SWE
2026,SW-AL,Allsvenskan,133348,1,-,,6529854,2026-04-23,19:00,gais,GAIS,mj-llby-aif,Mjällby AIF,0,0,,,Played,D,SWE
2026,SW-AL,Allsvenskan,133348,1,-,,6529856,2026-04-23,19:00,malm-ff,Malmö FF,ik-sirius-fk,IK Sirius FK,2,3,,,Played,A,SWE
2026,SW-AL,Allsvenskan,133348,1,-,,6529858,2026-04-23,19:00,degerfors-if,Degerfors IF,aik,AIK,2,1,,,Played,H,SWE
2026,SW-AL,Allsvenskan,133348,1,-,,6529860,2026-04-23,19:00,kalmar-ff,Kalmar FF,ifk-g-teborg,IFK Göteborg,1,1,,,Played,D,SWE
2026,SW-AL,Allsvenskan,133348,1,-,,6529853,2026-04-22,19:00,hammarby,Hammarby,halmstad,Halmstad,1,1,,,Played,D,SWE
2026,SW-AL,Allsvenskan,133348,1,-,,6529855,2026-04-22,19:00,rgryte-is-fotboll,Örgryte IS Fotboll,if-brommapojkarna,IF Brommapojkarna,1,2,,,Played,A,SWE
2026,SW-AL,Allsvenskan,133348,1,-,,6529857,2026-04-22,19:00,if-elfsborg,IF Elfsborg,djurg-rden,Djurgården,2,1,,,Played,H,SWE
2026,SW-AL,Allsvenskan,133348,1,-,,6529859,2026-04-22,19:00,v-ster-s-sk-fk,Västerås SK FK,bk-h-cken,BK Häcken,3,3,,,Played,D,SWE
2026,SW-AL,Allsvenskan,133348,1,-,,6529848,2026-04-19,16:30,bk-h-cken,BK Häcken,gais,GAIS,2,1,,,Played,H,SWE
2026,SW-AL,Allsvenskan,133348,1,-,,6529845,2026-04-19,14:00,aik,AIK,kalmar-ff,Kalmar FF,1,0,,,Played,H,SWE
2026,SW-AL,Allsvenskan,133348,1,-,,6529847,2026-04-18,15:00,hammarby,Hammarby,rgryte-is-fotboll,Örgryte IS Fotboll,8,1,,,Played,H,SWE
2026,SW-AL,Allsvenskan,133348,1,-,,6529849,2026-04-18,15:00,mj-llby-aif,Mjällby AIF,if-brommapojkarna,IF Brommapojkarna,3,0,,,Played,H,SWE
2026,SW-AL,Allsvenskan,133348,1,-,,6529851,2026-04-18,15:00,ik-sirius-fk,IK Sirius FK,v-ster-s-sk-fk,Västerås SK FK,4,1,,,Played,H,SWE
2026,SW-AL,Allsvenskan,133348,1,-,,6529852,2026-04-18,15:00,halmstad,Halmstad,ifk-g-teborg,IFK Göteborg,1,1,,,Played,D,SWE
2026,SW-AL,Allsvenskan,133348,1,-,,6529846,2026-04-17,19:00,djurg-rden,Djurgården,malm-ff,Malmö FF,0,1,,,Played,A,SWE
2026,SW-AL,Allsvenskan,133348,1,-,,6529850,2026-04-17,19:00,degerfors-if,Degerfors IF,if-elfsborg,IF Elfsborg,0,1,,,Played,A,SWE
2026,SW-AL,Allsvenskan,133348,1,-,,6529841,2026-04-13,19:00,if-brommapojkarna,IF Brommapojkarna,aik,AIK,2,2,,,Played,D,SWE
2026,SW-AL,Allsvenskan,133348,1,-,,6529842,2026-04-13,19:00,ik-sirius-fk,IK Sirius FK,hammarby,Hammarby,2,0,,,Played,H,SWE
2026,SW-AL,Allsvenskan,133348,1,-,,6529840,2026-04-12,16:30,malm-ff,Malmö FF,gais,GAIS,3,1,,,Played,H,SWE
2026,SW-AL,Allsvenskan,133348,1,-,,6529837,2026-04-12,14:00,djurg-rden,Djurgården,kalmar-ff,Kalmar FF,3,2,,,Played,H,SWE
2026,SW-AL,Allsvenskan,133348,1,-,,6529844,2026-04-12,14:00,halmstad,Halmstad,degerfors-if,Degerfors IF,0,3,,,Played,A,SWE
2026,SW-AL,Allsvenskan,133348,1,-,,6529838,2026-04-11,15:00,ifk-g-teborg,IFK Göteborg,bk-h-cken,BK Häcken,0,2,,,Played,A,SWE
2026,SW-AL,Allsvenskan,133348,1,-,,6529839,2026-04-11,15:00,mj-llby-aif,Mjällby AIF,rgryte-is-fotboll,Örgryte IS Fotboll,0,2,,,Played,A,SWE
2026,SW-AL,Allsvenskan,133348,1,-,,6529843,2026-04-11,15:00,v-ster-s-sk-fk,Västerås SK FK,if-elfsborg,IF Elfsborg,2,2,,,Played,D,SWE
2026,SW-AL,Allsvenskan,133348,1,-,,6529831,2026-04-06,16:30,gais,GAIS,djurg-rden,Djurgården,0,1,,,Played,A,SWE
2026,SW-AL,Allsvenskan,133348,1,-,,6529833,2026-04-06,14:00,bk-h-cken,BK Häcken,if-brommapojkarna,IF Brommapojkarna,2,2,,,Played,D,SWE
2026,SW-AL,Allsvenskan,133348,1,-,,6529834,2026-04-06,14:00,if-elfsborg,IF Elfsborg,ifk-g-teborg,IFK Göteborg,2,0,,,Played,H,SWE
2026,SW-AL,Allsvenskan,133348,1,-,,6529832,2026-04-05,16:30,rgryte-is-fotboll,Örgryte IS Fotboll,malm-ff,Malmö FF,1,1,,,Played,D,SWE
2026,SW-AL,Allsvenskan,133348,1,-,,6529829,2026-04-05,14:00,aik,AIK,halmstad,Halmstad,2,1,,,Played,H,SWE
2026,SW-AL,Allsvenskan,133348,1,-,,6529836,2026-04-05,14:00,kalmar-ff,Kalmar FF,v-ster-s-sk-fk,Västerås SK FK,0,1,,,Played,A,SWE
2026,SW-AL,Allsvenskan,133348,1,-,,6529830,2026-04-04,15:00,hammarby,Hammarby,mj-llby-aif,Mjällby AIF,3,0,,,Played,H,SWE
2026,SW-AL,Allsvenskan,133348,1,-,,6529835,2026-04-04,15:00,degerfors-if,Degerfors IF,ik-sirius-fk,IK Sirius FK,0,3,,,Played,A,SWE
2025,SW-SE,Superettan,123863,1,-,,6144750,2025-11-08,15:00,gif-sundsvall,GIF Sundsvall,rgryte-is-fotboll,Örgryte IS Fotboll,1,1,,,Played,D,SWE
2025,SW-SE,Superettan,123863,1,-,,6144751,2025-11-08,15:00,ik-brage,IK Brage,landskrona-bois,Landskrona BoIS,4,1,,,Played,H,SWE
2025,SW-SE,Superettan,123863,1,-,,6144752,2025-11-08,15:00,ik-oddevold,IK Oddevold,helsingborgs-if,Helsingborgs IF,1,4,,,Played,A,SWE
2025,SW-SE,Superettan,123863,1,-,,6144753,2025-11-08,15:00,kalmar-ff,Kalmar FF,falkenbergs-ff,Falkenbergs FF,1,2,,,Played,A,SWE
2025,SW-SE,Superettan,123863,1,-,,6144754,2025-11-08,15:00,sandvikens-if,Sandvikens IF,stersund,Östersund,5,0,,,Played,H,SWE
2025,SW-SE,Superettan,123863,1,-,,6144755,2025-11-08,15:00,trelleborgs-ff,Trelleborgs FF,rebro,Örebro,1,1,,,Played,D,SWE
2025,SW-SE,Superettan,123863,1,-,,6144756,2025-11-08,15:00,utsikten,Utsikten,ume-fc,Umeå FC,1,4,,,Played,A,SWE
2025,SW-SE,Superettan,123863,1,-,,6144757,2025-11-08,15:00,v-ster-s-sk-fk,Västerås SK FK,varbergs-bois-fc,Varbergs BoIS FC,4,1,,,Played,H,SWE
2025,SW-SE,Superettan,123863,1,-,,6144744,2025-11-03,19:00,landskrona-bois,Landskrona BoIS,ik-oddevold,IK Oddevold,2,2,,,Played,D,SWE
2025,SW-SE,Superettan,123863,1,-,,6144747,2025-11-02,15:00,rebro,Örebro,utsikten,Utsikten,2,1,,,Played,H,SWE
2025,SW-SE,Superettan,123863,1,-,,6144743,2025-11-01,15:00,helsingborgs-if,Helsingborgs IF,gif-sundsvall,GIF Sundsvall,1,1,,,Played,D,SWE
2025,SW-SE,Superettan,123863,1,-,,6144745,2025-11-01,15:00,ume-fc,Umeå FC,sandvikens-if,Sandvikens IF,1,2,,,Played,A,SWE
2025,SW-SE,Superettan,123863,1,-,,6144746,2025-11-01,15:00,varbergs-bois-fc,Varbergs BoIS FC,ik-brage,IK Brage,1,2,,,Played,A,SWE
2025,SW-SE,Superettan,123863,1,-,,6144749,2025-11-01,15:00,stersund,Östersund,trelleborgs-ff,Trelleborgs FF,2,0,,,Played,H,SWE
2025,SW-SE,Superettan,123863,1,-,,6144742,2025-11-01,13:00,falkenbergs-ff,Falkenbergs FF,v-ster-s-sk-fk,Västerås SK FK,0,1,,,Played,A,SWE
2025,SW-SE,Superettan,123863,1,-,,6144748,2025-11-01,13:00,rgryte-is-fotboll,Örgryte IS Fotboll,kalmar-ff,Kalmar FF,0,2,,,Played,A,SWE
2025,SW-SE,Superettan,123863,1,-,,6144740,2025-10-26,15:00,rebro,Örebro,landskrona-bois,Landskrona BoIS,1,2,,,Played,A,SWE
2025,SW-SE,Superettan,123863,1,-,,6144738,2025-10-26,13:00,trelleborgs-ff,Trelleborgs FF,falkenbergs-ff,Falkenbergs FF,1,1,,,Played,D,SWE
2025,SW-SE,Superettan,123863,1,-,,6144734,2025-10-25,15:00,gif-sundsvall,GIF Sundsvall,kalmar-ff,Kalmar FF,0,2,,,Played,A,SWE
2025,SW-SE,Superettan,123863,1,-,,6144735,2025-10-25,15:00,ik-brage,IK Brage,helsingborgs-if,Helsingborgs IF,3,2,,,Played,H,SWE
2025,SW-SE,Superettan,123863,1,-,,6144736,2025-10-25,15:00,ik-oddevold,IK Oddevold,stersund,Östersund,0,0,,,Played,D,SWE
2025,SW-SE,Superettan,123863,1,-,,6144737,2025-10-25,15:00,sandvikens-if,Sandvikens IF,utsikten,Utsikten,3,1,,,Played,H,SWE
2025,SW-SE,Superettan,123863,1,-,,6144739,2025-10-25,13:00,ume-fc,Umeå FC,varbergs-bois-fc,Varbergs BoIS FC,2,2,,,Played,D,SWE
2025,SW-SE,Superettan,123863,1,-,,6144741,2025-10-24,19:00,rgryte-is-fotboll,Örgryte IS Fotboll,v-ster-s-sk-fk,Västerås SK FK,0,2,,,Played,A,SWE
2025,SW-SE,Superettan,123863,1,-,,6144727,2025-10-19,15:00,helsingborgs-if,Helsingborgs IF,rebro,Örebro,3,2,,,Played,H,SWE
2025,SW-SE,Superettan,123863,1,-,,6144729,2025-10-19,15:00,landskrona-bois,Landskrona BoIS,ume-fc,Umeå FC,1,3,,,Played,A,SWE
2025,SW-SE,Superettan,123863,1,-,,6144730,2025-10-19,13:00,utsikten,Utsikten,trelleborgs-ff,Trelleborgs FF,3,1,,,Played,H,SWE
2025,SW-SE,Superettan,123863,1,-,,6144726,2025-10-18,17:00,falkenbergs-ff,Falkenbergs FF,rgryte-is-fotboll,Örgryte IS Fotboll,3,0,,,Played,H,SWE
2025,SW-SE,Superettan,123863,1,-,,6144728,2025-10-18,15:00,kalmar-ff,Kalmar FF,ik-oddevold,IK Oddevold,3,2,,,Played,H,SWE
2025,SW-SE,Superettan,123863,1,-,,6144731,2025-10-18,15:00,varbergs-bois-fc,Varbergs BoIS FC,sandvikens-if,Sandvikens IF,0,0,,,Played,D,SWE
2025,SW-SE,Superettan,123863,1,-,,6144733,2025-10-18,15:00,stersund,Östersund,ik-brage,IK Brage,1,0,,,Played,H,SWE
2025,SW-SE,Superettan,123863,1,-,,6144732,2025-10-18,13:00,v-ster-s-sk-fk,Västerås SK FK,gif-sundsvall,GIF Sundsvall,2,1,,,Played,H,SWE
2025,SW-SE,Superettan,123863,1,-,,6144720,2025-10-06,19:00,landskrona-bois,Landskrona BoIS,varbergs-bois-fc,Varbergs BoIS FC,2,1,,,Played,H,SWE
2025,SW-SE,Superettan,123863,1,-,,6144721,2025-10-06,19:00,sandvikens-if,Sandvikens IF,rgryte-is-fotboll,Örgryte IS Fotboll,1,1,,,Played,D,SWE
2025,SW-SE,Superettan,123863,1,-,,6144722,2025-10-05,15:00,trelleborgs-ff,Trelleborgs FF,gif-sundsvall,GIF Sundsvall,2,1,,,Played,H,SWE
2025,SW-SE,Superettan,123863,1,-,,6144724,2025-10-05,15:00,rebro,Örebro,falkenbergs-ff,Falkenbergs FF,4,1,,,Played,H,SWE
2025,SW-SE,Superettan,123863,1,-,,6144719,2025-10-05,13:00,ik-oddevold,IK Oddevold,utsikten,Utsikten,1,0,,,Played,H,SWE
2025,SW-SE,Superettan,123863,1,-,,6144718,2025-10-04,15:00,ik-brage,IK Brage,kalmar-ff,Kalmar FF,1,3,,,Played,A,SWE
2025,SW-SE,Superettan,123863,1,-,,6144723,2025-10-04,15:00,ume-fc,Umeå FC,helsingborgs-if,Helsingborgs IF,1,0,,,Played,H,SWE
2025,SW-SE,Superettan,123863,1,-,,6144725,2025-10-04,13:00,stersund,Östersund,v-ster-s-sk-fk,Västerås SK FK,1,6,,,Played,A,SWE
2025,SW-SE,Superettan,123863,1,-,,6144713,2025-09-30,19:00,kalmar-ff,Kalmar FF,rebro,Örebro,2,1,,,Played,H,SWE
2025,SW-SE,Superettan,123863,1,-,,6144717,2025-09-30,19:00,rgryte-is-fotboll,Örgryte IS Fotboll,landskrona-bois,Landskrona BoIS,2,0,,,Played,H,SWE
2025,SW-SE,Superettan,123863,1,-,,6144711,2025-09-29,19:00,gif-sundsvall,GIF Sundsvall,ume-fc,Umeå FC,3,1,,,Played,H,SWE
2025,SW-SE,Superettan,123863,1,-,,6144712,2025-09-29,19:00,helsingborgs-if,Helsingborgs IF,trelleborgs-ff,Trelleborgs FF,4,1,,,Played,H,SWE
2025,SW-SE,Superettan,123863,1,-,,6144714,2025-09-29,19:00,utsikten,Utsikten,ik-brage,IK Brage,2,1,,,Played,H,SWE
2025,SW-SE,Superettan,123863,1,-,,6144710,2025-09-28,15:00,falkenbergs-ff,Falkenbergs FF,stersund,Östersund,4,0,,,Played,H,SWE
2025,SW-SE,Superettan,123863,1,-,,6144716,2025-09-28,15:00,v-ster-s-sk-fk,Västerås SK FK,sandvikens-if,Sandvikens IF,3,0,,,Played,H,SWE
2025,SW-SE,Superettan,123863,1,-,,6144715,2025-09-28,13:00,varbergs-bois-fc,Varbergs BoIS FC,ik-oddevold,IK Oddevold,1,1,,,Played,D,SWE
2025,SW-SE,Superettan,123863,1,-,,6144705,2025-09-25,19:00,sandvikens-if,Sandvikens IF,helsingborgs-if,Helsingborgs IF,0,1,,,Played,A,SWE
2025,SW-SE,Superettan,123863,1,-,,6144706,2025-09-25,19:00,trelleborgs-ff,Trelleborgs FF,rgryte-is-fotboll,Örgryte IS Fotboll,0,2,,,Played,A,SWE
2025,SW-SE,Superettan,123863,1,-,,6144707,2025-09-25,19:00,ume-fc,Umeå FC,v-ster-s-sk-fk,Västerås SK FK,1,2,,,Played,A,SWE
2025,SW-SE,Superettan,123863,1,-,,6144709,2025-09-25,19:00,stersund,Östersund,utsikten,Utsikten,2,1,,,Played,H,SWE
2025,SW-SE,Superettan,123863,1,-,,6144702,2025-09-24,19:00,ik-brage,IK Brage,gif-sundsvall,GIF Sundsvall,0,1,,,Played,A,SWE
2025,SW-SE,Superettan,123863,1,-,,6144703,2025-09-24,19:00,ik-oddevold,IK Oddevold,falkenbergs-ff,Falkenbergs FF,2,2,,,Played,D,SWE
2025,SW-SE,Superettan,123863,1,-,,6144704,2025-09-24,19:00,landskrona-bois,Landskrona BoIS,kalmar-ff,Kalmar FF,0,0,,,Played,D,SWE
2025,SW-SE,Superettan,123863,1,-,,6144708,2025-09-24,19:00,rebro,Örebro,varbergs-bois-fc,Varbergs BoIS FC,1,1,,,Played,D,SWE
2025,SW-SE,Superettan,123863,1,-,,6144696,2025-09-20,15:00,ik-brage,IK Brage,rebro,Örebro,4,5,,,Played,A,SWE
2025,SW-SE,Superettan,123863,1,-,,6144697,2025-09-20,15:00,kalmar-ff,Kalmar FF,sandvikens-if,Sandvikens IF,4,0,,,Played,H,SWE
2025,SW-SE,Superettan,123863,1,-,,6144698,2025-09-20,15:00,utsikten,Utsikten,landskrona-bois,Landskrona BoIS,4,0,,,Played,H,SWE
2025,SW-SE,Superettan,123863,1,-,,6144695,2025-09-20,13:00,helsingborgs-if,Helsingborgs IF,rgryte-is-fotboll,Örgryte IS Fotboll,0,1,,,Played,A,SWE
2025,SW-SE,Superettan,123863,1,-,,6144699,2025-09-20,13:00,varbergs-bois-fc,Varbergs BoIS FC,trelleborgs-ff,Trelleborgs FF,3,1,,,Played,H,SWE
2025,SW-SE,Superettan,123863,1,-,,6144694,2025-09-19,19:00,falkenbergs-ff,Falkenbergs FF,gif-sundsvall,GIF Sundsvall,3,0,,,Played,H,SWE
2025,SW-SE,Superettan,123863,1,-,,6144700,2025-09-19,19:00,v-ster-s-sk-fk,Västerås SK FK,ik-oddevold,IK Oddevold,2,0,,,Played,H,SWE
2025,SW-SE,Superettan,123863,1,-,,6144701,2025-09-19,19:00,stersund,Östersund,ume-fc,Umeå FC,3,0,,,Played,H,SWE
2025,SW-SE,Superettan,123863,1,-,,6144688,2025-09-16,19:00,helsingborgs-if,Helsingborgs IF,landskrona-bois,Landskrona BoIS,0,0,,,Played,D,SWE
2025,SW-SE,Superettan,123863,1,-,,6144693,2025-09-15,19:00,rgryte-is-fotboll,Örgryte IS Fotboll,ume-fc,Umeå FC,3,1,,,Played,H,SWE
2025,SW-SE,Superettan,123863,1,-,,6144691,2025-09-14,15:00,trelleborgs-ff,Trelleborgs FF,sandvikens-if,Sandvikens IF,1,2,,,Played,A,SWE
2025,SW-SE,Superettan,123863,1,-,,6144690,2025-09-14,13:00,kalmar-ff,Kalmar FF,v-ster-s-sk-fk,Västerås SK FK,2,1,,,Played,H,SWE
2025,SW-SE,Superettan,123863,1,-,,6144687,2025-09-13,15:00,gif-sundsvall,GIF Sundsvall,varbergs-bois-fc,Varbergs BoIS FC,2,3,,,Played,A,SWE
2025,SW-SE,Superettan,123863,1,-,,6144689,2025-09-13,15:00,ik-oddevold,IK Oddevold,ik-brage,IK Brage,4,0,,,Played,H,SWE
2025,SW-SE,Superettan,123863,1,-,,6144692,2025-09-13,15:00,rebro,Örebro,stersund,Östersund,2,0,,,Played,H,SWE
2025,SW-SE,Superettan,123863,1,-,,6144686,2025-09-13,13:00,falkenbergs-ff,Falkenbergs FF,utsikten,Utsikten,3,1,,,Played,H,SWE
2025,SW-SE,Superettan,123863,1,-,,6144682,2025-08-31,17:00,utsikten,Utsikten,rgryte-is-fotboll,Örgryte IS Fotboll,1,2,,,Played,A,SWE
2025,SW-SE,Superettan,123863,1,-,,6144678,2025-08-31,15:00,ik-brage,IK Brage,trelleborgs-ff,Trelleborgs FF,2,1,,,Played,H,SWE
2025,SW-SE,Superettan,123863,1,-,,6144681,2025-08-31,13:00,ume-fc,Umeå FC,ik-oddevold,IK Oddevold,0,2,,,Played,A,SWE
2025,SW-SE,Superettan,123863,1,-,,6144679,2025-08-30,15:00,landskrona-bois,Landskrona BoIS,gif-sundsvall,GIF Sundsvall,2,1,,,Played,H,SWE
2025,SW-SE,Superettan,123863,1,-,,6144680,2025-08-30,15:00,sandvikens-if,Sandvikens IF,rebro,Örebro,2,1,,,Played,H,SWE
2025,SW-SE,Superettan,123863,1,-,,6144685,2025-08-30,15:00,stersund,Östersund,kalmar-ff,Kalmar FF,0,0,,,Played,D,SWE
2025,SW-SE,Superettan,123863,1,-,,6144683,2025-08-30,13:00,varbergs-bois-fc,Varbergs BoIS FC,falkenbergs-ff,Falkenbergs FF,3,2,,,Played,H,SWE
2025,SW-SE,Superettan,123863,1,-,,6144684,2025-08-30,13:00,v-ster-s-sk-fk,Västerås SK FK,helsingborgs-if,Helsingborgs IF,4,0,,,Played,H,SWE
2025,SW-SE,Superettan,123863,1,-,,6144672,2025-08-26,19:00,kalmar-ff,Kalmar FF,helsingborgs-if,Helsingborgs IF,2,0,,,Played,H,SWE
2025,SW-SE,Superettan,123863,1,-,,6144670,2025-08-25,19:00,falkenbergs-ff,Falkenbergs FF,sandvikens-if,Sandvikens IF,4,0,,,Played,H,SWE
2025,SW-SE,Superettan,123863,1,-,,6144671,2025-08-25,19:00,gif-sundsvall,GIF Sundsvall,ik-oddevold,IK Oddevold,0,1,,,Played,A,SWE
2025,SW-SE,Superettan,123863,1,-,,6144673,2025-08-25,19:00,trelleborgs-ff,Trelleborgs FF,landskrona-bois,Landskrona BoIS,1,0,,,Played,H,SWE
2025,SW-SE,Superettan,123863,1,-,,6144676,2025-08-25,19:00,rebro,Örebro,ume-fc,Umeå FC,1,1,,,Played,D,SWE
2025,SW-SE,Superettan,123863,1,-,,6144675,2025-08-24,15:00,v-ster-s-sk-fk,Västerås SK FK,utsikten,Utsikten,3,0,,,Played,H,SWE
2025,SW-SE,Superettan,123863,1,-,,6144674,2025-08-24,13:00,varbergs-bois-fc,Varbergs BoIS FC,stersund,Östersund,1,1,,,Played,D,SWE
2025,SW-SE,Superettan,123863,1,-,,6144677,2025-08-23,15:00,rgryte-is-fotboll,Örgryte IS Fotboll,ik-brage,IK Brage,2,2,,,Played,D,SWE
2025,SW-SE,Superettan,123863,1,-,,6144665,2025-08-17,17:00,sandvikens-if,Sandvikens IF,landskrona-bois,Landskrona BoIS,0,1,,,Played,A,SWE
2025,SW-SE,Superettan,123863,1,-,,6144668,2025-08-17,15:00,rebro,Örebro,rgryte-is-fotboll,Örgryte IS Fotboll,1,3,,,Played,A,SWE
2025,SW-SE,Superettan,123863,1,-,,6144662,2025-08-16,15:00,helsingborgs-if,Helsingborgs IF,falkenbergs-ff,Falkenbergs FF,0,0,,,Played,D,SWE
2025,SW-SE,Superettan,123863,1,-,,6144663,2025-08-16,15:00,ik-brage,IK Brage,v-ster-s-sk-fk,Västerås SK FK,3,1,,,Played,H,SWE
2025,SW-SE,Superettan,123863,1,-,,6144666,2025-08-16,15:00,ume-fc,Umeå FC,kalmar-ff,Kalmar FF,0,1,,,Played,A,SWE
2025,SW-SE,Superettan,123863,1,-,,6144669,2025-08-16,13:00,stersund,Östersund,gif-sundsvall,GIF Sundsvall,1,3,,,Played,A,SWE
2025,SW-SE,Superettan,123863,1,-,,6144664,2025-08-15,19:00,ik-oddevold,IK Oddevold,trelleborgs-ff,Trelleborgs FF,3,2,,,Played,H,SWE
2025,SW-SE,Superettan,123863,1,-,,6144667,2025-08-15,19:00,utsikten,Utsikten,varbergs-bois-fc,Varbergs BoIS FC,1,1,,,Played,D,SWE
2025,SW-SE,Superettan,123863,1,-,,6144660,2025-08-12,19:00,v-ster-s-sk-fk,Västerås SK FK,rebro,Örebro,2,1,,,Played,H,SWE
2025,SW-SE,Superettan,123863,1,-,,6144656,2025-08-10,15:00,helsingborgs-if,Helsingborgs IF,utsikten,Utsikten,3,0,,,Played,H,SWE
2025,SW-SE,Superettan,123863,1,-,,6144659,2025-08-10,15:00,trelleborgs-ff,Trelleborgs FF,ume-fc,Umeå FC,0,2,,,Played,A,SWE
2025,SW-SE,Superettan,123863,1,-,,6144657,2025-08-10,13:00,kalmar-ff,Kalmar FF,varbergs-bois-fc,Varbergs BoIS FC,2,0,,,Played,H,SWE
2025,SW-SE,Superettan,123863,1,-,,6144654,2025-08-09,15:00,falkenbergs-ff,Falkenbergs FF,ik-brage,IK Brage,0,1,,,Played,A,SWE
2025,SW-SE,Superettan,123863,1,-,,6144658,2025-08-09,15:00,landskrona-bois,Landskrona BoIS,stersund,Östersund,2,0,,,Played,H,SWE
2025,SW-SE,Superettan,123863,1,-,,6144661,2025-08-09,15:00,rgryte-is-fotboll,Örgryte IS Fotboll,ik-oddevold,IK Oddevold,0,0,,,Played,D,SWE
2025,SW-SE,Superettan,123863,1,-,,6144655,2025-08-09,13:00,gif-sundsvall,GIF Sundsvall,sandvikens-if,Sandvikens IF,1,0,,,Played,H,SWE
2025,SW-SE,Superettan,123863,1,-,,6144649,2025-08-04,19:00,ume-fc,Umeå FC,falkenbergs-ff,Falkenbergs FF,0,2,,,Played,A,SWE
2025,SW-SE,Superettan,123863,1,-,,6144646,2025-08-03,15:00,landskrona-bois,Landskrona BoIS,v-ster-s-sk-fk,Västerås SK FK,1,2,,,Played,A,SWE
2025,SW-SE,Superettan,123863,1,-,,6144647,2025-08-02,17:00,sandvikens-if,Sandvikens IF,ik-brage,IK Brage,2,5,,,Played,A,SWE
2025,SW-SE,Superettan,123863,1,-,,6144648,2025-08-02,15:00,trelleborgs-ff,Trelleborgs FF,kalmar-ff,Kalmar FF,0,0,,,Played,D,SWE
2025,SW-SE,Superettan,123863,1,-,,6144650,2025-08-02,15:00,utsikten,Utsikten,gif-sundsvall,GIF Sundsvall,4,1,,,Played,H,SWE
2025,SW-SE,Superettan,123863,1,-,,6144651,2025-08-02,15:00,varbergs-bois-fc,Varbergs BoIS FC,rgryte-is-fotboll,Örgryte IS Fotboll,1,2,,,Played,A,SWE
2025,SW-SE,Superettan,123863,1,-,,6144653,2025-08-02,13:00,stersund,Östersund,helsingborgs-if,Helsingborgs IF,2,2,,,Played,D,SWE
2025,SW-SE,Superettan,123863,1,-,,6144652,2025-08-01,19:00,rebro,Örebro,ik-oddevold,IK Oddevold,0,0,,,Played,D,SWE
2025,SW-SE,Superettan,123863,1,-,,6144640,2025-07-28,19:00,helsingborgs-if,Helsingborgs IF,varbergs-bois-fc,Varbergs BoIS FC,1,2,,,Played,A,SWE
2025,SW-SE,Superettan,123863,1,-,,6144644,2025-07-28,19:00,v-ster-s-sk-fk,Västerås SK FK,trelleborgs-ff,Trelleborgs FF,3,0,,,Played,H,SWE
2025,SW-SE,Superettan,123863,1,-,,6144638,2025-07-27,15:00,falkenbergs-ff,Falkenbergs FF,landskrona-bois,Landskrona BoIS,1,1,,,Played,D,SWE
2025,SW-SE,Superettan,123863,1,-,,6144645,2025-07-27,15:00,rgryte-is-fotboll,Örgryte IS Fotboll,stersund,Östersund,6,0,,,Played,H,SWE
2025,SW-SE,Superettan,123863,1,-,,6144643,2025-07-27,13:00,kalmar-ff,Kalmar FF,utsikten,Utsikten,1,0,,,Played,H,SWE
2025,SW-SE,Superettan,123863,1,-,,6144641,2025-07-26,17:00,ik-brage,IK Brage,ume-fc,Umeå FC,2,2,,,Played,D,SWE
2025,SW-SE,Superettan,123863,1,-,,6144639,2025-07-26,15:00,gif-sundsvall,GIF Sundsvall,rebro,Örebro,1,1,,,Played,D,SWE
2025,SW-SE,Superettan,123863,1,-,,6144642,2025-07-26,15:00,ik-oddevold,IK Oddevold,sandvikens-if,Sandvikens IF,1,1,,,Played,D,SWE
2025,SW-SE,Superettan,123863,1,-,,6144632,2025-07-21,19:00,landskrona-bois,Landskrona BoIS,trelleborgs-ff,Trelleborgs FF,1,2,,,Played,A,SWE
2025,SW-SE,Superettan,123863,1,-,,6144635,2025-07-21,19:00,utsikten,Utsikten,helsingborgs-if,Helsingborgs IF,1,2,,,Played,A,SWE
2025,SW-SE,Superettan,123863,1,-,,6144631,2025-07-20,15:00,kalmar-ff,Kalmar FF,ik-brage,IK Brage,2,2,,,Played,D,SWE
2025,SW-SE,Superettan,123863,1,-,,6144636,2025-07-20,13:00,varbergs-bois-fc,Varbergs BoIS FC,gif-sundsvall,GIF Sundsvall,0,2,,,Played,A,SWE
2025,SW-SE,Superettan,123863,1,-,,6144633,2025-07-19,17:00,sandvikens-if,Sandvikens IF,v-ster-s-sk-fk,Västerås SK FK,0,3,,,Played,A,SWE
2025,SW-SE,Superettan,123863,1,-,,6144630,2025-07-19,15:00,ik-oddevold,IK Oddevold,rgryte-is-fotboll,Örgryte IS Fotboll,0,1,,,Played,A,SWE
2025,SW-SE,Superettan,123863,1,-,,6144634,2025-07-19,15:00,ume-fc,Umeå FC,rebro,Örebro,1,1,,,Played,D,SWE
2025,SW-SE,Superettan,123863,1,-,,6144637,2025-07-19,15:00,stersund,Östersund,falkenbergs-ff,Falkenbergs FF,3,1,,,Played,H,SWE
2025,SW-SE,Superettan,123863,1,-,,6144622,2025-06-29,15:00,falkenbergs-ff,Falkenbergs FF,ume-fc,Umeå FC,2,0,,,Played,H,SWE
2025,SW-SE,Superettan,123863,1,-,,6144628,2025-06-29,13:00,rebro,Örebro,kalmar-ff,Kalmar FF,2,2,,,Played,D,SWE
2025,SW-SE,Superettan,123863,1,-,,6144623,2025-06-28,15:00,gif-sundsvall,GIF Sundsvall,stersund,Östersund,1,1,,,Played,D,SWE
2025,SW-SE,Superettan,123863,1,-,,6144625,2025-06-28,15:00,trelleborgs-ff,Trelleborgs FF,ik-oddevold,IK Oddevold,0,0,,,Played,D,SWE
2025,SW-SE,Superettan,123863,1,-,,6144627,2025-06-28,13:00,v-ster-s-sk-fk,Västerås SK FK,landskrona-bois,Landskrona BoIS,1,0,,,Played,H,SWE
2025,SW-SE,Superettan,123863,1,-,,6144629,2025-06-28,13:00,rgryte-is-fotboll,Örgryte IS Fotboll,helsingborgs-if,Helsingborgs IF,0,2,,,Played,A,SWE
2025,SW-SE,Superettan,123863,1,-,,6144624,2025-06-27,19:00,ik-brage,IK Brage,sandvikens-if,Sandvikens IF,1,2,,,Played,A,SWE
2025,SW-SE,Superettan,123863,1,-,,6144626,2025-06-27,19:00,varbergs-bois-fc,Varbergs BoIS FC,utsikten,Utsikten,1,1,,,Played,D,SWE
2025,SW-SE,Superettan,123863,1,-,,6144614,2025-06-23,19:00,gif-sundsvall,GIF Sundsvall,trelleborgs-ff,Trelleborgs FF,4,2,,,Played,H,SWE
2025,SW-SE,Superettan,123863,1,-,,6144615,2025-06-23,19:00,helsingborgs-if,Helsingborgs IF,ume-fc,Umeå FC,5,1,,,Played,H,SWE
2025,SW-SE,Superettan,123863,1,-,,6144616,2025-06-22,17:00,ik-oddevold,IK Oddevold,varbergs-bois-fc,Varbergs BoIS FC,2,1,,,Played,H,SWE
2025,SW-SE,Superettan,123863,1,-,,6144617,2025-06-22,17:00,kalmar-ff,Kalmar FF,rgryte-is-fotboll,Örgryte IS Fotboll,2,3,,,Played,A,SWE
2025,SW-SE,Superettan,123863,1,-,,6144618,2025-06-22,17:00,landskrona-bois,Landskrona BoIS,rebro,Örebro,1,0,,,Played,H,SWE
2025,SW-SE,Superettan,123863,1,-,,6144619,2025-06-22,15:00,sandvikens-if,Sandvikens IF,falkenbergs-ff,Falkenbergs FF,4,1,,,Played,H,SWE
2025,SW-SE,Superettan,123863,1,-,,6144620,2025-06-22,15:00,utsikten,Utsikten,stersund,Östersund,1,0,,,Played,H,SWE
2025,SW-SE,Superettan,123863,1,-,,6144621,2025-06-22,15:00,v-ster-s-sk-fk,Västerås SK FK,ik-brage,IK Brage,2,2,,,Played,D,SWE
2025,SW-SE,Superettan,123863,1,-,,6144611,2025-06-15,17:00,varbergs-bois-fc,Varbergs BoIS FC,v-ster-s-sk-fk,Västerås SK FK,1,0,,,Played,H,SWE
2025,SW-SE,Superettan,123863,1,-,,6144607,2025-06-15,15:00,ik-brage,IK Brage,rgryte-is-fotboll,Örgryte IS Fotboll,3,2,,,Played,H,SWE
2025,SW-SE,Superettan,123863,1,-,,6144609,2025-06-15,15:00,trelleborgs-ff,Trelleborgs FF,utsikten,Utsikten,1,1,,,Played,D,SWE
2025,SW-SE,Superettan,123863,1,-,,6144610,2025-06-14,17:00,ume-fc,Umeå FC,gif-sundsvall,GIF Sundsvall,0,1,,,Played,A,SWE
2025,SW-SE,Superettan,123863,1,-,,6144606,2025-06-14,15:00,falkenbergs-ff,Falkenbergs FF,helsingborgs-if,Helsingborgs IF,2,2,,,Played,D,SWE
2025,SW-SE,Superettan,123863,1,-,,6144608,2025-06-14,15:00,kalmar-ff,Kalmar FF,landskrona-bois,Landskrona BoIS,3,2,,,Played,H,SWE
2025,SW-SE,Superettan,123863,1,-,,6144613,2025-06-14,15:00,stersund,Östersund,ik-oddevold,IK Oddevold,1,3,,,Played,A,SWE
2025,SW-SE,Superettan,123863,1,-,,6144612,2025-06-13,19:00,rebro,Örebro,sandvikens-if,Sandvikens IF,0,1,,,Played,A,SWE
2025,SW-SE,Superettan,123863,1,-,,6144600,2025-06-01,17:00,ik-oddevold,IK Oddevold,landskrona-bois,Landskrona BoIS,1,2,,,Played,A,SWE
2025,SW-SE,Superettan,123863,1,-,,6144598,2025-06-01,15:00,gif-sundsvall,GIF Sundsvall,falkenbergs-ff,Falkenbergs FF,0,0,,,Played,D,SWE
2025,SW-SE,Superettan,123863,1,-,,6144599,2025-06-01,15:00,helsingborgs-if,Helsingborgs IF,stersund,Östersund,0,0,,,Played,D,SWE
2025,SW-SE,Superettan,123863,1,-,,6144601,2025-05-31,15:00,sandvikens-if,Sandvikens IF,varbergs-bois-fc,Varbergs BoIS FC,2,1,,,Played,H,SWE
2025,SW-SE,Superettan,123863,1,-,,6144605,2025-05-31,15:00,rgryte-is-fotboll,Örgryte IS Fotboll,trelleborgs-ff,Trelleborgs FF,2,0,,,Played,H,SWE
2025,SW-SE,Superettan,123863,1,-,,6144602,2025-05-31,13:00,utsikten,Utsikten,kalmar-ff,Kalmar FF,1,1,,,Played,D,SWE
2025,SW-SE,Superettan,123863,1,-,,6144603,2025-05-31,13:00,v-ster-s-sk-fk,Västerås SK FK,ume-fc,Umeå FC,2,2,,,Played,D,SWE
2025,SW-SE,Superettan,123863,1,-,,6144604,2025-05-30,19:00,rebro,Örebro,ik-brage,IK Brage,3,3,,,Played,D,SWE
2025,SW-SE,Superettan,123863,1,-,,6144593,2025-05-27,19:00,sandvikens-if,Sandvikens IF,gif-sundsvall,GIF Sundsvall,0,1,,,Played,A,SWE
2025,SW-SE,Superettan,123863,1,-,,6144594,2025-05-27,19:00,trelleborgs-ff,Trelleborgs FF,helsingborgs-if,Helsingborgs IF,0,0,,,Played,D,SWE
2025,SW-SE,Superettan,123863,1,-,,6144590,2025-05-26,19:00,ik-brage,IK Brage,utsikten,Utsikten,2,2,,,Played,D,SWE
2025,SW-SE,Superettan,123863,1,-,,6144591,2025-05-26,19:00,ik-oddevold,IK Oddevold,v-ster-s-sk-fk,Västerås SK FK,1,5,,,Played,A,SWE
2025,SW-SE,Superettan,123863,1,-,,6144592,2025-05-26,19:00,landskrona-bois,Landskrona BoIS,falkenbergs-ff,Falkenbergs FF,0,3,,,Played,A,SWE
2025,SW-SE,Superettan,123863,1,-,,6144595,2025-05-26,19:00,ume-fc,Umeå FC,rgryte-is-fotboll,Örgryte IS Fotboll,3,3,,,Played,D,SWE
2025,SW-SE,Superettan,123863,1,-,,6144596,2025-05-25,15:00,varbergs-bois-fc,Varbergs BoIS FC,kalmar-ff,Kalmar FF,0,0,,,Played,D,SWE
2025,SW-SE,Superettan,123863,1,-,,6144597,2025-05-24,15:00,stersund,Östersund,rebro,Örebro,3,1,,,Played,H,SWE
2025,SW-SE,Superettan,123863,1,-,,6144583,2025-05-22,19:00,gif-sundsvall,GIF Sundsvall,ik-brage,IK Brage,0,2,,,Played,A,SWE
2025,SW-SE,Superettan,123863,1,-,,6144584,2025-05-22,19:00,helsingborgs-if,Helsingborgs IF,ik-oddevold,IK Oddevold,0,2,,,Played,A,SWE
2025,SW-SE,Superettan,123863,1,-,,6144585,2025-05-22,19:00,kalmar-ff,Kalmar FF,ume-fc,Umeå FC,2,0,,,Played,H,SWE
2025,SW-SE,Superettan,123863,1,-,,6144587,2025-05-22,19:00,varbergs-bois-fc,Varbergs BoIS FC,landskrona-bois,Landskrona BoIS,4,2,,,Played,H,SWE
2025,SW-SE,Superettan,123863,1,-,,6144582,2025-05-21,19:00,falkenbergs-ff,Falkenbergs FF,trelleborgs-ff,Trelleborgs FF,4,0,,,Played,H,SWE
2025,SW-SE,Superettan,123863,1,-,,6144586,2025-05-21,19:00,utsikten,Utsikten,rebro,Örebro,4,4,,,Played,D,SWE
2025,SW-SE,Superettan,123863,1,-,,6144588,2025-05-21,19:00,v-ster-s-sk-fk,Västerås SK FK,stersund,Östersund,1,0,,,Played,H,SWE
2025,SW-SE,Superettan,123863,1,-,,6144589,2025-05-21,19:00,rgryte-is-fotboll,Örgryte IS Fotboll,sandvikens-if,Sandvikens IF,4,0,,,Played,H,SWE
2025,SW-SE,Superettan,123863,1,-,,6144576,2025-05-19,19:00,landskrona-bois,Landskrona BoIS,helsingborgs-if,Helsingborgs IF,3,3,,,Played,D,SWE
2025,SW-SE,Superettan,123863,1,-,,6144575,2025-05-18,15:00,ik-brage,IK Brage,ik-oddevold,IK Oddevold,1,2,,,Played,A,SWE
2025,SW-SE,Superettan,123863,1,-,,6144578,2025-05-17,15:00,ume-fc,Umeå FC,utsikten,Utsikten,1,3,,,Played,A,SWE
2025,SW-SE,Superettan,123863,1,-,,6144579,2025-05-17,15:00,rebro,Örebro,gif-sundsvall,GIF Sundsvall,1,2,,,Played,A,SWE
2025,SW-SE,Superettan,123863,1,-,,6144581,2025-05-17,15:00,stersund,Östersund,sandvikens-if,Sandvikens IF,2,2,,,Played,D,SWE
2025,SW-SE,Superettan,123863,1,-,,6144577,2025-05-17,13:00,trelleborgs-ff,Trelleborgs FF,v-ster-s-sk-fk,Västerås SK FK,5,0,,,Played,H,SWE
2025,SW-SE,Superettan,123863,1,-,,6144574,2025-05-16,19:00,falkenbergs-ff,Falkenbergs FF,kalmar-ff,Kalmar FF,0,0,,,Played,D,SWE
2025,SW-SE,Superettan,123863,1,-,,6144580,2025-05-16,19:00,rgryte-is-fotboll,Örgryte IS Fotboll,varbergs-bois-fc,Varbergs BoIS FC,5,1,,,Played,H,SWE
2025,SW-SE,Superettan,123863,1,-,,6144567,2025-05-13,19:00,helsingborgs-if,Helsingborgs IF,ik-brage,IK Brage,1,0,,,Played,H,SWE
2025,SW-SE,Superettan,123863,1,-,,6144570,2025-05-12,19:00,landskrona-bois,Landskrona BoIS,rgryte-is-fotboll,Örgryte IS Fotboll,1,1,,,Played,D,SWE
2025,SW-SE,Superettan,123863,1,-,,6144569,2025-05-11,15:00,kalmar-ff,Kalmar FF,trelleborgs-ff,Trelleborgs FF,2,0,,,Played,H,SWE
2025,SW-SE,Superettan,123863,1,-,,6144573,2025-05-11,13:00,stersund,Östersund,varbergs-bois-fc,Varbergs BoIS FC,0,1,,,Played,A,SWE
2025,SW-SE,Superettan,123863,1,-,,6144566,2025-05-10,15:00,gif-sundsvall,GIF Sundsvall,v-ster-s-sk-fk,Västerås SK FK,1,2,,,Played,A,SWE
2025,SW-SE,Superettan,123863,1,-,,6144568,2025-05-10,15:00,ik-oddevold,IK Oddevold,rebro,Örebro,2,1,,,Played,H,SWE
2025,SW-SE,Superettan,123863,1,-,,6144572,2025-05-10,15:00,utsikten,Utsikten,falkenbergs-ff,Falkenbergs FF,2,2,,,Played,D,SWE
2025,SW-SE,Superettan,123863,1,-,,6144571,2025-05-10,13:00,sandvikens-if,Sandvikens IF,ume-fc,Umeå FC,2,1,,,Played,H,SWE
2025,SW-SE,Superettan,123863,1,-,,6144563,2025-05-06,19:00,v-ster-s-sk-fk,Västerås SK FK,kalmar-ff,Kalmar FF,2,2,,,Played,D,SWE
2025,SW-SE,Superettan,123863,1,-,,6144559,2025-05-05,19:00,ik-brage,IK Brage,stersund,Östersund,0,2,,,Played,A,SWE
2025,SW-SE,Superettan,123863,1,-,,6144564,2025-05-05,19:00,rebro,Örebro,trelleborgs-ff,Trelleborgs FF,0,0,,,Played,D,SWE
2025,SW-SE,Superettan,123863,1,-,,6144565,2025-05-04,15:00,rgryte-is-fotboll,Örgryte IS Fotboll,falkenbergs-ff,Falkenbergs FF,4,2,,,Played,H,SWE
2025,SW-SE,Superettan,123863,1,-,,6144561,2025-05-03,15:00,ume-fc,Umeå FC,landskrona-bois,Landskrona BoIS,0,2,,,Played,A,SWE
2025,SW-SE,Superettan,123863,1,-,,6144562,2025-05-03,15:00,varbergs-bois-fc,Varbergs BoIS FC,helsingborgs-if,Helsingborgs IF,1,0,,,Played,H,SWE
2025,SW-SE,Superettan,123863,1,-,,6144558,2025-05-03,13:00,gif-sundsvall,GIF Sundsvall,utsikten,Utsikten,2,2,,,Played,D,SWE
2025,SW-SE,Superettan,123863,1,-,,6144560,2025-05-03,13:00,sandvikens-if,Sandvikens IF,ik-oddevold,IK Oddevold,0,2,,,Played,A,SWE
2025,SW-SE,Superettan,123863,1,-,,6144550,2025-04-29,19:00,falkenbergs-ff,Falkenbergs FF,rebro,Örebro,2,1,,,Played,H,SWE
2025,SW-SE,Superettan,123863,1,-,,6144556,2025-04-28,19:00,utsikten,Utsikten,v-ster-s-sk-fk,Västerås SK FK,2,2,,,Played,D,SWE
2025,SW-SE,Superettan,123863,1,-,,6144551,2025-04-27,13:00,helsingborgs-if,Helsingborgs IF,kalmar-ff,Kalmar FF,1,5,,,Played,A,SWE
2025,SW-SE,Superettan,123863,1,-,,6144554,2025-04-27,13:00,trelleborgs-ff,Trelleborgs FF,varbergs-bois-fc,Varbergs BoIS FC,0,4,,,Played,A,SWE
2025,SW-SE,Superettan,123863,1,-,,6144555,2025-04-27,13:00,ume-fc,Umeå FC,ik-brage,IK Brage,0,1,,,Played,A,SWE
2025,SW-SE,Superettan,123863,1,-,,6144552,2025-04-26,15:00,ik-oddevold,IK Oddevold,gif-sundsvall,GIF Sundsvall,1,2,,,Played,A,SWE
2025,SW-SE,Superettan,123863,1,-,,6144553,2025-04-26,15:00,landskrona-bois,Landskrona BoIS,sandvikens-if,Sandvikens IF,1,0,,,Played,H,SWE
2025,SW-SE,Superettan,123863,1,-,,6144557,2025-04-26,15:00,stersund,Östersund,rgryte-is-fotboll,Örgryte IS Fotboll,2,1,,,Played,H,SWE
2025,SW-SE,Superettan,123863,1,-,,6144544,2025-04-22,19:00,helsingborgs-if,Helsingborgs IF,v-ster-s-sk-fk,Västerås SK FK,2,0,,,Played,H,SWE
2025,SW-SE,Superettan,123863,1,-,,6144548,2025-04-21,13:00,varbergs-bois-fc,Varbergs BoIS FC,ume-fc,Umeå FC,4,0,,,Played,H,SWE
2025,SW-SE,Superettan,123863,1,-,,6144545,2025-04-20,17:00,kalmar-ff,Kalmar FF,stersund,Östersund,2,0,,,Played,H,SWE
2025,SW-SE,Superettan,123863,1,-,,6144543,2025-04-20,15:00,gif-sundsvall,GIF Sundsvall,landskrona-bois,Landskrona BoIS,1,2,,,Played,A,SWE
2025,SW-SE,Superettan,123863,1,-,,6144546,2025-04-20,15:00,trelleborgs-ff,Trelleborgs FF,ik-brage,IK Brage,0,1,,,Played,A,SWE
2025,SW-SE,Superettan,123863,1,-,,6144547,2025-04-20,13:00,utsikten,Utsikten,sandvikens-if,Sandvikens IF,4,1,,,Played,H,SWE
2025,SW-SE,Superettan,123863,1,-,,6144542,2025-04-19,15:00,falkenbergs-ff,Falkenbergs FF,ik-oddevold,IK Oddevold,2,2,,,Played,D,SWE
2025,SW-SE,Superettan,123863,1,-,,6144549,2025-04-19,15:00,rgryte-is-fotboll,Örgryte IS Fotboll,rebro,Örebro,3,0,,,Played,H,SWE
2025,SW-SE,Superettan,123863,1,-,,6144540,2025-04-15,19:00,rebro,Örebro,helsingborgs-if,Helsingborgs IF,0,2,,,Played,A,SWE
2025,SW-SE,Superettan,123863,1,-,,6144539,2025-04-14,19:00,v-ster-s-sk-fk,Västerås SK FK,falkenbergs-ff,Falkenbergs FF,1,0,,,Played,H,SWE
2025,SW-SE,Superettan,123863,1,-,,6144534,2025-04-13,15:00,ik-brage,IK Brage,varbergs-bois-fc,Varbergs BoIS FC,1,1,,,Played,D,SWE
2025,SW-SE,Superettan,123863,1,-,,6144538,2025-04-12,17:00,ume-fc,Umeå FC,stersund,Östersund,2,2,,,Played,D,SWE
2025,SW-SE,Superettan,123863,1,-,,6144536,2025-04-12,15:00,landskrona-bois,Landskrona BoIS,utsikten,Utsikten,2,1,,,Played,H,SWE
2025,SW-SE,Superettan,123863,1,-,,6144541,2025-04-12,15:00,rgryte-is-fotboll,Örgryte IS Fotboll,gif-sundsvall,GIF Sundsvall,0,0,,,Played,D,SWE
2025,SW-SE,Superettan,123863,1,-,,6144537,2025-04-12,13:00,sandvikens-if,Sandvikens IF,trelleborgs-ff,Trelleborgs FF,2,0,,,Played,H,SWE
2025,SW-SE,Superettan,123863,1,-,,6144535,2025-04-11,19:00,ik-oddevold,IK Oddevold,kalmar-ff,Kalmar FF,1,3,,,Played,A,SWE
2025,SW-SE,Superettan,123863,1,-,,6144532,2025-04-08,19:00,v-ster-s-sk-fk,Västerås SK FK,rgryte-is-fotboll,Örgryte IS Fotboll,1,1,,,Played,D,SWE
2025,SW-SE,Superettan,123863,1,-,,6144527,2025-04-07,19:00,ik-brage,IK Brage,falkenbergs-ff,Falkenbergs FF,0,2,,,Played,A,SWE
2025,SW-SE,Superettan,123863,1,-,,6144531,2025-04-07,19:00,varbergs-bois-fc,Varbergs BoIS FC,rebro,Örebro,2,1,,,Played,H,SWE
2025,SW-SE,Superettan,123863,1,-,,6144529,2025-04-06,13:00,ume-fc,Umeå FC,trelleborgs-ff,Trelleborgs FF,0,1,,,Played,A,SWE
2025,SW-SE,Superettan,123863,1,-,,6144526,2025-04-05,15:00,helsingborgs-if,Helsingborgs IF,sandvikens-if,Sandvikens IF,1,2,,,Played,A,SWE
2025,SW-SE,Superettan,123863,1,-,,6144528,2025-04-05,15:00,kalmar-ff,Kalmar FF,gif-sundsvall,GIF Sundsvall,1,0,,,Played,H,SWE
2025,SW-SE,Superettan,123863,1,-,,6144533,2025-04-05,15:00,stersund,Östersund,landskrona-bois,Landskrona BoIS,3,3,,,Played,D,SWE
2025,SW-SE,Superettan,123863,1,-,,6144530,2025-04-05,13:00,utsikten,Utsikten,ik-oddevold,IK Oddevold,0,2,,,Played,A,SWE
2025,SW-SE,Superettan,123863,1,-,,6144524,2025-04-01,19:00,rebro,Örebro,v-ster-s-sk-fk,Västerås SK FK,0,2,,,Played,A,SWE
2025,SW-SE,Superettan,123863,1,-,,6144520,2025-03-31,19:00,ik-oddevold,IK Oddevold,ume-fc,Umeå FC,1,0,,,Played,H,SWE
2025,SW-SE,Superettan,123863,1,-,,6144523,2025-03-30,15:00,trelleborgs-ff,Trelleborgs FF,stersund,Östersund,0,1,,,Played,A,SWE
2025,SW-SE,Superettan,123863,1,-,,6144521,2025-03-30,13:00,landskrona-bois,Landskrona BoIS,ik-brage,IK Brage,2,2,,,Played,D,SWE
2025,SW-SE,Superettan,123863,1,-,,6144518,2025-03-29,17:00,falkenbergs-ff,Falkenbergs FF,varbergs-bois-fc,Varbergs BoIS FC,2,2,,,Played,D,SWE
2025,SW-SE,Superettan,123863,1,-,,6144519,2025-03-29,15:00,gif-sundsvall,GIF Sundsvall,helsingborgs-if,Helsingborgs IF,2,0,,,Played,H,SWE
2025,SW-SE,Superettan,123863,1,-,,6144522,2025-03-29,15:00,sandvikens-if,Sandvikens IF,kalmar-ff,Kalmar FF,0,0,,,Played,D,SWE
2025,SW-SE,Superettan,123863,1,-,,6144525,2025-03-29,15:00,rgryte-is-fotboll,Örgryte IS Fotboll,utsikten,Utsikten,2,1,,,Played,H,SWE
2026,SW-SE,Superettan,133340,1,-,,6536069,2026-07-20,19:00,norrby-if,Norrby IF,gif-sundsvall,GIF Sundsvall,3,1,,,Played,H,SWE
2026,SW-SE,Superettan,133340,1,-,,6536065,2026-07-19,15:00,ifk-v-rnamo,IFK Värnamo,ljungskile-sk-herrfotboll,Ljungskile SK Herrfotboll,2,3,,,Played,A,SWE
2026,SW-SE,Superettan,133340,1,-,,6536071,2026-07-19,15:00,nordic-united-fc,Nordic United FC,rebro,Örebro,2,0,,,Played,H,SWE
2026,SW-SE,Superettan,133340,1,-,,6536064,2026-07-19,13:00,ifk-norrk-ping-fk,IFK Norrköping FK,sandvikens-if,Sandvikens IF,3,0,,,Played,H,SWE
2026,SW-SE,Superettan,133340,1,-,,6536066,2026-07-18,17:00,sters-if,Östers IF,ik-brage,IK Brage,3,2,,,Played,H,SWE
2026,SW-SE,Superettan,133340,1,-,,6536068,2026-07-18,15:00,stersund,Östersund,landskrona-bois,Landskrona BoIS,2,0,,,Played,H,SWE
2026,SW-SE,Superettan,133340,1,-,,6536067,2026-07-18,13:00,ik-oddevold,IK Oddevold,varbergs-bois-fc,Varbergs BoIS FC,2,4,,,Played,A,SWE
2026,SW-SE,Superettan,133340,1,-,,6536060,2026-06-28,17:00,sandvikens-if,Sandvikens IF,helsingborgs-if,Helsingborgs IF,4,2,,,Played,H,SWE
2026,SW-SE,Superettan,133340,1,-,,6536056,2026-06-28,15:00,landskrona-bois,Landskrona BoIS,ifk-v-rnamo,IFK Värnamo,1,0,,,Played,H,SWE
2026,SW-SE,Superettan,133340,1,-,,6536057,2026-06-28,15:00,ifk-norrk-ping-fk,IFK Norrköping FK,norrby-if,Norrby IF,0,1,,,Played,A,SWE
2026,SW-SE,Superettan,133340,1,-,,6536059,2026-06-27,17:00,gif-sundsvall,GIF Sundsvall,stersund,Östersund,0,2,,,Played,A,SWE
2026,SW-SE,Superettan,133340,1,-,,6536062,2026-06-27,17:00,nordic-united-fc,Nordic United FC,ik-oddevold,IK Oddevold,3,3,,,Played,D,SWE
2026,SW-SE,Superettan,133340,1,-,,6536058,2026-06-27,15:00,ljungskile-sk-herrfotboll,Ljungskile SK Herrfotboll,rebro,Örebro,3,2,,,Played,H,SWE
2026,SW-SE,Superettan,133340,1,-,,6536061,2026-06-27,15:00,varbergs-bois-fc,Varbergs BoIS FC,sters-if,Östers IF,2,1,,,Played,H,SWE
2026,SW-SE,Superettan,133340,1,-,,6536063,2026-06-26,19:00,ik-brage,IK Brage,falkenbergs-ff,Falkenbergs FF,2,4,,,Played,A,SWE
2026,SW-SE,Superettan,133340,1,-,,6536050,2026-06-22,19:05,rebro,Örebro,sandvikens-if,Sandvikens IF,1,1,,,Played,D,SWE
2026,SW-SE,Superettan,133340,1,-,,6536051,2026-06-22,19:00,ik-oddevold,IK Oddevold,ljungskile-sk-herrfotboll,Ljungskile SK Herrfotboll,0,0,,,Played,D,SWE
2026,SW-SE,Superettan,133340,1,-,,6536054,2026-06-22,19:00,varbergs-bois-fc,Varbergs BoIS FC,landskrona-bois,Landskrona BoIS,2,3,,,Played,A,SWE
2026,SW-SE,Superettan,133340,1,-,,6536052,2026-06-21,17:00,stersund,Östersund,ifk-norrk-ping-fk,IFK Norrköping FK,0,2,,,Played,A,SWE
2026,SW-SE,Superettan,133340,1,-,,6536053,2026-06-21,17:00,norrby-if,Norrby IF,nordic-united-fc,Nordic United FC,0,0,,,Played,D,SWE
2026,SW-SE,Superettan,133340,1,-,,6536048,2026-06-21,15:00,helsingborgs-if,Helsingborgs IF,gif-sundsvall,GIF Sundsvall,5,2,,,Played,H,SWE
2026,SW-SE,Superettan,133340,1,-,,6536049,2026-06-21,15:00,sters-if,Östers IF,falkenbergs-ff,Falkenbergs FF,1,3,,,Played,A,SWE
2026,SW-SE,Superettan,133340,1,-,,6536055,2026-06-21,15:00,ik-brage,IK Brage,ifk-v-rnamo,IFK Värnamo,5,1,,,Played,H,SWE
2026,SW-SE,Superettan,133340,1,-,,6536040,2026-06-16,19:00,landskrona-bois,Landskrona BoIS,nordic-united-fc,Nordic United FC,2,0,,,Played,H,SWE
2026,SW-SE,Superettan,133340,1,-,,6536042,2026-06-16,19:00,ifk-v-rnamo,IFK Värnamo,helsingborgs-if,Helsingborgs IF,0,1,,,Played,A,SWE
2026,SW-SE,Superettan,133340,1,-,,6536041,2026-06-15,19:05,ifk-norrk-ping-fk,IFK Norrköping FK,varbergs-bois-fc,Varbergs BoIS FC,2,0,,,Played,H,SWE
2026,SW-SE,Superettan,133340,1,-,,6536044,2026-06-15,19:00,gif-sundsvall,GIF Sundsvall,sters-if,Östers IF,0,4,,,Played,A,SWE
2026,SW-SE,Superettan,133340,1,-,,6536046,2026-06-14,17:00,sandvikens-if,Sandvikens IF,ik-brage,IK Brage,3,2,,,Played,H,SWE
2026,SW-SE,Superettan,133340,1,-,,6536043,2026-06-14,15:00,ljungskile-sk-herrfotboll,Ljungskile SK Herrfotboll,stersund,Östersund,1,1,,,Played,D,SWE
2026,SW-SE,Superettan,133340,1,-,,6536047,2026-06-14,15:00,falkenbergs-ff,Falkenbergs FF,rebro,Örebro,1,1,,,Played,D,SWE
2026,SW-SE,Superettan,133340,1,-,,6536045,2026-06-14,13:00,norrby-if,Norrby IF,ik-oddevold,IK Oddevold,0,2,,,Played,A,SWE
2026,SW-SE,Superettan,133340,1,-,,6536032,2026-06-11,19:00,helsingborgs-if,Helsingborgs IF,landskrona-bois,Landskrona BoIS,0,3,,,Played,A,SWE
2026,SW-SE,Superettan,133340,1,-,,6536034,2026-06-10,19:00,rebro,Örebro,gif-sundsvall,GIF Sundsvall,0,1,,,Played,A,SWE
2026,SW-SE,Superettan,133340,1,-,,6536037,2026-06-10,19:00,varbergs-bois-fc,Varbergs BoIS FC,norrby-if,Norrby IF,2,0,,,Played,H,SWE
2026,SW-SE,Superettan,133340,1,-,,6536033,2026-06-09,19:00,sters-if,Östers IF,ifk-v-rnamo,IFK Värnamo,3,0,,,Played,H,SWE
2026,SW-SE,Superettan,133340,1,-,,6536035,2026-06-09,19:00,ik-oddevold,IK Oddevold,ifk-norrk-ping-fk,IFK Norrköping FK,1,2,,,Played,A,SWE
2026,SW-SE,Superettan,133340,1,-,,6536036,2026-06-09,19:00,sandvikens-if,Sandvikens IF,falkenbergs-ff,Falkenbergs FF,4,2,,,Played,H,SWE
2026,SW-SE,Superettan,133340,1,-,,6536038,2026-06-09,19:00,nordic-united-fc,Nordic United FC,stersund,Östersund,1,1,,,Played,D,SWE
2026,SW-SE,Superettan,133340,1,-,,6536039,2026-06-09,19:00,ik-brage,IK Brage,ljungskile-sk-herrfotboll,Ljungskile SK Herrfotboll,2,2,,,Played,D,SWE
2026,SW-SE,Superettan,133340,1,-,,6536025,2026-05-31,17:00,helsingborgs-if,Helsingborgs IF,ifk-norrk-ping-fk,IFK Norrköping FK,0,2,,,Played,A,SWE
2026,SW-SE,Superettan,133340,1,-,,6536029,2026-05-31,17:00,stersund,Östersund,rebro,Örebro,3,2,,,Played,H,SWE
2026,SW-SE,Superettan,133340,1,-,,6536026,2026-05-31,15:00,ifk-v-rnamo,IFK Värnamo,nordic-united-fc,Nordic United FC,0,2,,,Played,A,SWE
2026,SW-SE,Superettan,133340,1,-,,6536027,2026-05-30,17:00,sters-if,Östers IF,norrby-if,Norrby IF,2,1,,,Played,H,SWE
2026,SW-SE,Superettan,133340,1,-,,6536030,2026-05-30,15:00,gif-sundsvall,GIF Sundsvall,sandvikens-if,Sandvikens IF,0,3,,,Played,A,SWE
2026,SW-SE,Superettan,133340,1,-,,6536031,2026-05-30,15:00,falkenbergs-ff,Falkenbergs FF,ik-oddevold,IK Oddevold,2,1,,,Played,H,SWE
2026,SW-SE,Superettan,133340,1,-,,6536024,2026-05-30,13:00,landskrona-bois,Landskrona BoIS,ik-brage,IK Brage,2,2,,,Played,D,SWE
2026,SW-SE,Superettan,133340,1,-,,6536028,2026-05-30,13:00,ljungskile-sk-herrfotboll,Ljungskile SK Herrfotboll,varbergs-bois-fc,Varbergs BoIS FC,1,3,,,Played,A,SWE
2026,SW-SE,Superettan,133340,1,-,,6536017,2026-05-26,19:00,rebro,Örebro,helsingborgs-if,Helsingborgs IF,1,2,,,Played,A,SWE
2026,SW-SE,Superettan,133340,1,-,,6536016,2026-05-25,19:05,ifk-norrk-ping-fk,IFK Norrköping FK,sters-if,Östers IF,2,0,,,Played,H,SWE
2026,SW-SE,Superettan,133340,1,-,,6536020,2026-05-24,17:00,sandvikens-if,Sandvikens IF,landskrona-bois,Landskrona BoIS,0,1,,,Played,A,SWE
2026,SW-SE,Superettan,133340,1,-,,6536021,2026-05-24,15:00,varbergs-bois-fc,Varbergs BoIS FC,gif-sundsvall,GIF Sundsvall,1,0,,,Played,H,SWE
2026,SW-SE,Superettan,133340,1,-,,6536022,2026-05-23,17:00,falkenbergs-ff,Falkenbergs FF,ifk-v-rnamo,IFK Värnamo,3,1,,,Played,H,SWE
2026,SW-SE,Superettan,133340,1,-,,6536018,2026-05-23,15:00,ik-oddevold,IK Oddevold,stersund,Östersund,1,0,,,Played,H,SWE
2026,SW-SE,Superettan,133340,1,-,,6536023,2026-05-23,15:00,nordic-united-fc,Nordic United FC,ik-brage,IK Brage,1,0,,,Played,H,SWE
2026,SW-SE,Superettan,133340,1,-,,6536019,2026-05-23,13:00,norrby-if,Norrby IF,ljungskile-sk-herrfotboll,Ljungskile SK Herrfotboll,2,1,,,Played,H,SWE
2026,SW-SE,Superettan,133340,1,-,,6536008,2026-05-19,19:00,helsingborgs-if,Helsingborgs IF,varbergs-bois-fc,Varbergs BoIS FC,1,3,,,Played,A,SWE
2026,SW-SE,Superettan,133340,1,-,,6536011,2026-05-18,19:05,ik-oddevold,IK Oddevold,rebro,Örebro,4,1,,,Played,H,SWE
2026,SW-SE,Superettan,133340,1,-,,6536013,2026-05-18,19:00,gif-sundsvall,GIF Sundsvall,landskrona-bois,Landskrona BoIS,2,1,,,Played,H,SWE
2026,SW-SE,Superettan,133340,1,-,,6536009,2026-05-17,17:00,ifk-v-rnamo,IFK Värnamo,norrby-if,Norrby IF,2,2,,,Played,D,SWE
2026,SW-SE,Superettan,133340,1,-,,6536010,2026-05-17,15:00,sters-if,Östers IF,ljungskile-sk-herrfotboll,Ljungskile SK Herrfotboll,1,4,,,Played,A,SWE
2026,SW-SE,Superettan,133340,1,-,,6536014,2026-05-17,15:00,nordic-united-fc,Nordic United FC,falkenbergs-ff,Falkenbergs FF,1,4,,,Played,A,SWE
2026,SW-SE,Superettan,133340,1,-,,6536012,2026-05-17,13:00,stersund,Östersund,sandvikens-if,Sandvikens IF,2,1,,,Played,H,SWE
2026,SW-SE,Superettan,133340,1,-,,6536015,2026-05-16,17:00,ik-brage,IK Brage,ifk-norrk-ping-fk,IFK Norrköping FK,0,0,,,Played,D,SWE
2026,SW-SE,Superettan,133340,1,-,,6536005,2026-05-14,17:00,ljungskile-sk-herrfotboll,Ljungskile SK Herrfotboll,gif-sundsvall,GIF Sundsvall,1,0,,,Played,H,SWE
2026,SW-SE,Superettan,133340,1,-,,6536001,2026-05-13,19:00,helsingborgs-if,Helsingborgs IF,ik-oddevold,IK Oddevold,2,2,,,Played,D,SWE
2026,SW-SE,Superettan,133340,1,-,,6536002,2026-05-13,19:00,ifk-norrk-ping-fk,IFK Norrköping FK,nordic-united-fc,Nordic United FC,1,1,,,Played,D,SWE
2026,SW-SE,Superettan,133340,1,-,,6536004,2026-05-13,19:00,sters-if,Östers IF,sandvikens-if,Sandvikens IF,1,0,,,Played,H,SWE
2026,SW-SE,Superettan,133340,1,-,,6536006,2026-05-13,19:00,falkenbergs-ff,Falkenbergs FF,varbergs-bois-fc,Varbergs BoIS FC,0,3,,,Played,A,SWE
2026,SW-SE,Superettan,133340,1,-,,6536007,2026-05-13,19:00,ik-brage,IK Brage,stersund,Östersund,2,4,,,Played,A,SWE
2026,SW-SE,Superettan,133340,1,-,,6536000,2026-05-12,19:00,landskrona-bois,Landskrona BoIS,norrby-if,Norrby IF,1,1,,,Played,D,SWE
2026,SW-SE,Superettan,133340,1,-,,6536003,2026-05-12,19:00,ifk-v-rnamo,IFK Värnamo,rebro,Örebro,0,1,,,Played,A,SWE
2026,SW-SE,Superettan,133340,1,-,,6535995,2026-05-09,17:00,gif-sundsvall,GIF Sundsvall,ifk-norrk-ping-fk,IFK Norrköping FK,1,3,,,Played,A,SWE
2026,SW-SE,Superettan,133340,1,-,,6535997,2026-05-09,17:00,sandvikens-if,Sandvikens IF,ljungskile-sk-herrfotboll,Ljungskile SK Herrfotboll,1,0,,,Played,H,SWE
2026,SW-SE,Superettan,133340,1,-,,6535996,2026-05-09,15:00,norrby-if,Norrby IF,helsingborgs-if,Helsingborgs IF,3,3,,,Played,D,SWE
2026,SW-SE,Superettan,133340,1,-,,6535993,2026-05-09,13:00,ik-oddevold,IK Oddevold,landskrona-bois,Landskrona BoIS,1,1,,,Played,D,SWE
2026,SW-SE,Superettan,133340,1,-,,6535994,2026-05-09,13:00,stersund,Östersund,falkenbergs-ff,Falkenbergs FF,2,2,,,Played,D,SWE
2026,SW-SE,Superettan,133340,1,-,,6535999,2026-05-09,13:00,nordic-united-fc,Nordic United FC,sters-if,Östers IF,4,2,,,Played,H,SWE
2026,SW-SE,Superettan,133340,1,-,,6535992,2026-05-08,19:00,rebro,Örebro,ik-brage,IK Brage,0,3,,,Played,A,SWE
2026,SW-SE,Superettan,133340,1,-,,6535998,2026-05-08,19:00,varbergs-bois-fc,Varbergs BoIS FC,ifk-v-rnamo,IFK Värnamo,3,2,,,Played,H,SWE
2026,SW-SE,Superettan,133340,1,-,,6535991,2026-05-05,19:00,falkenbergs-ff,Falkenbergs FF,ifk-norrk-ping-fk,IFK Norrköping FK,1,0,,,Played,H,SWE
2026,SW-SE,Superettan,133340,1,-,,6535984,2026-05-04,19:05,landskrona-bois,Landskrona BoIS,sters-if,Östers IF,2,2,,,Played,D,SWE
2026,SW-SE,Superettan,133340,1,-,,6535985,2026-05-03,15:00,helsingborgs-if,Helsingborgs IF,ik-brage,IK Brage,2,0,,,Played,H,SWE
2026,SW-SE,Superettan,133340,1,-,,6535987,2026-05-03,13:00,stersund,Östersund,ifk-v-rnamo,IFK Värnamo,3,2,,,Played,H,SWE
2026,SW-SE,Superettan,133340,1,-,,6535988,2026-05-02,17:00,gif-sundsvall,GIF Sundsvall,ik-oddevold,IK Oddevold,1,3,,,Played,A,SWE
2026,SW-SE,Superettan,133340,1,-,,6535989,2026-05-02,15:00,sandvikens-if,Sandvikens IF,norrby-if,Norrby IF,2,2,,,Played,D,SWE
2026,SW-SE,Superettan,133340,1,-,,6535990,2026-05-02,15:00,varbergs-bois-fc,Varbergs BoIS FC,rebro,Örebro,0,0,,,Played,D,SWE
2026,SW-SE,Superettan,133340,1,-,,6535986,2026-05-02,13:00,ljungskile-sk-herrfotboll,Ljungskile SK Herrfotboll,nordic-united-fc,Nordic United FC,0,2,,,Played,A,SWE
2026,SW-SE,Superettan,133340,1,-,,6535976,2026-04-28,19:00,ifk-norrk-ping-fk,IFK Norrköping FK,landskrona-bois,Landskrona BoIS,1,3,,,Played,A,SWE
2026,SW-SE,Superettan,133340,1,-,,6535983,2026-04-26,15:00,ik-brage,IK Brage,varbergs-bois-fc,Varbergs BoIS FC,2,2,,,Played,D,SWE
2026,SW-SE,Superettan,133340,1,-,,6535977,2026-04-26,13:00,ifk-v-rnamo,IFK Värnamo,ik-oddevold,IK Oddevold,3,1,,,Played,H,SWE
2026,SW-SE,Superettan,133340,1,-,,6535979,2026-04-25,17:00,rebro,Örebro,norrby-if,Norrby IF,1,1,,,Played,D,SWE
2026,SW-SE,Superettan,133340,1,-,,6535982,2026-04-25,17:00,nordic-united-fc,Nordic United FC,sandvikens-if,Sandvikens IF,2,1,,,Played,H,SWE
2026,SW-SE,Superettan,133340,1,-,,6535981,2026-04-25,15:00,falkenbergs-ff,Falkenbergs FF,gif-sundsvall,GIF Sundsvall,1,0,,,Played,H,SWE
2026,SW-SE,Superettan,133340,1,-,,6535978,2026-04-25,13:00,sters-if,Östers IF,stersund,Östersund,1,0,,,Played,H,SWE
2026,SW-SE,Superettan,133340,1,-,,6535980,2026-04-24,19:00,ljungskile-sk-herrfotboll,Ljungskile SK Herrfotboll,helsingborgs-if,Helsingborgs IF,4,1,,,Played,H,SWE
2026,SW-SE,Superettan,133340,1,-,,6535970,2026-04-21,19:00,rebro,Örebro,ifk-norrk-ping-fk,IFK Norrköping FK,2,1,,,Played,H,SWE
2026,SW-SE,Superettan,133340,1,-,,6535972,2026-04-20,19:05,gif-sundsvall,GIF Sundsvall,ik-brage,IK Brage,1,2,,,Played,A,SWE
2026,SW-SE,Superettan,133340,1,-,,6535971,2026-04-20,19:00,ik-oddevold,IK Oddevold,sters-if,Östers IF,1,2,,,Played,A,SWE
2026,SW-SE,Superettan,133340,1,-,,6535969,2026-04-19,15:00,helsingborgs-if,Helsingborgs IF,stersund,Östersund,2,1,,,Played,H,SWE
2026,SW-SE,Superettan,133340,1,-,,6535973,2026-04-19,13:00,norrby-if,Norrby IF,falkenbergs-ff,Falkenbergs FF,2,2,,,Played,D,SWE
2026,SW-SE,Superettan,133340,1,-,,6535968,2026-04-18,17:00,landskrona-bois,Landskrona BoIS,ljungskile-sk-herrfotboll,Ljungskile SK Herrfotboll,1,0,,,Played,H,SWE
2026,SW-SE,Superettan,133340,1,-,,6535974,2026-04-18,15:00,sandvikens-if,Sandvikens IF,ifk-v-rnamo,IFK Värnamo,0,1,,,Played,A,SWE
2026,SW-SE,Superettan,133340,1,-,,6535975,2026-04-18,13:00,varbergs-bois-fc,Varbergs BoIS FC,nordic-united-fc,Nordic United FC,4,1,,,Played,H,SWE
2026,SW-SE,Superettan,133340,1,-,,6535961,2026-04-14,19:00,ifk-v-rnamo,IFK Värnamo,gif-sundsvall,GIF Sundsvall,3,0,,,Played,H,SWE
2026,SW-SE,Superettan,133340,1,-,,6535965,2026-04-12,17:00,sandvikens-if,Sandvikens IF,varbergs-bois-fc,Varbergs BoIS FC,2,2,,,Played,D,SWE
2026,SW-SE,Superettan,133340,1,-,,6535960,2026-04-12,15:00,landskrona-bois,Landskrona BoIS,falkenbergs-ff,Falkenbergs FF,1,2,,,Played,A,SWE
2026,SW-SE,Superettan,133340,1,-,,6535967,2026-04-12,15:00,ik-brage,IK Brage,ik-oddevold,IK Oddevold,3,4,,,Played,A,SWE
2026,SW-SE,Superettan,133340,1,-,,6535964,2026-04-11,17:00,stersund,Östersund,norrby-if,Norrby IF,1,1,,,Played,D,SWE
2026,SW-SE,Superettan,133340,1,-,,6535966,2026-04-11,15:00,nordic-united-fc,Nordic United FC,helsingborgs-if,Helsingborgs IF,3,1,,,Played,H,SWE
2026,SW-SE,Superettan,133340,1,-,,6535962,2026-04-11,13:00,sters-if,Östers IF,rebro,Örebro,0,0,,,Played,D,SWE
2026,SW-SE,Superettan,133340,1,-,,6535963,2026-04-11,13:00,ljungskile-sk-herrfotboll,Ljungskile SK Herrfotboll,ifk-norrk-ping-fk,IFK Norrköping FK,0,1,,,Played,A,SWE
2026,SW-SE,Superettan,133340,1,-,,6535955,2026-04-07,19:00,ik-oddevold,IK Oddevold,sandvikens-if,Sandvikens IF,2,2,,,Played,D,SWE
2026,SW-SE,Superettan,133340,1,-,,6535954,2026-04-06,15:00,rebro,Örebro,landskrona-bois,Landskrona BoIS,1,0,,,Played,H,SWE
2026,SW-SE,Superettan,133340,1,-,,6535958,2026-04-06,15:00,varbergs-bois-fc,Varbergs BoIS FC,stersund,Östersund,1,2,,,Played,A,SWE
2026,SW-SE,Superettan,133340,1,-,,6535956,2026-04-06,13:00,gif-sundsvall,GIF Sundsvall,nordic-united-fc,Nordic United FC,3,2,,,Played,H,SWE
2026,SW-SE,Superettan,133340,1,-,,6535959,2026-04-06,13:00,falkenbergs-ff,Falkenbergs FF,ljungskile-sk-herrfotboll,Ljungskile SK Herrfotboll,1,1,,,Played,D,SWE
2026,SW-SE,Superettan,133340,1,-,,6535957,2026-04-05,15:00,norrby-if,Norrby IF,ik-brage,IK Brage,0,1,,,Played,A,SWE
2026,SW-SE,Superettan,133340,1,-,,6535953,2026-04-04,12:30,ifk-norrk-ping-fk,IFK Norrköping FK,ifk-v-rnamo,IFK Värnamo,6,0,,,Played,H,SWE
2026,SW-SE,Superettan,133340,1,-,,6535952,2026-04-03,15:00,helsingborgs-if,Helsingborgs IF,sters-if,Östers IF,4,1,,,Played,H,SWE
2025,SW-EN,Ettan Norra,123861,1,-,,6155451,2025-11-09,15:00,athletic-eskilstuna,Athletic Eskilstuna,team-tg-ff,Team TG FF,1,0,,,Played,H,SWE
2025,SW-EN,Ettan Norra,123861,1,-,,6155452,2025-11-09,15:00,gefle-if-ff,Gefle IF FF,rebro-syrianska-if,Örebro Syrianska IF,3,3,,,Played,D,SWE
2025,SW-EN,Ettan Norra,123861,1,-,,6155453,2025-11-09,15:00,if-karlstad-fotboll,IF Karlstad Fotboll,hammarby-tff-herrfotboll,Hammarby TFF Herrfotboll,1,2,,,Played,A,SWE
2025,SW-EN,Ettan Norra,123861,1,-,,6155454,2025-11-09,15:00,ifk-haninge,IFK Haninge,enk-pings-sk-fk,Enköpings SK FK,0,0,,,Played,D,SWE
2025,SW-EN,Ettan Norra,123861,1,-,,6155455,2025-11-09,15:00,ifk-stocksund,IFK Stocksund,vasalund,Vasalund,1,7,,,Played,A,SWE
2025,SW-EN,Ettan Norra,123861,1,-,,6155456,2025-11-09,15:00,nordic-united-fc,Nordic United FC,fc-arlanda,FC Arlanda,3,2,,,Played,H,SWE
2025,SW-EN,Ettan Norra,123861,1,-,,6155457,2025-11-09,15:00,sollentuna-fk,Sollentuna FK,karlbergs-bk,Karlbergs BK,2,2,,,Played,D,SWE
2025,SW-EN,Ettan Norra,123861,1,-,,6155458,2025-11-09,15:00,stockholm-internazionale,Stockholm Internazionale,assyriska-ff,Assyriska FF,0,1,,,Played,A,SWE
2025,SW-EN,Ettan Norra,123861,1,-,,6155446,2025-11-03,19:00,hammarby-tff-herrfotboll,Hammarby TFF Herrfotboll,ifk-stocksund,IFK Stocksund,4,1,,,Played,H,SWE
2025,SW-EN,Ettan Norra,123861,1,-,,6155443,2025-11-02,16:00,assyriska-ff,Assyriska FF,gefle-if-ff,Gefle IF FF,1,2,,,Played,A,SWE
2025,SW-EN,Ettan Norra,123861,1,-,,6155444,2025-11-02,16:00,enk-pings-sk-fk,Enköpings SK FK,stockholm-internazionale,Stockholm Internazionale,0,2,,,Played,A,SWE
2025,SW-EN,Ettan Norra,123861,1,-,,6155449,2025-11-02,16:00,vasalund,Vasalund,ifk-haninge,IFK Haninge,3,1,,,Played,H,SWE
2025,SW-EN,Ettan Norra,123861,1,-,,6155448,2025-11-02,15:00,team-tg-ff,Team TG FF,sollentuna-fk,Sollentuna FK,0,0,,,Played,D,SWE
2025,SW-EN,Ettan Norra,123861,1,-,,6155445,2025-11-01,16:00,fc-arlanda,FC Arlanda,if-karlstad-fotboll,IF Karlstad Fotboll,3,5,,,Played,A,SWE
2025,SW-EN,Ettan Norra,123861,1,-,,6155447,2025-11-01,16:00,karlbergs-bk,Karlbergs BK,nordic-united-fc,Nordic United FC,1,4,,,Played,A,SWE
2025,SW-EN,Ettan Norra,123861,1,-,,6155450,2025-11-01,13:00,rebro-syrianska-if,Örebro Syrianska IF,athletic-eskilstuna,Athletic Eskilstuna,2,4,,,Played,A,SWE
2025,SW-EN,Ettan Norra,123861,1,-,,6155438,2025-10-26,16:00,ifk-haninge,IFK Haninge,team-tg-ff,Team TG FF,3,2,,,Played,H,SWE
2025,SW-EN,Ettan Norra,123861,1,-,,6155436,2025-10-26,13:00,fc-arlanda,FC Arlanda,vasalund,Vasalund,4,1,,,Played,H,SWE
2025,SW-EN,Ettan Norra,123861,1,-,,6155437,2025-10-26,13:00,gefle-if-ff,Gefle IF FF,hammarby-tff-herrfotboll,Hammarby TFF Herrfotboll,2,4,,,Played,A,SWE
2025,SW-EN,Ettan Norra,123861,1,-,,6155435,2025-10-25,16:00,athletic-eskilstuna,Athletic Eskilstuna,stockholm-internazionale,Stockholm Internazionale,0,3,,,Played,A,SWE
2025,SW-EN,Ettan Norra,123861,1,-,,6155440,2025-10-25,16:00,karlbergs-bk,Karlbergs BK,assyriska-ff,Assyriska FF,2,3,,,Played,A,SWE
2025,SW-EN,Ettan Norra,123861,1,-,,6155439,2025-10-25,13:00,ifk-stocksund,IFK Stocksund,enk-pings-sk-fk,Enköpings SK FK,2,3,,,Played,A,SWE
2025,SW-EN,Ettan Norra,123861,1,-,,6155441,2025-10-25,13:00,sollentuna-fk,Sollentuna FK,nordic-united-fc,Nordic United FC,3,3,,,Played,D,SWE
2025,SW-EN,Ettan Norra,123861,1,-,,6155442,2025-10-24,19:00,rebro-syrianska-if,Örebro Syrianska IF,if-karlstad-fotboll,IF Karlstad Fotboll,1,2,,,Played,A,SWE
2025,SW-EN,Ettan Norra,123861,1,-,,6155429,2025-10-20,19:00,hammarby-tff-herrfotboll,Hammarby TFF Herrfotboll,karlbergs-bk,Karlbergs BK,1,1,,,Played,D,SWE
2025,SW-EN,Ettan Norra,123861,1,-,,6155428,2025-10-19,16:00,enk-pings-sk-fk,Enköpings SK FK,fc-arlanda,FC Arlanda,1,3,,,Played,A,SWE
2025,SW-EN,Ettan Norra,123861,1,-,,6155431,2025-10-19,16:00,nordic-united-fc,Nordic United FC,ifk-haninge,IFK Haninge,6,0,,,Played,H,SWE
2025,SW-EN,Ettan Norra,123861,1,-,,6155434,2025-10-19,16:00,vasalund,Vasalund,athletic-eskilstuna,Athletic Eskilstuna,4,2,,,Played,H,SWE
2025,SW-EN,Ettan Norra,123861,1,-,,6155433,2025-10-19,13:00,team-tg-ff,Team TG FF,rebro-syrianska-if,Örebro Syrianska IF,0,1,,,Played,A,SWE
2025,SW-EN,Ettan Norra,123861,1,-,,6155430,2025-10-18,16:00,if-karlstad-fotboll,IF Karlstad Fotboll,sollentuna-fk,Sollentuna FK,1,1,,,Played,D,SWE
2025,SW-EN,Ettan Norra,123861,1,-,,6155432,2025-10-18,13:00,stockholm-internazionale,Stockholm Internazionale,gefle-if-ff,Gefle IF FF,2,0,,,Played,H,SWE
2025,SW-EN,Ettan Norra,123861,1,-,,6155427,2025-10-17,19:00,assyriska-ff,Assyriska FF,ifk-stocksund,IFK Stocksund,3,3,,,Played,D,SWE
2025,SW-EN,Ettan Norra,123861,1,-,,6155421,2025-10-12,16:00,gefle-if-ff,Gefle IF FF,nordic-united-fc,Nordic United FC,0,2,,,Played,A,SWE
2025,SW-EN,Ettan Norra,123861,1,-,,6155420,2025-10-12,15:30,fc-arlanda,FC Arlanda,team-tg-ff,Team TG FF,4,3,,,Played,H,SWE
2025,SW-EN,Ettan Norra,123861,1,-,,6155419,2025-10-11,16:00,athletic-eskilstuna,Athletic Eskilstuna,ifk-stocksund,IFK Stocksund,3,4,,,Played,A,SWE
2025,SW-EN,Ettan Norra,123861,1,-,,6155422,2025-10-11,16:00,ifk-haninge,IFK Haninge,hammarby-tff-herrfotboll,Hammarby TFF Herrfotboll,1,2,,,Played,A,SWE
2025,SW-EN,Ettan Norra,123861,1,-,,6155425,2025-10-11,16:00,stockholm-internazionale,Stockholm Internazionale,if-karlstad-fotboll,IF Karlstad Fotboll,0,1,,,Played,A,SWE
2025,SW-EN,Ettan Norra,123861,1,-,,6155423,2025-10-11,13:00,karlbergs-bk,Karlbergs BK,vasalund,Vasalund,0,0,,,Played,D,SWE
2025,SW-EN,Ettan Norra,123861,1,-,,6155424,2025-10-11,13:00,sollentuna-fk,Sollentuna FK,assyriska-ff,Assyriska FF,2,1,,,Played,H,SWE
2025,SW-EN,Ettan Norra,123861,1,-,,6155426,2025-10-10,19:30,rebro-syrianska-if,Örebro Syrianska IF,enk-pings-sk-fk,Enköpings SK FK,1,1,,,Played,D,SWE
2025,SW-EN,Ettan Norra,123861,1,-,,6155412,2025-10-05,16:00,hammarby-tff-herrfotboll,Hammarby TFF Herrfotboll,fc-arlanda,FC Arlanda,3,1,,,Played,H,SWE
2025,SW-EN,Ettan Norra,123861,1,-,,6155413,2025-10-05,16:00,if-karlstad-fotboll,IF Karlstad Fotboll,ifk-haninge,IFK Haninge,7,1,,,Played,H,SWE
2025,SW-EN,Ettan Norra,123861,1,-,,6155416,2025-10-05,16:00,team-tg-ff,Team TG FF,gefle-if-ff,Gefle IF FF,0,1,,,Played,A,SWE
2025,SW-EN,Ettan Norra,123861,1,-,,6155411,2025-10-04,16:00,enk-pings-sk-fk,Enköpings SK FK,assyriska-ff,Assyriska FF,3,1,,,Played,H,SWE
2025,SW-EN,Ettan Norra,123861,1,-,,6155415,2025-10-04,16:00,nordic-united-fc,Nordic United FC,athletic-eskilstuna,Athletic Eskilstuna,3,2,,,Played,H,SWE
2025,SW-EN,Ettan Norra,123861,1,-,,6155418,2025-10-04,16:00,rebro-syrianska-if,Örebro Syrianska IF,karlbergs-bk,Karlbergs BK,1,1,,,Played,D,SWE
2025,SW-EN,Ettan Norra,123861,1,-,,6155414,2025-10-04,13:00,ifk-stocksund,IFK Stocksund,sollentuna-fk,Sollentuna FK,2,1,,,Played,H,SWE
2025,SW-EN,Ettan Norra,123861,1,-,,6155417,2025-10-03,19:00,vasalund,Vasalund,stockholm-internazionale,Stockholm Internazionale,1,1,,,Played,D,SWE
2025,SW-EN,Ettan Norra,123861,1,-,,6155403,2025-09-28,16:00,assyriska-ff,Assyriska FF,ifk-haninge,IFK Haninge,3,0,,,Played,H,SWE
2025,SW-EN,Ettan Norra,123861,1,-,,6155404,2025-09-27,16:00,athletic-eskilstuna,Athletic Eskilstuna,hammarby-tff-herrfotboll,Hammarby TFF Herrfotboll,3,1,,,Played,H,SWE
2025,SW-EN,Ettan Norra,123861,1,-,,6155405,2025-09-27,16:00,fc-arlanda,FC Arlanda,rebro-syrianska-if,Örebro Syrianska IF,0,2,,,Played,A,SWE
2025,SW-EN,Ettan Norra,123861,1,-,,6155406,2025-09-27,13:00,if-karlstad-fotboll,IF Karlstad Fotboll,enk-pings-sk-fk,Enköpings SK FK,2,0,,,Played,H,SWE
2025,SW-EN,Ettan Norra,123861,1,-,,6155407,2025-09-27,13:00,ifk-stocksund,IFK Stocksund,gefle-if-ff,Gefle IF FF,2,2,,,Played,D,SWE
2025,SW-EN,Ettan Norra,123861,1,-,,6155409,2025-09-27,13:00,sollentuna-fk,Sollentuna FK,stockholm-internazionale,Stockholm Internazionale,1,1,,,Played,D,SWE
2025,SW-EN,Ettan Norra,123861,1,-,,6155410,2025-09-27,12:00,team-tg-ff,Team TG FF,karlbergs-bk,Karlbergs BK,2,4,,,Played,A,SWE
2025,SW-EN,Ettan Norra,123861,1,-,,6155408,2025-09-26,19:00,nordic-united-fc,Nordic United FC,vasalund,Vasalund,4,1,,,Played,H,SWE
2025,SW-EN,Ettan Norra,123861,1,-,,6155398,2025-09-22,19:00,hammarby-tff-herrfotboll,Hammarby TFF Herrfotboll,sollentuna-fk,Sollentuna FK,4,0,,,Played,H,SWE
2025,SW-EN,Ettan Norra,123861,1,-,,6155395,2025-09-21,16:00,assyriska-ff,Assyriska FF,fc-arlanda,FC Arlanda,1,2,,,Played,A,SWE
2025,SW-EN,Ettan Norra,123861,1,-,,6155397,2025-09-21,16:00,gefle-if-ff,Gefle IF FF,if-karlstad-fotboll,IF Karlstad Fotboll,1,1,,,Played,D,SWE
2025,SW-EN,Ettan Norra,123861,1,-,,6155401,2025-09-21,15:00,stockholm-internazionale,Stockholm Internazionale,team-tg-ff,Team TG FF,5,0,,,Played,H,SWE
2025,SW-EN,Ettan Norra,123861,1,-,,6155400,2025-09-20,16:00,karlbergs-bk,Karlbergs BK,athletic-eskilstuna,Athletic Eskilstuna,4,2,,,Played,H,SWE
2025,SW-EN,Ettan Norra,123861,1,-,,6155396,2025-09-20,13:00,enk-pings-sk-fk,Enköpings SK FK,nordic-united-fc,Nordic United FC,1,3,,,Played,A,SWE
2025,SW-EN,Ettan Norra,123861,1,-,,6155402,2025-09-20,13:00,rebro-syrianska-if,Örebro Syrianska IF,vasalund,Vasalund,0,5,,,Played,A,SWE
2025,SW-EN,Ettan Norra,123861,1,-,,6155399,2025-09-19,19:30,ifk-haninge,IFK Haninge,ifk-stocksund,IFK Stocksund,2,4,,,Played,A,SWE
2025,SW-EN,Ettan Norra,123861,1,-,,6155394,2025-09-14,16:00,vasalund,Vasalund,assyriska-ff,Assyriska FF,1,2,,,Played,A,SWE
2025,SW-EN,Ettan Norra,123861,1,-,,6155393,2025-09-14,13:00,team-tg-ff,Team TG FF,enk-pings-sk-fk,Enköpings SK FK,2,3,,,Played,A,SWE
2025,SW-EN,Ettan Norra,123861,1,-,,6155387,2025-09-13,16:00,athletic-eskilstuna,Athletic Eskilstuna,gefle-if-ff,Gefle IF FF,2,0,,,Played,H,SWE
2025,SW-EN,Ettan Norra,123861,1,-,,6155389,2025-09-13,16:00,if-karlstad-fotboll,IF Karlstad Fotboll,karlbergs-bk,Karlbergs BK,1,0,,,Played,H,SWE
2025,SW-EN,Ettan Norra,123861,1,-,,6155392,2025-09-13,16:00,nordic-united-fc,Nordic United FC,hammarby-tff-herrfotboll,Hammarby TFF Herrfotboll,1,1,,,Played,D,SWE
2025,SW-EN,Ettan Norra,123861,1,-,,6155390,2025-09-13,13:00,ifk-haninge,IFK Haninge,rebro-syrianska-if,Örebro Syrianska IF,3,1,,,Played,H,SWE
2025,SW-EN,Ettan Norra,123861,1,-,,6155391,2025-09-13,12:00,ifk-stocksund,IFK Stocksund,stockholm-internazionale,Stockholm Internazionale,0,2,,,Played,A,SWE
2025,SW-EN,Ettan Norra,123861,1,-,,6155388,2025-09-12,19:30,sollentuna-fk,Sollentuna FK,fc-arlanda,FC Arlanda,2,0,,,Played,H,SWE
2025,SW-EN,Ettan Norra,123861,1,-,,6155379,2025-09-07,16:00,assyriska-ff,Assyriska FF,if-karlstad-fotboll,IF Karlstad Fotboll,2,0,,,Played,H,SWE
2025,SW-EN,Ettan Norra,123861,1,-,,6155386,2025-09-07,14:00,team-tg-ff,Team TG FF,vasalund,Vasalund,0,5,,,Played,A,SWE
2025,SW-EN,Ettan Norra,123861,1,-,,6155385,2025-09-07,13:00,stockholm-internazionale,Stockholm Internazionale,nordic-united-fc,Nordic United FC,1,2,,,Played,A,SWE
2025,SW-EN,Ettan Norra,123861,1,-,,6155381,2025-09-06,16:00,fc-arlanda,FC Arlanda,athletic-eskilstuna,Athletic Eskilstuna,2,1,,,Played,H,SWE
2025,SW-EN,Ettan Norra,123861,1,-,,6155383,2025-09-06,16:00,karlbergs-bk,Karlbergs BK,ifk-stocksund,IFK Stocksund,3,2,,,Played,H,SWE
2025,SW-EN,Ettan Norra,123861,1,-,,6155382,2025-09-06,13:00,gefle-if-ff,Gefle IF FF,ifk-haninge,IFK Haninge,2,0,,,Played,H,SWE
2025,SW-EN,Ettan Norra,123861,1,-,,6155384,2025-09-06,13:00,sollentuna-fk,Sollentuna FK,rebro-syrianska-if,Örebro Syrianska IF,3,1,,,Played,H,SWE
2025,SW-EN,Ettan Norra,123861,1,-,,6155380,2025-09-05,19:30,enk-pings-sk-fk,Enköpings SK FK,hammarby-tff-herrfotboll,Hammarby TFF Herrfotboll,2,2,,,Played,D,SWE
2025,SW-EN,Ettan Norra,123861,1,-,,6155373,2025-09-01,19:00,hammarby-tff-herrfotboll,Hammarby TFF Herrfotboll,assyriska-ff,Assyriska FF,4,0,,,Played,H,SWE
2025,SW-EN,Ettan Norra,123861,1,-,,6155371,2025-08-31,16:00,athletic-eskilstuna,Athletic Eskilstuna,if-karlstad-fotboll,IF Karlstad Fotboll,4,3,,,Played,H,SWE
2025,SW-EN,Ettan Norra,123861,1,-,,6155377,2025-08-31,16:00,vasalund,Vasalund,enk-pings-sk-fk,Enköpings SK FK,2,0,,,Played,H,SWE
2025,SW-EN,Ettan Norra,123861,1,-,,6155378,2025-08-31,16:00,rebro-syrianska-if,Örebro Syrianska IF,nordic-united-fc,Nordic United FC,0,2,,,Played,A,SWE
2025,SW-EN,Ettan Norra,123861,1,-,,6155374,2025-08-31,15:00,ifk-stocksund,IFK Stocksund,team-tg-ff,Team TG FF,3,1,,,Played,H,SWE
2025,SW-EN,Ettan Norra,123861,1,-,,6155372,2025-08-30,16:00,gefle-if-ff,Gefle IF FF,sollentuna-fk,Sollentuna FK,5,1,,,Played,H,SWE
2025,SW-EN,Ettan Norra,123861,1,-,,6155375,2025-08-30,16:00,karlbergs-bk,Karlbergs BK,ifk-haninge,IFK Haninge,3,1,,,Played,H,SWE
2025,SW-EN,Ettan Norra,123861,1,-,,6155376,2025-08-30,13:00,stockholm-internazionale,Stockholm Internazionale,fc-arlanda,FC Arlanda,0,0,,,Played,D,SWE
2025,SW-EN,Ettan Norra,123861,1,-,,6155370,2025-08-25,19:30,sollentuna-fk,Sollentuna FK,athletic-eskilstuna,Athletic Eskilstuna,4,3,,,Played,H,SWE
2025,SW-EN,Ettan Norra,123861,1,-,,6155363,2025-08-24,17:00,assyriska-ff,Assyriska FF,rebro-syrianska-if,Örebro Syrianska IF,3,1,,,Played,H,SWE
2025,SW-EN,Ettan Norra,123861,1,-,,6155364,2025-08-24,16:00,enk-pings-sk-fk,Enköpings SK FK,karlbergs-bk,Karlbergs BK,4,2,,,Played,H,SWE
2025,SW-EN,Ettan Norra,123861,1,-,,6155365,2025-08-24,16:00,fc-arlanda,FC Arlanda,gefle-if-ff,Gefle IF FF,2,0,,,Played,H,SWE
2025,SW-EN,Ettan Norra,123861,1,-,,6155367,2025-08-24,16:00,if-karlstad-fotboll,IF Karlstad Fotboll,vasalund,Vasalund,2,3,,,Played,A,SWE
2025,SW-EN,Ettan Norra,123861,1,-,,6155366,2025-08-24,15:00,hammarby-tff-herrfotboll,Hammarby TFF Herrfotboll,team-tg-ff,Team TG FF,2,1,,,Played,H,SWE
2025,SW-EN,Ettan Norra,123861,1,-,,6155368,2025-08-24,13:00,ifk-haninge,IFK Haninge,stockholm-internazionale,Stockholm Internazionale,0,1,,,Played,A,SWE
2025,SW-EN,Ettan Norra,123861,1,-,,6155369,2025-08-23,16:00,nordic-united-fc,Nordic United FC,ifk-stocksund,IFK Stocksund,3,0,,,Played,H,SWE
2025,SW-EN,Ettan Norra,123861,1,-,,6155361,2025-08-17,16:00,team-tg-ff,Team TG FF,nordic-united-fc,Nordic United FC,0,2,,,Played,A,SWE
2025,SW-EN,Ettan Norra,123861,1,-,,6155355,2025-08-16,16:00,athletic-eskilstuna,Athletic Eskilstuna,assyriska-ff,Assyriska FF,2,1,,,Played,H,SWE
2025,SW-EN,Ettan Norra,123861,1,-,,6155357,2025-08-16,16:00,gefle-if-ff,Gefle IF FF,enk-pings-sk-fk,Enköpings SK FK,5,1,,,Played,H,SWE
2025,SW-EN,Ettan Norra,123861,1,-,,6155358,2025-08-16,16:00,ifk-stocksund,IFK Stocksund,if-karlstad-fotboll,IF Karlstad Fotboll,1,4,,,Played,A,SWE
2025,SW-EN,Ettan Norra,123861,1,-,,6155360,2025-08-16,13:00,stockholm-internazionale,Stockholm Internazionale,karlbergs-bk,Karlbergs BK,3,1,,,Played,H,SWE
2025,SW-EN,Ettan Norra,123861,1,-,,6155362,2025-08-16,13:00,rebro-syrianska-if,Örebro Syrianska IF,hammarby-tff-herrfotboll,Hammarby TFF Herrfotboll,0,2,,,Played,A,SWE
2025,SW-EN,Ettan Norra,123861,1,-,,6155356,2025-08-15,19:30,fc-arlanda,FC Arlanda,ifk-haninge,IFK Haninge,5,4,,,Played,H,SWE
2025,SW-EN,Ettan Norra,123861,1,-,,6155359,2025-08-15,19:00,sollentuna-fk,Sollentuna FK,vasalund,Vasalund,3,2,,,Played,H,SWE
2025,SW-EN,Ettan Norra,123861,1,-,,6155348,2025-08-11,19:00,hammarby-tff-herrfotboll,Hammarby TFF Herrfotboll,stockholm-internazionale,Stockholm Internazionale,1,1,,,Played,D,SWE
2025,SW-EN,Ettan Norra,123861,1,-,,6155352,2025-08-10,18:00,nordic-united-fc,Nordic United FC,assyriska-ff,Assyriska FF,1,0,,,Played,H,SWE
2025,SW-EN,Ettan Norra,123861,1,-,,6155353,2025-08-10,16:00,vasalund,Vasalund,gefle-if-ff,Gefle IF FF,4,1,,,Played,H,SWE
2025,SW-EN,Ettan Norra,123861,1,-,,6155349,2025-08-10,13:00,if-karlstad-fotboll,IF Karlstad Fotboll,team-tg-ff,Team TG FF,1,0,,,Played,H,SWE
2025,SW-EN,Ettan Norra,123861,1,-,,6155351,2025-08-09,16:00,karlbergs-bk,Karlbergs BK,fc-arlanda,FC Arlanda,1,3,,,Played,A,SWE
2025,SW-EN,Ettan Norra,123861,1,-,,6155350,2025-08-09,13:00,ifk-haninge,IFK Haninge,sollentuna-fk,Sollentuna FK,3,3,,,Played,D,SWE
2025,SW-EN,Ettan Norra,123861,1,-,,6155354,2025-08-09,13:00,rebro-syrianska-if,Örebro Syrianska IF,ifk-stocksund,IFK Stocksund,1,2,,,Played,A,SWE
2025,SW-EN,Ettan Norra,123861,1,-,,6155347,2025-08-08,19:00,enk-pings-sk-fk,Enköpings SK FK,athletic-eskilstuna,Athletic Eskilstuna,2,3,,,Played,A,SWE
2025,SW-EN,Ettan Norra,123861,1,-,,6155346,2025-08-04,19:00,vasalund,Vasalund,hammarby-tff-herrfotboll,Hammarby TFF Herrfotboll,1,1,,,Played,D,SWE
2025,SW-EN,Ettan Norra,123861,1,-,,6155339,2025-08-03,15:00,assyriska-ff,Assyriska FF,team-tg-ff,Team TG FF,4,0,,,Played,H,SWE
2025,SW-EN,Ettan Norra,123861,1,-,,6155342,2025-08-03,13:00,ifk-stocksund,IFK Stocksund,fc-arlanda,FC Arlanda,2,1,,,Played,H,SWE
2025,SW-EN,Ettan Norra,123861,1,-,,6155340,2025-08-02,16:00,athletic-eskilstuna,Athletic Eskilstuna,ifk-haninge,IFK Haninge,3,2,,,Played,H,SWE
2025,SW-EN,Ettan Norra,123861,1,-,,6155341,2025-08-02,16:00,gefle-if-ff,Gefle IF FF,karlbergs-bk,Karlbergs BK,1,1,,,Played,D,SWE
2025,SW-EN,Ettan Norra,123861,1,-,,6155343,2025-08-02,16:00,nordic-united-fc,Nordic United FC,if-karlstad-fotboll,IF Karlstad Fotboll,1,1,,,Played,D,SWE
2025,SW-EN,Ettan Norra,123861,1,-,,6155344,2025-08-02,13:00,sollentuna-fk,Sollentuna FK,enk-pings-sk-fk,Enköpings SK FK,0,0,,,Played,D,SWE
2025,SW-EN,Ettan Norra,123861,1,-,,6155345,2025-08-02,13:00,stockholm-internazionale,Stockholm Internazionale,rebro-syrianska-if,Örebro Syrianska IF,3,1,,,Played,H,SWE
2025,SW-EN,Ettan Norra,123861,1,-,,6155338,2025-06-29,15:00,team-tg-ff,Team TG FF,ifk-stocksund,IFK Stocksund,2,1,,,Played,H,SWE
2025,SW-EN,Ettan Norra,123861,1,-,,6155333,2025-06-28,16:00,fc-arlanda,FC Arlanda,stockholm-internazionale,Stockholm Internazionale,1,1,,,Played,D,SWE
2025,SW-EN,Ettan Norra,123861,1,-,,6155335,2025-06-28,16:00,if-karlstad-fotboll,IF Karlstad Fotboll,gefle-if-ff,Gefle IF FF,2,2,,,Played,D,SWE
2025,SW-EN,Ettan Norra,123861,1,-,,6155336,2025-06-28,13:00,ifk-haninge,IFK Haninge,assyriska-ff,Assyriska FF,0,1,,,Played,A,SWE
2025,SW-EN,Ettan Norra,123861,1,-,,6155331,2025-06-27,19:00,athletic-eskilstuna,Athletic Eskilstuna,rebro-syrianska-if,Örebro Syrianska IF,1,1,,,Played,D,SWE
2025,SW-EN,Ettan Norra,123861,1,-,,6155337,2025-06-27,19:00,karlbergs-bk,Karlbergs BK,sollentuna-fk,Sollentuna FK,1,2,,,Played,A,SWE
2025,SW-EN,Ettan Norra,123861,1,-,,6155332,2025-06-25,19:00,enk-pings-sk-fk,Enköpings SK FK,vasalund,Vasalund,1,4,,,Played,A,SWE
2025,SW-EN,Ettan Norra,123861,1,-,,6155334,2025-06-25,19:00,hammarby-tff-herrfotboll,Hammarby TFF Herrfotboll,nordic-united-fc,Nordic United FC,2,0,,,Played,H,SWE
2025,SW-EN,Ettan Norra,123861,1,-,,6155323,2025-06-22,17:00,assyriska-ff,Assyriska FF,sollentuna-fk,Sollentuna FK,0,0,,,Played,D,SWE
2025,SW-EN,Ettan Norra,123861,1,-,,6155325,2025-06-22,16:00,if-karlstad-fotboll,IF Karlstad Fotboll,athletic-eskilstuna,Athletic Eskilstuna,1,2,,,Played,A,SWE
2025,SW-EN,Ettan Norra,123861,1,-,,6155329,2025-06-22,16:00,team-tg-ff,Team TG FF,ifk-haninge,IFK Haninge,1,2,,,Played,A,SWE
2025,SW-EN,Ettan Norra,123861,1,-,,6155330,2025-06-22,16:00,rebro-syrianska-if,Örebro Syrianska IF,gefle-if-ff,Gefle IF FF,2,1,,,Played,H,SWE
2025,SW-EN,Ettan Norra,123861,1,-,,6155327,2025-06-21,16:00,nordic-united-fc,Nordic United FC,enk-pings-sk-fk,Enköpings SK FK,3,2,,,Played,H,SWE
2025,SW-EN,Ettan Norra,123861,1,-,,6155324,2025-06-19,19:30,fc-arlanda,FC Arlanda,karlbergs-bk,Karlbergs BK,0,1,,,Played,A,SWE
2025,SW-EN,Ettan Norra,123861,1,-,,6155326,2025-06-19,19:00,ifk-stocksund,IFK Stocksund,hammarby-tff-herrfotboll,Hammarby TFF Herrfotboll,2,0,,,Played,H,SWE
2025,SW-EN,Ettan Norra,123861,1,-,,6155328,2025-06-19,19:00,stockholm-internazionale,Stockholm Internazionale,vasalund,Vasalund,0,0,,,Played,D,SWE
2025,SW-EN,Ettan Norra,123861,1,-,,6155315,2025-06-15,16:00,athletic-eskilstuna,Athletic Eskilstuna,fc-arlanda,FC Arlanda,1,0,,,Played,H,SWE
2025,SW-EN,Ettan Norra,123861,1,-,,6155320,2025-06-15,16:00,karlbergs-bk,Karlbergs BK,stockholm-internazionale,Stockholm Internazionale,0,0,,,Played,D,SWE
2025,SW-EN,Ettan Norra,123861,1,-,,6155316,2025-06-15,15:00,enk-pings-sk-fk,Enköpings SK FK,team-tg-ff,Team TG FF,2,0,,,Played,H,SWE
2025,SW-EN,Ettan Norra,123861,1,-,,6155322,2025-06-15,15:00,vasalund,Vasalund,rebro-syrianska-if,Örebro Syrianska IF,3,0,,,Played,H,SWE
2025,SW-EN,Ettan Norra,123861,1,-,,6155317,2025-06-14,16:00,gefle-if-ff,Gefle IF FF,assyriska-ff,Assyriska FF,1,1,,,Played,D,SWE
2025,SW-EN,Ettan Norra,123861,1,-,,6155318,2025-06-14,16:00,hammarby-tff-herrfotboll,Hammarby TFF Herrfotboll,if-karlstad-fotboll,IF Karlstad Fotboll,3,1,,,Played,H,SWE
2025,SW-EN,Ettan Norra,123861,1,-,,6155319,2025-06-14,16:00,ifk-haninge,IFK Haninge,nordic-united-fc,Nordic United FC,2,2,,,Played,D,SWE
2025,SW-EN,Ettan Norra,123861,1,-,,6155321,2025-06-14,13:00,sollentuna-fk,Sollentuna FK,ifk-stocksund,IFK Stocksund,3,2,,,Played,H,SWE
2025,SW-EN,Ettan Norra,123861,1,-,,6155311,2025-06-09,19:30,nordic-united-fc,Nordic United FC,karlbergs-bk,Karlbergs BK,4,3,,,Played,H,SWE
2025,SW-EN,Ettan Norra,123861,1,-,,6155308,2025-06-08,16:00,fc-arlanda,FC Arlanda,hammarby-tff-herrfotboll,Hammarby TFF Herrfotboll,1,0,,,Played,H,SWE
2025,SW-EN,Ettan Norra,123861,1,-,,6155309,2025-06-08,16:00,ifk-haninge,IFK Haninge,athletic-eskilstuna,Athletic Eskilstuna,9,3,,,Played,H,SWE
2025,SW-EN,Ettan Norra,123861,1,-,,6155313,2025-06-08,16:00,vasalund,Vasalund,if-karlstad-fotboll,IF Karlstad Fotboll,1,3,,,Played,A,SWE
2025,SW-EN,Ettan Norra,123861,1,-,,6155312,2025-06-08,14:00,team-tg-ff,Team TG FF,stockholm-internazionale,Stockholm Internazionale,1,3,,,Played,A,SWE
2025,SW-EN,Ettan Norra,123861,1,-,,6155310,2025-06-08,13:00,ifk-stocksund,IFK Stocksund,assyriska-ff,Assyriska FF,3,2,,,Played,H,SWE
2025,SW-EN,Ettan Norra,123861,1,-,,6155307,2025-06-07,13:00,enk-pings-sk-fk,Enköpings SK FK,gefle-if-ff,Gefle IF FF,2,0,,,Played,H,SWE
2025,SW-EN,Ettan Norra,123861,1,-,,6155314,2025-06-07,13:00,rebro-syrianska-if,Örebro Syrianska IF,sollentuna-fk,Sollentuna FK,2,3,,,Played,A,SWE
2025,SW-EN,Ettan Norra,123861,1,-,,6155303,2025-06-04,19:00,ifk-stocksund,IFK Stocksund,nordic-united-fc,Nordic United FC,1,0,,,Played,H,SWE
2025,SW-EN,Ettan Norra,123861,1,-,,6155302,2025-06-03,19:00,if-karlstad-fotboll,IF Karlstad Fotboll,rebro-syrianska-if,Örebro Syrianska IF,0,0,,,Played,D,SWE
2025,SW-EN,Ettan Norra,123861,1,-,,6155300,2025-06-02,19:00,gefle-if-ff,Gefle IF FF,fc-arlanda,FC Arlanda,1,1,,,Played,D,SWE
2025,SW-EN,Ettan Norra,123861,1,-,,6155305,2025-06-02,19:00,sollentuna-fk,Sollentuna FK,ifk-haninge,IFK Haninge,3,2,,,Played,H,SWE
2025,SW-EN,Ettan Norra,123861,1,-,,6155306,2025-06-02,19:00,stockholm-internazionale,Stockholm Internazionale,athletic-eskilstuna,Athletic Eskilstuna,4,0,,,Played,H,SWE
2025,SW-EN,Ettan Norra,123861,1,-,,6155299,2025-06-01,17:00,assyriska-ff,Assyriska FF,enk-pings-sk-fk,Enköpings SK FK,0,3,,,Played,A,SWE
2025,SW-EN,Ettan Norra,123861,1,-,,6155301,2025-06-01,16:00,hammarby-tff-herrfotboll,Hammarby TFF Herrfotboll,vasalund,Vasalund,3,2,,,Played,H,SWE
2025,SW-EN,Ettan Norra,123861,1,-,,6155304,2025-06-01,14:00,karlbergs-bk,Karlbergs BK,team-tg-ff,Team TG FF,1,1,,,Played,D,SWE
2025,SW-EN,Ettan Norra,123861,1,-,,6155293,2025-05-29,16:00,gefle-if-ff,Gefle IF FF,stockholm-internazionale,Stockholm Internazionale,0,1,,,Played,A,SWE
2025,SW-EN,Ettan Norra,123861,1,-,,6155295,2025-05-29,16:00,if-karlstad-fotboll,IF Karlstad Fotboll,fc-arlanda,FC Arlanda,3,0,,,Played,H,SWE
2025,SW-EN,Ettan Norra,123861,1,-,,6155296,2025-05-29,16:00,nordic-united-fc,Nordic United FC,rebro-syrianska-if,Örebro Syrianska IF,3,1,,,Played,H,SWE
2025,SW-EN,Ettan Norra,123861,1,-,,6155291,2025-05-29,13:00,athletic-eskilstuna,Athletic Eskilstuna,karlbergs-bk,Karlbergs BK,0,2,,,Played,A,SWE
2025,SW-EN,Ettan Norra,123861,1,-,,6155294,2025-05-29,13:00,hammarby-tff-herrfotboll,Hammarby TFF Herrfotboll,ifk-haninge,IFK Haninge,3,0,,,Played,H,SWE
2025,SW-EN,Ettan Norra,123861,1,-,,6155297,2025-05-29,13:00,team-tg-ff,Team TG FF,assyriska-ff,Assyriska FF,1,2,,,Played,A,SWE
2025,SW-EN,Ettan Norra,123861,1,-,,6155292,2025-05-28,19:00,enk-pings-sk-fk,Enköpings SK FK,ifk-stocksund,IFK Stocksund,5,1,,,Played,H,SWE
2025,SW-EN,Ettan Norra,123861,1,-,,6155298,2025-05-28,19:00,vasalund,Vasalund,sollentuna-fk,Sollentuna FK,4,1,,,Played,H,SWE
2025,SW-EN,Ettan Norra,123861,1,-,,6155283,2025-05-25,17:00,assyriska-ff,Assyriska FF,nordic-united-fc,Nordic United FC,2,1,,,Played,H,SWE
2025,SW-EN,Ettan Norra,123861,1,-,,6155290,2025-05-25,16:00,rebro-syrianska-if,Örebro Syrianska IF,team-tg-ff,Team TG FF,0,4,,,Played,A,SWE
2025,SW-EN,Ettan Norra,123861,1,-,,6155284,2025-05-24,16:00,athletic-eskilstuna,Athletic Eskilstuna,vasalund,Vasalund,0,2,,,Played,A,SWE
2025,SW-EN,Ettan Norra,123861,1,-,,6155286,2025-05-24,16:00,ifk-haninge,IFK Haninge,gefle-if-ff,Gefle IF FF,1,1,,,Played,D,SWE
2025,SW-EN,Ettan Norra,123861,1,-,,6155288,2025-05-24,16:00,sollentuna-fk,Sollentuna FK,if-karlstad-fotboll,IF Karlstad Fotboll,0,3,,,Played,A,SWE
2025,SW-EN,Ettan Norra,123861,1,-,,6155289,2025-05-24,13:00,stockholm-internazionale,Stockholm Internazionale,enk-pings-sk-fk,Enköpings SK FK,3,1,,,Played,H,SWE
2025,SW-EN,Ettan Norra,123861,1,-,,6155285,2025-05-23,19:30,fc-arlanda,FC Arlanda,ifk-stocksund,IFK Stocksund,5,3,,,Played,H,SWE
2025,SW-EN,Ettan Norra,123861,1,-,,6155287,2025-05-23,19:00,karlbergs-bk,Karlbergs BK,hammarby-tff-herrfotboll,Hammarby TFF Herrfotboll,1,1,,,Played,D,SWE
2025,SW-EN,Ettan Norra,123861,1,-,,6155275,2025-05-18,16:00,assyriska-ff,Assyriska FF,athletic-eskilstuna,Athletic Eskilstuna,2,1,,,Played,H,SWE
2025,SW-EN,Ettan Norra,123861,1,-,,6155277,2025-05-18,16:00,hammarby-tff-herrfotboll,Hammarby TFF Herrfotboll,rebro-syrianska-if,Örebro Syrianska IF,3,1,,,Played,H,SWE
2025,SW-EN,Ettan Norra,123861,1,-,,6155282,2025-05-18,14:00,vasalund,Vasalund,team-tg-ff,Team TG FF,6,0,,,Played,H,SWE
2025,SW-EN,Ettan Norra,123861,1,-,,6155278,2025-05-17,16:00,ifk-stocksund,IFK Stocksund,ifk-haninge,IFK Haninge,3,2,,,Played,H,SWE
2025,SW-EN,Ettan Norra,123861,1,-,,6155279,2025-05-17,16:00,karlbergs-bk,Karlbergs BK,gefle-if-ff,Gefle IF FF,0,1,,,Played,A,SWE
2025,SW-EN,Ettan Norra,123861,1,-,,6155280,2025-05-17,16:00,nordic-united-fc,Nordic United FC,stockholm-internazionale,Stockholm Internazionale,3,0,,,Played,H,SWE
2025,SW-EN,Ettan Norra,123861,1,-,,6155276,2025-05-17,13:00,enk-pings-sk-fk,Enköpings SK FK,if-karlstad-fotboll,IF Karlstad Fotboll,3,4,,,Played,A,SWE
2025,SW-EN,Ettan Norra,123861,1,-,,6155281,2025-05-16,19:30,fc-arlanda,FC Arlanda,sollentuna-fk,Sollentuna FK,2,2,,,Played,D,SWE
2025,SW-EN,Ettan Norra,123861,1,-,,6155269,2025-05-11,16:00,if-karlstad-fotboll,IF Karlstad Fotboll,ifk-stocksund,IFK Stocksund,4,1,,,Played,H,SWE
2025,SW-EN,Ettan Norra,123861,1,-,,6155272,2025-05-11,16:00,team-tg-ff,Team TG FF,hammarby-tff-herrfotboll,Hammarby TFF Herrfotboll,0,1,,,Played,A,SWE
2025,SW-EN,Ettan Norra,123861,1,-,,6155274,2025-05-11,16:00,rebro-syrianska-if,Örebro Syrianska IF,assyriska-ff,Assyriska FF,1,0,,,Played,H,SWE
2025,SW-EN,Ettan Norra,123861,1,-,,6155273,2025-05-10,17:30,vasalund,Vasalund,nordic-united-fc,Nordic United FC,3,1,,,Played,H,SWE
2025,SW-EN,Ettan Norra,123861,1,-,,6155268,2025-05-10,16:00,gefle-if-ff,Gefle IF FF,athletic-eskilstuna,Athletic Eskilstuna,2,2,,,Played,D,SWE
2025,SW-EN,Ettan Norra,123861,1,-,,6155270,2025-05-10,16:00,ifk-haninge,IFK Haninge,karlbergs-bk,Karlbergs BK,0,2,,,Played,A,SWE
2025,SW-EN,Ettan Norra,123861,1,-,,6155271,2025-05-10,13:00,stockholm-internazionale,Stockholm Internazionale,sollentuna-fk,Sollentuna FK,4,1,,,Played,H,SWE
2025,SW-EN,Ettan Norra,123861,1,-,,6155267,2025-05-09,19:30,fc-arlanda,FC Arlanda,enk-pings-sk-fk,Enköpings SK FK,2,1,,,Played,H,SWE
2025,SW-EN,Ettan Norra,123861,1,-,,6155259,2025-05-05,19:00,assyriska-ff,Assyriska FF,vasalund,Vasalund,3,0,,,Played,H,SWE
2025,SW-EN,Ettan Norra,123861,1,-,,6155261,2025-05-04,16:00,gefle-if-ff,Gefle IF FF,ifk-stocksund,IFK Stocksund,1,2,,,Played,A,SWE
2025,SW-EN,Ettan Norra,123861,1,-,,6155264,2025-05-04,16:00,karlbergs-bk,Karlbergs BK,if-karlstad-fotboll,IF Karlstad Fotboll,2,3,,,Played,A,SWE
2025,SW-EN,Ettan Norra,123861,1,-,,6155266,2025-05-04,16:00,rebro-syrianska-if,Örebro Syrianska IF,stockholm-internazionale,Stockholm Internazionale,1,2,,,Played,A,SWE
2025,SW-EN,Ettan Norra,123861,1,-,,6155265,2025-05-04,14:00,nordic-united-fc,Nordic United FC,team-tg-ff,Team TG FF,1,0,,,Played,H,SWE
2025,SW-EN,Ettan Norra,123861,1,-,,6155260,2025-05-03,16:00,athletic-eskilstuna,Athletic Eskilstuna,sollentuna-fk,Sollentuna FK,1,2,,,Played,A,SWE
2025,SW-EN,Ettan Norra,123861,1,-,,6155263,2025-05-03,16:00,ifk-haninge,IFK Haninge,fc-arlanda,FC Arlanda,2,1,,,Played,H,SWE
2025,SW-EN,Ettan Norra,123861,1,-,,6155262,2025-05-03,13:00,hammarby-tff-herrfotboll,Hammarby TFF Herrfotboll,enk-pings-sk-fk,Enköpings SK FK,0,1,,,Played,A,SWE
2025,SW-EN,Ettan Norra,123861,1,-,,6155251,2025-04-27,16:00,assyriska-ff,Assyriska FF,hammarby-tff-herrfotboll,Hammarby TFF Herrfotboll,1,3,,,Played,A,SWE
2025,SW-EN,Ettan Norra,123861,1,-,,6155253,2025-04-27,16:00,if-karlstad-fotboll,IF Karlstad Fotboll,nordic-united-fc,Nordic United FC,2,1,,,Played,H,SWE
2025,SW-EN,Ettan Norra,123861,1,-,,6155258,2025-04-27,16:00,vasalund,Vasalund,fc-arlanda,FC Arlanda,0,0,,,Played,D,SWE
2025,SW-EN,Ettan Norra,123861,1,-,,6155255,2025-04-26,16:00,sollentuna-fk,Sollentuna FK,gefle-if-ff,Gefle IF FF,0,1,,,Played,A,SWE
2025,SW-EN,Ettan Norra,123861,1,-,,6155257,2025-04-26,16:00,team-tg-ff,Team TG FF,athletic-eskilstuna,Athletic Eskilstuna,1,1,,,Played,D,SWE
2025,SW-EN,Ettan Norra,123861,1,-,,6155252,2025-04-26,13:00,enk-pings-sk-fk,Enköpings SK FK,rebro-syrianska-if,Örebro Syrianska IF,1,3,,,Played,A,SWE
2025,SW-EN,Ettan Norra,123861,1,-,,6155256,2025-04-26,13:00,stockholm-internazionale,Stockholm Internazionale,ifk-haninge,IFK Haninge,1,2,,,Played,A,SWE
2025,SW-EN,Ettan Norra,123861,1,-,,6155254,2025-04-25,19:30,ifk-stocksund,IFK Stocksund,karlbergs-bk,Karlbergs BK,0,2,,,Played,A,SWE
2025,SW-EN,Ettan Norra,123861,1,-,,6155249,2025-04-20,14:00,sollentuna-fk,Sollentuna FK,team-tg-ff,Team TG FF,1,3,,,Played,A,SWE
2025,SW-EN,Ettan Norra,123861,1,-,,6155243,2025-04-19,16:00,athletic-eskilstuna,Athletic Eskilstuna,nordic-united-fc,Nordic United FC,1,1,,,Played,D,SWE
2025,SW-EN,Ettan Norra,123861,1,-,,6155244,2025-04-19,16:00,fc-arlanda,FC Arlanda,assyriska-ff,Assyriska FF,0,0,,,Played,D,SWE
2025,SW-EN,Ettan Norra,123861,1,-,,6155250,2025-04-19,13:00,stockholm-internazionale,Stockholm Internazionale,hammarby-tff-herrfotboll,Hammarby TFF Herrfotboll,2,3,,,Played,A,SWE
2025,SW-EN,Ettan Norra,123861,1,-,,6155245,2025-04-18,16:00,gefle-if-ff,Gefle IF FF,vasalund,Vasalund,1,2,,,Played,A,SWE
2025,SW-EN,Ettan Norra,123861,1,-,,6155246,2025-04-18,16:00,ifk-haninge,IFK Haninge,if-karlstad-fotboll,IF Karlstad Fotboll,2,1,,,Played,H,SWE
2025,SW-EN,Ettan Norra,123861,1,-,,6155247,2025-04-18,13:00,ifk-stocksund,IFK Stocksund,rebro-syrianska-if,Örebro Syrianska IF,1,2,,,Played,A,SWE
2025,SW-EN,Ettan Norra,123861,1,-,,6155248,2025-04-18,13:00,karlbergs-bk,Karlbergs BK,enk-pings-sk-fk,Enköpings SK FK,1,1,,,Played,D,SWE
2025,SW-EN,Ettan Norra,123861,1,-,,6155235,2025-04-13,16:00,assyriska-ff,Assyriska FF,karlbergs-bk,Karlbergs BK,1,2,,,Played,A,SWE
2025,SW-EN,Ettan Norra,123861,1,-,,6155238,2025-04-13,16:00,if-karlstad-fotboll,IF Karlstad Fotboll,stockholm-internazionale,Stockholm Internazionale,0,1,,,Played,A,SWE
2025,SW-EN,Ettan Norra,123861,1,-,,6155240,2025-04-13,16:00,team-tg-ff,Team TG FF,fc-arlanda,FC Arlanda,1,2,,,Played,A,SWE
2025,SW-EN,Ettan Norra,123861,1,-,,6155241,2025-04-13,16:00,vasalund,Vasalund,ifk-stocksund,IFK Stocksund,3,1,,,Played,H,SWE
2025,SW-EN,Ettan Norra,123861,1,-,,6155239,2025-04-12,16:00,nordic-united-fc,Nordic United FC,gefle-if-ff,Gefle IF FF,3,0,,,Played,H,SWE
2025,SW-EN,Ettan Norra,123861,1,-,,6155236,2025-04-12,13:00,enk-pings-sk-fk,Enköpings SK FK,sollentuna-fk,Sollentuna FK,2,1,,,Played,H,SWE
2025,SW-EN,Ettan Norra,123861,1,-,,6155242,2025-04-12,13:00,rebro-syrianska-if,Örebro Syrianska IF,ifk-haninge,IFK Haninge,1,3,,,Played,A,SWE
2025,SW-EN,Ettan Norra,123861,1,-,,6155237,2025-04-11,19:00,hammarby-tff-herrfotboll,Hammarby TFF Herrfotboll,athletic-eskilstuna,Athletic Eskilstuna,1,1,,,Played,D,SWE
2025,SW-EN,Ettan Norra,123861,1,-,,6155229,2025-04-05,18:00,gefle-if-ff,Gefle IF FF,team-tg-ff,Team TG FF,1,0,,,Played,H,SWE
2025,SW-EN,Ettan Norra,123861,1,-,,6155228,2025-04-05,16:00,fc-arlanda,FC Arlanda,nordic-united-fc,Nordic United FC,1,2,,,Played,A,SWE
2025,SW-EN,Ettan Norra,123861,1,-,,6155230,2025-04-05,16:00,if-karlstad-fotboll,IF Karlstad Fotboll,assyriska-ff,Assyriska FF,1,1,,,Played,D,SWE
2025,SW-EN,Ettan Norra,123861,1,-,,6155231,2025-04-05,16:00,ifk-haninge,IFK Haninge,vasalund,Vasalund,5,1,,,Played,H,SWE
2025,SW-EN,Ettan Norra,123861,1,-,,6155232,2025-04-05,13:00,karlbergs-bk,Karlbergs BK,rebro-syrianska-if,Örebro Syrianska IF,4,1,,,Played,H,SWE
2025,SW-EN,Ettan Norra,123861,1,-,,6155234,2025-04-05,13:00,stockholm-internazionale,Stockholm Internazionale,ifk-stocksund,IFK Stocksund,5,0,,,Played,H,SWE
2025,SW-EN,Ettan Norra,123861,1,-,,6155227,2025-04-04,19:00,athletic-eskilstuna,Athletic Eskilstuna,enk-pings-sk-fk,Enköpings SK FK,2,1,,,Played,H,SWE
2025,SW-EN,Ettan Norra,123861,1,-,,6155233,2025-04-04,19:00,sollentuna-fk,Sollentuna FK,hammarby-tff-herrfotboll,Hammarby TFF Herrfotboll,2,3,,,Played,A,SWE
2025,SW-EN,Ettan Norra,123861,1,-,,6155219,2025-03-30,16:00,assyriska-ff,Assyriska FF,stockholm-internazionale,Stockholm Internazionale,1,1,,,Played,D,SWE
2025,SW-EN,Ettan Norra,123861,1,-,,6155225,2025-03-30,16:00,vasalund,Vasalund,karlbergs-bk,Karlbergs BK,2,0,,,Played,H,SWE
2025,SW-EN,Ettan Norra,123861,1,-,,6155224,2025-03-30,13:00,team-tg-ff,Team TG FF,if-karlstad-fotboll,IF Karlstad Fotboll,1,4,,,Played,A,SWE
2025,SW-EN,Ettan Norra,123861,1,-,,6155221,2025-03-29,16:00,hammarby-tff-herrfotboll,Hammarby TFF Herrfotboll,gefle-if-ff,Gefle IF FF,2,0,,,Played,H,SWE
2025,SW-EN,Ettan Norra,123861,1,-,,6155223,2025-03-29,16:00,nordic-united-fc,Nordic United FC,sollentuna-fk,Sollentuna FK,2,0,,,Played,H,SWE
2025,SW-EN,Ettan Norra,123861,1,-,,6155222,2025-03-29,13:00,ifk-stocksund,IFK Stocksund,athletic-eskilstuna,Athletic Eskilstuna,1,2,,,Played,A,SWE
2025,SW-EN,Ettan Norra,123861,1,-,,6155226,2025-03-29,13:00,rebro-syrianska-if,Örebro Syrianska IF,fc-arlanda,FC Arlanda,1,0,,,Played,H,SWE
2025,SW-EN,Ettan Norra,123861,1,-,,6155220,2025-03-28,19:00,enk-pings-sk-fk,Enköpings SK FK,ifk-haninge,IFK Haninge,0,0,,,Played,D,SWE
2026,SW-EN,Ettan Norra,133338,1,-,,6537812,2026-06-28,16:00,ume-fc,Umeå FC,fc-j-rf-lla,FC Järfälla,1,3,,,Played,A,SWE
2026,SW-EN,Ettan Norra,133338,1,-,,6537807,2026-06-27,16:00,fc-arlanda,FC Arlanda,if-karlstad-fotboll,IF Karlstad Fotboll,1,0,,,Played,H,SWE
2026,SW-EN,Ettan Norra,133338,1,-,,6537808,2026-06-27,16:00,gefle-if-ff,Gefle IF FF,ifk-stocksund,IFK Stocksund,2,1,,,Played,H,SWE
2026,SW-EN,Ettan Norra,133338,1,-,,6537811,2026-06-27,13:00,stockholm-internazionale,Stockholm Internazionale,enk-pings-sk-fk,Enköpings SK FK,2,0,,,Played,H,SWE
2026,SW-EN,Ettan Norra,133338,1,-,,6537805,2026-06-26,19:30,assyriska-ff,Assyriska FF,vasalund,Vasalund,3,1,,,Played,H,SWE
2026,SW-EN,Ettan Norra,133338,1,-,,6537806,2026-06-26,19:00,fbk-karlstad,FBK Karlstad,hammarby-tff,Hammarby TFF,0,7,,,Played,A,SWE
2026,SW-EN,Ettan Norra,133338,1,-,,6537810,2026-06-26,19:00,sollentuna-fk,Sollentuna FK,athletic-eskilstuna,Athletic Eskilstuna,1,4,,,Played,A,SWE
2026,SW-EN,Ettan Norra,133338,1,-,,6537809,2026-06-24,19:00,karlbergs-bk,Karlbergs BK,pite-if-ff,Piteå IF FF,3,1,,,Played,H,SWE
2026,SW-EN,Ettan Norra,133338,1,-,,6537797,2026-06-21,17:00,assyriska-ff,Assyriska FF,if-karlstad-fotboll,IF Karlstad Fotboll,2,2,,,Played,D,SWE
2026,SW-EN,Ettan Norra,133338,1,-,,6537798,2026-06-21,15:00,enk-pings-sk-fk,Enköpings SK FK,ume-fc,Umeå FC,3,1,,,Played,H,SWE
2026,SW-EN,Ettan Norra,133338,1,-,,6537802,2026-06-21,13:00,pite-if-ff,Piteå IF FF,athletic-eskilstuna,Athletic Eskilstuna,2,2,,,Played,D,SWE
2026,SW-EN,Ettan Norra,133338,1,-,,6537803,2026-06-18,19:30,sollentuna-fk,Sollentuna FK,fbk-karlstad,FBK Karlstad,0,2,,,Played,A,SWE
2026,SW-EN,Ettan Norra,133338,1,-,,6537799,2026-06-18,19:15,fc-arlanda,FC Arlanda,ifk-stocksund,IFK Stocksund,1,0,,,Played,H,SWE
2026,SW-EN,Ettan Norra,133338,1,-,,6537800,2026-06-18,19:00,gefle-if-ff,Gefle IF FF,stockholm-internazionale,Stockholm Internazionale,0,2,,,Played,A,SWE
2026,SW-EN,Ettan Norra,133338,1,-,,6537801,2026-06-18,19:00,hammarby-tff,Hammarby TFF,fc-j-rf-lla,FC Järfälla,1,1,,,Played,D,SWE
2026,SW-EN,Ettan Norra,133338,1,-,,6537804,2026-06-18,19:00,vasalund,Vasalund,karlbergs-bk,Karlbergs BK,0,4,,,Played,A,SWE
2026,SW-EN,Ettan Norra,133338,1,-,,6537789,2026-06-14,16:00,athletic-eskilstuna,Athletic Eskilstuna,assyriska-ff,Assyriska FF,1,0,,,Played,H,SWE
2026,SW-EN,Ettan Norra,133338,1,-,,6537790,2026-06-14,16:00,enk-pings-sk-fk,Enköpings SK FK,vasalund,Vasalund,1,1,,,Played,D,SWE
2026,SW-EN,Ettan Norra,133338,1,-,,6537795,2026-06-14,16:00,stockholm-internazionale,Stockholm Internazionale,fbk-karlstad,FBK Karlstad,3,1,,,Played,H,SWE
2026,SW-EN,Ettan Norra,133338,1,-,,6537794,2026-06-14,13:00,karlbergs-bk,Karlbergs BK,hammarby-tff,Hammarby TFF,0,2,,,Played,A,SWE
2026,SW-EN,Ettan Norra,133338,1,-,,6537791,2026-06-13,16:00,fc-j-rf-lla,FC Järfälla,fc-arlanda,FC Arlanda,2,3,,,Played,A,SWE
2026,SW-EN,Ettan Norra,133338,1,-,,6537792,2026-06-13,16:00,if-karlstad-fotboll,IF Karlstad Fotboll,gefle-if-ff,Gefle IF FF,2,0,,,Played,H,SWE
2026,SW-EN,Ettan Norra,133338,1,-,,6537793,2026-06-13,16:00,ifk-stocksund,IFK Stocksund,sollentuna-fk,Sollentuna FK,3,3,,,Played,D,SWE
2026,SW-EN,Ettan Norra,133338,1,-,,6537796,2026-06-12,19:00,ume-fc,Umeå FC,pite-if-ff,Piteå IF FF,2,0,,,Played,H,SWE
2026,SW-EN,Ettan Norra,133338,1,-,,6537784,2026-06-08,19:30,fc-j-rf-lla,FC Järfälla,ifk-stocksund,IFK Stocksund,1,6,,,Played,A,SWE
2026,SW-EN,Ettan Norra,133338,1,-,,6537788,2026-06-08,19:00,stockholm-internazionale,Stockholm Internazionale,vasalund,Vasalund,4,1,,,Played,H,SWE
2026,SW-EN,Ettan Norra,133338,1,-,,6537783,2026-06-07,16:00,fc-arlanda,FC Arlanda,assyriska-ff,Assyriska FF,2,0,,,Played,H,SWE
2026,SW-EN,Ettan Norra,133338,1,-,,6537787,2026-06-07,15:00,sollentuna-fk,Sollentuna FK,ume-fc,Umeå FC,1,1,,,Played,D,SWE
2026,SW-EN,Ettan Norra,133338,1,-,,6537786,2026-06-07,14:00,pite-if-ff,Piteå IF FF,enk-pings-sk-fk,Enköpings SK FK,0,2,,,Played,A,SWE
2026,SW-EN,Ettan Norra,133338,1,-,,6537785,2026-06-06,16:00,gefle-if-ff,Gefle IF FF,hammarby-tff,Hammarby TFF,0,4,,,Played,A,SWE
2026,SW-EN,Ettan Norra,133338,1,-,,6537782,2026-06-05,19:00,fbk-karlstad,FBK Karlstad,if-karlstad-fotboll,IF Karlstad Fotboll,2,3,,,Played,A,SWE
2026,SW-EN,Ettan Norra,133338,1,-,,6537781,2026-06-04,19:30,athletic-eskilstuna,Athletic Eskilstuna,karlbergs-bk,Karlbergs BK,3,2,,,Played,H,SWE
2026,SW-EN,Ettan Norra,133338,1,-,,6537780,2026-06-03,19:30,vasalund,Vasalund,fc-j-rf-lla,FC Järfälla,3,1,,,Played,H,SWE
2026,SW-EN,Ettan Norra,133338,1,-,,6537773,2026-06-02,19:30,assyriska-ff,Assyriska FF,enk-pings-sk-fk,Enköpings SK FK,4,2,,,Played,H,SWE
2026,SW-EN,Ettan Norra,133338,1,-,,6537774,2026-06-01,19:30,fc-arlanda,FC Arlanda,gefle-if-ff,Gefle IF FF,2,3,,,Played,A,SWE
2026,SW-EN,Ettan Norra,133338,1,-,,6537777,2026-05-31,16:00,karlbergs-bk,Karlbergs BK,fbk-karlstad,FBK Karlstad,1,1,,,Played,D,SWE
2026,SW-EN,Ettan Norra,133338,1,-,,6537779,2026-05-31,14:30,ume-fc,Umeå FC,ifk-stocksund,IFK Stocksund,2,2,,,Played,D,SWE
2026,SW-EN,Ettan Norra,133338,1,-,,6537778,2026-05-31,14:00,pite-if-ff,Piteå IF FF,stockholm-internazionale,Stockholm Internazionale,2,2,,,Played,D,SWE
2026,SW-EN,Ettan Norra,133338,1,-,,6537775,2026-05-30,16:00,hammarby-tff,Hammarby TFF,athletic-eskilstuna,Athletic Eskilstuna,1,2,,,Played,A,SWE
2026,SW-EN,Ettan Norra,133338,1,-,,6537776,2026-05-30,16:00,if-karlstad-fotboll,IF Karlstad Fotboll,sollentuna-fk,Sollentuna FK,0,0,,,Played,D,SWE
2026,SW-EN,Ettan Norra,133338,1,-,,6537765,2026-05-24,16:00,athletic-eskilstuna,Athletic Eskilstuna,vasalund,Vasalund,0,3,,,Played,A,SWE
2026,SW-EN,Ettan Norra,133338,1,-,,6537770,2026-05-24,16:00,sollentuna-fk,Sollentuna FK,pite-if-ff,Piteå IF FF,2,2,,,Played,D,SWE
2026,SW-EN,Ettan Norra,133338,1,-,,6537772,2026-05-24,13:00,ume-fc,Umeå FC,if-karlstad-fotboll,IF Karlstad Fotboll,0,2,,,Played,A,SWE
2026,SW-EN,Ettan Norra,133338,1,-,,6537767,2026-05-23,16:00,fbk-karlstad,FBK Karlstad,fc-arlanda,FC Arlanda,0,0,,,Played,D,SWE
2026,SW-EN,Ettan Norra,133338,1,-,,6537768,2026-05-23,16:00,fc-j-rf-lla,FC Järfälla,gefle-if-ff,Gefle IF FF,4,0,,,Played,H,SWE
2026,SW-EN,Ettan Norra,133338,1,-,,6537769,2026-05-23,16:00,ifk-stocksund,IFK Stocksund,assyriska-ff,Assyriska FF,3,3,,,Played,D,SWE
2026,SW-EN,Ettan Norra,133338,1,-,,6537771,2026-05-23,16:00,stockholm-internazionale,Stockholm Internazionale,karlbergs-bk,Karlbergs BK,2,1,,,Played,H,SWE
2026,SW-EN,Ettan Norra,133338,1,-,,6537766,2026-05-23,13:00,enk-pings-sk-fk,Enköpings SK FK,hammarby-tff,Hammarby TFF,0,1,,,Played,A,SWE
2026,SW-EN,Ettan Norra,133338,1,-,,6537757,2026-05-18,19:30,athletic-eskilstuna,Athletic Eskilstuna,fc-arlanda,FC Arlanda,0,0,,,Played,D,SWE
2026,SW-EN,Ettan Norra,133338,1,-,,6537758,2026-05-17,16:00,enk-pings-sk-fk,Enköpings SK FK,sollentuna-fk,Sollentuna FK,1,0,,,Played,H,SWE
2026,SW-EN,Ettan Norra,133338,1,-,,6537760,2026-05-17,16:00,gefle-if-ff,Gefle IF FF,assyriska-ff,Assyriska FF,0,0,,,Played,D,SWE
2026,SW-EN,Ettan Norra,133338,1,-,,6537762,2026-05-17,16:00,if-karlstad-fotboll,IF Karlstad Fotboll,vasalund,Vasalund,5,0,,,Played,H,SWE
2026,SW-EN,Ettan Norra,133338,1,-,,6537763,2026-05-17,16:00,ifk-stocksund,IFK Stocksund,pite-if-ff,Piteå IF FF,2,3,,,Played,A,SWE
2026,SW-EN,Ettan Norra,133338,1,-,,6537759,2026-05-17,13:00,fbk-karlstad,FBK Karlstad,ume-fc,Umeå FC,1,1,,,Played,D,SWE
2026,SW-EN,Ettan Norra,133338,1,-,,6537761,2026-05-16,16:00,hammarby-tff,Hammarby TFF,stockholm-internazionale,Stockholm Internazionale,3,1,,,Played,H,SWE
2026,SW-EN,Ettan Norra,133338,1,-,,6537764,2026-05-16,13:00,karlbergs-bk,Karlbergs BK,fc-j-rf-lla,FC Järfälla,1,3,,,Played,A,SWE
2026,SW-EN,Ettan Norra,133338,1,-,,6537752,2026-05-14,16:00,if-karlstad-fotboll,IF Karlstad Fotboll,ifk-stocksund,IFK Stocksund,1,0,,,Played,H,SWE
2026,SW-EN,Ettan Norra,133338,1,-,,6537749,2026-05-14,15:00,assyriska-ff,Assyriska FF,ume-fc,Umeå FC,1,5,,,Played,A,SWE
2026,SW-EN,Ettan Norra,133338,1,-,,6537753,2026-05-14,13:00,pite-if-ff,Piteå IF FF,fbk-karlstad,FBK Karlstad,1,5,,,Played,A,SWE
2026,SW-EN,Ettan Norra,133338,1,-,,6537756,2026-05-14,13:00,vasalund,Vasalund,gefle-if-ff,Gefle IF FF,1,0,,,Played,H,SWE
2026,SW-EN,Ettan Norra,133338,1,-,,6537750,2026-05-13,19:30,fc-arlanda,FC Arlanda,karlbergs-bk,Karlbergs BK,1,1,,,Played,D,SWE
2026,SW-EN,Ettan Norra,133338,1,-,,6537751,2026-05-13,19:30,fc-j-rf-lla,FC Järfälla,enk-pings-sk-fk,Enköpings SK FK,0,3,,,Played,A,SWE
2026,SW-EN,Ettan Norra,133338,1,-,,6537754,2026-05-13,19:00,sollentuna-fk,Sollentuna FK,hammarby-tff,Hammarby TFF,0,2,,,Played,A,SWE
2026,SW-EN,Ettan Norra,133338,1,-,,6537755,2026-05-13,19:00,stockholm-internazionale,Stockholm Internazionale,athletic-eskilstuna,Athletic Eskilstuna,0,2,,,Played,A,SWE
2026,SW-EN,Ettan Norra,133338,1,-,,6537748,2026-05-10,16:00,vasalund,Vasalund,pite-if-ff,Piteå IF FF,1,2,,,Played,A,SWE
2026,SW-EN,Ettan Norra,133338,1,-,,6537742,2026-05-09,16:00,fbk-karlstad,FBK Karlstad,fc-j-rf-lla,FC Järfälla,2,0,,,Played,H,SWE
2026,SW-EN,Ettan Norra,133338,1,-,,6537744,2026-05-09,16:00,hammarby-tff,Hammarby TFF,assyriska-ff,Assyriska FF,4,0,,,Played,H,SWE
2026,SW-EN,Ettan Norra,133338,1,-,,6537745,2026-05-09,16:00,ifk-stocksund,IFK Stocksund,stockholm-internazionale,Stockholm Internazionale,1,6,,,Played,A,SWE
2026,SW-EN,Ettan Norra,133338,1,-,,6537746,2026-05-09,16:00,karlbergs-bk,Karlbergs BK,if-karlstad-fotboll,IF Karlstad Fotboll,0,0,,,Played,D,SWE
2026,SW-EN,Ettan Norra,133338,1,-,,6537743,2026-05-09,13:00,fc-arlanda,FC Arlanda,sollentuna-fk,Sollentuna FK,1,1,,,Played,D,SWE
2026,SW-EN,Ettan Norra,133338,1,-,,6537747,2026-05-09,13:00,ume-fc,Umeå FC,gefle-if-ff,Gefle IF FF,2,2,,,Played,D,SWE
2026,SW-EN,Ettan Norra,133338,1,-,,6537741,2026-05-08,19:00,enk-pings-sk-fk,Enköpings SK FK,athletic-eskilstuna,Athletic Eskilstuna,2,1,,,Played,H,SWE
2026,SW-EN,Ettan Norra,133338,1,-,,6537733,2026-05-03,16:00,assyriska-ff,Assyriska FF,fc-j-rf-lla,FC Järfälla,3,3,,,Played,D,SWE
2026,SW-EN,Ettan Norra,133338,1,-,,6537738,2026-05-03,15:00,pite-if-ff,Piteå IF FF,fc-arlanda,FC Arlanda,1,2,,,Played,A,SWE
2026,SW-EN,Ettan Norra,133338,1,-,,6537740,2026-05-03,15:00,ume-fc,Umeå FC,karlbergs-bk,Karlbergs BK,2,1,,,Played,H,SWE
2026,SW-EN,Ettan Norra,133338,1,-,,6537739,2026-05-03,14:00,stockholm-internazionale,Stockholm Internazionale,sollentuna-fk,Sollentuna FK,1,1,,,Played,D,SWE
2026,SW-EN,Ettan Norra,133338,1,-,,6537734,2026-05-02,16:00,athletic-eskilstuna,Athletic Eskilstuna,fbk-karlstad,FBK Karlstad,0,2,,,Played,A,SWE
2026,SW-EN,Ettan Norra,133338,1,-,,6537735,2026-05-02,16:00,gefle-if-ff,Gefle IF FF,enk-pings-sk-fk,Enköpings SK FK,2,1,,,Played,H,SWE
2026,SW-EN,Ettan Norra,133338,1,-,,6537736,2026-05-02,16:00,if-karlstad-fotboll,IF Karlstad Fotboll,hammarby-tff,Hammarby TFF,0,2,,,Played,A,SWE
2026,SW-EN,Ettan Norra,133338,1,-,,6537737,2026-05-01,19:00,ifk-stocksund,IFK Stocksund,vasalund,Vasalund,2,2,,,Played,D,SWE
2026,SW-EN,Ettan Norra,133338,1,-,,6537729,2026-04-27,19:00,hammarby-tff,Hammarby TFF,vasalund,Vasalund,2,2,,,Played,D,SWE
2026,SW-EN,Ettan Norra,133338,1,-,,6537725,2026-04-26,16:00,athletic-eskilstuna,Athletic Eskilstuna,if-karlstad-fotboll,IF Karlstad Fotboll,0,2,,,Played,A,SWE
2026,SW-EN,Ettan Norra,133338,1,-,,6537728,2026-04-26,16:00,fc-j-rf-lla,FC Järfälla,pite-if-ff,Piteå IF FF,1,0,,,Played,H,SWE
2026,SW-EN,Ettan Norra,133338,1,-,,6537730,2026-04-26,16:00,karlbergs-bk,Karlbergs BK,gefle-if-ff,Gefle IF FF,3,2,,,Played,H,SWE
2026,SW-EN,Ettan Norra,133338,1,-,,6537732,2026-04-26,15:00,stockholm-internazionale,Stockholm Internazionale,ume-fc,Umeå FC,3,0,,,Played,H,SWE
2026,SW-EN,Ettan Norra,133338,1,-,,6537727,2026-04-25,16:00,fbk-karlstad,FBK Karlstad,ifk-stocksund,IFK Stocksund,1,0,,,Played,H,SWE
2026,SW-EN,Ettan Norra,133338,1,-,,6537731,2026-04-25,16:00,sollentuna-fk,Sollentuna FK,assyriska-ff,Assyriska FF,0,0,,,Played,D,SWE
2026,SW-EN,Ettan Norra,133338,1,-,,6537726,2026-04-24,19:30,enk-pings-sk-fk,Enköpings SK FK,fc-arlanda,FC Arlanda,1,7,,,Played,A,SWE
2026,SW-EN,Ettan Norra,133338,1,-,,6537722,2026-04-20,19:30,ifk-stocksund,IFK Stocksund,athletic-eskilstuna,Athletic Eskilstuna,4,4,,,Played,D,SWE
2026,SW-EN,Ettan Norra,133338,1,-,,6537717,2026-04-19,16:00,assyriska-ff,Assyriska FF,karlbergs-bk,Karlbergs BK,3,4,,,Played,A,SWE
2026,SW-EN,Ettan Norra,133338,1,-,,6537724,2026-04-19,15:00,vasalund,Vasalund,ume-fc,Umeå FC,3,1,,,Played,H,SWE
2026,SW-EN,Ettan Norra,133338,1,-,,6537723,2026-04-19,14:00,pite-if-ff,Piteå IF FF,hammarby-tff,Hammarby TFF,1,4,,,Played,A,SWE
2026,SW-EN,Ettan Norra,133338,1,-,,6537719,2026-04-18,16:00,fc-arlanda,FC Arlanda,stockholm-internazionale,Stockholm Internazionale,0,0,,,Played,D,SWE
2026,SW-EN,Ettan Norra,133338,1,-,,6537720,2026-04-18,16:00,gefle-if-ff,Gefle IF FF,sollentuna-fk,Sollentuna FK,1,2,,,Played,A,SWE
2026,SW-EN,Ettan Norra,133338,1,-,,6537721,2026-04-18,16:00,if-karlstad-fotboll,IF Karlstad Fotboll,fc-j-rf-lla,FC Järfälla,2,1,,,Played,H,SWE
2026,SW-EN,Ettan Norra,133338,1,-,,6537718,2026-04-18,13:00,enk-pings-sk-fk,Enköpings SK FK,fbk-karlstad,FBK Karlstad,2,1,,,Played,H,SWE
2026,SW-EN,Ettan Norra,133338,1,-,,6537714,2026-04-12,16:00,stockholm-internazionale,Stockholm Internazionale,if-karlstad-fotboll,IF Karlstad Fotboll,0,1,,,Played,A,SWE
2026,SW-EN,Ettan Norra,133338,1,-,,6537716,2026-04-12,16:00,vasalund,Vasalund,fbk-karlstad,FBK Karlstad,1,3,,,Played,A,SWE
2026,SW-EN,Ettan Norra,133338,1,-,,6537713,2026-04-12,14:00,pite-if-ff,Piteå IF FF,assyriska-ff,Assyriska FF,0,2,,,Played,A,SWE
2026,SW-EN,Ettan Norra,133338,1,-,,6537715,2026-04-12,13:00,ume-fc,Umeå FC,fc-arlanda,FC Arlanda,0,1,,,Played,A,SWE
2026,SW-EN,Ettan Norra,133338,1,-,,6537709,2026-04-11,16:00,fc-j-rf-lla,FC Järfälla,sollentuna-fk,Sollentuna FK,0,1,,,Played,A,SWE
2026,SW-EN,Ettan Norra,133338,1,-,,6537710,2026-04-11,16:00,gefle-if-ff,Gefle IF FF,athletic-eskilstuna,Athletic Eskilstuna,4,3,,,Played,H,SWE
2026,SW-EN,Ettan Norra,133338,1,-,,6537711,2026-04-11,16:00,ifk-stocksund,IFK Stocksund,hammarby-tff,Hammarby TFF,2,4,,,Played,A,SWE
2026,SW-EN,Ettan Norra,133338,1,-,,6537712,2026-04-10,19:30,karlbergs-bk,Karlbergs BK,enk-pings-sk-fk,Enköpings SK FK,1,3,,,Played,A,SWE
2026,SW-EN,Ettan Norra,133338,1,-,,6537706,2026-04-06,15:00,hammarby-tff,Hammarby TFF,ume-fc,Umeå FC,1,2,,,Played,A,SWE
2026,SW-EN,Ettan Norra,133338,1,-,,6537707,2026-04-06,13:00,if-karlstad-fotboll,IF Karlstad Fotboll,pite-if-ff,Piteå IF FF,2,1,,,Played,H,SWE
2026,SW-EN,Ettan Norra,133338,1,-,,6537701,2026-04-05,16:00,assyriska-ff,Assyriska FF,stockholm-internazionale,Stockholm Internazionale,1,2,,,Played,A,SWE
2026,SW-EN,Ettan Norra,133338,1,-,,6537702,2026-04-04,16:00,athletic-eskilstuna,Athletic Eskilstuna,fc-j-rf-lla,FC Järfälla,1,1,,,Played,D,SWE
2026,SW-EN,Ettan Norra,133338,1,-,,6537708,2026-04-04,16:00,sollentuna-fk,Sollentuna FK,karlbergs-bk,Karlbergs BK,0,1,,,Played,A,SWE
2026,SW-EN,Ettan Norra,133338,1,-,,6537703,2026-04-04,13:00,enk-pings-sk-fk,Enköpings SK FK,ifk-stocksund,IFK Stocksund,3,2,,,Played,H,SWE
2026,SW-EN,Ettan Norra,133338,1,-,,6537704,2026-04-03,16:00,fbk-karlstad,FBK Karlstad,gefle-if-ff,Gefle IF FF,2,1,,,Played,H,SWE
2026,SW-EN,Ettan Norra,133338,1,-,,6537705,2026-04-03,13:00,fc-arlanda,FC Arlanda,vasalund,Vasalund,2,1,,,Played,H,SWE
2025,SW-ES,Ettan Södra,123862,1,-,,6155211,2025-11-08,15:00,ariana-fc,Ariana FC,torslanda-ik,Torslanda IK,1,4,,,Played,A,SWE
2025,SW-ES,Ettan Södra,123862,1,-,,6155212,2025-11-08,15:00,eskilsminne-if,Eskilsminne IF,j-nk-pings-s-dra-if,Jönköpings Södra IF,4,2,,,Played,H,SWE
2025,SW-ES,Ettan Södra,123862,1,-,,6155213,2025-11-08,15:00,fc-trollh-ttan,FC Trollhättan,norrby-if,Norrby IF,2,3,,,Played,A,SWE
2025,SW-ES,Ettan Södra,123862,1,-,,6155214,2025-11-08,15:00,husqvarna-ff,Husqvarna FF,fc-roseng-rd-1917,FC Rosengård 1917,5,0,,,Played,H,SWE
2025,SW-ES,Ettan Södra,123862,1,-,,6155215,2025-11-08,15:00,h-ssleholms-if,Hässleholms IF,ngelholms-ff,Ängelholms FF,3,0,,,Played,H,SWE
2025,SW-ES,Ettan Södra,123862,1,-,,6155216,2025-11-08,15:00,lunds-bk,Lunds BK,ifk-sk-vde-fk,IFK Skövde FK,1,0,,,Played,H,SWE
2025,SW-ES,Ettan Södra,123862,1,-,,6155217,2025-11-08,15:00,oskarshamns-aik,Oskarshamns AIK,ljungskile-sk-herrfotboll,Ljungskile SK Herrfotboll,2,1,,,Played,H,SWE
2025,SW-ES,Ettan Södra,123862,1,-,,6155218,2025-11-08,15:00,sk-vde-aik,Skövde AIK,bk-olympic,BK Olympic,3,2,,,Played,H,SWE
2025,SW-ES,Ettan Södra,123862,1,-,,6155203,2025-11-02,16:00,bk-olympic,BK Olympic,fc-trollh-ttan,FC Trollhättan,2,3,,,Played,A,SWE
2025,SW-ES,Ettan Södra,123862,1,-,,6155209,2025-11-02,14:00,torslanda-ik,Torslanda IK,lunds-bk,Lunds BK,3,1,,,Played,H,SWE
2025,SW-ES,Ettan Södra,123862,1,-,,6155205,2025-11-01,16:00,ifk-sk-vde-fk,IFK Skövde FK,eskilsminne-if,Eskilsminne IF,1,3,,,Played,A,SWE
2025,SW-ES,Ettan Södra,123862,1,-,,6155206,2025-11-01,16:00,j-nk-pings-s-dra-if,Jönköpings Södra IF,ariana-fc,Ariana FC,1,0,,,Played,H,SWE
2025,SW-ES,Ettan Södra,123862,1,-,,6155210,2025-11-01,16:00,ngelholms-ff,Ängelholms FF,oskarshamns-aik,Oskarshamns AIK,1,2,,,Played,A,SWE
2025,SW-ES,Ettan Södra,123862,1,-,,6155204,2025-11-01,13:00,fc-roseng-rd-1917,FC Rosengård 1917,h-ssleholms-if,Hässleholms IF,1,2,,,Played,A,SWE
2025,SW-ES,Ettan Södra,123862,1,-,,6155207,2025-11-01,13:00,ljungskile-sk-herrfotboll,Ljungskile SK Herrfotboll,sk-vde-aik,Skövde AIK,5,1,,,Played,H,SWE
2025,SW-ES,Ettan Södra,123862,1,-,,6155208,2025-11-01,13:00,norrby-if,Norrby IF,husqvarna-ff,Husqvarna FF,4,1,,,Played,H,SWE
2025,SW-ES,Ettan Södra,123862,1,-,,6155199,2025-10-26,16:00,norrby-if,Norrby IF,ifk-sk-vde-fk,IFK Skövde FK,4,0,,,Played,H,SWE
2025,SW-ES,Ettan Södra,123862,1,-,,6155202,2025-10-26,16:00,ngelholms-ff,Ängelholms FF,eskilsminne-if,Eskilsminne IF,2,2,,,Played,D,SWE
2025,SW-ES,Ettan Södra,123862,1,-,,6155197,2025-10-25,16:00,husqvarna-ff,Husqvarna FF,torslanda-ik,Torslanda IK,5,0,,,Played,H,SWE
2025,SW-ES,Ettan Södra,123862,1,-,,6155200,2025-10-25,16:00,oskarshamns-aik,Oskarshamns AIK,lunds-bk,Lunds BK,2,2,,,Played,D,SWE
2025,SW-ES,Ettan Södra,123862,1,-,,6155201,2025-10-25,16:00,sk-vde-aik,Skövde AIK,h-ssleholms-if,Hässleholms IF,0,1,,,Played,A,SWE
2025,SW-ES,Ettan Södra,123862,1,-,,6155198,2025-10-25,14:00,ljungskile-sk-herrfotboll,Ljungskile SK Herrfotboll,fc-roseng-rd-1917,FC Rosengård 1917,2,0,,,Played,H,SWE
2025,SW-ES,Ettan Södra,123862,1,-,,6155195,2025-10-25,13:00,ariana-fc,Ariana FC,bk-olympic,BK Olympic,4,2,,,Played,H,SWE
2025,SW-ES,Ettan Södra,123862,1,-,,6155196,2025-10-25,13:00,fc-trollh-ttan,FC Trollhättan,j-nk-pings-s-dra-if,Jönköpings Södra IF,0,1,,,Played,A,SWE
2025,SW-ES,Ettan Södra,123862,1,-,,6155192,2025-10-19,16:00,j-nk-pings-s-dra-if,Jönköpings Södra IF,ljungskile-sk-herrfotboll,Ljungskile SK Herrfotboll,1,3,,,Played,A,SWE
2025,SW-ES,Ettan Södra,123862,1,-,,6155187,2025-10-18,16:00,bk-olympic,BK Olympic,oskarshamns-aik,Oskarshamns AIK,2,2,,,Played,D,SWE
2025,SW-ES,Ettan Södra,123862,1,-,,6155188,2025-10-18,16:00,eskilsminne-if,Eskilsminne IF,sk-vde-aik,Skövde AIK,4,0,,,Played,H,SWE
2025,SW-ES,Ettan Södra,123862,1,-,,6155190,2025-10-18,16:00,h-ssleholms-if,Hässleholms IF,husqvarna-ff,Husqvarna FF,1,0,,,Played,H,SWE
2025,SW-ES,Ettan Södra,123862,1,-,,6155189,2025-10-18,13:00,fc-roseng-rd-1917,FC Rosengård 1917,ariana-fc,Ariana FC,1,3,,,Played,A,SWE
2025,SW-ES,Ettan Södra,123862,1,-,,6155194,2025-10-18,13:00,torslanda-ik,Torslanda IK,norrby-if,Norrby IF,1,3,,,Played,A,SWE
2025,SW-ES,Ettan Södra,123862,1,-,,6155191,2025-10-17,19:00,ifk-sk-vde-fk,IFK Skövde FK,fc-trollh-ttan,FC Trollhättan,1,4,,,Played,A,SWE
2025,SW-ES,Ettan Södra,123862,1,-,,6155193,2025-10-17,19:00,lunds-bk,Lunds BK,ngelholms-ff,Ängelholms FF,1,2,,,Played,A,SWE
2025,SW-ES,Ettan Södra,123862,1,-,,6155183,2025-10-12,16:00,h-ssleholms-if,Hässleholms IF,norrby-if,Norrby IF,1,0,,,Played,H,SWE
2025,SW-ES,Ettan Södra,123862,1,-,,6155180,2025-10-12,13:00,fc-roseng-rd-1917,FC Rosengård 1917,bk-olympic,BK Olympic,1,3,,,Played,A,SWE
2025,SW-ES,Ettan Södra,123862,1,-,,6155181,2025-10-11,16:00,fc-trollh-ttan,FC Trollhättan,torslanda-ik,Torslanda IK,4,0,,,Played,H,SWE
2025,SW-ES,Ettan Södra,123862,1,-,,6155185,2025-10-11,16:00,oskarshamns-aik,Oskarshamns AIK,j-nk-pings-s-dra-if,Jönköpings Södra IF,0,0,,,Played,D,SWE
2025,SW-ES,Ettan Södra,123862,1,-,,6155186,2025-10-11,16:00,sk-vde-aik,Skövde AIK,lunds-bk,Lunds BK,1,0,,,Played,H,SWE
2025,SW-ES,Ettan Södra,123862,1,-,,6155184,2025-10-11,13:00,ljungskile-sk-herrfotboll,Ljungskile SK Herrfotboll,eskilsminne-if,Eskilsminne IF,3,0,,,Played,H,SWE
2025,SW-ES,Ettan Södra,123862,1,-,,6155179,2025-10-10,19:00,ariana-fc,Ariana FC,ngelholms-ff,Ängelholms FF,1,3,,,Played,A,SWE
2025,SW-ES,Ettan Södra,123862,1,-,,6155182,2025-10-10,19:00,husqvarna-ff,Husqvarna FF,ifk-sk-vde-fk,IFK Skövde FK,1,2,,,Played,A,SWE
2025,SW-ES,Ettan Södra,123862,1,-,,6155175,2025-10-06,19:00,j-nk-pings-s-dra-if,Jönköpings Södra IF,sk-vde-aik,Skövde AIK,1,0,,,Played,H,SWE
2025,SW-ES,Ettan Södra,123862,1,-,,6155172,2025-10-05,16:00,eskilsminne-if,Eskilsminne IF,oskarshamns-aik,Oskarshamns AIK,3,1,,,Played,H,SWE
2025,SW-ES,Ettan Södra,123862,1,-,,6155176,2025-10-05,16:00,norrby-if,Norrby IF,fc-roseng-rd-1917,FC Rosengård 1917,2,1,,,Played,H,SWE
2025,SW-ES,Ettan Södra,123862,1,-,,6155174,2025-10-04,16:00,ifk-sk-vde-fk,IFK Skövde FK,bk-olympic,BK Olympic,3,1,,,Played,H,SWE
2025,SW-ES,Ettan Södra,123862,1,-,,6155177,2025-10-04,16:00,torslanda-ik,Torslanda IK,h-ssleholms-if,Hässleholms IF,0,5,,,Played,A,SWE
2025,SW-ES,Ettan Södra,123862,1,-,,6155178,2025-10-04,16:00,ngelholms-ff,Ängelholms FF,fc-trollh-ttan,FC Trollhättan,1,2,,,Played,A,SWE
2025,SW-ES,Ettan Södra,123862,1,-,,6155173,2025-10-04,13:00,husqvarna-ff,Husqvarna FF,ljungskile-sk-herrfotboll,Ljungskile SK Herrfotboll,2,0,,,Played,H,SWE
2025,SW-ES,Ettan Södra,123862,1,-,,6155171,2025-10-03,19:00,ariana-fc,Ariana FC,lunds-bk,Lunds BK,0,1,,,Played,A,SWE
2025,SW-ES,Ettan Södra,123862,1,-,,6155165,2025-09-28,16:00,fc-trollh-ttan,FC Trollhättan,ariana-fc,Ariana FC,2,1,,,Played,H,SWE
2025,SW-ES,Ettan Södra,123862,1,-,,6155163,2025-09-27,16:00,bk-olympic,BK Olympic,norrby-if,Norrby IF,0,2,,,Played,A,SWE
2025,SW-ES,Ettan Södra,123862,1,-,,6155166,2025-09-27,16:00,h-ssleholms-if,Hässleholms IF,j-nk-pings-s-dra-if,Jönköpings Södra IF,1,2,,,Played,A,SWE
2025,SW-ES,Ettan Södra,123862,1,-,,6155169,2025-09-27,16:00,oskarshamns-aik,Oskarshamns AIK,ifk-sk-vde-fk,IFK Skövde FK,1,0,,,Played,H,SWE
2025,SW-ES,Ettan Södra,123862,1,-,,6155170,2025-09-27,15:00,sk-vde-aik,Skövde AIK,ngelholms-ff,Ängelholms FF,0,0,,,Played,D,SWE
2025,SW-ES,Ettan Södra,123862,1,-,,6155164,2025-09-27,13:00,eskilsminne-if,Eskilsminne IF,husqvarna-ff,Husqvarna FF,0,2,,,Played,A,SWE
2025,SW-ES,Ettan Södra,123862,1,-,,6155167,2025-09-27,13:00,ljungskile-sk-herrfotboll,Ljungskile SK Herrfotboll,torslanda-ik,Torslanda IK,3,0,,,Played,H,SWE
2025,SW-ES,Ettan Södra,123862,1,-,,6155168,2025-09-26,19:00,lunds-bk,Lunds BK,fc-roseng-rd-1917,FC Rosengård 1917,1,0,,,Played,H,SWE
2025,SW-ES,Ettan Södra,123862,1,-,,6155159,2025-09-21,16:00,norrby-if,Norrby IF,ariana-fc,Ariana FC,2,1,,,Played,H,SWE
2025,SW-ES,Ettan Södra,123862,1,-,,6155162,2025-09-21,16:00,ngelholms-ff,Ängelholms FF,ljungskile-sk-herrfotboll,Ljungskile SK Herrfotboll,1,2,,,Played,A,SWE
2025,SW-ES,Ettan Södra,123862,1,-,,6155156,2025-09-20,16:00,fc-roseng-rd-1917,FC Rosengård 1917,sk-vde-aik,Skövde AIK,3,1,,,Played,H,SWE
2025,SW-ES,Ettan Södra,123862,1,-,,6155157,2025-09-20,16:00,ifk-sk-vde-fk,IFK Skövde FK,h-ssleholms-if,Hässleholms IF,0,1,,,Played,A,SWE
2025,SW-ES,Ettan Södra,123862,1,-,,6155160,2025-09-20,16:00,oskarshamns-aik,Oskarshamns AIK,fc-trollh-ttan,FC Trollhättan,2,0,,,Played,H,SWE
2025,SW-ES,Ettan Södra,123862,1,-,,6155155,2025-09-20,13:00,bk-olympic,BK Olympic,lunds-bk,Lunds BK,3,2,,,Played,H,SWE
2025,SW-ES,Ettan Södra,123862,1,-,,6155161,2025-09-20,13:00,torslanda-ik,Torslanda IK,eskilsminne-if,Eskilsminne IF,2,1,,,Played,H,SWE
2025,SW-ES,Ettan Södra,123862,1,-,,6155158,2025-09-19,19:00,j-nk-pings-s-dra-if,Jönköpings Södra IF,husqvarna-ff,Husqvarna FF,0,0,,,Played,D,SWE
2025,SW-ES,Ettan Södra,123862,1,-,,6155148,2025-09-14,16:00,eskilsminne-if,Eskilsminne IF,norrby-if,Norrby IF,2,3,,,Played,A,SWE
2025,SW-ES,Ettan Södra,123862,1,-,,6155152,2025-09-14,16:00,lunds-bk,Lunds BK,j-nk-pings-s-dra-if,Jönköpings Södra IF,1,2,,,Played,A,SWE
2025,SW-ES,Ettan Södra,123862,1,-,,6155147,2025-09-13,16:00,ariana-fc,Ariana FC,ifk-sk-vde-fk,IFK Skövde FK,2,1,,,Played,H,SWE
2025,SW-ES,Ettan Södra,123862,1,-,,6155149,2025-09-13,16:00,fc-roseng-rd-1917,FC Rosengård 1917,oskarshamns-aik,Oskarshamns AIK,0,1,,,Played,A,SWE
2025,SW-ES,Ettan Södra,123862,1,-,,6155151,2025-09-13,16:00,ljungskile-sk-herrfotboll,Ljungskile SK Herrfotboll,h-ssleholms-if,Hässleholms IF,3,0,,,Played,H,SWE
2025,SW-ES,Ettan Södra,123862,1,-,,6155150,2025-09-13,13:00,husqvarna-ff,Husqvarna FF,ngelholms-ff,Ängelholms FF,0,1,,,Played,A,SWE
2025,SW-ES,Ettan Södra,123862,1,-,,6155154,2025-09-13,13:00,torslanda-ik,Torslanda IK,bk-olympic,BK Olympic,1,5,,,Played,A,SWE
2025,SW-ES,Ettan Södra,123862,1,-,,6155153,2025-09-12,19:00,sk-vde-aik,Skövde AIK,fc-trollh-ttan,FC Trollhättan,1,2,,,Played,A,SWE
2025,SW-ES,Ettan Södra,123862,1,-,,6155144,2025-09-08,19:00,norrby-if,Norrby IF,ljungskile-sk-herrfotboll,Ljungskile SK Herrfotboll,4,2,,,Played,H,SWE
2025,SW-ES,Ettan Södra,123862,1,-,,6155139,2025-09-07,16:00,ariana-fc,Ariana FC,sk-vde-aik,Skövde AIK,1,1,,,Played,D,SWE
2025,SW-ES,Ettan Södra,123862,1,-,,6155140,2025-09-07,16:00,bk-olympic,BK Olympic,j-nk-pings-s-dra-if,Jönköpings Södra IF,1,1,,,Played,D,SWE
2025,SW-ES,Ettan Södra,123862,1,-,,6155141,2025-09-06,16:00,fc-trollh-ttan,FC Trollhättan,eskilsminne-if,Eskilsminne IF,1,2,,,Played,A,SWE
2025,SW-ES,Ettan Södra,123862,1,-,,6155145,2025-09-06,16:00,oskarshamns-aik,Oskarshamns AIK,husqvarna-ff,Husqvarna FF,1,3,,,Played,A,SWE
2025,SW-ES,Ettan Södra,123862,1,-,,6155143,2025-09-06,13:00,ifk-sk-vde-fk,IFK Skövde FK,torslanda-ik,Torslanda IK,2,1,,,Played,H,SWE
2025,SW-ES,Ettan Södra,123862,1,-,,6155146,2025-09-06,13:00,ngelholms-ff,Ängelholms FF,fc-roseng-rd-1917,FC Rosengård 1917,1,1,,,Played,D,SWE
2025,SW-ES,Ettan Södra,123862,1,-,,6155142,2025-09-05,19:00,h-ssleholms-if,Hässleholms IF,lunds-bk,Lunds BK,1,0,,,Played,H,SWE
2025,SW-ES,Ettan Södra,123862,1,-,,6155134,2025-09-01,19:00,j-nk-pings-s-dra-if,Jönköpings Södra IF,ifk-sk-vde-fk,IFK Skövde FK,2,1,,,Played,H,SWE
2025,SW-ES,Ettan Södra,123862,1,-,,6155132,2025-08-31,16:00,fc-trollh-ttan,FC Trollhättan,h-ssleholms-if,Hässleholms IF,0,4,,,Played,A,SWE
2025,SW-ES,Ettan Södra,123862,1,-,,6155135,2025-08-31,16:00,ljungskile-sk-herrfotboll,Ljungskile SK Herrfotboll,bk-olympic,BK Olympic,4,1,,,Played,H,SWE
2025,SW-ES,Ettan Södra,123862,1,-,,6155133,2025-08-30,16:00,husqvarna-ff,Husqvarna FF,ariana-fc,Ariana FC,0,0,,,Played,D,SWE
2025,SW-ES,Ettan Södra,123862,1,-,,6155136,2025-08-30,16:00,lunds-bk,Lunds BK,norrby-if,Norrby IF,2,1,,,Played,H,SWE
2025,SW-ES,Ettan Södra,123862,1,-,,6155137,2025-08-30,16:00,sk-vde-aik,Skövde AIK,oskarshamns-aik,Oskarshamns AIK,3,0,,,Played,H,SWE
2025,SW-ES,Ettan Södra,123862,1,-,,6155131,2025-08-30,13:00,eskilsminne-if,Eskilsminne IF,fc-roseng-rd-1917,FC Rosengård 1917,1,0,,,Played,H,SWE
2025,SW-ES,Ettan Södra,123862,1,-,,6155138,2025-08-30,13:00,ngelholms-ff,Ängelholms FF,torslanda-ik,Torslanda IK,3,0,,,Played,H,SWE
2025,SW-ES,Ettan Södra,123862,1,-,,6155129,2025-08-25,19:00,norrby-if,Norrby IF,j-nk-pings-s-dra-if,Jönköpings Södra IF,2,1,,,Played,H,SWE
2025,SW-ES,Ettan Södra,123862,1,-,,6155128,2025-08-24,16:00,lunds-bk,Lunds BK,ljungskile-sk-herrfotboll,Ljungskile SK Herrfotboll,1,3,,,Played,A,SWE
2025,SW-ES,Ettan Södra,123862,1,-,,6155123,2025-08-23,16:00,ariana-fc,Ariana FC,oskarshamns-aik,Oskarshamns AIK,1,0,,,Played,H,SWE
2025,SW-ES,Ettan Södra,123862,1,-,,6155125,2025-08-23,16:00,fc-roseng-rd-1917,FC Rosengård 1917,fc-trollh-ttan,FC Trollhättan,1,3,,,Played,A,SWE
2025,SW-ES,Ettan Södra,123862,1,-,,6155127,2025-08-23,16:00,ifk-sk-vde-fk,IFK Skövde FK,ngelholms-ff,Ängelholms FF,1,1,,,Played,D,SWE
2025,SW-ES,Ettan Södra,123862,1,-,,6155124,2025-08-23,13:00,bk-olympic,BK Olympic,husqvarna-ff,Husqvarna FF,2,0,,,Played,H,SWE
2025,SW-ES,Ettan Södra,123862,1,-,,6155126,2025-08-23,13:00,h-ssleholms-if,Hässleholms IF,eskilsminne-if,Eskilsminne IF,2,1,,,Played,H,SWE
2025,SW-ES,Ettan Södra,123862,1,-,,6155130,2025-08-23,13:00,torslanda-ik,Torslanda IK,sk-vde-aik,Skövde AIK,1,1,,,Played,D,SWE
2025,SW-ES,Ettan Södra,123862,1,-,,6155118,2025-08-17,16:00,j-nk-pings-s-dra-if,Jönköpings Södra IF,torslanda-ik,Torslanda IK,5,0,,,Played,H,SWE
2025,SW-ES,Ettan Södra,123862,1,-,,6155116,2025-08-16,16:00,fc-roseng-rd-1917,FC Rosengård 1917,ifk-sk-vde-fk,IFK Skövde FK,3,2,,,Played,H,SWE
2025,SW-ES,Ettan Södra,123862,1,-,,6155117,2025-08-16,16:00,fc-trollh-ttan,FC Trollhättan,husqvarna-ff,Husqvarna FF,3,3,,,Played,D,SWE
2025,SW-ES,Ettan Södra,123862,1,-,,6155119,2025-08-16,16:00,ljungskile-sk-herrfotboll,Ljungskile SK Herrfotboll,ariana-fc,Ariana FC,3,1,,,Played,H,SWE
2025,SW-ES,Ettan Södra,123862,1,-,,6155115,2025-08-16,13:00,eskilsminne-if,Eskilsminne IF,lunds-bk,Lunds BK,2,1,,,Played,H,SWE
2025,SW-ES,Ettan Södra,123862,1,-,,6155120,2025-08-16,13:00,oskarshamns-aik,Oskarshamns AIK,h-ssleholms-if,Hässleholms IF,1,4,,,Played,A,SWE
2025,SW-ES,Ettan Södra,123862,1,-,,6155121,2025-08-16,13:00,sk-vde-aik,Skövde AIK,norrby-if,Norrby IF,2,4,,,Played,A,SWE
2025,SW-ES,Ettan Södra,123862,1,-,,6155122,2025-08-15,19:00,ngelholms-ff,Ängelholms FF,bk-olympic,BK Olympic,0,3,,,Played,A,SWE
2025,SW-ES,Ettan Södra,123862,1,-,,6155108,2025-08-11,18:30,bk-olympic,BK Olympic,h-ssleholms-if,Hässleholms IF,2,1,,,Played,H,SWE
2025,SW-ES,Ettan Södra,123862,1,-,,6155113,2025-08-10,16:00,norrby-if,Norrby IF,oskarshamns-aik,Oskarshamns AIK,3,0,,,Played,H,SWE
2025,SW-ES,Ettan Södra,123862,1,-,,6155107,2025-08-09,16:00,ariana-fc,Ariana FC,eskilsminne-if,Eskilsminne IF,3,0,,,Played,H,SWE
2025,SW-ES,Ettan Södra,123862,1,-,,6155111,2025-08-09,16:00,j-nk-pings-s-dra-if,Jönköpings Södra IF,ngelholms-ff,Ängelholms FF,0,0,,,Played,D,SWE
2025,SW-ES,Ettan Södra,123862,1,-,,6155112,2025-08-09,16:00,lunds-bk,Lunds BK,fc-trollh-ttan,FC Trollhättan,1,1,,,Played,D,SWE
2025,SW-ES,Ettan Södra,123862,1,-,,6155109,2025-08-09,13:00,husqvarna-ff,Husqvarna FF,sk-vde-aik,Skövde AIK,4,1,,,Played,H,SWE
2025,SW-ES,Ettan Södra,123862,1,-,,6155110,2025-08-09,13:00,ifk-sk-vde-fk,IFK Skövde FK,ljungskile-sk-herrfotboll,Ljungskile SK Herrfotboll,0,4,,,Played,A,SWE
2025,SW-ES,Ettan Södra,123862,1,-,,6155114,2025-08-09,13:00,torslanda-ik,Torslanda IK,fc-roseng-rd-1917,FC Rosengård 1917,1,1,,,Played,D,SWE
2025,SW-ES,Ettan Södra,123862,1,-,,6155101,2025-08-04,19:00,fc-trollh-ttan,FC Trollhättan,ljungskile-sk-herrfotboll,Ljungskile SK Herrfotboll,2,2,,,Played,D,SWE
2025,SW-ES,Ettan Södra,123862,1,-,,6155102,2025-08-04,19:00,h-ssleholms-if,Hässleholms IF,ariana-fc,Ariana FC,2,1,,,Played,H,SWE
2025,SW-ES,Ettan Södra,123862,1,-,,6155105,2025-08-04,19:00,sk-vde-aik,Skövde AIK,ifk-sk-vde-fk,IFK Skövde FK,0,0,,,Played,D,SWE
2025,SW-ES,Ettan Södra,123862,1,-,,6155100,2025-08-02,16:00,fc-roseng-rd-1917,FC Rosengård 1917,j-nk-pings-s-dra-if,Jönköpings Södra IF,0,1,,,Played,A,SWE
2025,SW-ES,Ettan Södra,123862,1,-,,6155104,2025-08-02,16:00,oskarshamns-aik,Oskarshamns AIK,torslanda-ik,Torslanda IK,0,1,,,Played,A,SWE
2025,SW-ES,Ettan Södra,123862,1,-,,6155106,2025-08-02,16:00,ngelholms-ff,Ängelholms FF,norrby-if,Norrby IF,0,4,,,Played,A,SWE
2025,SW-ES,Ettan Södra,123862,1,-,,6155103,2025-08-02,13:00,lunds-bk,Lunds BK,husqvarna-ff,Husqvarna FF,3,3,,,Played,D,SWE
2025,SW-ES,Ettan Södra,123862,1,-,,6155099,2025-07-02,19:00,eskilsminne-if,Eskilsminne IF,bk-olympic,BK Olympic,2,0,,,Played,H,SWE
2025,SW-ES,Ettan Södra,123862,1,-,,6155092,2025-06-28,16:00,bk-olympic,BK Olympic,sk-vde-aik,Skövde AIK,0,2,,,Played,A,SWE
2025,SW-ES,Ettan Södra,123862,1,-,,6155095,2025-06-28,16:00,j-nk-pings-s-dra-if,Jönköpings Södra IF,fc-trollh-ttan,FC Trollhättan,2,1,,,Played,H,SWE
2025,SW-ES,Ettan Södra,123862,1,-,,6155096,2025-06-28,16:00,ljungskile-sk-herrfotboll,Ljungskile SK Herrfotboll,ngelholms-ff,Ängelholms FF,3,2,,,Played,H,SWE
2025,SW-ES,Ettan Södra,123862,1,-,,6155098,2025-06-28,16:00,oskarshamns-aik,Oskarshamns AIK,eskilsminne-if,Eskilsminne IF,0,0,,,Played,D,SWE
2025,SW-ES,Ettan Södra,123862,1,-,,6155094,2025-06-28,13:00,h-ssleholms-if,Hässleholms IF,ifk-sk-vde-fk,IFK Skövde FK,3,1,,,Played,H,SWE
2025,SW-ES,Ettan Södra,123862,1,-,,6155091,2025-06-27,19:00,ariana-fc,Ariana FC,fc-roseng-rd-1917,FC Rosengård 1917,1,2,,,Played,A,SWE
2025,SW-ES,Ettan Södra,123862,1,-,,6155093,2025-06-26,19:00,husqvarna-ff,Husqvarna FF,lunds-bk,Lunds BK,2,1,,,Played,H,SWE
2025,SW-ES,Ettan Södra,123862,1,-,,6155097,2025-06-26,19:00,norrby-if,Norrby IF,torslanda-ik,Torslanda IK,4,2,,,Played,H,SWE
2025,SW-ES,Ettan Södra,123862,1,-,,6155085,2025-06-22,16:00,fc-trollh-ttan,FC Trollhättan,fc-roseng-rd-1917,FC Rosengård 1917,0,2,,,Played,A,SWE
2025,SW-ES,Ettan Södra,123862,1,-,,6155087,2025-06-22,16:00,ifk-sk-vde-fk,IFK Skövde FK,oskarshamns-aik,Oskarshamns AIK,1,1,,,Played,D,SWE
2025,SW-ES,Ettan Södra,123862,1,-,,6155083,2025-06-19,19:00,bk-olympic,BK Olympic,ariana-fc,Ariana FC,1,1,,,Played,D,SWE
2025,SW-ES,Ettan Södra,123862,1,-,,6155084,2025-06-19,19:00,eskilsminne-if,Eskilsminne IF,h-ssleholms-if,Hässleholms IF,0,3,,,Played,A,SWE
2025,SW-ES,Ettan Södra,123862,1,-,,6155086,2025-06-19,19:00,husqvarna-ff,Husqvarna FF,norrby-if,Norrby IF,1,1,,,Played,D,SWE
2025,SW-ES,Ettan Södra,123862,1,-,,6155088,2025-06-19,19:00,lunds-bk,Lunds BK,sk-vde-aik,Skövde AIK,3,0,,,Played,H,SWE
2025,SW-ES,Ettan Södra,123862,1,-,,6155090,2025-06-19,19:00,ngelholms-ff,Ängelholms FF,j-nk-pings-s-dra-if,Jönköpings Södra IF,1,2,,,Played,A,SWE
2025,SW-ES,Ettan Södra,123862,1,-,,6155089,2025-06-18,19:00,torslanda-ik,Torslanda IK,ljungskile-sk-herrfotboll,Ljungskile SK Herrfotboll,1,1,,,Played,D,SWE
2025,SW-ES,Ettan Södra,123862,1,-,,6155075,2025-06-15,16:00,ariana-fc,Ariana FC,fc-trollh-ttan,FC Trollhättan,3,3,,,Played,D,SWE
2025,SW-ES,Ettan Södra,123862,1,-,,6155078,2025-06-15,16:00,ifk-sk-vde-fk,IFK Skövde FK,lunds-bk,Lunds BK,3,2,,,Played,H,SWE
2025,SW-ES,Ettan Södra,123862,1,-,,6155076,2025-06-14,16:00,fc-roseng-rd-1917,FC Rosengård 1917,ljungskile-sk-herrfotboll,Ljungskile SK Herrfotboll,0,2,,,Played,A,SWE
2025,SW-ES,Ettan Södra,123862,1,-,,6155080,2025-06-14,16:00,norrby-if,Norrby IF,eskilsminne-if,Eskilsminne IF,1,1,,,Played,D,SWE
2025,SW-ES,Ettan Södra,123862,1,-,,6155082,2025-06-14,16:00,ngelholms-ff,Ängelholms FF,husqvarna-ff,Husqvarna FF,6,1,,,Played,H,SWE
2025,SW-ES,Ettan Södra,123862,1,-,,6155079,2025-06-14,13:00,j-nk-pings-s-dra-if,Jönköpings Södra IF,oskarshamns-aik,Oskarshamns AIK,1,0,,,Played,H,SWE
2025,SW-ES,Ettan Södra,123862,1,-,,6155081,2025-06-14,13:00,sk-vde-aik,Skövde AIK,torslanda-ik,Torslanda IK,3,2,,,Played,H,SWE
2025,SW-ES,Ettan Södra,123862,1,-,,6155077,2025-06-12,19:00,h-ssleholms-if,Hässleholms IF,bk-olympic,BK Olympic,1,1,,,Played,D,SWE
2025,SW-ES,Ettan Södra,123862,1,-,,6155069,2025-06-08,16:00,ljungskile-sk-herrfotboll,Ljungskile SK Herrfotboll,j-nk-pings-s-dra-if,Jönköpings Södra IF,2,0,,,Played,H,SWE
2025,SW-ES,Ettan Södra,123862,1,-,,6155071,2025-06-08,16:00,norrby-if,Norrby IF,h-ssleholms-if,Hässleholms IF,1,2,,,Played,A,SWE
2025,SW-ES,Ettan Södra,123862,1,-,,6155072,2025-06-07,16:00,oskarshamns-aik,Oskarshamns AIK,ariana-fc,Ariana FC,1,3,,,Played,A,SWE
2025,SW-ES,Ettan Södra,123862,1,-,,6155073,2025-06-07,16:00,sk-vde-aik,Skövde AIK,fc-roseng-rd-1917,FC Rosengård 1917,4,1,,,Played,H,SWE
2025,SW-ES,Ettan Södra,123862,1,-,,6155067,2025-06-06,16:00,eskilsminne-if,Eskilsminne IF,ngelholms-ff,Ängelholms FF,1,6,,,Played,A,SWE
2025,SW-ES,Ettan Södra,123862,1,-,,6155070,2025-06-06,13:00,lunds-bk,Lunds BK,bk-olympic,BK Olympic,2,1,,,Played,H,SWE
2025,SW-ES,Ettan Södra,123862,1,-,,6155074,2025-06-06,13:00,torslanda-ik,Torslanda IK,husqvarna-ff,Husqvarna FF,3,1,,,Played,H,SWE
2025,SW-ES,Ettan Södra,123862,1,-,,6155068,2025-06-05,19:00,fc-trollh-ttan,FC Trollhättan,ifk-sk-vde-fk,IFK Skövde FK,4,0,,,Played,H,SWE
2025,SW-ES,Ettan Södra,123862,1,-,,6155059,2025-06-01,16:00,ariana-fc,Ariana FC,norrby-if,Norrby IF,0,2,,,Played,A,SWE
2025,SW-ES,Ettan Södra,123862,1,-,,6155060,2025-06-01,16:00,bk-olympic,BK Olympic,ljungskile-sk-herrfotboll,Ljungskile SK Herrfotboll,1,1,,,Played,D,SWE
2025,SW-ES,Ettan Södra,123862,1,-,,6155061,2025-06-01,16:00,eskilsminne-if,Eskilsminne IF,fc-trollh-ttan,FC Trollhättan,2,2,,,Played,D,SWE
2025,SW-ES,Ettan Södra,123862,1,-,,6155064,2025-06-01,16:00,h-ssleholms-if,Hässleholms IF,sk-vde-aik,Skövde AIK,3,1,,,Played,H,SWE
2025,SW-ES,Ettan Södra,123862,1,-,,6155062,2025-06-01,13:00,fc-roseng-rd-1917,FC Rosengård 1917,torslanda-ik,Torslanda IK,1,0,,,Played,H,SWE
2025,SW-ES,Ettan Södra,123862,1,-,,6155063,2025-06-01,13:00,husqvarna-ff,Husqvarna FF,oskarshamns-aik,Oskarshamns AIK,0,2,,,Played,A,SWE
2025,SW-ES,Ettan Södra,123862,1,-,,6155065,2025-06-01,13:00,ifk-sk-vde-fk,IFK Skövde FK,j-nk-pings-s-dra-if,Jönköpings Södra IF,0,3,,,Played,A,SWE
2025,SW-ES,Ettan Södra,123862,1,-,,6155066,2025-06-01,13:00,ngelholms-ff,Ängelholms FF,lunds-bk,Lunds BK,1,2,,,Played,A,SWE
2025,SW-ES,Ettan Södra,123862,1,-,,6155051,2025-05-29,16:00,fc-trollh-ttan,FC Trollhättan,bk-olympic,BK Olympic,0,3,,,Played,A,SWE
2025,SW-ES,Ettan Södra,123862,1,-,,6155055,2025-05-29,16:00,norrby-if,Norrby IF,ngelholms-ff,Ängelholms FF,2,0,,,Played,H,SWE
2025,SW-ES,Ettan Södra,123862,1,-,,6155056,2025-05-29,16:00,oskarshamns-aik,Oskarshamns AIK,fc-roseng-rd-1917,FC Rosengård 1917,0,2,,,Played,A,SWE
2025,SW-ES,Ettan Södra,123862,1,-,,6155058,2025-05-29,13:00,torslanda-ik,Torslanda IK,ariana-fc,Ariana FC,0,0,,,Played,D,SWE
2025,SW-ES,Ettan Södra,123862,1,-,,6155052,2025-05-28,19:00,j-nk-pings-s-dra-if,Jönköpings Södra IF,h-ssleholms-if,Hässleholms IF,2,1,,,Played,H,SWE
2025,SW-ES,Ettan Södra,123862,1,-,,6155053,2025-05-28,19:00,ljungskile-sk-herrfotboll,Ljungskile SK Herrfotboll,ifk-sk-vde-fk,IFK Skövde FK,11,0,,,Played,H,SWE
2025,SW-ES,Ettan Södra,123862,1,-,,6155054,2025-05-28,19:00,lunds-bk,Lunds BK,eskilsminne-if,Eskilsminne IF,2,2,,,Played,D,SWE
2025,SW-ES,Ettan Södra,123862,1,-,,6155057,2025-05-28,19:00,sk-vde-aik,Skövde AIK,husqvarna-ff,Husqvarna FF,3,3,,,Played,D,SWE
2025,SW-ES,Ettan Södra,123862,1,-,,6155043,2025-05-24,16:00,ariana-fc,Ariana FC,ljungskile-sk-herrfotboll,Ljungskile SK Herrfotboll,3,2,,,Played,H,SWE
2025,SW-ES,Ettan Södra,123862,1,-,,6155046,2025-05-24,16:00,husqvarna-ff,Husqvarna FF,j-nk-pings-s-dra-if,Jönköpings Södra IF,0,1,,,Played,A,SWE
2025,SW-ES,Ettan Södra,123862,1,-,,6155050,2025-05-24,16:00,ngelholms-ff,Ängelholms FF,sk-vde-aik,Skövde AIK,1,2,,,Played,A,SWE
2025,SW-ES,Ettan Södra,123862,1,-,,6155044,2025-05-24,13:00,bk-olympic,BK Olympic,eskilsminne-if,Eskilsminne IF,2,1,,,Played,H,SWE
2025,SW-ES,Ettan Södra,123862,1,-,,6155047,2025-05-24,13:00,h-ssleholms-if,Hässleholms IF,oskarshamns-aik,Oskarshamns AIK,1,1,,,Played,D,SWE
2025,SW-ES,Ettan Södra,123862,1,-,,6155048,2025-05-24,13:00,ifk-sk-vde-fk,IFK Skövde FK,norrby-if,Norrby IF,1,0,,,Played,H,SWE
2025,SW-ES,Ettan Södra,123862,1,-,,6155045,2025-05-23,19:00,fc-roseng-rd-1917,FC Rosengård 1917,lunds-bk,Lunds BK,0,1,,,Played,A,SWE
2025,SW-ES,Ettan Södra,123862,1,-,,6155049,2025-05-23,19:00,torslanda-ik,Torslanda IK,fc-trollh-ttan,FC Trollhättan,4,1,,,Played,H,SWE
2025,SW-ES,Ettan Södra,123862,1,-,,6155035,2025-05-19,18:30,bk-olympic,BK Olympic,ngelholms-ff,Ängelholms FF,2,2,,,Played,D,SWE
2025,SW-ES,Ettan Södra,123862,1,-,,6155042,2025-05-18,16:00,oskarshamns-aik,Oskarshamns AIK,sk-vde-aik,Skövde AIK,3,0,,,Played,H,SWE
2025,SW-ES,Ettan Södra,123862,1,-,,6155037,2025-05-17,16:00,h-ssleholms-if,Hässleholms IF,torslanda-ik,Torslanda IK,2,0,,,Played,H,SWE
2025,SW-ES,Ettan Södra,123862,1,-,,6155039,2025-05-17,16:00,j-nk-pings-s-dra-if,Jönköpings Södra IF,fc-roseng-rd-1917,FC Rosengård 1917,3,0,,,Played,H,SWE
2025,SW-ES,Ettan Södra,123862,1,-,,6155040,2025-05-17,16:00,ljungskile-sk-herrfotboll,Ljungskile SK Herrfotboll,lunds-bk,Lunds BK,3,0,,,Played,H,SWE
2025,SW-ES,Ettan Södra,123862,1,-,,6155036,2025-05-17,13:00,eskilsminne-if,Eskilsminne IF,ariana-fc,Ariana FC,2,2,,,Played,D,SWE
2025,SW-ES,Ettan Södra,123862,1,-,,6155038,2025-05-16,19:00,ifk-sk-vde-fk,IFK Skövde FK,husqvarna-ff,Husqvarna FF,5,0,,,Played,H,SWE
2025,SW-ES,Ettan Södra,123862,1,-,,6155041,2025-05-16,19:00,norrby-if,Norrby IF,fc-trollh-ttan,FC Trollhättan,1,1,,,Played,D,SWE
2025,SW-ES,Ettan Södra,123862,1,-,,6155027,2025-05-11,16:00,fc-roseng-rd-1917,FC Rosengård 1917,norrby-if,Norrby IF,1,1,,,Played,D,SWE
2025,SW-ES,Ettan Södra,123862,1,-,,6155028,2025-05-11,16:00,fc-trollh-ttan,FC Trollhättan,ngelholms-ff,Ängelholms FF,0,0,,,Played,D,SWE
2025,SW-ES,Ettan Södra,123862,1,-,,6155030,2025-05-11,16:00,j-nk-pings-s-dra-if,Jönköpings Södra IF,bk-olympic,BK Olympic,1,0,,,Played,H,SWE
2025,SW-ES,Ettan Södra,123862,1,-,,6155029,2025-05-10,16:00,husqvarna-ff,Husqvarna FF,eskilsminne-if,Eskilsminne IF,0,2,,,Played,A,SWE
2025,SW-ES,Ettan Södra,123862,1,-,,6155031,2025-05-10,16:00,ljungskile-sk-herrfotboll,Ljungskile SK Herrfotboll,oskarshamns-aik,Oskarshamns AIK,1,3,,,Played,A,SWE
2025,SW-ES,Ettan Södra,123862,1,-,,6155033,2025-05-10,16:00,sk-vde-aik,Skövde AIK,ariana-fc,Ariana FC,2,2,,,Played,D,SWE
2025,SW-ES,Ettan Södra,123862,1,-,,6155034,2025-05-10,13:00,torslanda-ik,Torslanda IK,ifk-sk-vde-fk,IFK Skövde FK,0,0,,,Played,D,SWE
2025,SW-ES,Ettan Södra,123862,1,-,,6155032,2025-05-09,19:00,lunds-bk,Lunds BK,h-ssleholms-if,Hässleholms IF,1,0,,,Played,H,SWE
2025,SW-ES,Ettan Södra,123862,1,-,,6155020,2025-05-05,19:00,bk-olympic,BK Olympic,fc-roseng-rd-1917,FC Rosengård 1917,2,2,,,Played,D,SWE
2025,SW-ES,Ettan Södra,123862,1,-,,6155023,2025-05-04,16:00,h-ssleholms-if,Hässleholms IF,ljungskile-sk-herrfotboll,Ljungskile SK Herrfotboll,1,4,,,Played,A,SWE
2025,SW-ES,Ettan Södra,123862,1,-,,6155022,2025-05-03,16:00,fc-trollh-ttan,FC Trollhättan,oskarshamns-aik,Oskarshamns AIK,3,3,,,Played,D,SWE
2025,SW-ES,Ettan Södra,123862,1,-,,6155024,2025-05-03,16:00,norrby-if,Norrby IF,lunds-bk,Lunds BK,2,2,,,Played,D,SWE
2025,SW-ES,Ettan Södra,123862,1,-,,6155026,2025-05-03,16:00,ngelholms-ff,Ängelholms FF,ifk-sk-vde-fk,IFK Skövde FK,4,3,,,Played,H,SWE
2025,SW-ES,Ettan Södra,123862,1,-,,6155019,2025-05-03,13:00,ariana-fc,Ariana FC,husqvarna-ff,Husqvarna FF,3,1,,,Played,H,SWE
2025,SW-ES,Ettan Södra,123862,1,-,,6155021,2025-05-03,13:00,eskilsminne-if,Eskilsminne IF,torslanda-ik,Torslanda IK,0,0,,,Played,D,SWE
2025,SW-ES,Ettan Södra,123862,1,-,,6155025,2025-05-03,13:00,sk-vde-aik,Skövde AIK,j-nk-pings-s-dra-if,Jönköpings Södra IF,1,0,,,Played,H,SWE
2025,SW-ES,Ettan Södra,123862,1,-,,6155014,2025-04-28,19:00,j-nk-pings-s-dra-if,Jönköpings Södra IF,norrby-if,Norrby IF,1,0,,,Played,H,SWE
2025,SW-ES,Ettan Södra,123862,1,-,,6155016,2025-04-28,19:00,lunds-bk,Lunds BK,ariana-fc,Ariana FC,0,0,,,Played,D,SWE
2025,SW-ES,Ettan Södra,123862,1,-,,6155018,2025-04-27,16:00,torslanda-ik,Torslanda IK,ngelholms-ff,Ängelholms FF,2,4,,,Played,A,SWE
2025,SW-ES,Ettan Södra,123862,1,-,,6155012,2025-04-26,16:00,husqvarna-ff,Husqvarna FF,h-ssleholms-if,Hässleholms IF,2,2,,,Played,D,SWE
2025,SW-ES,Ettan Södra,123862,1,-,,6155013,2025-04-26,16:00,ifk-sk-vde-fk,IFK Skövde FK,sk-vde-aik,Skövde AIK,0,2,,,Played,A,SWE
2025,SW-ES,Ettan Södra,123862,1,-,,6155017,2025-04-26,16:00,oskarshamns-aik,Oskarshamns AIK,bk-olympic,BK Olympic,0,0,,,Played,D,SWE
2025,SW-ES,Ettan Södra,123862,1,-,,6155011,2025-04-26,13:00,fc-roseng-rd-1917,FC Rosengård 1917,eskilsminne-if,Eskilsminne IF,1,0,,,Played,H,SWE
2025,SW-ES,Ettan Södra,123862,1,-,,6155015,2025-04-26,13:00,ljungskile-sk-herrfotboll,Ljungskile SK Herrfotboll,fc-trollh-ttan,FC Trollhättan,2,0,,,Played,H,SWE
2025,SW-ES,Ettan Södra,123862,1,-,,6155006,2025-04-21,16:00,j-nk-pings-s-dra-if,Jönköpings Södra IF,eskilsminne-if,Eskilsminne IF,3,1,,,Played,H,SWE
2025,SW-ES,Ettan Södra,123862,1,-,,6155004,2025-04-18,16:00,h-ssleholms-if,Hässleholms IF,fc-trollh-ttan,FC Trollhättan,0,2,,,Played,A,SWE
2025,SW-ES,Ettan Södra,123862,1,-,,6155005,2025-04-18,16:00,ifk-sk-vde-fk,IFK Skövde FK,fc-roseng-rd-1917,FC Rosengård 1917,1,2,,,Played,A,SWE
2025,SW-ES,Ettan Södra,123862,1,-,,6155008,2025-04-18,16:00,lunds-bk,Lunds BK,oskarshamns-aik,Oskarshamns AIK,3,0,,,Played,H,SWE
2025,SW-ES,Ettan Södra,123862,1,-,,6155003,2025-04-18,13:00,bk-olympic,BK Olympic,torslanda-ik,Torslanda IK,0,6,,,Played,A,SWE
2025,SW-ES,Ettan Södra,123862,1,-,,6155007,2025-04-18,13:00,ljungskile-sk-herrfotboll,Ljungskile SK Herrfotboll,husqvarna-ff,Husqvarna FF,3,1,,,Played,H,SWE
2025,SW-ES,Ettan Södra,123862,1,-,,6155010,2025-04-18,13:00,ngelholms-ff,Ängelholms FF,ariana-fc,Ariana FC,2,1,,,Played,H,SWE
2025,SW-ES,Ettan Södra,123862,1,-,,6155009,2025-04-17,19:00,norrby-if,Norrby IF,sk-vde-aik,Skövde AIK,2,2,,,Played,D,SWE
2025,SW-ES,Ettan Södra,123862,1,-,,6155000,2025-04-13,16:00,oskarshamns-aik,Oskarshamns AIK,norrby-if,Norrby IF,0,1,,,Played,A,SWE
2025,SW-ES,Ettan Södra,123862,1,-,,6155002,2025-04-13,13:00,torslanda-ik,Torslanda IK,j-nk-pings-s-dra-if,Jönköpings Södra IF,2,0,,,Played,H,SWE
2025,SW-ES,Ettan Södra,123862,1,-,,6154996,2025-04-12,16:00,eskilsminne-if,Eskilsminne IF,ifk-sk-vde-fk,IFK Skövde FK,1,1,,,Played,D,SWE
2025,SW-ES,Ettan Södra,123862,1,-,,6154998,2025-04-12,16:00,fc-trollh-ttan,FC Trollhättan,lunds-bk,Lunds BK,1,5,,,Played,A,SWE
2025,SW-ES,Ettan Södra,123862,1,-,,6154999,2025-04-12,16:00,husqvarna-ff,Husqvarna FF,bk-olympic,BK Olympic,2,3,,,Played,A,SWE
2025,SW-ES,Ettan Södra,123862,1,-,,6154997,2025-04-12,13:00,fc-roseng-rd-1917,FC Rosengård 1917,ngelholms-ff,Ängelholms FF,1,1,,,Played,D,SWE
2025,SW-ES,Ettan Södra,123862,1,-,,6155001,2025-04-12,13:00,sk-vde-aik,Skövde AIK,ljungskile-sk-herrfotboll,Ljungskile SK Herrfotboll,1,4,,,Played,A,SWE
2025,SW-ES,Ettan Södra,123862,1,-,,6154995,2025-04-11,19:00,ariana-fc,Ariana FC,h-ssleholms-if,Hässleholms IF,3,0,,,Played,H,SWE
2025,SW-ES,Ettan Södra,123862,1,-,,6154992,2025-04-06,16:00,lunds-bk,Lunds BK,torslanda-ik,Torslanda IK,1,0,,,Played,H,SWE
2025,SW-ES,Ettan Södra,123862,1,-,,6154988,2025-04-05,16:00,bk-olympic,BK Olympic,ifk-sk-vde-fk,IFK Skövde FK,2,1,,,Played,H,SWE
2025,SW-ES,Ettan Södra,123862,1,-,,6154989,2025-04-05,16:00,husqvarna-ff,Husqvarna FF,fc-trollh-ttan,FC Trollhättan,3,0,,,Played,H,SWE
2025,SW-ES,Ettan Södra,123862,1,-,,6154993,2025-04-05,16:00,oskarshamns-aik,Oskarshamns AIK,ngelholms-ff,Ängelholms FF,0,0,,,Played,D,SWE
2025,SW-ES,Ettan Södra,123862,1,-,,6154987,2025-04-05,13:00,ariana-fc,Ariana FC,j-nk-pings-s-dra-if,Jönköpings Södra IF,0,0,,,Played,D,SWE
2025,SW-ES,Ettan Södra,123862,1,-,,6154991,2025-04-05,13:00,ljungskile-sk-herrfotboll,Ljungskile SK Herrfotboll,norrby-if,Norrby IF,0,2,,,Played,A,SWE
2025,SW-ES,Ettan Södra,123862,1,-,,6154994,2025-04-05,13:00,sk-vde-aik,Skövde AIK,eskilsminne-if,Eskilsminne IF,1,1,,,Played,D,SWE
2025,SW-ES,Ettan Södra,123862,1,-,,6154990,2025-04-04,19:00,h-ssleholms-if,Hässleholms IF,fc-roseng-rd-1917,FC Rosengård 1917,0,1,,,Played,A,SWE
2025,SW-ES,Ettan Södra,123862,1,-,,6154983,2025-03-30,16:00,j-nk-pings-s-dra-if,Jönköpings Södra IF,lunds-bk,Lunds BK,2,0,,,Played,H,SWE
2025,SW-ES,Ettan Södra,123862,1,-,,6154982,2025-03-29,16:00,ifk-sk-vde-fk,IFK Skövde FK,ariana-fc,Ariana FC,0,1,,,Played,A,SWE
2025,SW-ES,Ettan Södra,123862,1,-,,6154984,2025-03-29,16:00,norrby-if,Norrby IF,bk-olympic,BK Olympic,4,0,,,Played,H,SWE
2025,SW-ES,Ettan Södra,123862,1,-,,6154985,2025-03-29,16:00,torslanda-ik,Torslanda IK,oskarshamns-aik,Oskarshamns AIK,3,0,,,Played,H,SWE
2025,SW-ES,Ettan Södra,123862,1,-,,6154979,2025-03-29,13:00,eskilsminne-if,Eskilsminne IF,ljungskile-sk-herrfotboll,Ljungskile SK Herrfotboll,0,3,,,Played,A,SWE
2025,SW-ES,Ettan Södra,123862,1,-,,6154980,2025-03-29,13:00,fc-roseng-rd-1917,FC Rosengård 1917,husqvarna-ff,Husqvarna FF,2,1,,,Played,H,SWE
2025,SW-ES,Ettan Södra,123862,1,-,,6154986,2025-03-29,13:00,ngelholms-ff,Ängelholms FF,h-ssleholms-if,Hässleholms IF,0,1,,,Played,A,SWE
2025,SW-ES,Ettan Södra,123862,1,-,,6154981,2025-03-28,19:00,fc-trollh-ttan,FC Trollhättan,sk-vde-aik,Skövde AIK,6,1,,,Played,H,SWE
2026,SW-ES,Ettan Södra,133339,1,-,,6538054,2026-07-01,19:00,eskilsminne-if,Eskilsminne IF,kristianstad-fc,Kristianstad FC,3,2,,,Played,H,SWE
2026,SW-ES,Ettan Södra,133339,1,-,,6538046,2026-06-28,13:00,bk-olympic,BK Olympic,eskilsminne-if,Eskilsminne IF,2,1,,,Played,H,SWE
2026,SW-ES,Ettan Södra,133339,1,-,,6538045,2026-06-27,16:00,ariana-fc-malm,Ariana FC Malmö,j-nk-pings-s-dra-if,Jönköpings Södra IF,1,0,,,Played,H,SWE
2026,SW-ES,Ettan Södra,133339,1,-,,6538051,2026-06-27,16:00,lunds-bk,Lunds BK,sk-vde-aik,Skövde AIK,2,1,,,Played,H,SWE
2026,SW-ES,Ettan Södra,133339,1,-,,6538052,2026-06-27,16:00,tvidabergs-ff,Åtvidabergs FF,roseng-rd-1917,Rosengård 1917,3,3,,,Played,D,SWE
2026,SW-ES,Ettan Södra,133339,1,-,,6538047,2026-06-27,13:00,fc-trollh-ttan,FC Trollhättan,ngelholms-ff,Ängelholms FF,1,1,,,Played,D,SWE
2026,SW-ES,Ettan Södra,133339,1,-,,6538050,2026-06-27,13:00,laholms-fk,Laholms FK,utsikten,Utsikten,3,1,,,Played,H,SWE
2026,SW-ES,Ettan Södra,133339,1,-,,6538048,2026-06-26,19:30,h-ssleholms-if,Hässleholms IF,tv-kers-if,Tvååkers IF,4,2,,,Played,H,SWE
2026,SW-ES,Ettan Södra,133339,1,-,,6538049,2026-06-26,19:00,kristianstad-fc,Kristianstad FC,trelleborgs-ff,Trelleborgs FF,0,0,,,Played,D,SWE
2026,SW-ES,Ettan Södra,133339,1,-,,6538037,2026-06-21,16:00,ariana-fc-malm,Ariana FC Malmö,bk-olympic,BK Olympic,1,2,,,Played,A,SWE
2026,SW-ES,Ettan Södra,133339,1,-,,6538040,2026-06-21,16:00,kristianstad-fc,Kristianstad FC,laholms-fk,Laholms FK,0,3,,,Played,A,SWE
2026,SW-ES,Ettan Södra,133339,1,-,,6538038,2026-06-18,19:00,eskilsminne-if,Eskilsminne IF,fc-trollh-ttan,FC Trollhättan,2,0,,,Played,H,SWE
2026,SW-ES,Ettan Södra,133339,1,-,,6538039,2026-06-18,19:00,j-nk-pings-s-dra-if,Jönköpings Södra IF,lunds-bk,Lunds BK,0,0,,,Played,D,SWE
2026,SW-ES,Ettan Södra,133339,1,-,,6538041,2026-06-18,19:00,sk-vde-aik,Skövde AIK,h-ssleholms-if,Hässleholms IF,2,2,,,Played,D,SWE
2026,SW-ES,Ettan Södra,133339,1,-,,6538042,2026-06-18,19:00,trelleborgs-ff,Trelleborgs FF,roseng-rd-1917,Rosengård 1917,3,2,,,Played,H,SWE
2026,SW-ES,Ettan Södra,133339,1,-,,6538043,2026-06-18,19:00,tv-kers-if,Tvååkers IF,ngelholms-ff,Ängelholms FF,3,2,,,Played,H,SWE
2026,SW-ES,Ettan Södra,133339,1,-,,6538044,2026-06-17,19:30,utsikten,Utsikten,tvidabergs-ff,Åtvidabergs FF,0,3,,,Played,A,SWE
2026,SW-ES,Ettan Södra,133339,1,-,,6538030,2026-06-14,16:00,roseng-rd-1917,Rosengård 1917,sk-vde-aik,Skövde AIK,3,0,,,Played,H,SWE
2026,SW-ES,Ettan Södra,133339,1,-,,6538032,2026-06-14,13:00,h-ssleholms-if,Hässleholms IF,trelleborgs-ff,Trelleborgs FF,0,2,,,Played,A,SWE
2026,SW-ES,Ettan Södra,133339,1,-,,6538031,2026-06-13,16:00,fc-trollh-ttan,FC Trollhättan,kristianstad-fc,Kristianstad FC,1,1,,,Played,D,SWE
2026,SW-ES,Ettan Södra,133339,1,-,,6538036,2026-06-13,16:00,tvidabergs-ff,Åtvidabergs FF,eskilsminne-if,Eskilsminne IF,4,0,,,Played,H,SWE
2026,SW-ES,Ettan Södra,133339,1,-,,6538029,2026-06-13,13:00,bk-olympic,BK Olympic,laholms-fk,Laholms FK,3,2,,,Played,H,SWE
2026,SW-ES,Ettan Södra,133339,1,-,,6538034,2026-06-13,13:00,tv-kers-if,Tvååkers IF,j-nk-pings-s-dra-if,Jönköpings Södra IF,2,1,,,Played,H,SWE
2026,SW-ES,Ettan Södra,133339,1,-,,6538035,2026-06-13,13:00,ngelholms-ff,Ängelholms FF,utsikten,Utsikten,4,2,,,Played,H,SWE
2026,SW-ES,Ettan Södra,133339,1,-,,6538033,2026-06-12,19:00,lunds-bk,Lunds BK,ariana-fc-malm,Ariana FC Malmö,1,4,,,Played,A,SWE
2026,SW-ES,Ettan Södra,133339,1,-,,6538026,2026-06-08,19:30,utsikten,Utsikten,roseng-rd-1917,Rosengård 1917,0,1,,,Played,A,SWE
2026,SW-ES,Ettan Södra,133339,1,-,,6538027,2026-06-08,19:00,ngelholms-ff,Ängelholms FF,bk-olympic,BK Olympic,1,1,,,Played,D,SWE
2026,SW-ES,Ettan Södra,133339,1,-,,6538025,2026-06-07,16:00,trelleborgs-ff,Trelleborgs FF,sk-vde-aik,Skövde AIK,4,0,,,Played,H,SWE
2026,SW-ES,Ettan Södra,133339,1,-,,6538028,2026-06-07,16:00,tvidabergs-ff,Åtvidabergs FF,tv-kers-if,Tvååkers IF,2,2,,,Played,D,SWE
2026,SW-ES,Ettan Södra,133339,1,-,,6538021,2026-06-07,13:00,ariana-fc-malm,Ariana FC Malmö,eskilsminne-if,Eskilsminne IF,2,1,,,Played,H,SWE
2026,SW-ES,Ettan Södra,133339,1,-,,6538023,2026-06-07,13:00,kristianstad-fc,Kristianstad FC,lunds-bk,Lunds BK,1,1,,,Played,D,SWE
2026,SW-ES,Ettan Södra,133339,1,-,,6538022,2026-06-06,16:00,j-nk-pings-s-dra-if,Jönköpings Södra IF,fc-trollh-ttan,FC Trollhättan,4,1,,,Played,H,SWE
2026,SW-ES,Ettan Södra,133339,1,-,,6538024,2026-06-04,19:00,laholms-fk,Laholms FK,h-ssleholms-if,Hässleholms IF,1,2,,,Played,A,SWE
2026,SW-ES,Ettan Södra,133339,1,-,,6538014,2026-06-03,19:00,bk-olympic,BK Olympic,lunds-bk,Lunds BK,1,3,,,Played,A,SWE
2026,SW-ES,Ettan Södra,133339,1,-,,6538016,2026-06-02,19:00,roseng-rd-1917,Rosengård 1917,ngelholms-ff,Ängelholms FF,1,2,,,Played,A,SWE
2026,SW-ES,Ettan Södra,133339,1,-,,6538019,2026-06-01,19:00,sk-vde-aik,Skövde AIK,j-nk-pings-s-dra-if,Jönköpings Södra IF,1,0,,,Played,H,SWE
2026,SW-ES,Ettan Södra,133339,1,-,,6538013,2026-05-30,16:00,ariana-fc-malm,Ariana FC Malmö,laholms-fk,Laholms FK,4,2,,,Played,H,SWE
2026,SW-ES,Ettan Södra,133339,1,-,,6538017,2026-05-30,16:00,fc-trollh-ttan,FC Trollhättan,tvidabergs-ff,Åtvidabergs FF,3,3,,,Played,D,SWE
2026,SW-ES,Ettan Södra,133339,1,-,,6538018,2026-05-30,16:00,h-ssleholms-if,Hässleholms IF,utsikten,Utsikten,3,0,,,Played,H,SWE
2026,SW-ES,Ettan Södra,133339,1,-,,6538020,2026-05-30,16:00,tv-kers-if,Tvååkers IF,kristianstad-fc,Kristianstad FC,1,2,,,Played,A,SWE
2026,SW-ES,Ettan Södra,133339,1,-,,6538015,2026-05-30,13:00,eskilsminne-if,Eskilsminne IF,trelleborgs-ff,Trelleborgs FF,2,3,,,Played,A,SWE
2026,SW-ES,Ettan Södra,133339,1,-,,6538006,2026-05-24,16:00,j-nk-pings-s-dra-if,Jönköpings Södra IF,ngelholms-ff,Ängelholms FF,3,0,,,Played,H,SWE
2026,SW-ES,Ettan Södra,133339,1,-,,6538012,2026-05-24,16:00,tvidabergs-ff,Åtvidabergs FF,laholms-fk,Laholms FK,3,1,,,Played,H,SWE
2026,SW-ES,Ettan Södra,133339,1,-,,6538009,2026-05-23,16:00,sk-vde-aik,Skövde AIK,ariana-fc-malm,Ariana FC Malmö,0,4,,,Played,A,SWE
2026,SW-ES,Ettan Södra,133339,1,-,,6538011,2026-05-23,16:00,utsikten,Utsikten,trelleborgs-ff,Trelleborgs FF,0,0,,,Played,D,SWE
2026,SW-ES,Ettan Södra,133339,1,-,,6538005,2026-05-23,13:00,roseng-rd-1917,Rosengård 1917,bk-olympic,BK Olympic,2,1,,,Played,H,SWE
2026,SW-ES,Ettan Södra,133339,1,-,,6538010,2026-05-23,13:00,tv-kers-if,Tvååkers IF,fc-trollh-ttan,FC Trollhättan,1,1,,,Played,D,SWE
2026,SW-ES,Ettan Södra,133339,1,-,,6538007,2026-05-22,19:00,kristianstad-fc,Kristianstad FC,h-ssleholms-if,Hässleholms IF,1,3,,,Played,A,SWE
2026,SW-ES,Ettan Södra,133339,1,-,,6538008,2026-05-22,19:00,lunds-bk,Lunds BK,eskilsminne-if,Eskilsminne IF,4,2,,,Played,H,SWE
2026,SW-ES,Ettan Södra,133339,1,-,,6537997,2026-05-18,19:00,ariana-fc-malm,Ariana FC Malmö,tv-kers-if,Tvååkers IF,0,1,,,Played,A,SWE
2026,SW-ES,Ettan Södra,133339,1,-,,6538001,2026-05-18,19:00,laholms-fk,Laholms FK,roseng-rd-1917,Rosengård 1917,1,3,,,Played,A,SWE
2026,SW-ES,Ettan Södra,133339,1,-,,6538004,2026-05-18,19:00,ngelholms-ff,Ängelholms FF,kristianstad-fc,Kristianstad FC,0,1,,,Played,A,SWE
2026,SW-ES,Ettan Södra,133339,1,-,,6537998,2026-05-17,16:00,bk-olympic,BK Olympic,tvidabergs-ff,Åtvidabergs FF,2,3,,,Played,A,SWE
2026,SW-ES,Ettan Södra,133339,1,-,,6537999,2026-05-17,16:00,eskilsminne-if,Eskilsminne IF,sk-vde-aik,Skövde AIK,1,1,,,Played,D,SWE
2026,SW-ES,Ettan Södra,133339,1,-,,6538003,2026-05-17,16:00,trelleborgs-ff,Trelleborgs FF,fc-trollh-ttan,FC Trollhättan,2,2,,,Played,D,SWE
2026,SW-ES,Ettan Södra,133339,1,-,,6538000,2026-05-17,13:00,j-nk-pings-s-dra-if,Jönköpings Södra IF,h-ssleholms-if,Hässleholms IF,2,0,,,Played,H,SWE
2026,SW-ES,Ettan Södra,133339,1,-,,6538002,2026-05-17,13:00,lunds-bk,Lunds BK,utsikten,Utsikten,5,0,,,Played,H,SWE
2026,SW-ES,Ettan Södra,133339,1,-,,6537989,2026-05-14,16:00,fc-trollh-ttan,FC Trollhättan,ariana-fc-malm,Ariana FC Malmö,0,2,,,Played,A,SWE
2026,SW-ES,Ettan Södra,133339,1,-,,6537993,2026-05-14,16:00,trelleborgs-ff,Trelleborgs FF,j-nk-pings-s-dra-if,Jönköpings Södra IF,1,1,,,Played,D,SWE
2026,SW-ES,Ettan Södra,133339,1,-,,6537996,2026-05-14,16:00,ngelholms-ff,Ängelholms FF,tvidabergs-ff,Åtvidabergs FF,2,2,,,Played,D,SWE
2026,SW-ES,Ettan Södra,133339,1,-,,6537994,2026-05-14,13:00,tv-kers-if,Tvååkers IF,bk-olympic,BK Olympic,1,0,,,Played,H,SWE
2026,SW-ES,Ettan Södra,133339,1,-,,6537990,2026-05-13,19:00,h-ssleholms-if,Hässleholms IF,eskilsminne-if,Eskilsminne IF,1,3,,,Played,A,SWE
2026,SW-ES,Ettan Södra,133339,1,-,,6537991,2026-05-13,19:00,kristianstad-fc,Kristianstad FC,roseng-rd-1917,Rosengård 1917,1,2,,,Played,A,SWE
2026,SW-ES,Ettan Södra,133339,1,-,,6537992,2026-05-13,19:00,laholms-fk,Laholms FK,lunds-bk,Lunds BK,4,3,,,Played,H,SWE
2026,SW-ES,Ettan Södra,133339,1,-,,6537995,2026-05-13,19:00,utsikten,Utsikten,sk-vde-aik,Skövde AIK,2,3,,,Played,A,SWE
2026,SW-ES,Ettan Södra,133339,1,-,,6537985,2026-05-10,16:00,j-nk-pings-s-dra-if,Jönköpings Södra IF,laholms-fk,Laholms FK,2,1,,,Played,H,SWE
2026,SW-ES,Ettan Södra,133339,1,-,,6537988,2026-05-10,13:00,tvidabergs-ff,Åtvidabergs FF,trelleborgs-ff,Trelleborgs FF,1,2,,,Played,A,SWE
2026,SW-ES,Ettan Södra,133339,1,-,,6537983,2026-05-09,16:00,eskilsminne-if,Eskilsminne IF,utsikten,Utsikten,4,0,,,Played,H,SWE
2026,SW-ES,Ettan Södra,133339,1,-,,6537984,2026-05-09,16:00,roseng-rd-1917,Rosengård 1917,tv-kers-if,Tvååkers IF,0,1,,,Played,A,SWE
2026,SW-ES,Ettan Södra,133339,1,-,,6537986,2026-05-09,16:00,fc-trollh-ttan,FC Trollhättan,lunds-bk,Lunds BK,1,1,,,Played,D,SWE
2026,SW-ES,Ettan Södra,133339,1,-,,6537987,2026-05-09,16:00,sk-vde-aik,Skövde AIK,ngelholms-ff,Ängelholms FF,1,1,,,Played,D,SWE
2026,SW-ES,Ettan Södra,133339,1,-,,6537982,2026-05-09,13:00,bk-olympic,BK Olympic,kristianstad-fc,Kristianstad FC,2,0,,,Played,H,SWE
2026,SW-ES,Ettan Södra,133339,1,-,,6537981,2026-05-08,19:00,ariana-fc-malm,Ariana FC Malmö,h-ssleholms-if,Hässleholms IF,3,2,,,Played,H,SWE
2026,SW-ES,Ettan Södra,133339,1,-,,6537980,2026-05-02,17:00,utsikten,Utsikten,ariana-fc-malm,Ariana FC Malmö,0,3,,,Played,A,SWE
2026,SW-ES,Ettan Södra,133339,1,-,,6537974,2026-05-02,16:00,fc-trollh-ttan,FC Trollhättan,roseng-rd-1917,Rosengård 1917,0,2,,,Played,A,SWE
2026,SW-ES,Ettan Södra,133339,1,-,,6537977,2026-05-02,16:00,sk-vde-aik,Skövde AIK,tvidabergs-ff,Åtvidabergs FF,0,0,,,Played,D,SWE
2026,SW-ES,Ettan Södra,133339,1,-,,6537976,2026-05-02,13:00,j-nk-pings-s-dra-if,Jönköpings Södra IF,kristianstad-fc,Kristianstad FC,3,0,,,Played,H,SWE
2026,SW-ES,Ettan Södra,133339,1,-,,6537978,2026-05-02,13:00,trelleborgs-ff,Trelleborgs FF,bk-olympic,BK Olympic,2,1,,,Played,H,SWE
2026,SW-ES,Ettan Södra,133339,1,-,,6537979,2026-05-02,13:00,tv-kers-if,Tvååkers IF,laholms-fk,Laholms FK,1,2,,,Played,A,SWE
2026,SW-ES,Ettan Södra,133339,1,-,,6537973,2026-05-01,13:00,eskilsminne-if,Eskilsminne IF,ngelholms-ff,Ängelholms FF,0,6,,,Played,A,SWE
2026,SW-ES,Ettan Södra,133339,1,-,,6537975,2026-05-01,13:00,h-ssleholms-if,Hässleholms IF,lunds-bk,Lunds BK,0,1,,,Played,A,SWE
2026,SW-ES,Ettan Södra,133339,1,-,,6537965,2026-04-26,16:00,bk-olympic,BK Olympic,j-nk-pings-s-dra-if,Jönköpings Södra IF,3,1,,,Played,H,SWE
2026,SW-ES,Ettan Södra,133339,1,-,,6537968,2026-04-26,16:00,kristianstad-fc,Kristianstad FC,utsikten,Utsikten,4,1,,,Played,H,SWE
2026,SW-ES,Ettan Södra,133339,1,-,,6537969,2026-04-25,16:00,laholms-fk,Laholms FK,trelleborgs-ff,Trelleborgs FF,0,4,,,Played,A,SWE
2026,SW-ES,Ettan Södra,133339,1,-,,6537972,2026-04-25,16:00,tvidabergs-ff,Åtvidabergs FF,ariana-fc-malm,Ariana FC Malmö,3,0,,,Played,H,SWE
2026,SW-ES,Ettan Södra,133339,1,-,,6537966,2026-04-25,13:00,roseng-rd-1917,Rosengård 1917,eskilsminne-if,Eskilsminne IF,0,3,,,Played,A,SWE
2026,SW-ES,Ettan Södra,133339,1,-,,6537970,2026-04-25,13:00,lunds-bk,Lunds BK,tv-kers-if,Tvååkers IF,1,0,,,Played,H,SWE
2026,SW-ES,Ettan Södra,133339,1,-,,6537971,2026-04-25,13:00,ngelholms-ff,Ängelholms FF,h-ssleholms-if,Hässleholms IF,1,1,,,Played,D,SWE
2026,SW-ES,Ettan Södra,133339,1,-,,6537967,2026-04-24,19:00,fc-trollh-ttan,FC Trollhättan,sk-vde-aik,Skövde AIK,1,1,,,Played,D,SWE
2026,SW-ES,Ettan Södra,133339,1,-,,6537964,2026-04-19,16:00,tvidabergs-ff,Åtvidabergs FF,kristianstad-fc,Kristianstad FC,2,1,,,Played,H,SWE
2026,SW-ES,Ettan Södra,133339,1,-,,6537963,2026-04-19,13:00,ngelholms-ff,Ängelholms FF,lunds-bk,Lunds BK,0,0,,,Played,D,SWE
2026,SW-ES,Ettan Södra,133339,1,-,,6537962,2026-04-18,17:00,utsikten,Utsikten,fc-trollh-ttan,FC Trollhättan,1,2,,,Played,A,SWE
2026,SW-ES,Ettan Södra,133339,1,-,,6537958,2026-04-18,16:00,eskilsminne-if,Eskilsminne IF,j-nk-pings-s-dra-if,Jönköpings Södra IF,2,2,,,Played,D,SWE
2026,SW-ES,Ettan Södra,133339,1,-,,6537960,2026-04-18,16:00,sk-vde-aik,Skövde AIK,laholms-fk,Laholms FK,1,0,,,Played,H,SWE
2026,SW-ES,Ettan Södra,133339,1,-,,6537957,2026-04-18,13:00,ariana-fc-malm,Ariana FC Malmö,roseng-rd-1917,Rosengård 1917,1,1,,,Played,D,SWE
2026,SW-ES,Ettan Södra,133339,1,-,,6537961,2026-04-18,13:00,trelleborgs-ff,Trelleborgs FF,tv-kers-if,Tvååkers IF,4,1,,,Played,H,SWE
2026,SW-ES,Ettan Södra,133339,1,-,,6537959,2026-04-17,19:00,h-ssleholms-if,Hässleholms IF,bk-olympic,BK Olympic,4,0,,,Played,H,SWE
2026,SW-ES,Ettan Södra,133339,1,-,,6537951,2026-04-12,16:00,j-nk-pings-s-dra-if,Jönköpings Södra IF,utsikten,Utsikten,1,2,,,Played,A,SWE
2026,SW-ES,Ettan Södra,133339,1,-,,6537949,2026-04-11,16:00,bk-olympic,BK Olympic,fc-trollh-ttan,FC Trollhättan,1,2,,,Played,A,SWE
2026,SW-ES,Ettan Södra,133339,1,-,,6537952,2026-04-11,16:00,kristianstad-fc,Kristianstad FC,sk-vde-aik,Skövde AIK,0,0,,,Played,D,SWE
2026,SW-ES,Ettan Södra,133339,1,-,,6537954,2026-04-11,16:00,lunds-bk,Lunds BK,tvidabergs-ff,Åtvidabergs FF,2,0,,,Played,H,SWE
2026,SW-ES,Ettan Södra,133339,1,-,,6537953,2026-04-11,13:00,laholms-fk,Laholms FK,ngelholms-ff,Ängelholms FF,1,1,,,Played,D,SWE
2026,SW-ES,Ettan Södra,133339,1,-,,6537955,2026-04-11,13:00,trelleborgs-ff,Trelleborgs FF,ariana-fc-malm,Ariana FC Malmö,1,1,,,Played,D,SWE
2026,SW-ES,Ettan Södra,133339,1,-,,6537956,2026-04-11,13:00,tv-kers-if,Tvååkers IF,eskilsminne-if,Eskilsminne IF,1,0,,,Played,H,SWE
2026,SW-ES,Ettan Södra,133339,1,-,,6537950,2026-04-10,19:00,h-ssleholms-if,Hässleholms IF,roseng-rd-1917,Rosengård 1917,1,1,,,Played,D,SWE
2026,SW-ES,Ettan Södra,133339,1,-,,6537945,2026-04-06,13:00,sk-vde-aik,Skövde AIK,tv-kers-if,Tvååkers IF,0,0,,,Played,D,SWE
2026,SW-ES,Ettan Södra,133339,1,-,,6537948,2026-04-05,16:00,tvidabergs-ff,Åtvidabergs FF,j-nk-pings-s-dra-if,Jönköpings Södra IF,1,0,,,Played,H,SWE
2026,SW-ES,Ettan Södra,133339,1,-,,6537942,2026-04-04,13:00,eskilsminne-if,Eskilsminne IF,laholms-fk,Laholms FK,1,0,,,Played,H,SWE
2026,SW-ES,Ettan Södra,133339,1,-,,6537943,2026-04-04,13:00,roseng-rd-1917,Rosengård 1917,lunds-bk,Lunds BK,2,2,,,Played,D,SWE
2026,SW-ES,Ettan Södra,133339,1,-,,6537944,2026-04-03,16:00,fc-trollh-ttan,FC Trollhättan,h-ssleholms-if,Hässleholms IF,3,4,,,Played,A,SWE
2026,SW-ES,Ettan Södra,133339,1,-,,6537946,2026-04-03,16:00,utsikten,Utsikten,bk-olympic,BK Olympic,1,3,,,Played,A,SWE
2026,SW-ES,Ettan Södra,133339,1,-,,6537941,2026-04-03,13:00,ariana-fc-malm,Ariana FC Malmö,kristianstad-fc,Kristianstad FC,2,2,,,Played,D,SWE
2026,SW-ES,Ettan Södra,133339,1,-,,6537947,2026-04-03,13:00,ngelholms-ff,Ängelholms FF,trelleborgs-ff,Trelleborgs FF,1,5,,,Played,A,SWE
2025,SW-DA,Damallsvenskan,123860,1,-,,6143052,2025-11-16,14:00,aik,AIK,ifk-norrk-ping-fk,IFK Norrköping FK,1,2,,,Played,A,SWE
2025,SW-DA,Damallsvenskan,123860,1,-,,6143053,2025-11-16,14:00,bk-h-cken-ff,BK Häcken FF,pite-if-dff,Piteå IF DFF,1,0,,,Played,H,SWE
2025,SW-DA,Damallsvenskan,123860,1,-,,6143054,2025-11-16,14:00,fc-roseng-rd,FC Rosengård,link-ping-fc,Linköping FC,3,1,,,Played,H,SWE
2025,SW-DA,Damallsvenskan,123860,1,-,,6143055,2025-11-16,14:00,hammarby,Hammarby,if-brommapojkarna,IF Brommapojkarna,6,0,,,Played,H,SWE
2025,SW-DA,Damallsvenskan,123860,1,-,,6143056,2025-11-16,14:00,kristianstads-dff,Kristianstads DFF,alings-s-if-ff,Alingsås IF FF,7,1,,,Played,H,SWE
2025,SW-DA,Damallsvenskan,123860,1,-,,6143057,2025-11-16,14:00,malm-ff,Malmö FF,vittsj-gik,Vittsjö GIK,3,1,,,Played,H,SWE
2025,SW-DA,Damallsvenskan,123860,1,-,,6143058,2025-11-16,14:00,v-xj,Växjö,djurg-rden,Djurgården,0,3,,,Played,A,SWE
2025,SW-DA,Damallsvenskan,123860,1,-,,6143049,2025-11-10,19:00,link-ping-fc,Linköping FC,kristianstads-dff,Kristianstads DFF,2,2,,,Played,D,SWE
2025,SW-DA,Damallsvenskan,123860,1,-,,6143051,2025-11-09,13:00,vittsj-gik,Vittsjö GIK,v-xj,Växjö,1,2,,,Played,A,SWE
2025,SW-DA,Damallsvenskan,123860,1,-,,6143048,2025-11-08,15:00,ifk-norrk-ping-fk,IFK Norrköping FK,malm-ff,Malmö FF,0,4,,,Played,A,SWE
2025,SW-DA,Damallsvenskan,123860,1,-,,6143046,2025-11-08,14:00,djurg-rden,Djurgården,bk-h-cken-ff,BK Häcken FF,0,2,,,Played,A,SWE
2025,SW-DA,Damallsvenskan,123860,1,-,,6143047,2025-11-08,14:00,if-brommapojkarna,IF Brommapojkarna,aik,AIK,3,0,,,Played,H,SWE
2025,SW-DA,Damallsvenskan,123860,1,-,,6143050,2025-11-08,13:00,pite-if-dff,Piteå IF DFF,fc-roseng-rd,FC Rosengård,0,1,,,Played,A,SWE
2025,SW-DA,Damallsvenskan,123860,1,-,,6143045,2025-11-07,19:00,alings-s-if-ff,Alingsås IF FF,hammarby,Hammarby,0,3,,,Played,A,SWE
2025,SW-DA,Damallsvenskan,123860,1,-,,6143039,2025-11-02,16:00,bk-h-cken-ff,BK Häcken FF,link-ping-fc,Linköping FC,4,0,,,Played,H,SWE
2025,SW-DA,Damallsvenskan,123860,1,-,,6143040,2025-11-02,16:00,fc-roseng-rd,FC Rosengård,alings-s-if-ff,Alingsås IF FF,0,0,,,Played,D,SWE
2025,SW-DA,Damallsvenskan,123860,1,-,,6143041,2025-11-02,15:00,hammarby,Hammarby,ifk-norrk-ping-fk,IFK Norrköping FK,4,0,,,Played,H,SWE
2025,SW-DA,Damallsvenskan,123860,1,-,,6143043,2025-11-02,13:00,malm-ff,Malmö FF,pite-if-dff,Piteå IF DFF,1,2,,,Played,A,SWE
2025,SW-DA,Damallsvenskan,123860,1,-,,6143038,2025-11-01,13:00,aik,AIK,vittsj-gik,Vittsjö GIK,1,2,,,Played,A,SWE
2025,SW-DA,Damallsvenskan,123860,1,-,,6143042,2025-11-01,13:00,kristianstads-dff,Kristianstads DFF,djurg-rden,Djurgården,2,4,,,Played,A,SWE
2025,SW-DA,Damallsvenskan,123860,1,-,,6143044,2025-11-01,13:00,v-xj,Växjö,if-brommapojkarna,IF Brommapojkarna,2,0,,,Played,H,SWE
2025,SW-DA,Damallsvenskan,123860,1,-,,6143037,2025-10-19,16:00,vittsj-gik,Vittsjö GIK,hammarby,Hammarby,0,2,,,Played,A,SWE
2025,SW-DA,Damallsvenskan,123860,1,-,,6143034,2025-10-19,15:00,ifk-norrk-ping-fk,IFK Norrköping FK,fc-roseng-rd,FC Rosengård,1,0,,,Played,H,SWE
2025,SW-DA,Damallsvenskan,123860,1,-,,6143033,2025-10-19,14:00,if-brommapojkarna,IF Brommapojkarna,bk-h-cken-ff,BK Häcken FF,0,6,,,Played,A,SWE
2025,SW-DA,Damallsvenskan,123860,1,-,,6143036,2025-10-19,14:00,pite-if-dff,Piteå IF DFF,kristianstads-dff,Kristianstads DFF,2,0,,,Played,H,SWE
2025,SW-DA,Damallsvenskan,123860,1,-,,6143031,2025-10-18,16:00,alings-s-if-ff,Alingsås IF FF,v-xj,Växjö,3,3,,,Played,D,SWE
2025,SW-DA,Damallsvenskan,123860,1,-,,6143032,2025-10-18,13:00,djurg-rden,Djurgården,malm-ff,Malmö FF,1,4,,,Played,A,SWE
2025,SW-DA,Damallsvenskan,123860,1,-,,6143035,2025-10-17,19:00,link-ping-fc,Linköping FC,aik,AIK,1,4,,,Played,A,SWE
2025,SW-DA,Damallsvenskan,123860,1,-,,6143030,2025-10-12,13:00,v-xj,Växjö,pite-if-dff,Piteå IF DFF,1,2,,,Played,A,SWE
2025,SW-DA,Damallsvenskan,123860,1,-,,6143024,2025-10-11,16:00,aik,AIK,alings-s-if-ff,Alingsås IF FF,6,3,,,Played,H,SWE
2025,SW-DA,Damallsvenskan,123860,1,-,,6143025,2025-10-11,15:00,bk-h-cken-ff,BK Häcken FF,hammarby,Hammarby,2,0,,,Played,H,SWE
2025,SW-DA,Damallsvenskan,123860,1,-,,6143028,2025-10-11,15:00,kristianstads-dff,Kristianstads DFF,ifk-norrk-ping-fk,IFK Norrköping FK,0,1,,,Played,A,SWE
2025,SW-DA,Damallsvenskan,123860,1,-,,6143029,2025-10-11,15:00,malm-ff,Malmö FF,link-ping-fc,Linköping FC,2,1,,,Played,H,SWE
2025,SW-DA,Damallsvenskan,123860,1,-,,6143027,2025-10-11,14:00,if-brommapojkarna,IF Brommapojkarna,vittsj-gik,Vittsjö GIK,2,3,,,Played,A,SWE
2025,SW-DA,Damallsvenskan,123860,1,-,,6143026,2025-10-11,13:00,fc-roseng-rd,FC Rosengård,djurg-rden,Djurgården,1,2,,,Played,A,SWE
2025,SW-DA,Damallsvenskan,123860,1,-,,6143019,2025-10-05,15:00,ifk-norrk-ping-fk,IFK Norrköping FK,v-xj,Växjö,2,0,,,Played,H,SWE
2025,SW-DA,Damallsvenskan,123860,1,-,,6143022,2025-10-05,15:00,pite-if-dff,Piteå IF DFF,djurg-rden,Djurgården,0,0,,,Played,D,SWE
2025,SW-DA,Damallsvenskan,123860,1,-,,6143020,2025-10-05,14:00,link-ping-fc,Linköping FC,if-brommapojkarna,IF Brommapojkarna,4,1,,,Played,H,SWE
2025,SW-DA,Damallsvenskan,123860,1,-,,6143017,2025-10-04,16:00,alings-s-if-ff,Alingsås IF FF,bk-h-cken-ff,BK Häcken FF,0,2,,,Played,A,SWE
2025,SW-DA,Damallsvenskan,123860,1,-,,6143021,2025-10-04,13:00,malm-ff,Malmö FF,fc-roseng-rd,FC Rosengård,2,1,,,Played,H,SWE
2025,SW-DA,Damallsvenskan,123860,1,-,,6143023,2025-10-04,13:00,vittsj-gik,Vittsjö GIK,kristianstads-dff,Kristianstads DFF,1,2,,,Played,A,SWE
2025,SW-DA,Damallsvenskan,123860,1,-,,6143018,2025-10-03,19:00,hammarby,Hammarby,aik,AIK,1,0,,,Played,H,SWE
2025,SW-DA,Damallsvenskan,123860,1,-,,6143001,2025-10-01,18:30,malm-ff,Malmö FF,bk-h-cken-ff,BK Häcken FF,0,3,,,Played,A,SWE
2025,SW-DA,Damallsvenskan,123860,1,-,,6143016,2025-09-28,16:00,v-xj,Växjö,hammarby,Hammarby,0,7,,,Played,A,SWE
2025,SW-DA,Damallsvenskan,123860,1,-,,6143011,2025-09-28,15:00,djurg-rden,Djurgården,link-ping-fc,Linköping FC,3,2,,,Played,H,SWE
2025,SW-DA,Damallsvenskan,123860,1,-,,6143012,2025-09-28,13:00,fc-roseng-rd,FC Rosengård,if-brommapojkarna,IF Brommapojkarna,2,5,,,Played,A,SWE
2025,SW-DA,Damallsvenskan,123860,1,-,,6143015,2025-09-28,13:00,pite-if-dff,Piteå IF DFF,vittsj-gik,Vittsjö GIK,2,3,,,Played,A,SWE
2025,SW-DA,Damallsvenskan,123860,1,-,,6143013,2025-09-27,15:00,ifk-norrk-ping-fk,IFK Norrköping FK,alings-s-if-ff,Alingsås IF FF,3,0,,,Played,H,SWE
2025,SW-DA,Damallsvenskan,123860,1,-,,6143014,2025-09-27,15:00,kristianstads-dff,Kristianstads DFF,malm-ff,Malmö FF,1,1,,,Played,D,SWE
2025,SW-DA,Damallsvenskan,123860,1,-,,6143010,2025-09-27,13:00,aik,AIK,bk-h-cken-ff,BK Häcken FF,2,5,,,Played,A,SWE
2025,SW-DA,Damallsvenskan,123860,1,-,,6143006,2025-09-22,19:00,djurg-rden,Djurgården,hammarby,Hammarby,2,1,,,Played,H,SWE
2025,SW-DA,Damallsvenskan,123860,1,-,,6143005,2025-09-21,16:00,bk-h-cken-ff,BK Häcken FF,fc-roseng-rd,FC Rosengård,3,0,,,Played,H,SWE
2025,SW-DA,Damallsvenskan,123860,1,-,,6143007,2025-09-20,14:00,if-brommapojkarna,IF Brommapojkarna,kristianstads-dff,Kristianstads DFF,1,2,,,Played,A,SWE
2025,SW-DA,Damallsvenskan,123860,1,-,,6143003,2025-09-20,13:00,aik,AIK,v-xj,Växjö,1,2,,,Played,A,SWE
2025,SW-DA,Damallsvenskan,123860,1,-,,6143004,2025-09-20,13:00,alings-s-if-ff,Alingsås IF FF,malm-ff,Malmö FF,0,4,,,Played,A,SWE
2025,SW-DA,Damallsvenskan,123860,1,-,,6143009,2025-09-20,13:00,vittsj-gik,Vittsjö GIK,ifk-norrk-ping-fk,IFK Norrköping FK,0,2,,,Played,A,SWE
2025,SW-DA,Damallsvenskan,123860,1,-,,6143008,2025-09-19,19:00,link-ping-fc,Linköping FC,pite-if-dff,Piteå IF DFF,2,2,,,Played,D,SWE
2025,SW-DA,Damallsvenskan,123860,1,-,,6142999,2025-09-15,19:00,ifk-norrk-ping-fk,IFK Norrköping FK,djurg-rden,Djurgården,2,0,,,Played,H,SWE
2025,SW-DA,Damallsvenskan,123860,1,-,,6143002,2025-09-14,15:00,pite-if-dff,Piteå IF DFF,if-brommapojkarna,IF Brommapojkarna,1,2,,,Played,A,SWE
2025,SW-DA,Damallsvenskan,123860,1,-,,6142997,2025-09-14,13:00,fc-roseng-rd,FC Rosengård,aik,AIK,1,2,,,Played,A,SWE
2025,SW-DA,Damallsvenskan,123860,1,-,,6142998,2025-09-13,15:00,hammarby,Hammarby,link-ping-fc,Linköping FC,3,0,,,Played,H,SWE
2025,SW-DA,Damallsvenskan,123860,1,-,,6143000,2025-09-13,15:00,kristianstads-dff,Kristianstads DFF,v-xj,Växjö,2,1,,,Played,H,SWE
2025,SW-DA,Damallsvenskan,123860,1,-,,6142996,2025-09-13,13:00,alings-s-if-ff,Alingsås IF FF,vittsj-gik,Vittsjö GIK,0,1,,,Played,A,SWE
2025,SW-DA,Damallsvenskan,123860,1,-,,6142993,2025-09-07,15:00,ifk-norrk-ping-fk,IFK Norrköping FK,if-brommapojkarna,IF Brommapojkarna,3,3,,,Played,D,SWE
2025,SW-DA,Damallsvenskan,123860,1,-,,6142990,2025-09-06,16:00,bk-h-cken-ff,BK Häcken FF,kristianstads-dff,Kristianstads DFF,1,1,,,Played,D,SWE
2025,SW-DA,Damallsvenskan,123860,1,-,,6142995,2025-09-06,16:00,v-xj,Växjö,link-ping-fc,Linköping FC,2,1,,,Played,H,SWE
2025,SW-DA,Damallsvenskan,123860,1,-,,6142991,2025-09-06,15:00,djurg-rden,Djurgården,alings-s-if-ff,Alingsås IF FF,5,1,,,Played,H,SWE
2025,SW-DA,Damallsvenskan,123860,1,-,,6142989,2025-09-06,13:00,aik,AIK,pite-if-dff,Piteå IF DFF,0,1,,,Played,A,SWE
2025,SW-DA,Damallsvenskan,123860,1,-,,6142992,2025-09-06,13:00,hammarby,Hammarby,malm-ff,Malmö FF,2,1,,,Played,H,SWE
2025,SW-DA,Damallsvenskan,123860,1,-,,6142994,2025-09-05,18:00,vittsj-gik,Vittsjö GIK,fc-roseng-rd,FC Rosengård,3,2,,,Played,H,SWE
2025,SW-DA,Damallsvenskan,123860,1,-,,6142985,2025-08-31,15:00,link-ping-fc,Linköping FC,alings-s-if-ff,Alingsås IF FF,2,1,,,Played,H,SWE
2025,SW-DA,Damallsvenskan,123860,1,-,,6142983,2025-08-31,14:00,if-brommapojkarna,IF Brommapojkarna,djurg-rden,Djurgården,1,2,,,Played,A,SWE
2025,SW-DA,Damallsvenskan,123860,1,-,,6142988,2025-08-31,13:00,vittsj-gik,Vittsjö GIK,bk-h-cken-ff,BK Häcken FF,0,4,,,Played,A,SWE
2025,SW-DA,Damallsvenskan,123860,1,-,,6142984,2025-08-30,13:00,kristianstads-dff,Kristianstads DFF,aik,AIK,0,3,,,Played,A,SWE
2025,SW-DA,Damallsvenskan,123860,1,-,,6142986,2025-08-30,13:00,malm-ff,Malmö FF,v-xj,Växjö,3,1,,,Played,H,SWE
2025,SW-DA,Damallsvenskan,123860,1,-,,6142987,2025-08-30,13:00,pite-if-dff,Piteå IF DFF,ifk-norrk-ping-fk,IFK Norrköping FK,1,2,,,Played,A,SWE
2025,SW-DA,Damallsvenskan,123860,1,-,,6142981,2025-08-24,15:00,link-ping-fc,Linköping FC,vittsj-gik,Vittsjö GIK,3,0,,,Played,H,SWE
2025,SW-DA,Damallsvenskan,123860,1,-,,6142976,2025-08-24,13:00,alings-s-if-ff,Alingsås IF FF,pite-if-dff,Piteå IF DFF,1,3,,,Played,A,SWE
2025,SW-DA,Damallsvenskan,123860,1,-,,6142977,2025-08-23,16:00,bk-h-cken-ff,BK Häcken FF,ifk-norrk-ping-fk,IFK Norrköping FK,1,3,,,Played,A,SWE
2025,SW-DA,Damallsvenskan,123860,1,-,,6142975,2025-08-23,13:00,aik,AIK,djurg-rden,Djurgården,0,1,,,Played,A,SWE
2025,SW-DA,Damallsvenskan,123860,1,-,,6142980,2025-08-23,13:00,if-brommapojkarna,IF Brommapojkarna,malm-ff,Malmö FF,2,5,,,Played,A,SWE
2025,SW-DA,Damallsvenskan,123860,1,-,,6142978,2025-08-22,19:00,fc-roseng-rd,FC Rosengård,v-xj,Växjö,2,3,,,Played,A,SWE
2025,SW-DA,Damallsvenskan,123860,1,-,,6142979,2025-08-22,19:00,hammarby,Hammarby,kristianstads-dff,Kristianstads DFF,1,0,,,Played,H,SWE
2025,SW-DA,Damallsvenskan,123860,1,-,,6142972,2025-08-17,16:00,malm-ff,Malmö FF,aik,AIK,2,0,,,Played,H,SWE
2025,SW-DA,Damallsvenskan,123860,1,-,,6142969,2025-08-17,14:00,djurg-rden,Djurgården,vittsj-gik,Vittsjö GIK,1,1,,,Played,D,SWE
2025,SW-DA,Damallsvenskan,123860,1,-,,6142974,2025-08-17,14:00,v-xj,Växjö,bk-h-cken-ff,BK Häcken FF,0,5,,,Played,A,SWE
2025,SW-DA,Damallsvenskan,123860,1,-,,6142970,2025-08-17,13:00,ifk-norrk-ping-fk,IFK Norrköping FK,link-ping-fc,Linköping FC,2,0,,,Played,H,SWE
2025,SW-DA,Damallsvenskan,123860,1,-,,6142971,2025-08-16,15:00,kristianstads-dff,Kristianstads DFF,fc-roseng-rd,FC Rosengård,2,1,,,Played,H,SWE
2025,SW-DA,Damallsvenskan,123860,1,-,,6142968,2025-08-16,14:00,alings-s-if-ff,Alingsås IF FF,if-brommapojkarna,IF Brommapojkarna,3,2,,,Played,H,SWE
2025,SW-DA,Damallsvenskan,123860,1,-,,6142973,2025-08-16,13:00,pite-if-dff,Piteå IF DFF,hammarby,Hammarby,0,5,,,Played,A,SWE
2025,SW-DA,Damallsvenskan,123860,1,-,,6142982,2025-08-12,19:00,fc-roseng-rd,FC Rosengård,hammarby,Hammarby,2,2,,,Played,D,SWE
2025,SW-DA,Damallsvenskan,123860,1,-,,6142967,2025-08-10,13:00,vittsj-gik,Vittsjö GIK,pite-if-dff,Piteå IF DFF,2,1,,,Played,H,SWE
2025,SW-DA,Damallsvenskan,123860,1,-,,6142961,2025-08-09,16:00,bk-h-cken-ff,BK Häcken FF,djurg-rden,Djurgården,4,1,,,Played,H,SWE
2025,SW-DA,Damallsvenskan,123860,1,-,,6142960,2025-08-09,13:00,aik,AIK,kristianstads-dff,Kristianstads DFF,2,0,,,Played,H,SWE
2025,SW-DA,Damallsvenskan,123860,1,-,,6142964,2025-08-08,19:00,hammarby,Hammarby,alings-s-if-ff,Alingsås IF FF,7,0,,,Played,H,SWE
2025,SW-DA,Damallsvenskan,123860,1,-,,6142965,2025-08-08,19:00,if-brommapojkarna,IF Brommapojkarna,ifk-norrk-ping-fk,IFK Norrköping FK,1,2,,,Played,A,SWE
2025,SW-DA,Damallsvenskan,123860,1,-,,6142966,2025-08-08,19:00,link-ping-fc,Linköping FC,v-xj,Växjö,0,4,,,Played,A,SWE
2025,SW-DA,Damallsvenskan,123860,1,-,,6142963,2025-08-08,18:00,fc-roseng-rd,FC Rosengård,malm-ff,Malmö FF,0,1,,,Played,A,SWE
2025,SW-DA,Damallsvenskan,123860,1,-,,6142953,2025-06-22,16:00,alings-s-if-ff,Alingsås IF FF,aik,AIK,1,4,,,Played,A,SWE
2025,SW-DA,Damallsvenskan,123860,1,-,,6142954,2025-06-22,16:00,djurg-rden,Djurgården,v-xj,Växjö,2,1,,,Played,H,SWE
2025,SW-DA,Damallsvenskan,123860,1,-,,6142956,2025-06-22,16:00,ifk-norrk-ping-fk,IFK Norrköping FK,hammarby,Hammarby,2,2,,,Played,D,SWE
2025,SW-DA,Damallsvenskan,123860,1,-,,6142958,2025-06-22,16:00,malm-ff,Malmö FF,if-brommapojkarna,IF Brommapojkarna,1,0,,,Played,H,SWE
2025,SW-DA,Damallsvenskan,123860,1,-,,6142959,2025-06-19,19:00,pite-if-dff,Piteå IF DFF,bk-h-cken-ff,BK Häcken FF,0,5,,,Played,A,SWE
2025,SW-DA,Damallsvenskan,123860,1,-,,6142955,2025-06-19,18:00,fc-roseng-rd,FC Rosengård,vittsj-gik,Vittsjö GIK,2,2,,,Played,D,SWE
2025,SW-DA,Damallsvenskan,123860,1,-,,6142957,2025-06-19,18:00,kristianstads-dff,Kristianstads DFF,link-ping-fc,Linköping FC,3,1,,,Played,H,SWE
2025,SW-DA,Damallsvenskan,123860,1,-,,6142947,2025-06-16,19:00,hammarby,Hammarby,djurg-rden,Djurgården,2,1,,,Played,H,SWE
2025,SW-DA,Damallsvenskan,123860,1,-,,6142950,2025-06-15,14:00,pite-if-dff,Piteå IF DFF,malm-ff,Malmö FF,0,3,,,Played,A,SWE
2025,SW-DA,Damallsvenskan,123860,1,-,,6142946,2025-06-14,15:00,bk-h-cken-ff,BK Häcken FF,aik,AIK,6,0,,,Played,H,SWE
2025,SW-DA,Damallsvenskan,123860,1,-,,6142948,2025-06-14,15:00,kristianstads-dff,Kristianstads DFF,if-brommapojkarna,IF Brommapojkarna,2,2,,,Played,D,SWE
2025,SW-DA,Damallsvenskan,123860,1,-,,6142949,2025-06-14,15:00,link-ping-fc,Linköping FC,fc-roseng-rd,FC Rosengård,0,3,,,Played,A,SWE
2025,SW-DA,Damallsvenskan,123860,1,-,,6142951,2025-06-14,15:00,vittsj-gik,Vittsjö GIK,alings-s-if-ff,Alingsås IF FF,1,0,,,Played,H,SWE
2025,SW-DA,Damallsvenskan,123860,1,-,,6142952,2025-06-14,15:00,v-xj,Växjö,ifk-norrk-ping-fk,IFK Norrköping FK,1,1,,,Played,D,SWE
2025,SW-DA,Damallsvenskan,123860,1,-,,6142944,2025-06-09,19:00,link-ping-fc,Linköping FC,bk-h-cken-ff,BK Häcken FF,0,5,,,Played,A,SWE
2025,SW-DA,Damallsvenskan,123860,1,-,,6142941,2025-06-08,15:00,hammarby,Hammarby,vittsj-gik,Vittsjö GIK,3,2,,,Played,H,SWE
2025,SW-DA,Damallsvenskan,123860,1,-,,6142943,2025-06-08,15:00,ifk-norrk-ping-fk,IFK Norrköping FK,pite-if-dff,Piteå IF DFF,1,2,,,Played,A,SWE
2025,SW-DA,Damallsvenskan,123860,1,-,,6142940,2025-06-07,16:00,alings-s-if-ff,Alingsås IF FF,kristianstads-dff,Kristianstads DFF,0,3,,,Played,A,SWE
2025,SW-DA,Damallsvenskan,123860,1,-,,6142945,2025-06-07,15:00,malm-ff,Malmö FF,djurg-rden,Djurgården,4,0,,,Played,H,SWE
2025,SW-DA,Damallsvenskan,123860,1,-,,6142942,2025-06-07,14:00,if-brommapojkarna,IF Brommapojkarna,v-xj,Växjö,2,3,,,Played,A,SWE
2025,SW-DA,Damallsvenskan,123860,1,-,,6142939,2025-06-07,13:00,aik,AIK,fc-roseng-rd,FC Rosengård,1,0,,,Played,H,SWE
2025,SW-DA,Damallsvenskan,123860,1,-,,6142933,2025-05-25,14:00,djurg-rden,Djurgården,if-brommapojkarna,IF Brommapojkarna,1,0,,,Played,H,SWE
2025,SW-DA,Damallsvenskan,123860,1,-,,6142936,2025-05-25,14:00,pite-if-dff,Piteå IF DFF,link-ping-fc,Linköping FC,2,1,,,Played,H,SWE
2025,SW-DA,Damallsvenskan,123860,1,-,,6142932,2025-05-24,15:00,alings-s-if-ff,Alingsås IF FF,ifk-norrk-ping-fk,IFK Norrköping FK,0,0,,,Played,D,SWE
2025,SW-DA,Damallsvenskan,123860,1,-,,6142934,2025-05-24,15:00,fc-roseng-rd,FC Rosengård,bk-h-cken-ff,BK Häcken FF,0,1,,,Played,A,SWE
2025,SW-DA,Damallsvenskan,123860,1,-,,6142935,2025-05-24,15:00,kristianstads-dff,Kristianstads DFF,hammarby,Hammarby,2,0,,,Played,H,SWE
2025,SW-DA,Damallsvenskan,123860,1,-,,6142937,2025-05-24,15:00,vittsj-gik,Vittsjö GIK,malm-ff,Malmö FF,3,2,,,Played,H,SWE
2025,SW-DA,Damallsvenskan,123860,1,-,,6142938,2025-05-24,15:00,v-xj,Växjö,aik,AIK,0,2,,,Played,A,SWE
2025,SW-DA,Damallsvenskan,123860,1,-,,6142926,2025-05-20,19:00,djurg-rden,Djurgården,aik,AIK,4,0,,,Played,H,SWE
2025,SW-DA,Damallsvenskan,123860,1,-,,6142929,2025-05-17,15:00,ifk-norrk-ping-fk,IFK Norrköping FK,kristianstads-dff,Kristianstads DFF,1,4,,,Played,A,SWE
2025,SW-DA,Damallsvenskan,123860,1,-,,6142930,2025-05-17,15:00,vittsj-gik,Vittsjö GIK,link-ping-fc,Linköping FC,2,1,,,Played,H,SWE
2025,SW-DA,Damallsvenskan,123860,1,-,,6142928,2025-05-17,14:00,if-brommapojkarna,IF Brommapojkarna,fc-roseng-rd,FC Rosengård,2,1,,,Played,H,SWE
2025,SW-DA,Damallsvenskan,123860,1,-,,6142927,2025-05-17,13:00,hammarby,Hammarby,pite-if-dff,Piteå IF DFF,2,1,,,Played,H,SWE
2025,SW-DA,Damallsvenskan,123860,1,-,,6142931,2025-05-16,19:00,v-xj,Växjö,malm-ff,Malmö FF,2,4,,,Played,A,SWE
2025,SW-DA,Damallsvenskan,123860,1,-,,6142925,2025-05-16,18:00,bk-h-cken-ff,BK Häcken FF,alings-s-if-ff,Alingsås IF FF,6,1,,,Played,H,SWE
2025,SW-DA,Damallsvenskan,123860,1,-,,6142919,2025-05-11,15:00,bk-h-cken-ff,BK Häcken FF,if-brommapojkarna,IF Brommapojkarna,6,1,,,Played,H,SWE
2025,SW-DA,Damallsvenskan,123860,1,-,,6142924,2025-05-11,13:00,pite-if-dff,Piteå IF DFF,v-xj,Växjö,0,1,,,Played,A,SWE
2025,SW-DA,Damallsvenskan,123860,1,-,,6142920,2025-05-10,15:00,fc-roseng-rd,FC Rosengård,ifk-norrk-ping-fk,IFK Norrköping FK,2,1,,,Played,H,SWE
2025,SW-DA,Damallsvenskan,123860,1,-,,6142921,2025-05-10,15:00,kristianstads-dff,Kristianstads DFF,vittsj-gik,Vittsjö GIK,3,2,,,Played,H,SWE
2025,SW-DA,Damallsvenskan,123860,1,-,,6142922,2025-05-10,15:00,link-ping-fc,Linköping FC,djurg-rden,Djurgården,1,2,,,Played,A,SWE
2025,SW-DA,Damallsvenskan,123860,1,-,,6142918,2025-05-10,13:00,aik,AIK,hammarby,Hammarby,1,0,,,Played,H,SWE
2025,SW-DA,Damallsvenskan,123860,1,-,,6142923,2025-05-09,19:00,malm-ff,Malmö FF,alings-s-if-ff,Alingsås IF FF,1,0,,,Played,H,SWE
2025,SW-DA,Damallsvenskan,123860,1,-,,6142912,2025-05-05,19:00,djurg-rden,Djurgården,ifk-norrk-ping-fk,IFK Norrköping FK,1,1,,,Played,D,SWE
2025,SW-DA,Damallsvenskan,123860,1,-,,6142913,2025-05-05,19:00,hammarby,Hammarby,bk-h-cken-ff,BK Häcken FF,1,0,,,Played,H,SWE
2025,SW-DA,Damallsvenskan,123860,1,-,,6142911,2025-05-04,15:00,alings-s-if-ff,Alingsås IF FF,fc-roseng-rd,FC Rosengård,1,0,,,Played,H,SWE
2025,SW-DA,Damallsvenskan,123860,1,-,,6142914,2025-05-04,15:00,if-brommapojkarna,IF Brommapojkarna,pite-if-dff,Piteå IF DFF,3,1,,,Played,H,SWE
2025,SW-DA,Damallsvenskan,123860,1,-,,6142916,2025-05-03,15:00,vittsj-gik,Vittsjö GIK,aik,AIK,0,0,,,Played,D,SWE
2025,SW-DA,Damallsvenskan,123860,1,-,,6142917,2025-05-03,15:00,v-xj,Växjö,kristianstads-dff,Kristianstads DFF,2,3,,,Played,A,SWE
2025,SW-DA,Damallsvenskan,123860,1,-,,6142915,2025-05-03,14:00,link-ping-fc,Linköping FC,malm-ff,Malmö FF,1,1,,,Played,D,SWE
2025,SW-DA,Damallsvenskan,123860,1,-,,6142906,2025-04-27,15:00,djurg-rden,Djurgården,fc-roseng-rd,FC Rosengård,2,2,,,Played,D,SWE
2025,SW-DA,Damallsvenskan,123860,1,-,,6142908,2025-04-27,13:00,kristianstads-dff,Kristianstads DFF,pite-if-dff,Piteå IF DFF,1,1,,,Played,D,SWE
2025,SW-DA,Damallsvenskan,123860,1,-,,6142905,2025-04-26,15:00,alings-s-if-ff,Alingsås IF FF,link-ping-fc,Linköping FC,0,1,,,Played,A,SWE
2025,SW-DA,Damallsvenskan,123860,1,-,,6142907,2025-04-26,15:00,ifk-norrk-ping-fk,IFK Norrköping FK,bk-h-cken-ff,BK Häcken FF,0,4,,,Played,A,SWE
2025,SW-DA,Damallsvenskan,123860,1,-,,6142909,2025-04-26,15:00,malm-ff,Malmö FF,hammarby,Hammarby,1,1,,,Played,D,SWE
2025,SW-DA,Damallsvenskan,123860,1,-,,6142910,2025-04-26,15:00,v-xj,Växjö,vittsj-gik,Vittsjö GIK,2,2,,,Played,D,SWE
2025,SW-DA,Damallsvenskan,123860,1,-,,6142904,2025-04-26,13:00,aik,AIK,if-brommapojkarna,IF Brommapojkarna,2,0,,,Played,H,SWE
2025,SW-DA,Damallsvenskan,123860,1,-,,6142899,2025-04-21,15:00,fc-roseng-rd,FC Rosengård,kristianstads-dff,Kristianstads DFF,2,1,,,Played,H,SWE
2025,SW-DA,Damallsvenskan,123860,1,-,,6142901,2025-04-20,14:00,link-ping-fc,Linköping FC,ifk-norrk-ping-fk,IFK Norrköping FK,1,1,,,Played,D,SWE
2025,SW-DA,Damallsvenskan,123860,1,-,,6142898,2025-04-19,15:00,bk-h-cken-ff,BK Häcken FF,v-xj,Växjö,3,1,,,Played,H,SWE
2025,SW-DA,Damallsvenskan,123860,1,-,,6142900,2025-04-19,14:00,if-brommapojkarna,IF Brommapojkarna,hammarby,Hammarby,1,4,,,Played,A,SWE
2025,SW-DA,Damallsvenskan,123860,1,-,,6142897,2025-04-19,13:00,aik,AIK,malm-ff,Malmö FF,1,4,,,Played,A,SWE
2025,SW-DA,Damallsvenskan,123860,1,-,,6142902,2025-04-18,15:00,pite-if-dff,Piteå IF DFF,alings-s-if-ff,Alingsås IF FF,2,1,,,Played,H,SWE
2025,SW-DA,Damallsvenskan,123860,1,-,,6142903,2025-04-18,13:00,vittsj-gik,Vittsjö GIK,djurg-rden,Djurgården,1,2,,,Played,A,SWE
2025,SW-DA,Damallsvenskan,123860,1,-,,6142892,2025-04-14,19:00,hammarby,Hammarby,fc-roseng-rd,FC Rosengård,4,0,,,Played,H,SWE
2025,SW-DA,Damallsvenskan,123860,1,-,,6142890,2025-04-13,15:00,bk-h-cken-ff,BK Häcken FF,vittsj-gik,Vittsjö GIK,5,1,,,Played,H,SWE
2025,SW-DA,Damallsvenskan,123860,1,-,,6142894,2025-04-13,15:00,ifk-norrk-ping-fk,IFK Norrköping FK,aik,AIK,1,0,,,Played,H,SWE
2025,SW-DA,Damallsvenskan,123860,1,-,,6142895,2025-04-13,15:00,malm-ff,Malmö FF,kristianstads-dff,Kristianstads DFF,1,0,,,Played,H,SWE
2025,SW-DA,Damallsvenskan,123860,1,-,,6142896,2025-04-12,15:00,v-xj,Växjö,alings-s-if-ff,Alingsås IF FF,3,0,,,Played,H,SWE
2025,SW-DA,Damallsvenskan,123860,1,-,,6142893,2025-04-12,14:00,if-brommapojkarna,IF Brommapojkarna,link-ping-fc,Linköping FC,3,1,,,Played,H,SWE
2025,SW-DA,Damallsvenskan,123860,1,-,,6142891,2025-04-12,13:15,djurg-rden,Djurgården,pite-if-dff,Piteå IF DFF,3,3,,,Played,D,SWE
2025,SW-DA,Damallsvenskan,123860,1,-,,6142887,2025-03-30,15:00,pite-if-dff,Piteå IF DFF,aik,AIK,2,0,,,Played,H,SWE
2025,SW-DA,Damallsvenskan,123860,1,-,,6142886,2025-03-30,14:00,malm-ff,Malmö FF,ifk-norrk-ping-fk,IFK Norrköping FK,0,2,,,Played,A,SWE
2025,SW-DA,Damallsvenskan,123860,1,-,,6142883,2025-03-29,15:00,alings-s-if-ff,Alingsås IF FF,djurg-rden,Djurgården,1,4,,,Played,A,SWE
2025,SW-DA,Damallsvenskan,123860,1,-,,6142888,2025-03-29,15:00,vittsj-gik,Vittsjö GIK,if-brommapojkarna,IF Brommapojkarna,1,0,,,Played,H,SWE
2025,SW-DA,Damallsvenskan,123860,1,-,,6142889,2025-03-29,15:00,v-xj,Växjö,fc-roseng-rd,FC Rosengård,0,1,,,Played,A,SWE
2025,SW-DA,Damallsvenskan,123860,1,-,,6142884,2025-03-29,14:00,kristianstads-dff,Kristianstads DFF,bk-h-cken-ff,BK Häcken FF,2,0,,,Played,H,SWE
2025,SW-DA,Damallsvenskan,123860,1,-,,6142885,2025-03-29,14:00,link-ping-fc,Linköping FC,hammarby,Hammarby,0,5,,,Played,A,SWE
2025,SW-DA,Damallsvenskan,123860,1,-,,6142877,2025-03-23,15:10,bk-h-cken-ff,BK Häcken FF,malm-ff,Malmö FF,2,3,,,Played,A,SWE
2025,SW-DA,Damallsvenskan,123860,1,-,,6142878,2025-03-23,15:00,djurg-rden,Djurgården,kristianstads-dff,Kristianstads DFF,2,1,,,Played,H,SWE
2025,SW-DA,Damallsvenskan,123860,1,-,,6142880,2025-03-23,15:00,hammarby,Hammarby,v-xj,Växjö,4,1,,,Played,H,SWE
2025,SW-DA,Damallsvenskan,123860,1,-,,6142879,2025-03-23,14:00,fc-roseng-rd,FC Rosengård,pite-if-dff,Piteå IF DFF,1,0,,,Played,H,SWE
2025,SW-DA,Damallsvenskan,123860,1,-,,6142876,2025-03-22,15:00,aik,AIK,link-ping-fc,Linköping FC,2,0,,,Played,H,SWE
2025,SW-DA,Damallsvenskan,123860,1,-,,6142881,2025-03-22,15:00,if-brommapojkarna,IF Brommapojkarna,alings-s-if-ff,Alingsås IF FF,5,1,,,Played,H,SWE
2025,SW-DA,Damallsvenskan,123860,1,-,,6142882,2025-03-22,15:00,ifk-norrk-ping-fk,IFK Norrköping FK,vittsj-gik,Vittsjö GIK,1,1,,,Played,D,SWE
2026,SW-DA,Damallsvenskan,133440,1,-,,6529616,2026-06-27,14:00,malm-ff,Malmö FF,kristianstads-dff,Kristianstads DFF,6,0,,,Played,H,SWE
2026,SW-DA,Damallsvenskan,133440,1,-,,6529617,2026-06-25,18:00,pite-if-dff,Piteå IF DFF,hammarby,Hammarby,1,1,,,Played,D,SWE
2026,SW-DA,Damallsvenskan,133440,1,-,,6529615,2026-06-24,19:15,ik-uppsala-fotboll,IK Uppsala Fotboll,bk-h-cken-ff,BK Häcken FF,2,3,,,Played,A,SWE
2026,SW-DA,Damallsvenskan,133440,1,-,,6529612,2026-06-24,19:00,aik,AIK,eskilstuna-united-dff,Eskilstuna United DFF,1,0,,,Played,H,SWE
2026,SW-DA,Damallsvenskan,133440,1,-,,6529614,2026-06-24,19:00,ifk-norrk-ping-fk,IFK Norrköping FK,vittsj-gik,Vittsjö GIK,1,1,,,Played,D,SWE
2026,SW-DA,Damallsvenskan,133440,1,-,,6529618,2026-06-24,19:00,v-xj,Växjö,if-brommapojkarna,IF Brommapojkarna,2,1,,,Played,H,SWE
2026,SW-DA,Damallsvenskan,133440,1,-,,6529613,2026-06-24,18:00,roseng-rd,Rosengård,djurg-rden,Djurgården,4,1,,,Played,H,SWE
2026,SW-DA,Damallsvenskan,133440,1,-,,6529610,2026-06-18,19:00,ifk-norrk-ping-fk,IFK Norrköping FK,v-xj,Växjö,0,0,,,Played,D,SWE
2026,SW-DA,Damallsvenskan,133440,1,-,,6529605,2026-06-18,18:00,bk-h-cken-ff,BK Häcken FF,roseng-rd,Rosengård,2,0,,,Played,H,SWE
2026,SW-DA,Damallsvenskan,133440,1,-,,6529611,2026-06-18,18:00,kristianstads-dff,Kristianstads DFF,ik-uppsala-fotboll,IK Uppsala Fotboll,3,2,,,Played,H,SWE
2026,SW-DA,Damallsvenskan,133440,1,-,,6529607,2026-06-18,16:00,eskilstuna-united-dff,Eskilstuna United DFF,pite-if-dff,Piteå IF DFF,2,0,,,Played,H,SWE
2026,SW-DA,Damallsvenskan,133440,1,-,,6529609,2026-06-18,15:00,if-brommapojkarna,IF Brommapojkarna,vittsj-gik,Vittsjö GIK,1,2,,,Played,A,SWE
2026,SW-DA,Damallsvenskan,133440,1,-,,6529606,2026-06-17,19:00,djurg-rden,Djurgården,malm-ff,Malmö FF,0,1,,,Played,A,SWE
2026,SW-DA,Damallsvenskan,133440,1,-,,6529608,2026-06-17,19:00,hammarby,Hammarby,aik,AIK,4,1,,,Played,H,SWE
2026,SW-DA,Damallsvenskan,133440,1,-,,6529604,2026-06-13,16:00,v-xj,Växjö,ik-uppsala-fotboll,IK Uppsala Fotboll,4,0,,,Played,H,SWE
2026,SW-DA,Damallsvenskan,133440,1,-,,6529601,2026-06-13,15:00,hammarby,Hammarby,bk-h-cken-ff,BK Häcken FF,0,1,,,Played,A,SWE
2026,SW-DA,Damallsvenskan,133440,1,-,,6529599,2026-06-13,14:00,eskilstuna-united-dff,Eskilstuna United DFF,malm-ff,Malmö FF,1,1,,,Played,D,SWE
2026,SW-DA,Damallsvenskan,133440,1,-,,6529598,2026-06-13,13:00,aik,AIK,djurg-rden,Djurgården,3,0,,,Played,H,SWE
2026,SW-DA,Damallsvenskan,133440,1,-,,6529600,2026-06-13,13:00,roseng-rd,Rosengård,ifk-norrk-ping-fk,IFK Norrköping FK,1,1,,,Played,D,SWE
2026,SW-DA,Damallsvenskan,133440,1,-,,6529602,2026-06-13,12:30,pite-if-dff,Piteå IF DFF,if-brommapojkarna,IF Brommapojkarna,1,2,,,Played,A,SWE
2026,SW-DA,Damallsvenskan,133440,1,-,,6529603,2026-06-12,19:00,vittsj-gik,Vittsjö GIK,kristianstads-dff,Kristianstads DFF,1,1,,,Played,D,SWE
2026,SW-DA,Damallsvenskan,133440,1,-,,6529596,2026-05-31,15:00,malm-ff,Malmö FF,v-xj,Växjö,3,0,,,Played,H,SWE
2026,SW-DA,Damallsvenskan,133440,1,-,,6529595,2026-05-31,14:00,kristianstads-dff,Kristianstads DFF,bk-h-cken-ff,BK Häcken FF,0,3,,,Played,A,SWE
2026,SW-DA,Damallsvenskan,133440,1,-,,6529597,2026-05-31,14:00,vittsj-gik,Vittsjö GIK,hammarby,Hammarby,1,2,,,Played,A,SWE
2026,SW-DA,Damallsvenskan,133440,1,-,,6529592,2026-05-31,13:00,roseng-rd,Rosengård,if-brommapojkarna,IF Brommapojkarna,1,2,,,Played,A,SWE
2026,SW-DA,Damallsvenskan,133440,1,-,,6529591,2026-05-30,15:00,djurg-rden,Djurgården,eskilstuna-united-dff,Eskilstuna United DFF,0,0,,,Played,D,SWE
2026,SW-DA,Damallsvenskan,133440,1,-,,6529593,2026-05-30,15:00,ifk-norrk-ping-fk,IFK Norrköping FK,pite-if-dff,Piteå IF DFF,1,2,,,Played,A,SWE
2026,SW-DA,Damallsvenskan,133440,1,-,,6529594,2026-05-30,15:00,ik-uppsala-fotboll,IK Uppsala Fotboll,aik,AIK,2,2,,,Played,D,SWE
2026,SW-DA,Damallsvenskan,133440,1,-,,6529556,2026-05-27,19:00,aik,AIK,bk-h-cken-ff,BK Häcken FF,2,1,,,Played,H,SWE
2026,SW-DA,Damallsvenskan,133440,1,-,,6529558,2026-05-27,19:00,eskilstuna-united-dff,Eskilstuna United DFF,hammarby,Hammarby,0,1,,,Played,A,SWE
2026,SW-DA,Damallsvenskan,133440,1,-,,6529585,2026-05-24,15:00,bk-h-cken-ff,BK Häcken FF,ifk-norrk-ping-fk,IFK Norrköping FK,2,0,,,Played,H,SWE
2026,SW-DA,Damallsvenskan,133440,1,-,,6529590,2026-05-24,15:00,v-xj,Växjö,vittsj-gik,Vittsjö GIK,0,2,,,Played,A,SWE
2026,SW-DA,Damallsvenskan,133440,1,-,,6529586,2026-05-23,15:00,eskilstuna-united-dff,Eskilstuna United DFF,roseng-rd,Rosengård,0,3,,,Played,A,SWE
2026,SW-DA,Damallsvenskan,133440,1,-,,6529588,2026-05-23,15:00,kristianstads-dff,Kristianstads DFF,hammarby,Hammarby,0,1,,,Played,A,SWE
2026,SW-DA,Damallsvenskan,133440,1,-,,6529587,2026-05-23,14:00,if-brommapojkarna,IF Brommapojkarna,ik-uppsala-fotboll,IK Uppsala Fotboll,4,2,,,Played,H,SWE
2026,SW-DA,Damallsvenskan,133440,1,-,,6529584,2026-05-23,13:00,aik,AIK,malm-ff,Malmö FF,2,2,,,Played,D,SWE
2026,SW-DA,Damallsvenskan,133440,1,-,,6529589,2026-05-22,18:00,pite-if-dff,Piteå IF DFF,djurg-rden,Djurgården,0,1,,,Played,A,SWE
2026,SW-DA,Damallsvenskan,133440,1,-,,6529581,2026-05-20,19:00,hammarby,Hammarby,malm-ff,Malmö FF,2,1,,,Played,H,SWE
2026,SW-DA,Damallsvenskan,133440,1,-,,6529578,2026-05-20,18:30,bk-h-cken-ff,BK Häcken FF,v-xj,Växjö,4,2,,,Played,H,SWE
2026,SW-DA,Damallsvenskan,133440,1,-,,6529577,2026-05-17,15:00,aik,AIK,pite-if-dff,Piteå IF DFF,2,1,,,Played,H,SWE
2026,SW-DA,Damallsvenskan,133440,1,-,,6529579,2026-05-17,15:00,eskilstuna-united-dff,Eskilstuna United DFF,ik-uppsala-fotboll,IK Uppsala Fotboll,1,0,,,Played,H,SWE
2026,SW-DA,Damallsvenskan,133440,1,-,,6529582,2026-05-17,15:00,ifk-norrk-ping-fk,IFK Norrköping FK,if-brommapojkarna,IF Brommapojkarna,3,0,,,Played,H,SWE
2026,SW-DA,Damallsvenskan,133440,1,-,,6529583,2026-05-17,13:00,vittsj-gik,Vittsjö GIK,djurg-rden,Djurgården,1,0,,,Played,H,SWE
2026,SW-DA,Damallsvenskan,133440,1,-,,6529580,2026-05-15,18:30,roseng-rd,Rosengård,kristianstads-dff,Kristianstads DFF,2,2,,,Played,D,SWE
2026,SW-DA,Damallsvenskan,133440,1,-,,6529570,2026-05-12,19:00,djurg-rden,Djurgården,hammarby,Hammarby,0,2,,,Played,A,SWE
2026,SW-DA,Damallsvenskan,133440,1,-,,6529574,2026-05-11,18:00,malm-ff,Malmö FF,bk-h-cken-ff,BK Häcken FF,1,2,,,Played,A,SWE
2026,SW-DA,Damallsvenskan,133440,1,-,,6529572,2026-05-10,15:00,ik-uppsala-fotboll,IK Uppsala Fotboll,vittsj-gik,Vittsjö GIK,3,0,,,Played,H,SWE
2026,SW-DA,Damallsvenskan,133440,1,-,,6529575,2026-05-10,13:00,pite-if-dff,Piteå IF DFF,roseng-rd,Rosengård,2,1,,,Played,H,SWE
2026,SW-DA,Damallsvenskan,133440,1,-,,6529573,2026-05-09,15:00,kristianstads-dff,Kristianstads DFF,ifk-norrk-ping-fk,IFK Norrköping FK,2,2,,,Played,D,SWE
2026,SW-DA,Damallsvenskan,133440,1,-,,6529576,2026-05-09,15:00,v-xj,Växjö,aik,AIK,3,3,,,Played,D,SWE
2026,SW-DA,Damallsvenskan,133440,1,-,,6529571,2026-05-09,14:00,if-brommapojkarna,IF Brommapojkarna,eskilstuna-united-dff,Eskilstuna United DFF,0,1,,,Played,A,SWE
2026,SW-DA,Damallsvenskan,133440,1,-,,6529565,2026-05-06,19:00,hammarby,Hammarby,ik-uppsala-fotboll,IK Uppsala Fotboll,3,0,,,Played,H,SWE
2026,SW-DA,Damallsvenskan,133440,1,-,,6529563,2026-05-06,18:30,bk-h-cken-ff,BK Häcken FF,djurg-rden,Djurgården,3,0,,,Played,H,SWE
2026,SW-DA,Damallsvenskan,133440,1,-,,6529567,2026-05-03,15:00,ifk-norrk-ping-fk,IFK Norrköping FK,eskilstuna-united-dff,Eskilstuna United DFF,0,2,,,Played,A,SWE
2026,SW-DA,Damallsvenskan,133440,1,-,,6529569,2026-05-03,13:00,v-xj,Växjö,pite-if-dff,Piteå IF DFF,1,2,,,Played,A,SWE
2026,SW-DA,Damallsvenskan,133440,1,-,,6529566,2026-05-02,14:00,if-brommapojkarna,IF Brommapojkarna,kristianstads-dff,Kristianstads DFF,3,2,,,Played,H,SWE
2026,SW-DA,Damallsvenskan,133440,1,-,,6529564,2026-05-02,13:00,roseng-rd,Rosengård,malm-ff,Malmö FF,0,1,,,Played,A,SWE
2026,SW-DA,Damallsvenskan,133440,1,-,,6529568,2026-05-02,13:00,vittsj-gik,Vittsjö GIK,aik,AIK,1,0,,,Played,H,SWE
2026,SW-DA,Damallsvenskan,133440,1,-,,6529561,2026-04-26,15:00,malm-ff,Malmö FF,if-brommapojkarna,IF Brommapojkarna,2,0,,,Played,H,SWE
2026,SW-DA,Damallsvenskan,133440,1,-,,6529562,2026-04-26,14:00,pite-if-dff,Piteå IF DFF,vittsj-gik,Vittsjö GIK,1,0,,,Played,H,SWE
2026,SW-DA,Damallsvenskan,133440,1,-,,6529557,2026-04-25,15:00,djurg-rden,Djurgården,ifk-norrk-ping-fk,IFK Norrköping FK,1,1,,,Played,D,SWE
2026,SW-DA,Damallsvenskan,133440,1,-,,6529560,2026-04-25,15:00,kristianstads-dff,Kristianstads DFF,v-xj,Växjö,1,0,,,Played,H,SWE
2026,SW-DA,Damallsvenskan,133440,1,-,,6529559,2026-04-25,14:00,ik-uppsala-fotboll,IK Uppsala Fotboll,roseng-rd,Rosengård,1,1,,,Played,D,SWE
2026,SW-DA,Damallsvenskan,133440,1,-,,6529551,2026-04-06,15:00,ifk-norrk-ping-fk,IFK Norrköping FK,malm-ff,Malmö FF,1,1,,,Played,D,SWE
2026,SW-DA,Damallsvenskan,133440,1,-,,6529550,2026-04-06,14:00,if-brommapojkarna,IF Brommapojkarna,hammarby,Hammarby,0,3,,,Played,A,SWE
2026,SW-DA,Damallsvenskan,133440,1,-,,6529554,2026-04-06,13:00,vittsj-gik,Vittsjö GIK,bk-h-cken-ff,BK Häcken FF,1,2,,,Played,A,SWE
2026,SW-DA,Damallsvenskan,133440,1,-,,6529549,2026-04-05,16:00,roseng-rd,Rosengård,aik,AIK,1,2,,,Played,A,SWE
2026,SW-DA,Damallsvenskan,133440,1,-,,6529552,2026-04-05,15:00,ik-uppsala-fotboll,IK Uppsala Fotboll,pite-if-dff,Piteå IF DFF,0,0,,,Played,D,SWE
2026,SW-DA,Damallsvenskan,133440,1,-,,6529555,2026-04-03,15:00,v-xj,Växjö,eskilstuna-united-dff,Eskilstuna United DFF,3,0,,,Played,H,SWE
2026,SW-DA,Damallsvenskan,133440,1,-,,6529553,2026-04-03,13:00,kristianstads-dff,Kristianstads DFF,djurg-rden,Djurgården,4,1,,,Played,H,SWE
2026,SW-DA,Damallsvenskan,133440,1,-,,6529546,2026-03-29,16:00,hammarby,Hammarby,roseng-rd,Rosengård,3,1,,,Played,H,SWE
2026,SW-DA,Damallsvenskan,133440,1,-,,6529543,2026-03-29,15:00,bk-h-cken-ff,BK Häcken FF,if-brommapojkarna,IF Brommapojkarna,3,2,,,Played,H,SWE
2026,SW-DA,Damallsvenskan,133440,1,-,,6529544,2026-03-29,15:00,djurg-rden,Djurgården,v-xj,Växjö,2,1,,,Played,H,SWE
2026,SW-DA,Damallsvenskan,133440,1,-,,6529547,2026-03-29,15:00,malm-ff,Malmö FF,ik-uppsala-fotboll,IK Uppsala Fotboll,3,0,,,Played,H,SWE
2026,SW-DA,Damallsvenskan,133440,1,-,,6529548,2026-03-29,14:00,pite-if-dff,Piteå IF DFF,kristianstads-dff,Kristianstads DFF,2,3,,,Played,A,SWE
2026,SW-DA,Damallsvenskan,133440,1,-,,6529545,2026-03-28,15:00,eskilstuna-united-dff,Eskilstuna United DFF,vittsj-gik,Vittsjö GIK,2,1,,,Played,H,SWE
2026,SW-DA,Damallsvenskan,133440,1,-,,6529542,2026-03-28,13:00,aik,AIK,ifk-norrk-ping-fk,IFK Norrköping FK,1,0,,,Played,H,SWE
2025,SW-EE,Elitettan,123859,1,-,,6150150,2025-11-15,15:00,eskilstuna-united-dff,Eskilstuna United DFF,mallbackens-if-sunne,Mallbackens IF Sunne,3,0,,,Played,H,SWE
2025,SW-EE,Elitettan,123859,1,-,,6150151,2025-11-15,15:00,if-elfsborg,IF Elfsborg,ume-ik-ff,Umeå IK FF,1,0,,,Played,H,SWE
2025,SW-EE,Elitettan,123859,1,-,,6150152,2025-11-15,15:00,ik-uppsala-fotboll,IK Uppsala Fotboll,bk-h-cken,BK Häcken,5,2,,,Played,H,SWE
2025,SW-EE,Elitettan,123859,1,-,,6150153,2025-11-15,15:00,jitex-bk,Jitex BK,rebro-sk-fk,Örebro SK FK,1,4,,,Played,A,SWE
2025,SW-EE,Elitettan,123859,1,-,,6150154,2025-11-15,15:00,kif-rebro-dff,KIF Örebro DFF,sunnan-sk,Sunnanå SK,5,4,,,Played,H,SWE
2025,SW-EE,Elitettan,123859,1,-,,6150155,2025-11-15,15:00,team-tg-ff,Team TG FF,gamla-upsala-sk,Gamla Upsala SK,2,2,,,Played,D,SWE
2025,SW-EE,Elitettan,123859,1,-,,6150156,2025-11-15,15:00,trelleborgs-ff,Trelleborgs FF,bollstan-s-sk,Bollstanäs SK,3,1,,,Played,H,SWE
2025,SW-EE,Elitettan,123859,1,-,,6150149,2025-11-08,16:00,rebro-sk-fk,Örebro SK FK,ik-uppsala-fotboll,IK Uppsala Fotboll,1,0,,,Played,H,SWE
2025,SW-EE,Elitettan,123859,1,-,,6150146,2025-11-08,15:00,mallbackens-if-sunne,Mallbackens IF Sunne,jitex-bk,Jitex BK,0,4,,,Played,A,SWE
2025,SW-EE,Elitettan,123859,1,-,,6150143,2025-11-08,14:00,bk-h-cken,BK Häcken,team-tg-ff,Team TG FF,1,1,,,Played,D,SWE
2025,SW-EE,Elitettan,123859,1,-,,6150145,2025-11-08,14:00,gamla-upsala-sk,Gamla Upsala SK,eskilstuna-united-dff,Eskilstuna United DFF,1,5,,,Played,A,SWE
2025,SW-EE,Elitettan,123859,1,-,,6150147,2025-11-08,14:00,sunnan-sk,Sunnanå SK,if-elfsborg,IF Elfsborg,1,2,,,Played,A,SWE
2025,SW-EE,Elitettan,123859,1,-,,6150144,2025-11-08,13:00,bollstan-s-sk,Bollstanäs SK,kif-rebro-dff,KIF Örebro DFF,1,2,,,Played,A,SWE
2025,SW-EE,Elitettan,123859,1,-,,6150148,2025-11-08,13:00,ume-ik-ff,Umeå IK FF,trelleborgs-ff,Trelleborgs FF,3,2,,,Played,H,SWE
2025,SW-EE,Elitettan,123859,1,-,,6150139,2025-11-02,12:00,jitex-bk,Jitex BK,sunnan-sk,Sunnanå SK,4,3,,,Played,H,SWE
2025,SW-EE,Elitettan,123859,1,-,,6150141,2025-11-02,12:00,team-tg-ff,Team TG FF,rebro-sk-fk,Örebro SK FK,0,1,,,Played,A,SWE
2025,SW-EE,Elitettan,123859,1,-,,6150142,2025-11-01,15:00,trelleborgs-ff,Trelleborgs FF,mallbackens-if-sunne,Mallbackens IF Sunne,4,1,,,Played,H,SWE
2025,SW-EE,Elitettan,123859,1,-,,6150137,2025-11-01,14:00,bollstan-s-sk,Bollstanäs SK,gamla-upsala-sk,Gamla Upsala SK,2,1,,,Played,H,SWE
2025,SW-EE,Elitettan,123859,1,-,,6150138,2025-11-01,13:00,ik-uppsala-fotboll,IK Uppsala Fotboll,ume-ik-ff,Umeå IK FF,2,0,,,Played,H,SWE
2025,SW-EE,Elitettan,123859,1,-,,6150140,2025-11-01,13:00,kif-rebro-dff,KIF Örebro DFF,eskilstuna-united-dff,Eskilstuna United DFF,0,5,,,Played,A,SWE
2025,SW-EE,Elitettan,123859,1,-,,6150136,2025-10-31,18:00,bk-h-cken,BK Häcken,if-elfsborg,IF Elfsborg,0,2,,,Played,A,SWE
2025,SW-EE,Elitettan,123859,1,-,,6150133,2025-10-19,14:00,sunnan-sk,Sunnanå SK,bollstan-s-sk,Bollstanäs SK,1,2,,,Played,A,SWE
2025,SW-EE,Elitettan,123859,1,-,,6150131,2025-10-18,16:00,if-elfsborg,IF Elfsborg,team-tg-ff,Team TG FF,1,2,,,Played,A,SWE
2025,SW-EE,Elitettan,123859,1,-,,6150132,2025-10-18,16:00,mallbackens-if-sunne,Mallbackens IF Sunne,kif-rebro-dff,KIF Örebro DFF,2,5,,,Played,A,SWE
2025,SW-EE,Elitettan,123859,1,-,,6150129,2025-10-18,15:00,eskilstuna-united-dff,Eskilstuna United DFF,trelleborgs-ff,Trelleborgs FF,2,0,,,Played,H,SWE
2025,SW-EE,Elitettan,123859,1,-,,6150135,2025-10-18,14:00,rebro-sk-fk,Örebro SK FK,bk-h-cken,BK Häcken,3,0,,,Played,H,SWE
2025,SW-EE,Elitettan,123859,1,-,,6150130,2025-10-18,13:00,gamla-upsala-sk,Gamla Upsala SK,ik-uppsala-fotboll,IK Uppsala Fotboll,0,5,,,Played,A,SWE
2025,SW-EE,Elitettan,123859,1,-,,6150134,2025-10-18,13:00,ume-ik-ff,Umeå IK FF,jitex-bk,Jitex BK,3,3,,,Played,D,SWE
2025,SW-EE,Elitettan,123859,1,-,,6150128,2025-10-12,13:00,ume-ik-ff,Umeå IK FF,mallbackens-if-sunne,Mallbackens IF Sunne,0,0,,,Played,D,SWE
2025,SW-EE,Elitettan,123859,1,-,,6150122,2025-10-11,17:00,bk-h-cken,BK Häcken,sunnan-sk,Sunnanå SK,1,1,,,Played,D,SWE
2025,SW-EE,Elitettan,123859,1,-,,6150124,2025-10-11,14:00,ik-uppsala-fotboll,IK Uppsala Fotboll,if-elfsborg,IF Elfsborg,1,0,,,Played,H,SWE
2025,SW-EE,Elitettan,123859,1,-,,6150123,2025-10-11,13:00,bollstan-s-sk,Bollstanäs SK,eskilstuna-united-dff,Eskilstuna United DFF,1,4,,,Played,A,SWE
2025,SW-EE,Elitettan,123859,1,-,,6150125,2025-10-11,13:00,rebro-sk-fk,Örebro SK FK,kif-rebro-dff,KIF Örebro DFF,2,3,,,Played,A,SWE
2025,SW-EE,Elitettan,123859,1,-,,6150126,2025-10-11,13:00,team-tg-ff,Team TG FF,jitex-bk,Jitex BK,0,2,,,Played,A,SWE
2025,SW-EE,Elitettan,123859,1,-,,6150127,2025-10-11,12:00,trelleborgs-ff,Trelleborgs FF,gamla-upsala-sk,Gamla Upsala SK,3,0,,,Played,H,SWE
2025,SW-EE,Elitettan,123859,1,-,,6150115,2025-10-05,16:00,eskilstuna-united-dff,Eskilstuna United DFF,ik-uppsala-fotboll,IK Uppsala Fotboll,3,1,,,Played,H,SWE
2025,SW-EE,Elitettan,123859,1,-,,6150120,2025-10-05,13:00,team-tg-ff,Team TG FF,ume-ik-ff,Umeå IK FF,1,7,,,Played,A,SWE
2025,SW-EE,Elitettan,123859,1,-,,6150119,2025-10-05,12:00,sunnan-sk,Sunnanå SK,trelleborgs-ff,Trelleborgs FF,2,3,,,Played,A,SWE
2025,SW-EE,Elitettan,123859,1,-,,6150118,2025-10-04,16:00,mallbackens-if-sunne,Mallbackens IF Sunne,gamla-upsala-sk,Gamla Upsala SK,1,2,,,Played,A,SWE
2025,SW-EE,Elitettan,123859,1,-,,6150116,2025-10-04,13:00,if-elfsborg,IF Elfsborg,kif-rebro-dff,KIF Örebro DFF,1,1,,,Played,D,SWE
2025,SW-EE,Elitettan,123859,1,-,,6150121,2025-10-04,13:00,rebro-sk-fk,Örebro SK FK,bollstan-s-sk,Bollstanäs SK,3,0,,,Played,H,SWE
2025,SW-EE,Elitettan,123859,1,-,,6150117,2025-10-03,19:00,jitex-bk,Jitex BK,bk-h-cken,BK Häcken,3,3,,,Played,D,SWE
2025,SW-EE,Elitettan,123859,1,-,,6150110,2025-09-28,15:00,ik-uppsala-fotboll,IK Uppsala Fotboll,sunnan-sk,Sunnanå SK,3,0,,,Played,H,SWE
2025,SW-EE,Elitettan,123859,1,-,,6150113,2025-09-28,14:00,ume-ik-ff,Umeå IK FF,eskilstuna-united-dff,Eskilstuna United DFF,1,2,,,Played,A,SWE
2025,SW-EE,Elitettan,123859,1,-,,6150112,2025-09-27,16:00,trelleborgs-ff,Trelleborgs FF,jitex-bk,Jitex BK,4,1,,,Played,H,SWE
2025,SW-EE,Elitettan,123859,1,-,,6150109,2025-09-27,14:00,gamla-upsala-sk,Gamla Upsala SK,bk-h-cken,BK Häcken,1,0,,,Played,H,SWE
2025,SW-EE,Elitettan,123859,1,-,,6150108,2025-09-27,13:00,bollstan-s-sk,Bollstanäs SK,if-elfsborg,IF Elfsborg,3,2,,,Played,H,SWE
2025,SW-EE,Elitettan,123859,1,-,,6150111,2025-09-27,13:00,kif-rebro-dff,KIF Örebro DFF,team-tg-ff,Team TG FF,5,0,,,Played,H,SWE
2025,SW-EE,Elitettan,123859,1,-,,6150114,2025-09-26,19:00,rebro-sk-fk,Örebro SK FK,mallbackens-if-sunne,Mallbackens IF Sunne,4,0,,,Played,H,SWE
2025,SW-EE,Elitettan,123859,1,-,,6150037,2025-09-24,19:00,ume-ik-ff,Umeå IK FF,kif-rebro-dff,KIF Örebro DFF,2,2,,,Played,D,SWE
2025,SW-EE,Elitettan,123859,1,-,,6150102,2025-09-21,16:00,eskilstuna-united-dff,Eskilstuna United DFF,rebro-sk-fk,Örebro SK FK,2,0,,,Played,H,SWE
2025,SW-EE,Elitettan,123859,1,-,,6150106,2025-09-21,13:00,mallbackens-if-sunne,Mallbackens IF Sunne,sunnan-sk,Sunnanå SK,1,0,,,Played,H,SWE
2025,SW-EE,Elitettan,123859,1,-,,6150101,2025-09-20,16:00,bk-h-cken,BK Häcken,trelleborgs-ff,Trelleborgs FF,0,4,,,Played,A,SWE
2025,SW-EE,Elitettan,123859,1,-,,6150104,2025-09-20,16:00,jitex-bk,Jitex BK,bollstan-s-sk,Bollstanäs SK,2,2,,,Played,D,SWE
2025,SW-EE,Elitettan,123859,1,-,,6150105,2025-09-20,13:00,kif-rebro-dff,KIF Örebro DFF,ume-ik-ff,Umeå IK FF,0,0,,,Played,D,SWE
2025,SW-EE,Elitettan,123859,1,-,,6150107,2025-09-20,13:00,team-tg-ff,Team TG FF,ik-uppsala-fotboll,IK Uppsala Fotboll,0,2,,,Played,A,SWE
2025,SW-EE,Elitettan,123859,1,-,,6150103,2025-09-20,12:30,if-elfsborg,IF Elfsborg,gamla-upsala-sk,Gamla Upsala SK,2,1,,,Played,H,SWE
2025,SW-EE,Elitettan,123859,1,-,,6150097,2025-09-14,13:00,sunnan-sk,Sunnanå SK,eskilstuna-united-dff,Eskilstuna United DFF,0,0,,,Played,D,SWE
2025,SW-EE,Elitettan,123859,1,-,,6150095,2025-09-13,18:00,ik-uppsala-fotboll,IK Uppsala Fotboll,bollstan-s-sk,Bollstanäs SK,6,0,,,Played,H,SWE
2025,SW-EE,Elitettan,123859,1,-,,6150098,2025-09-13,15:00,trelleborgs-ff,Trelleborgs FF,kif-rebro-dff,KIF Örebro DFF,0,0,,,Played,D,SWE
2025,SW-EE,Elitettan,123859,1,-,,6150099,2025-09-13,15:00,ume-ik-ff,Umeå IK FF,bk-h-cken,BK Häcken,2,2,,,Played,D,SWE
2025,SW-EE,Elitettan,123859,1,-,,6150094,2025-09-13,13:00,gamla-upsala-sk,Gamla Upsala SK,jitex-bk,Jitex BK,1,1,,,Played,D,SWE
2025,SW-EE,Elitettan,123859,1,-,,6150096,2025-09-13,13:00,mallbackens-if-sunne,Mallbackens IF Sunne,team-tg-ff,Team TG FF,0,1,,,Played,A,SWE
2025,SW-EE,Elitettan,123859,1,-,,6150100,2025-09-13,13:00,rebro-sk-fk,Örebro SK FK,if-elfsborg,IF Elfsborg,0,1,,,Played,A,SWE
2025,SW-EE,Elitettan,123859,1,-,,6150093,2025-09-07,16:00,rebro-sk-fk,Örebro SK FK,sunnan-sk,Sunnanå SK,3,1,,,Played,H,SWE
2025,SW-EE,Elitettan,123859,1,-,,6150089,2025-09-06,16:00,if-elfsborg,IF Elfsborg,eskilstuna-united-dff,Eskilstuna United DFF,0,1,,,Played,A,SWE
2025,SW-EE,Elitettan,123859,1,-,,6150087,2025-09-06,14:00,bk-h-cken,BK Häcken,mallbackens-if-sunne,Mallbackens IF Sunne,3,0,,,Played,H,SWE
2025,SW-EE,Elitettan,123859,1,-,,6150090,2025-09-06,14:00,jitex-bk,Jitex BK,ik-uppsala-fotboll,IK Uppsala Fotboll,1,0,,,Played,H,SWE
2025,SW-EE,Elitettan,123859,1,-,,6150088,2025-09-06,13:00,bollstan-s-sk,Bollstanäs SK,ume-ik-ff,Umeå IK FF,1,1,,,Played,D,SWE
2025,SW-EE,Elitettan,123859,1,-,,6150091,2025-09-06,13:00,kif-rebro-dff,KIF Örebro DFF,gamla-upsala-sk,Gamla Upsala SK,4,0,,,Played,H,SWE
2025,SW-EE,Elitettan,123859,1,-,,6150092,2025-09-06,12:00,team-tg-ff,Team TG FF,trelleborgs-ff,Trelleborgs FF,1,1,,,Played,D,SWE
2025,SW-EE,Elitettan,123859,1,-,,6150086,2025-08-31,16:00,sunnan-sk,Sunnanå SK,ume-ik-ff,Umeå IK FF,1,1,,,Played,D,SWE
2025,SW-EE,Elitettan,123859,1,-,,6150082,2025-08-31,14:00,gamla-upsala-sk,Gamla Upsala SK,rebro-sk-fk,Örebro SK FK,0,1,,,Played,A,SWE
2025,SW-EE,Elitettan,123859,1,-,,6150081,2025-08-30,15:00,eskilstuna-united-dff,Eskilstuna United DFF,jitex-bk,Jitex BK,3,1,,,Played,H,SWE
2025,SW-EE,Elitettan,123859,1,-,,6150083,2025-08-30,15:00,if-elfsborg,IF Elfsborg,trelleborgs-ff,Trelleborgs FF,2,2,,,Played,D,SWE
2025,SW-EE,Elitettan,123859,1,-,,6150084,2025-08-30,14:00,ik-uppsala-fotboll,IK Uppsala Fotboll,mallbackens-if-sunne,Mallbackens IF Sunne,6,1,,,Played,H,SWE
2025,SW-EE,Elitettan,123859,1,-,,6150080,2025-08-30,13:00,bollstan-s-sk,Bollstanäs SK,team-tg-ff,Team TG FF,2,4,,,Played,A,SWE
2025,SW-EE,Elitettan,123859,1,-,,6150085,2025-08-30,13:00,kif-rebro-dff,KIF Örebro DFF,bk-h-cken,BK Häcken,4,0,,,Played,H,SWE
2025,SW-EE,Elitettan,123859,1,-,,6150036,2025-08-27,19:00,team-tg-ff,Team TG FF,bk-h-cken,BK Häcken,0,2,,,Played,A,SWE
2025,SW-EE,Elitettan,123859,1,-,,6150079,2025-08-24,12:00,ume-ik-ff,Umeå IK FF,rebro-sk-fk,Örebro SK FK,1,0,,,Played,H,SWE
2025,SW-EE,Elitettan,123859,1,-,,6150073,2025-08-23,15:00,bk-h-cken,BK Häcken,bollstan-s-sk,Bollstanäs SK,2,0,,,Played,H,SWE
2025,SW-EE,Elitettan,123859,1,-,,6150078,2025-08-23,15:00,trelleborgs-ff,Trelleborgs FF,ik-uppsala-fotboll,IK Uppsala Fotboll,0,1,,,Played,A,SWE
2025,SW-EE,Elitettan,123859,1,-,,6150074,2025-08-23,14:00,gamla-upsala-sk,Gamla Upsala SK,sunnan-sk,Sunnanå SK,1,1,,,Played,D,SWE
2025,SW-EE,Elitettan,123859,1,-,,6150075,2025-08-23,14:00,jitex-bk,Jitex BK,kif-rebro-dff,KIF Örebro DFF,2,3,,,Played,A,SWE
2025,SW-EE,Elitettan,123859,1,-,,6150076,2025-08-23,13:00,if-elfsborg,IF Elfsborg,mallbackens-if-sunne,Mallbackens IF Sunne,0,1,,,Played,A,SWE
2025,SW-EE,Elitettan,123859,1,-,,6150077,2025-08-23,13:00,team-tg-ff,Team TG FF,eskilstuna-united-dff,Eskilstuna United DFF,0,1,,,Played,A,SWE
2025,SW-EE,Elitettan,123859,1,-,,6150066,2025-08-17,16:00,eskilstuna-united-dff,Eskilstuna United DFF,bk-h-cken,BK Häcken,4,0,,,Played,H,SWE
2025,SW-EE,Elitettan,123859,1,-,,6150071,2025-08-17,12:00,ume-ik-ff,Umeå IK FF,gamla-upsala-sk,Gamla Upsala SK,4,0,,,Played,H,SWE
2025,SW-EE,Elitettan,123859,1,-,,6150068,2025-08-16,14:00,ik-uppsala-fotboll,IK Uppsala Fotboll,kif-rebro-dff,KIF Örebro DFF,0,4,,,Played,A,SWE
2025,SW-EE,Elitettan,123859,1,-,,6150069,2025-08-16,14:00,mallbackens-if-sunne,Mallbackens IF Sunne,bollstan-s-sk,Bollstanäs SK,2,1,,,Played,H,SWE
2025,SW-EE,Elitettan,123859,1,-,,6150072,2025-08-16,13:00,rebro-sk-fk,Örebro SK FK,trelleborgs-ff,Trelleborgs FF,1,2,,,Played,A,SWE
2025,SW-EE,Elitettan,123859,1,-,,6150070,2025-08-15,19:00,sunnan-sk,Sunnanå SK,team-tg-ff,Team TG FF,2,1,,,Played,H,SWE
2025,SW-EE,Elitettan,123859,1,-,,6150067,2025-08-15,18:00,if-elfsborg,IF Elfsborg,jitex-bk,Jitex BK,3,1,,,Played,H,SWE
2025,SW-EE,Elitettan,123859,1,-,,6150043,2025-08-13,18:00,trelleborgs-ff,Trelleborgs FF,eskilstuna-united-dff,Eskilstuna United DFF,2,1,,,Played,H,SWE
2025,SW-EE,Elitettan,123859,1,-,,6150061,2025-08-09,16:00,eskilstuna-united-dff,Eskilstuna United DFF,if-elfsborg,IF Elfsborg,2,0,,,Played,H,SWE
2025,SW-EE,Elitettan,123859,1,-,,6150060,2025-08-09,15:00,bollstan-s-sk,Bollstanäs SK,ik-uppsala-fotboll,IK Uppsala Fotboll,0,4,,,Played,A,SWE
2025,SW-EE,Elitettan,123859,1,-,,6150059,2025-08-09,14:00,bk-h-cken,BK Häcken,rebro-sk-fk,Örebro SK FK,0,2,,,Played,A,SWE
2025,SW-EE,Elitettan,123859,1,-,,6150062,2025-08-09,13:00,gamla-upsala-sk,Gamla Upsala SK,team-tg-ff,Team TG FF,1,3,,,Played,A,SWE
2025,SW-EE,Elitettan,123859,1,-,,6150063,2025-08-09,13:00,jitex-bk,Jitex BK,ume-ik-ff,Umeå IK FF,0,4,,,Played,A,SWE
2025,SW-EE,Elitettan,123859,1,-,,6150064,2025-08-09,12:00,kif-rebro-dff,KIF Örebro DFF,mallbackens-if-sunne,Mallbackens IF Sunne,1,0,,,Played,H,SWE
2025,SW-EE,Elitettan,123859,1,-,,6150065,2025-08-09,12:00,trelleborgs-ff,Trelleborgs FF,sunnan-sk,Sunnanå SK,4,0,,,Played,H,SWE
2025,SW-EE,Elitettan,123859,1,-,,6150055,2025-08-03,14:00,sunnan-sk,Sunnanå SK,ik-uppsala-fotboll,IK Uppsala Fotboll,0,1,,,Played,A,SWE
2025,SW-EE,Elitettan,123859,1,-,,6150056,2025-08-03,13:00,team-tg-ff,Team TG FF,kif-rebro-dff,KIF Örebro DFF,0,6,,,Played,A,SWE
2025,SW-EE,Elitettan,123859,1,-,,6150053,2025-08-02,15:00,jitex-bk,Jitex BK,eskilstuna-united-dff,Eskilstuna United DFF,1,2,,,Played,A,SWE
2025,SW-EE,Elitettan,123859,1,-,,6150054,2025-08-02,14:00,mallbackens-if-sunne,Mallbackens IF Sunne,trelleborgs-ff,Trelleborgs FF,0,3,,,Played,A,SWE
2025,SW-EE,Elitettan,123859,1,-,,6150057,2025-08-02,13:00,ume-ik-ff,Umeå IK FF,bollstan-s-sk,Bollstanäs SK,3,0,,,Played,H,SWE
2025,SW-EE,Elitettan,123859,1,-,,6150058,2025-08-02,13:00,rebro-sk-fk,Örebro SK FK,gamla-upsala-sk,Gamla Upsala SK,1,2,,,Played,A,SWE
2025,SW-EE,Elitettan,123859,1,-,,6150052,2025-08-01,18:00,if-elfsborg,IF Elfsborg,bk-h-cken,BK Häcken,0,1,,,Played,A,SWE
2025,SW-EE,Elitettan,123859,1,-,,6150051,2025-07-27,15:00,trelleborgs-ff,Trelleborgs FF,rebro-sk-fk,Örebro SK FK,1,0,,,Played,H,SWE
2025,SW-EE,Elitettan,123859,1,-,,6150046,2025-07-27,14:00,eskilstuna-united-dff,Eskilstuna United DFF,ume-ik-ff,Umeå IK FF,0,1,,,Played,A,SWE
2025,SW-EE,Elitettan,123859,1,-,,6150047,2025-07-27,14:00,gamla-upsala-sk,Gamla Upsala SK,mallbackens-if-sunne,Mallbackens IF Sunne,6,1,,,Played,H,SWE
2025,SW-EE,Elitettan,123859,1,-,,6150050,2025-07-27,14:00,sunnan-sk,Sunnanå SK,bk-h-cken,BK Häcken,1,2,,,Played,A,SWE
2025,SW-EE,Elitettan,123859,1,-,,6150045,2025-07-26,13:00,bollstan-s-sk,Bollstanäs SK,jitex-bk,Jitex BK,0,3,,,Played,A,SWE
2025,SW-EE,Elitettan,123859,1,-,,6150048,2025-07-26,13:00,ik-uppsala-fotboll,IK Uppsala Fotboll,team-tg-ff,Team TG FF,1,0,,,Played,H,SWE
2025,SW-EE,Elitettan,123859,1,-,,6150049,2025-07-26,13:00,kif-rebro-dff,KIF Örebro DFF,if-elfsborg,IF Elfsborg,2,1,,,Played,H,SWE
2025,SW-EE,Elitettan,123859,1,-,,6150040,2025-06-22,16:00,if-elfsborg,IF Elfsborg,sunnan-sk,Sunnanå SK,3,0,,,Played,H,SWE
2025,SW-EE,Elitettan,123859,1,-,,6150044,2025-06-22,12:00,rebro-sk-fk,Örebro SK FK,ume-ik-ff,Umeå IK FF,1,2,,,Played,A,SWE
2025,SW-EE,Elitettan,123859,1,-,,6150042,2025-06-19,18:30,mallbackens-if-sunne,Mallbackens IF Sunne,ik-uppsala-fotboll,IK Uppsala Fotboll,0,2,,,Played,A,SWE
2025,SW-EE,Elitettan,123859,1,-,,6150039,2025-06-18,18:30,gamla-upsala-sk,Gamla Upsala SK,bollstan-s-sk,Bollstanäs SK,1,0,,,Played,H,SWE
2025,SW-EE,Elitettan,123859,1,-,,6150041,2025-06-18,15:00,jitex-bk,Jitex BK,team-tg-ff,Team TG FF,5,0,,,Played,H,SWE
2025,SW-EE,Elitettan,123859,1,-,,6150031,2025-06-14,15:00,bollstan-s-sk,Bollstanäs SK,rebro-sk-fk,Örebro SK FK,0,0,,,Played,D,SWE
2025,SW-EE,Elitettan,123859,1,-,,6150032,2025-06-14,15:00,eskilstuna-united-dff,Eskilstuna United DFF,gamla-upsala-sk,Gamla Upsala SK,4,0,,,Played,H,SWE
2025,SW-EE,Elitettan,123859,1,-,,6150034,2025-06-14,15:00,jitex-bk,Jitex BK,if-elfsborg,IF Elfsborg,2,1,,,Played,H,SWE
2025,SW-EE,Elitettan,123859,1,-,,6150035,2025-06-14,13:00,sunnan-sk,Sunnanå SK,mallbackens-if-sunne,Mallbackens IF Sunne,0,2,,,Played,A,SWE
2025,SW-EE,Elitettan,123859,1,-,,6150033,2025-06-11,19:00,ik-uppsala-fotboll,IK Uppsala Fotboll,trelleborgs-ff,Trelleborgs FF,4,1,,,Played,H,SWE
2025,SW-EE,Elitettan,123859,1,-,,6150038,2025-06-11,19:00,bk-h-cken,BK Häcken,kif-rebro-dff,KIF Örebro DFF,0,2,,,Played,A,SWE
2025,SW-EE,Elitettan,123859,1,-,,6150030,2025-06-08,16:00,trelleborgs-ff,Trelleborgs FF,team-tg-ff,Team TG FF,3,1,,,Played,H,SWE
2025,SW-EE,Elitettan,123859,1,-,,6150025,2025-06-08,15:00,bollstan-s-sk,Bollstanäs SK,sunnan-sk,Sunnanå SK,0,0,,,Played,D,SWE
2025,SW-EE,Elitettan,123859,1,-,,6150028,2025-06-08,14:00,ik-uppsala-fotboll,IK Uppsala Fotboll,rebro-sk-fk,Örebro SK FK,3,1,,,Played,H,SWE
2025,SW-EE,Elitettan,123859,1,-,,6150024,2025-06-07,14:00,bk-h-cken,BK Häcken,eskilstuna-united-dff,Eskilstuna United DFF,1,4,,,Played,A,SWE
2025,SW-EE,Elitettan,123859,1,-,,6150026,2025-06-07,13:00,gamla-upsala-sk,Gamla Upsala SK,ume-ik-ff,Umeå IK FF,0,5,,,Played,A,SWE
2025,SW-EE,Elitettan,123859,1,-,,6150027,2025-06-07,13:00,mallbackens-if-sunne,Mallbackens IF Sunne,if-elfsborg,IF Elfsborg,1,6,,,Played,A,SWE
2025,SW-EE,Elitettan,123859,1,-,,6150029,2025-06-06,14:00,kif-rebro-dff,KIF Örebro DFF,jitex-bk,Jitex BK,2,1,,,Played,H,SWE
2025,SW-EE,Elitettan,123859,1,-,,6150017,2025-05-25,14:00,eskilstuna-united-dff,Eskilstuna United DFF,team-tg-ff,Team TG FF,5,0,,,Played,H,SWE
2025,SW-EE,Elitettan,123859,1,-,,6150021,2025-05-25,13:00,sunnan-sk,Sunnanå SK,gamla-upsala-sk,Gamla Upsala SK,2,1,,,Played,H,SWE
2025,SW-EE,Elitettan,123859,1,-,,6150018,2025-05-24,16:00,if-elfsborg,IF Elfsborg,bollstan-s-sk,Bollstanäs SK,2,1,,,Played,H,SWE
2025,SW-EE,Elitettan,123859,1,-,,6150019,2025-05-24,15:00,jitex-bk,Jitex BK,trelleborgs-ff,Trelleborgs FF,1,2,,,Played,A,SWE
2025,SW-EE,Elitettan,123859,1,-,,6150020,2025-05-24,15:00,mallbackens-if-sunne,Mallbackens IF Sunne,bk-h-cken,BK Häcken,1,1,,,Played,D,SWE
2025,SW-EE,Elitettan,123859,1,-,,6150022,2025-05-24,13:00,ume-ik-ff,Umeå IK FF,ik-uppsala-fotboll,IK Uppsala Fotboll,2,0,,,Played,H,SWE
2025,SW-EE,Elitettan,123859,1,-,,6150023,2025-05-24,13:00,kif-rebro-dff,KIF Örebro DFF,rebro-sk-fk,Örebro SK FK,3,1,,,Played,H,SWE
2025,SW-EE,Elitettan,123859,1,-,,6150015,2025-05-18,16:30,ume-ik-ff,Umeå IK FF,sunnan-sk,Sunnanå SK,3,1,,,Played,H,SWE
2025,SW-EE,Elitettan,123859,1,-,,6150012,2025-05-18,15:00,eskilstuna-united-dff,Eskilstuna United DFF,kif-rebro-dff,KIF Örebro DFF,2,1,,,Played,H,SWE
2025,SW-EE,Elitettan,123859,1,-,,6150016,2025-05-18,14:00,rebro-sk-fk,Örebro SK FK,jitex-bk,Jitex BK,1,2,,,Played,A,SWE
2025,SW-EE,Elitettan,123859,1,-,,6150014,2025-05-18,13:00,team-tg-ff,Team TG FF,mallbackens-if-sunne,Mallbackens IF Sunne,1,0,,,Played,H,SWE
2025,SW-EE,Elitettan,123859,1,-,,6150011,2025-05-17,15:00,bollstan-s-sk,Bollstanäs SK,trelleborgs-ff,Trelleborgs FF,1,0,,,Played,H,SWE
2025,SW-EE,Elitettan,123859,1,-,,6150010,2025-05-17,14:00,bk-h-cken,BK Häcken,ik-uppsala-fotboll,IK Uppsala Fotboll,0,2,,,Played,A,SWE
2025,SW-EE,Elitettan,123859,1,-,,6150013,2025-05-17,14:00,gamla-upsala-sk,Gamla Upsala SK,if-elfsborg,IF Elfsborg,2,1,,,Played,H,SWE
2025,SW-EE,Elitettan,123859,1,-,,6150005,2025-05-11,13:00,ik-uppsala-fotboll,IK Uppsala Fotboll,jitex-bk,Jitex BK,3,1,,,Played,H,SWE
2025,SW-EE,Elitettan,123859,1,-,,6150003,2025-05-10,14:00,bk-h-cken,BK Häcken,gamla-upsala-sk,Gamla Upsala SK,5,1,,,Played,H,SWE
2025,SW-EE,Elitettan,123859,1,-,,6150007,2025-05-10,14:00,mallbackens-if-sunne,Mallbackens IF Sunne,eskilstuna-united-dff,Eskilstuna United DFF,1,1,,,Played,D,SWE
2025,SW-EE,Elitettan,123859,1,-,,6150004,2025-05-10,13:00,if-elfsborg,IF Elfsborg,rebro-sk-fk,Örebro SK FK,2,1,,,Played,H,SWE
2025,SW-EE,Elitettan,123859,1,-,,6150006,2025-05-10,13:00,kif-rebro-dff,KIF Örebro DFF,bollstan-s-sk,Bollstanäs SK,2,3,,,Played,A,SWE
2025,SW-EE,Elitettan,123859,1,-,,6150009,2025-05-10,12:00,trelleborgs-ff,Trelleborgs FF,ume-ik-ff,Umeå IK FF,0,1,,,Played,A,SWE
2025,SW-EE,Elitettan,123859,1,-,,6150008,2025-05-09,19:00,team-tg-ff,Team TG FF,sunnan-sk,Sunnanå SK,0,1,,,Played,A,SWE
2025,SW-EE,Elitettan,123859,1,-,,6149996,2025-05-04,15:00,bollstan-s-sk,Bollstanäs SK,bk-h-cken,BK Häcken,0,0,,,Played,D,SWE
2025,SW-EE,Elitettan,123859,1,-,,6150000,2025-05-04,15:00,trelleborgs-ff,Trelleborgs FF,if-elfsborg,IF Elfsborg,3,1,,,Played,H,SWE
2025,SW-EE,Elitettan,123859,1,-,,6150002,2025-05-04,13:00,rebro-sk-fk,Örebro SK FK,eskilstuna-united-dff,Eskilstuna United DFF,1,5,,,Played,A,SWE
2025,SW-EE,Elitettan,123859,1,-,,6149999,2025-05-04,12:00,sunnan-sk,Sunnanå SK,kif-rebro-dff,KIF Örebro DFF,1,2,,,Played,A,SWE
2025,SW-EE,Elitettan,123859,1,-,,6149997,2025-05-03,14:00,ik-uppsala-fotboll,IK Uppsala Fotboll,gamla-upsala-sk,Gamla Upsala SK,2,2,,,Played,D,SWE
2025,SW-EE,Elitettan,123859,1,-,,6149998,2025-05-01,15:00,jitex-bk,Jitex BK,mallbackens-if-sunne,Mallbackens IF Sunne,4,3,,,Played,H,SWE
2025,SW-EE,Elitettan,123859,1,-,,6150001,2025-05-01,13:00,ume-ik-ff,Umeå IK FF,team-tg-ff,Team TG FF,2,0,,,Played,H,SWE
2025,SW-EE,Elitettan,123859,1,-,,6149994,2025-04-27,13:00,sunnan-sk,Sunnanå SK,rebro-sk-fk,Örebro SK FK,2,3,,,Played,A,SWE
2025,SW-EE,Elitettan,123859,1,-,,6149990,2025-04-26,16:00,eskilstuna-united-dff,Eskilstuna United DFF,bollstan-s-sk,Bollstanäs SK,3,0,,,Played,H,SWE
2025,SW-EE,Elitettan,123859,1,-,,6149991,2025-04-26,14:00,gamla-upsala-sk,Gamla Upsala SK,trelleborgs-ff,Trelleborgs FF,1,2,,,Played,A,SWE
2025,SW-EE,Elitettan,123859,1,-,,6149993,2025-04-26,13:00,mallbackens-if-sunne,Mallbackens IF Sunne,ume-ik-ff,Umeå IK FF,2,2,,,Played,D,SWE
2025,SW-EE,Elitettan,123859,1,-,,6149995,2025-04-26,12:00,team-tg-ff,Team TG FF,if-elfsborg,IF Elfsborg,1,4,,,Played,A,SWE
2025,SW-EE,Elitettan,123859,1,-,,6149989,2025-04-25,19:00,bk-h-cken,BK Häcken,jitex-bk,Jitex BK,0,1,,,Played,A,SWE
2025,SW-EE,Elitettan,123859,1,-,,6149992,2025-04-25,18:00,kif-rebro-dff,KIF Örebro DFF,ik-uppsala-fotboll,IK Uppsala Fotboll,1,2,,,Played,A,SWE
2025,SW-EE,Elitettan,123859,1,-,,6149983,2025-04-21,14:00,eskilstuna-united-dff,Eskilstuna United DFF,sunnan-sk,Sunnanå SK,2,0,,,Played,H,SWE
2025,SW-EE,Elitettan,123859,1,-,,6149982,2025-04-20,12:00,bk-h-cken,BK Häcken,ume-ik-ff,Umeå IK FF,1,1,,,Played,D,SWE
2025,SW-EE,Elitettan,123859,1,-,,6149986,2025-04-19,15:00,kif-rebro-dff,KIF Örebro DFF,trelleborgs-ff,Trelleborgs FF,1,2,,,Played,A,SWE
2025,SW-EE,Elitettan,123859,1,-,,6149984,2025-04-18,17:00,if-elfsborg,IF Elfsborg,ik-uppsala-fotboll,IK Uppsala Fotboll,2,2,,,Played,D,SWE
2025,SW-EE,Elitettan,123859,1,-,,6149987,2025-04-18,14:00,mallbackens-if-sunne,Mallbackens IF Sunne,rebro-sk-fk,Örebro SK FK,1,1,,,Played,D,SWE
2025,SW-EE,Elitettan,123859,1,-,,6149985,2025-04-18,13:00,jitex-bk,Jitex BK,gamla-upsala-sk,Gamla Upsala SK,4,3,,,Played,H,SWE
2025,SW-EE,Elitettan,123859,1,-,,6149988,2025-04-18,12:30,team-tg-ff,Team TG FF,bollstan-s-sk,Bollstanäs SK,2,0,,,Played,H,SWE
2025,SW-EE,Elitettan,123859,1,-,,6149981,2025-04-13,13:00,rebro-sk-fk,Örebro SK FK,team-tg-ff,Team TG FF,2,2,,,Played,D,SWE
2025,SW-EE,Elitettan,123859,1,-,,6149980,2025-04-13,12:30,ume-ik-ff,Umeå IK FF,if-elfsborg,IF Elfsborg,2,1,,,Played,H,SWE
2025,SW-EE,Elitettan,123859,1,-,,6149979,2025-04-12,15:00,trelleborgs-ff,Trelleborgs FF,bk-h-cken,BK Häcken,3,0,,,Played,H,SWE
2025,SW-EE,Elitettan,123859,1,-,,6149975,2025-04-12,14:00,bollstan-s-sk,Bollstanäs SK,mallbackens-if-sunne,Mallbackens IF Sunne,2,2,,,Played,D,SWE
2025,SW-EE,Elitettan,123859,1,-,,6149976,2025-04-12,14:00,gamla-upsala-sk,Gamla Upsala SK,kif-rebro-dff,KIF Örebro DFF,2,5,,,Played,A,SWE
2025,SW-EE,Elitettan,123859,1,-,,6149978,2025-04-12,13:00,sunnan-sk,Sunnanå SK,jitex-bk,Jitex BK,0,1,,,Played,A,SWE
2025,SW-EE,Elitettan,123859,1,-,,6149977,2025-04-11,19:00,ik-uppsala-fotboll,IK Uppsala Fotboll,eskilstuna-united-dff,Eskilstuna United DFF,4,1,,,Played,H,SWE
2026,SW-EE,Elitettan,133439,1,-,,6536397,2026-06-21,16:00,ifk-g-teborg,IFK Göteborg,trelleborgs-ff,Trelleborgs FF,3,1,,,Played,H,SWE
2026,SW-EE,Elitettan,133439,1,-,,6536400,2026-06-21,13:00,enskede-ik,Enskede IK,sandvikens-if,Sandvikens IF,4,0,,,Played,H,SWE
2026,SW-EE,Elitettan,133439,1,-,,6536401,2026-06-21,13:00,rebro-sk-fk,Örebro SK FK,ume-ik-ff,Umeå IK FF,1,0,,,Played,H,SWE
2026,SW-EE,Elitettan,133439,1,-,,6536396,2026-06-18,19:00,husqvarna-ff,Husqvarna FF,if-elfsborg,IF Elfsborg,1,1,,,Played,D,SWE
2026,SW-EE,Elitettan,133439,1,-,,6536399,2026-06-18,19:00,link-ping-fc,Linköping FC,alings-s-if-ff,Alingsås IF FF,4,0,,,Played,H,SWE
2026,SW-EE,Elitettan,133439,1,-,,6536398,2026-06-18,18:30,jitex-bk,Jitex BK,kif-rebro-dff,KIF Örebro DFF,0,1,,,Played,A,SWE
2026,SW-EE,Elitettan,133439,1,-,,6536395,2026-06-17,18:00,bk-h-cken,BK Häcken,gamla-upsala-sk,Gamla Upsala SK,1,2,,,Played,A,SWE
2026,SW-EE,Elitettan,133439,1,-,,6536391,2026-06-14,16:00,kif-rebro-dff,KIF Örebro DFF,bk-h-cken,BK Häcken,3,0,,,Played,H,SWE
2026,SW-EE,Elitettan,133439,1,-,,6536390,2026-06-14,15:00,jitex-bk,Jitex BK,enskede-ik,Enskede IK,1,2,,,Played,A,SWE
2026,SW-EE,Elitettan,133439,1,-,,6536393,2026-06-14,14:00,trelleborgs-ff,Trelleborgs FF,rebro-sk-fk,Örebro SK FK,2,1,,,Played,H,SWE
2026,SW-EE,Elitettan,133439,1,-,,6536394,2026-06-14,13:00,ume-ik-ff,Umeå IK FF,link-ping-fc,Linköping FC,1,2,,,Played,A,SWE
2026,SW-EE,Elitettan,133439,1,-,,6536392,2026-06-13,14:00,sandvikens-if,Sandvikens IF,husqvarna-ff,Husqvarna FF,3,4,,,Played,A,SWE
2026,SW-EE,Elitettan,133439,1,-,,6536388,2026-06-13,13:00,alings-s-if-ff,Alingsås IF FF,gamla-upsala-sk,Gamla Upsala SK,0,0,,,Played,D,SWE
2026,SW-EE,Elitettan,133439,1,-,,6536389,2026-06-13,13:00,if-elfsborg,IF Elfsborg,ifk-g-teborg,IFK Göteborg,1,1,,,Played,D,SWE
2026,SW-EE,Elitettan,133439,1,-,,6536382,2026-05-31,16:00,husqvarna-ff,Husqvarna FF,link-ping-fc,Linköping FC,1,3,,,Played,A,SWE
2026,SW-EE,Elitettan,133439,1,-,,6536383,2026-05-30,16:00,if-elfsborg,IF Elfsborg,enskede-ik,Enskede IK,3,0,,,Played,H,SWE
2026,SW-EE,Elitettan,133439,1,-,,6536385,2026-05-30,16:00,kif-rebro-dff,KIF Örebro DFF,alings-s-if-ff,Alingsås IF FF,2,0,,,Played,H,SWE
2026,SW-EE,Elitettan,133439,1,-,,6536384,2026-05-30,13:00,ifk-g-teborg,IFK Göteborg,bk-h-cken,BK Häcken,2,1,,,Played,H,SWE
2026,SW-EE,Elitettan,133439,1,-,,6536386,2026-05-30,13:00,sandvikens-if,Sandvikens IF,jitex-bk,Jitex BK,0,0,,,Played,D,SWE
2026,SW-EE,Elitettan,133439,1,-,,6536387,2026-05-30,12:00,ume-ik-ff,Umeå IK FF,trelleborgs-ff,Trelleborgs FF,0,2,,,Played,A,SWE
2026,SW-EE,Elitettan,133439,1,-,,6536381,2026-05-29,20:00,gamla-upsala-sk,Gamla Upsala SK,rebro-sk-fk,Örebro SK FK,1,1,,,Played,D,SWE
2026,SW-EE,Elitettan,133439,1,-,,6536375,2026-05-23,16:00,bk-h-cken,BK Häcken,if-elfsborg,IF Elfsborg,0,1,,,Played,A,SWE
2026,SW-EE,Elitettan,133439,1,-,,6536377,2026-05-23,15:00,link-ping-fc,Linköping FC,sandvikens-if,Sandvikens IF,1,0,,,Played,H,SWE
2026,SW-EE,Elitettan,133439,1,-,,6536379,2026-05-23,14:00,trelleborgs-ff,Trelleborgs FF,husqvarna-ff,Husqvarna FF,3,0,,,Played,H,SWE
2026,SW-EE,Elitettan,133439,1,-,,6536374,2026-05-23,13:00,alings-s-if-ff,Alingsås IF FF,ume-ik-ff,Umeå IK FF,2,0,,,Played,H,SWE
2026,SW-EE,Elitettan,133439,1,-,,6536378,2026-05-23,13:00,enskede-ik,Enskede IK,gamla-upsala-sk,Gamla Upsala SK,4,1,,,Played,H,SWE
2026,SW-EE,Elitettan,133439,1,-,,6536376,2026-05-22,19:00,jitex-bk,Jitex BK,ifk-g-teborg,IFK Göteborg,0,3,,,Played,A,SWE
2026,SW-EE,Elitettan,133439,1,-,,6536380,2026-05-22,19:00,rebro-sk-fk,Örebro SK FK,kif-rebro-dff,KIF Örebro DFF,0,3,,,Played,A,SWE
2026,SW-EE,Elitettan,133439,1,-,,6536370,2026-05-16,16:00,ifk-g-teborg,IFK Göteborg,rebro-sk-fk,Örebro SK FK,2,1,,,Played,H,SWE
2026,SW-EE,Elitettan,133439,1,-,,6536369,2026-05-16,15:00,gamla-upsala-sk,Gamla Upsala SK,link-ping-fc,Linköping FC,0,2,,,Played,A,SWE
2026,SW-EE,Elitettan,133439,1,-,,6536371,2026-05-16,15:00,jitex-bk,Jitex BK,trelleborgs-ff,Trelleborgs FF,4,1,,,Played,H,SWE
2026,SW-EE,Elitettan,133439,1,-,,6536373,2026-05-16,14:00,ume-ik-ff,Umeå IK FF,sandvikens-if,Sandvikens IF,2,0,,,Played,H,SWE
2026,SW-EE,Elitettan,133439,1,-,,6536372,2026-05-16,13:00,kif-rebro-dff,KIF Örebro DFF,enskede-ik,Enskede IK,4,3,,,Played,H,SWE
2026,SW-EE,Elitettan,133439,1,-,,6536368,2026-05-15,19:00,bk-h-cken,BK Häcken,husqvarna-ff,Husqvarna FF,1,2,,,Played,A,SWE
2026,SW-EE,Elitettan,133439,1,-,,6536367,2026-05-15,18:30,alings-s-if-ff,Alingsås IF FF,if-elfsborg,IF Elfsborg,0,1,,,Played,A,SWE
2026,SW-EE,Elitettan,133439,1,-,,6536364,2026-05-10,13:00,sandvikens-if,Sandvikens IF,ifk-g-teborg,IFK Göteborg,0,5,,,Played,A,SWE
2026,SW-EE,Elitettan,133439,1,-,,6536365,2026-05-09,15:00,trelleborgs-ff,Trelleborgs FF,alings-s-if-ff,Alingsås IF FF,1,0,,,Played,H,SWE
2026,SW-EE,Elitettan,133439,1,-,,6536366,2026-05-09,14:00,rebro-sk-fk,Örebro SK FK,bk-h-cken,BK Häcken,2,1,,,Played,H,SWE
2026,SW-EE,Elitettan,133439,1,-,,6536360,2026-05-09,13:00,gamla-upsala-sk,Gamla Upsala SK,ume-ik-ff,Umeå IK FF,2,3,,,Played,A,SWE
2026,SW-EE,Elitettan,133439,1,-,,6536361,2026-05-09,13:00,husqvarna-ff,Husqvarna FF,enskede-ik,Enskede IK,0,1,,,Played,A,SWE
2026,SW-EE,Elitettan,133439,1,-,,6536363,2026-05-08,19:00,link-ping-fc,Linköping FC,kif-rebro-dff,KIF Örebro DFF,3,2,,,Played,H,SWE
2026,SW-EE,Elitettan,133439,1,-,,6536362,2026-05-07,19:00,if-elfsborg,IF Elfsborg,jitex-bk,Jitex BK,2,0,,,Played,H,SWE
2026,SW-EE,Elitettan,133439,1,-,,6536357,2026-05-03,13:00,kif-rebro-dff,KIF Örebro DFF,trelleborgs-ff,Trelleborgs FF,2,1,,,Played,H,SWE
2026,SW-EE,Elitettan,133439,1,-,,6536354,2026-05-02,15:00,if-elfsborg,IF Elfsborg,link-ping-fc,Linköping FC,0,0,,,Played,D,SWE
2026,SW-EE,Elitettan,133439,1,-,,6536353,2026-05-02,14:00,bk-h-cken,BK Häcken,alings-s-if-ff,Alingsås IF FF,0,1,,,Played,A,SWE
2026,SW-EE,Elitettan,133439,1,-,,6536355,2026-05-02,13:00,ifk-g-teborg,IFK Göteborg,gamla-upsala-sk,Gamla Upsala SK,2,1,,,Played,H,SWE
2026,SW-EE,Elitettan,133439,1,-,,6536358,2026-05-02,13:00,enskede-ik,Enskede IK,ume-ik-ff,Umeå IK FF,1,1,,,Played,D,SWE
2026,SW-EE,Elitettan,133439,1,-,,6536359,2026-05-01,15:00,rebro-sk-fk,Örebro SK FK,sandvikens-if,Sandvikens IF,1,1,,,Played,D,SWE
2026,SW-EE,Elitettan,133439,1,-,,6536356,2026-05-01,13:00,jitex-bk,Jitex BK,husqvarna-ff,Husqvarna FF,1,1,,,Played,D,SWE
2026,SW-EE,Elitettan,133439,1,-,,6536347,2026-04-26,14:00,gamla-upsala-sk,Gamla Upsala SK,if-elfsborg,IF Elfsborg,0,2,,,Played,A,SWE
2026,SW-EE,Elitettan,133439,1,-,,6536351,2026-04-26,14:00,trelleborgs-ff,Trelleborgs FF,enskede-ik,Enskede IK,1,3,,,Played,A,SWE
2026,SW-EE,Elitettan,133439,1,-,,6536349,2026-04-25,15:00,link-ping-fc,Linköping FC,jitex-bk,Jitex BK,1,1,,,Played,D,SWE
2026,SW-EE,Elitettan,133439,1,-,,6536348,2026-04-25,14:00,husqvarna-ff,Husqvarna FF,rebro-sk-fk,Örebro SK FK,0,1,,,Played,A,SWE
2026,SW-EE,Elitettan,133439,1,-,,6536350,2026-04-25,14:00,sandvikens-if,Sandvikens IF,kif-rebro-dff,KIF Örebro DFF,1,5,,,Played,A,SWE
2026,SW-EE,Elitettan,133439,1,-,,6536352,2026-04-25,14:00,ume-ik-ff,Umeå IK FF,bk-h-cken,BK Häcken,4,1,,,Played,H,SWE
2026,SW-EE,Elitettan,133439,1,-,,6536346,2026-04-24,19:00,alings-s-if-ff,Alingsås IF FF,ifk-g-teborg,IFK Göteborg,1,1,,,Played,D,SWE
2026,SW-EE,Elitettan,133439,1,-,,6536343,2026-04-06,13:00,enskede-ik,Enskede IK,ifk-g-teborg,IFK Göteborg,0,2,,,Played,A,SWE
2026,SW-EE,Elitettan,133439,1,-,,6536345,2026-04-06,12:00,ume-ik-ff,Umeå IK FF,kif-rebro-dff,KIF Örebro DFF,2,2,,,Played,D,SWE
2026,SW-EE,Elitettan,133439,1,-,,6536342,2026-04-04,15:00,link-ping-fc,Linköping FC,bk-h-cken,BK Häcken,3,0,,,Played,H,SWE
2026,SW-EE,Elitettan,133439,1,-,,6536340,2026-04-04,14:00,gamla-upsala-sk,Gamla Upsala SK,husqvarna-ff,Husqvarna FF,2,2,,,Played,D,SWE
2026,SW-EE,Elitettan,133439,1,-,,6536344,2026-04-04,14:00,trelleborgs-ff,Trelleborgs FF,sandvikens-if,Sandvikens IF,1,0,,,Played,H,SWE
2026,SW-EE,Elitettan,133439,1,-,,6536339,2026-04-03,13:00,alings-s-if-ff,Alingsås IF FF,jitex-bk,Jitex BK,0,3,,,Played,A,SWE
2026,SW-EE,Elitettan,133439,1,-,,6536341,2026-04-03,13:00,if-elfsborg,IF Elfsborg,rebro-sk-fk,Örebro SK FK,2,0,,,Played,H,SWE
2026,SW-EE,Elitettan,133439,1,-,,6536338,2026-03-28,17:00,rebro-sk-fk,Örebro SK FK,enskede-ik,Enskede IK,2,1,,,Played,H,SWE
2026,SW-EE,Elitettan,133439,1,-,,6536334,2026-03-28,16:00,ifk-g-teborg,IFK Göteborg,link-ping-fc,Linköping FC,2,3,,,Played,A,SWE
2026,SW-EE,Elitettan,133439,1,-,,6536332,2026-03-28,15:00,bk-h-cken,BK Häcken,trelleborgs-ff,Trelleborgs FF,2,4,,,Played,A,SWE
2026,SW-EE,Elitettan,133439,1,-,,6536337,2026-03-28,14:00,sandvikens-if,Sandvikens IF,gamla-upsala-sk,Gamla Upsala SK,1,2,,,Played,A,SWE
2026,SW-EE,Elitettan,133439,1,-,,6536333,2026-03-28,13:30,husqvarna-ff,Husqvarna FF,alings-s-if-ff,Alingsås IF FF,2,1,,,Played,H,SWE
2026,SW-EE,Elitettan,133439,1,-,,6536336,2026-03-28,13:00,kif-rebro-dff,KIF Örebro DFF,if-elfsborg,IF Elfsborg,0,3,,,Played,A,SWE
2026,SW-EE,Elitettan,133439,1,-,,6536335,2026-03-28,12:00,jitex-bk,Jitex BK,ume-ik-ff,Umeå IK FF,0,4,,,Played,A,SWE
