match_id,date,league_code,season,group_id,home_team,away_team,home_team_id,away_team_id,home_goals,away_goals,result,model,cutoff,p_home,p_draw,p_away
199422-10-aalesund,2025-06-15,NO-OBOS,2025,1,Aalesund,Stabæk,aalesund,stab-k,2,2,D,dc_best,2025-06-09,0.498702583814256,0.29825246969177527,0.2030449464939688
199295-10-stj-rdals-blink,2025-06-15,NO-PN2,2025,1,Stjørdals-Blink,Grorud,stj-rdals-blink,grorud,1,0,H,dc_best,2025-06-09,0.33820153446452983,0.20017421984159411,0.461624245693876
199295-10-alta,2025-06-15,NO-PN2,2025,1,Alta,Kjelsås,alta,kjels-s,2,0,H,dc_best,2025-06-09,0.186478364111379,0.1541289107863014,0.6593927251023196
199295-10-str-mmen,2025-06-15,NO-PN2,2025,1,Strømmen,Tromsdalen,str-mmen,tromsdalen,1,0,H,dc_best,2025-06-09,0.49914639510315584,0.18656128499269017,0.31429231990415396
199295-10-rana-fk,2025-06-15,NO-PN2,2025,1,Rana FK,Eidsvold TF,rana-fk,eidsvold-tf,1,2,A,dc_best,2025-06-09,0.2516583273302685,0.18389709487724126,0.5644445777924902
199120-10-fyllingsdalen,2025-06-15,NO-1DK,2025,1,Fyllingsdalen,Tromsø IL,fyllingsdalen,troms-il,2,0,H,dc_best,2025-06-09,0.49700061696683967,0.2936304627941889,0.20936892023897152
199294-10-lysekloster,2025-06-15,NO-PN1,2025,1,Lysekloster,Arendal,lysekloster,arendal,2,1,H,dc_best,2025-06-09,0.1572298059059866,0.3915427793181425,0.4512274147758707
199294-10-tr-ff,2025-06-15,NO-PN1,2025,1,Træff,Notodden,tr-ff,notodden,1,1,D,dc_best,2025-06-09,0.2053526194646189,0.41705771630439864,0.37758966423098234
3774079,2025-06-15,M1,2025,1,Kuopion Palloseura,Rovaniemen Palloseura,106331,60973,1,1,D,dc_best,2025-06-09,0.8164342078974138,0.07999004808149837,0.10357574402108786
3774080,2025-06-15,M1,2025,1,Oulun Luistinseura,Football Club International Turku,106449,60860,2,2,D,dc_best,2025-06-09,0.686367387957528,0.11978308193952328,0.1938495301029487
6144611,2025-06-15,SW-SE,2025,1,Varbergs BoIS FC,Västerås SK FK,varbergs-bois-fc,v-ster-s-sk-fk,1,0,H,dc_best,2025-06-09,0.5325910744896677,0.20546013432267238,0.2619487911876599
199120-10-odds-ballklubb,2025-06-15,NO-1DK,2025,1,Odds Ballklubb,KIL/Hemne,odds-ballklubb,kil-hemne,4,1,H,dc_best,2025-06-09,0.5311903463711779,0.2734168900658506,0.19539276356297153
199120-10-hamkam,2025-06-15,NO-1DK,2025,1,HamKam,AaFK Fortuna,hamkam,aafk-fortuna,0,2,A,dc_best,2025-06-09,0.06493377001754758,0.2909479378100681,0.6441182921723843
199422-10-start,2025-06-15,NO-OBOS,2025,1,Start,Lyn,start,lyn,1,1,D,dc_best,2025-06-09,0.6350089777032023,0.26062776460655307,0.10436325769024465
199422-10-sane,2025-06-15,NO-OBOS,2025,1,Åsane,Skeid,sane,skeid,2,1,H,dc_best,2025-06-09,0.47252776157680976,0.3037029470924893,0.223769291330701
6142950,2025-06-15,SW-DA,2025,1,Piteå IF DFF,Malmö FF,pite-if-dff,malm-ff,0,3,A,dc_best,2025-06-09,0.33768573414096864,0.16371945152357278,0.49859481433545855
3780649,2025-06-15,M2,2025,1,Lahden Reipas,FC Vaajakoski,61562,60496,3,1,H,dc_best,2025-06-09,0.5750088265294869,0.16819772074810305,0.25679345272241
199422-10-raufoss,2025-06-15,NO-OBOS,2025,1,Raufoss,Odd,raufoss,odd,1,1,D,dc_best,2025-06-09,0.28455797243815123,0.33242107642865515,0.3830209511331938
3780828,2025-06-15,M2,2025,3,Gamlakarleby Bollklubb,Tornion Pallo-47,60492,60666,3,3,D,dc_best,2025-06-09,0.2816753322213077,0.17282631283480293,0.5454983549438893
3780830,2025-06-15,M2,2025,3,SJK Akatemia,Jakobstads Bollklubb,131834,61766,1,3,A,dc_best,2025-06-09,0.36673007092268106,0.18064196435268767,0.45262796472463135
6155322,2025-06-15,SW-EN,2025,1,Vasalund,Örebro Syrianska IF,vasalund,rebro-syrianska-if,3,0,H,dc_best,2025-06-09,0.719934772687171,0.16011382646729858,0.11995140084553046
6155316,2025-06-15,SW-EN,2025,1,Enköpings SK FK,Team TG FF,enk-pings-sk-fk,team-tg-ff,2,0,H,dc_best,2025-06-09,0.6911813536996417,0.1795228595858208,0.12929578671453748
6155320,2025-06-15,SW-EN,2025,1,Karlbergs BK,Stockholm Internazionale,karlbergs-bk,stockholm-internazionale,0,0,D,dc_best,2025-06-09,0.35229970217714623,0.2922424876060174,0.3554578102168364
6155315,2025-06-15,SW-EN,2025,1,Athletic Eskilstuna,FC Arlanda,athletic-eskilstuna,fc-arlanda,1,0,H,dc_best,2025-06-09,0.2605662881939804,0.2532476918742582,0.48618601993176147
199422-10-egersund,2025-06-15,NO-OBOS,2025,1,Egersund,Ranheim TF,egersund,ranheim-tf,3,4,A,dc_best,2025-06-09,0.4162290178798119,0.3202193573839093,0.2635516247362789
199422-10-mj-ndalen,2025-06-15,NO-OBOS,2025,1,Mjøndalen,Moss,mj-ndalen,moss,2,2,D,dc_best,2025-06-09,0.3064542176622203,0.23443781568273317,0.45910796665504655
3747977,2025-06-15,NL,2025,1,Åland United,Idrottsföreningen Kamraterna Vasa,60532,60691,1,1,D,dc_best,2025-06-09,0.6676831709492741,0.2155911342426843,0.11672569480804167
3774081,2025-06-15,M1,2025,1,Mikkelin Palloilijat,Jalkapalloseura Tampere United,60494,106945,2,1,H,dc_best,2025-06-09,0.6577285781933642,0.1443984001130739,0.19787302169356194
6144607,2025-06-15,SW-SE,2025,1,IK Brage,Örgryte IS Fotboll,ik-brage,rgryte-is-fotboll,3,2,H,dc_best,2025-06-09,0.16858375281780388,0.19881858403216546,0.6325976631500307
6144609,2025-06-15,SW-SE,2025,1,Trelleborgs FF,Utsikten,trelleborgs-ff,utsikten,1,1,D,dc_best,2025-06-09,0.20224718382745333,0.2216006245585993,0.5761521916139475
6155078,2025-06-15,SW-ES,2025,1,IFK Skövde FK,Lunds BK,ifk-sk-vde-fk,lunds-bk,3,2,H,dc_best,2025-06-09,0.09901549907797028,0.1850681761425721,0.7159163247794577
6155075,2025-06-15,SW-ES,2025,1,Ariana FC,FC Trollhättan,ariana-fc,fc-trollh-ttan,3,3,D,dc_best,2025-06-09,0.6521383891983263,0.20693326619441318,0.1409283446072606
3780650,2025-06-15,M2,2025,1,GrIFK - Fotboll,FC Honka,60549,62416,1,3,A,dc_best,2025-06-09,0.12341554235254953,0.11421679648723533,0.7623676611602153
199120-10-ik-start-kvinner,2025-06-15,NO-1DK,2025,1,IK Start Kvinner,Molde,ik-start-kvinner,molde,3,1,H,dc_best,2025-06-09,0.09277548090249607,0.25928562397666244,0.6479388951208416
3747978,2025-06-16,NL,2025,1,PK-35 Vantaa,Jyväskylän Pallokerho,60671,60884,1,2,A,dc_best,2025-06-16,0.5451950346578314,0.357132376278205,0.09767258906396353
6142947,2025-06-16,SW-DA,2025,1,Hammarby,Djurgården,hammarby,djurg-rden,2,1,H,dc_best,2025-06-16,0.7294631991918578,0.11699766336698719,0.1535391374411551
3748502,2025-06-18,M1L,2025,1,SJK Akatemia,Käpylän Pallo,168874,60487,5,3,H,dc_best,2025-06-16,0.6472786103122542,0.20498209481031335,0.1477392948774325
6155089,2025-06-18,SW-ES,2025,1,Torslanda IK,Ljungskile SK Herrfotboll,torslanda-ik,ljungskile-sk-herrfotboll,1,1,D,dc_best,2025-06-16,0.2065453595379796,0.2543719593761207,0.5390826810858997
3747294,2025-06-18,VL,2025,1,Vaasan Palloseura,IF Gnistan,60901,60534,0,0,D,dc_best,2025-06-16,0.5060028972704259,0.20601838410529655,0.28797871862427765
199422-11-lyn,2025-06-18,NO-OBOS,2025,1,Lyn,Raufoss,lyn,raufoss,3,2,H,dc_best,2025-06-16,0.2177555189242772,0.38329097065087214,0.3989535104248508
199422-11-lillestr-m,2025-06-18,NO-OBOS,2025,1,Lillestrøm,Åsane,lillestr-m,sane,2,2,D,dc_best,2025-06-16,0.690135983261989,0.24277730069246684,0.06708671604554407
199422-11-kongsvinger,2025-06-18,NO-OBOS,2025,1,Kongsvinger,Aalesund,kongsvinger,aalesund,3,0,H,dc_best,2025-06-16,0.4790136514032456,0.2442635828795669,0.27672276571718757
199422-11-ranheim-tf,2025-06-18,NO-OBOS,2025,1,Ranheim TF,Start,ranheim-tf,start,0,1,A,dc_best,2025-06-16,0.33988392489363256,0.2857799388914574,0.37433613621490996
3747297,2025-06-18,VL,2025,1,Helsingin Jalkapalloklubin Liiga-HJK,Football Club Haka,60731,60561,3,1,H,dc_best,2025-06-16,0.6746859027592165,0.18144113514858068,0.1438729620922029
3748504,2025-06-18,M1L,2025,1,Pallokerho-35,Salon Palloilijat,50775,60690,3,1,H,dc_best,2025-06-16,0.5404118628792822,0.3615783483818062,0.0980097887389117
3747298,2025-06-18,VL,2025,1,Fotbollsföreningen JARO Jalkapalloseura,Oulun edustusjalkapallo AC Oulu,60974,60493,2,1,H,dc_best,2025-06-16,0.38524611820911697,0.26497181608429965,0.3497820657065835
3747296,2025-06-18,VL,2025,1,Ilves,SEINÄJOEN JALKAPALLOKERHO,60745,60970,2,3,A,dc_best,2025-06-16,0.5812211605033699,0.1901900346616838,0.22858880483494626
3747295,2025-06-18,VL,2025,1,IFK Mariehamn Fotboll,Kuopion Palloseura,60759,60756,1,0,H,dc_best,2025-06-16,0.15625294964394826,0.19423170097569503,0.6495153493803567
6150041,2025-06-18,SW-EE,2025,1,Jitex BK,Team TG FF,jitex-bk,team-tg-ff,5,0,H,dc_best,2025-06-16,0.6773165252293886,0.17529792694884466,0.14738554782176677
6150039,2025-06-18,SW-EE,2025,1,Gamla Upsala SK,Bollstanäs SK,gamla-upsala-sk,bollstan-s-sk,1,0,H,dc_best,2025-06-16,0.3442075337524134,0.2540471203889751,0.4017453458586115
3774088,2025-06-18,M1,2025,1,JJK Jyväskylä,Kuopion Palloseura,144858,106331,2,1,H,dc_best,2025-06-16,0.7934929224078925,0.08388032560138765,0.12262675199071997
3780711,2025-06-18,M2,2025,2,Pallo-Iirot,Musan Salama,107307,60696,0,3,A,dc_best,2025-06-16,0.5617098011479984,0.16682385124144772,0.27146634761055394
3780841,2025-06-18,M2,2025,3,Jalkapalloseura Hercules,Idrottsföreningen Kraft,61004,60686,2,3,A,dc_best,2025-06-16,0.4252572972172946,0.1675531981399314,0.40718950464277415
3780651,2025-06-18,M2,2025,1,Vantaan Jalkapalloseura,Jyväskylän Seudun Palloseura,63440,106602,6,0,H,dc_best,2025-06-16,0.9637560458796414,0.022012673568177068,0.01423128055218159
199422-11-skeid,2025-06-18,NO-OBOS,2025,1,Skeid,Sogndal,skeid,sogndal,1,4,A,dc_best,2025-06-16,0.19322593670311028,0.23252903798833235,0.5742450253085575
199422-11-stab-k,2025-06-18,NO-OBOS,2025,1,Stabæk,Egersund,stab-k,egersund,1,3,A,dc_best,2025-06-16,0.38776906317149284,0.2959852409863373,0.3162456958421699
199422-11-moss,2025-06-18,NO-OBOS,2025,1,Moss,Hødd,moss,h-dd,3,1,H,dc_best,2025-06-16,0.2149562749354026,0.2864901725341634,0.4985535525304341
199422-11-odd,2025-06-18,NO-OBOS,2025,1,Odd,Mjøndalen,odd,mj-ndalen,1,1,D,dc_best,2025-06-16,0.712627629738591,0.1922907643361216,0.09508160592528742
3748501,2025-06-19,M1L,2025,1,Jippo,TPS Juniorijalkapallo,129811,60971,1,2,A,dc_best,2025-06-16,0.165342131167603,0.2358433838602958,0.5988144849721013
3748505,2025-06-19,M1L,2025,1,FC Lahti,Helsingin Jalkapalloklubi,60969,60692,2,1,H,dc_best,2025-06-16,0.4579225900124091,0.29863733076632293,0.24344007922126795
3748503,2025-06-19,M1L,2025,1,Järvenpään Palloseura,Ekenäs Idrottsförening,60676,60495,1,1,D,dc_best,2025-06-16,0.2114658193666934,0.2779648106902209,0.5105693699430858
3747299,2025-06-19,VL,2025,1,Football Club International Turku,FC KTP Kotka,60987,60972,5,0,H,dc_best,2025-06-16,0.8130913155378908,0.12053388681851765,0.06637479764359164
199118-14-kolbotn-il-elite,2025-06-19,NO-TS,2025,1,Kolbotn IL Elite,Rosenborg BK,kolbotn-il-elite,rosenborg-bk,2,5,A,dc_best,2025-06-16,0.078493785753856,0.11278242926241595,0.8087237849837281
199118-14-sk-brann,2025-06-19,NO-TS,2025,1,SK Brann,Røa Fotball Elite,sk-brann,r-a-fotball-elite,5,0,H,dc_best,2025-06-16,0.8990241221812685,0.07230151114519308,0.02867436667353851
199118-14-stab-k,2025-06-19,NO-TS,2025,1,Stabæk,Lyn,stab-k,lyn,4,1,H,dc_best,2025-06-16,0.3043889900337823,0.27036876006145827,0.42524224990475945
6155328,2025-06-19,SW-EN,2025,1,Stockholm Internazionale,Vasalund,stockholm-internazionale,vasalund,0,0,D,dc_best,2025-06-16,0.5745781001990107,0.21900892476220343,0.20641297503878592
3780869,2025-06-19,M2,2025,3,SJK Akatemia,Vaasan Palloseura,131834,169909,5,2,H,dc_best,2025-06-16,0.19356344307513385,0.1347553901763707,0.6716811667484954
6155326,2025-06-19,SW-EN,2025,1,IFK Stocksund,Hammarby TFF Herrfotboll,ifk-stocksund,hammarby-tff-herrfotboll,2,0,H,dc_best,2025-06-16,0.14669608068723783,0.16908916841702396,0.6842147508957382
6155324,2025-06-19,SW-EN,2025,1,FC Arlanda,Karlbergs BK,fc-arlanda,karlbergs-bk,0,1,A,dc_best,2025-06-16,0.31310518366676166,0.3151989972431894,0.3716958190900491
3780842,2025-06-19,M2,2025,3,Gamlakarleby Bollklubb,Oulunsalon Pallo,60492,108059,3,1,H,dc_best,2025-06-16,0.2218980988931753,0.1431668215558965,0.6349350795509283
6142957,2025-06-19,SW-DA,2025,1,Kristianstads DFF,Linköping FC,kristianstads-dff,link-ping-fc,3,1,H,dc_best,2025-06-16,0.9003784411284574,0.05599356650665305,0.04362799236488942
6155090,2025-06-19,SW-ES,2025,1,Ängelholms FF,Jönköpings Södra IF,ngelholms-ff,j-nk-pings-s-dra-if,1,2,A,dc_best,2025-06-16,0.27534675262081165,0.3415152040756895,0.3831380433034989
6155088,2025-06-19,SW-ES,2025,1,Lunds BK,Skövde AIK,lunds-bk,sk-vde-aik,3,0,H,dc_best,2025-06-16,0.6491000820234962,0.19582055568504386,0.15507936229146
6150042,2025-06-19,SW-EE,2025,1,Mallbackens IF Sunne,IK Uppsala Fotboll,mallbackens-if-sunne,ik-uppsala-fotboll,0,2,A,dc_best,2025-06-16,0.1357489400065745,0.146639677268941,0.7176113827244845
6142959,2025-06-19,SW-DA,2025,1,Piteå IF DFF,BK Häcken FF,pite-if-dff,bk-h-cken-ff,0,5,A,dc_best,2025-06-16,0.0926795624090119,0.08641249442316727,0.8209079431678209
6142955,2025-06-19,SW-DA,2025,1,FC Rosengård,Vittsjö GIK,fc-roseng-rd,vittsj-gik,2,2,D,dc_best,2025-06-16,0.4918560635619917,0.19230735076859332,0.315836585669415
199118-14-lsk-kvinner,2025-06-19,NO-TS,2025,1,LSK Kvinner,Bodø/Glimt,lsk-kvinner,bod-glimt,4,0,H,dc_best,2025-06-16,0.8031601140832494,0.11365453146668696,0.08318535445006352
6155086,2025-06-19,SW-ES,2025,1,Husqvarna FF,Norrby IF,husqvarna-ff,norrby-if,1,1,D,dc_best,2025-06-16,0.12289189566478319,0.2398758133568527,0.6372322909783641
6155084,2025-06-19,SW-ES,2025,1,Eskilsminne IF,Hässleholms IF,eskilsminne-if,h-ssleholms-if,0,3,A,dc_best,2025-06-16,0.3253994774417108,0.32028829372594975,0.3543122288323394
6155083,2025-06-19,SW-ES,2025,1,BK Olympic,Ariana FC,bk-olympic,ariana-fc,1,1,D,dc_best,2025-06-16,0.28149578703921735,0.28356090463133227,0.43494330832945044
199118-14-v-lerenga-fotball,2025-06-19,NO-TS,2025,1,Vålerenga Fotball,Hønefoss BK,v-lerenga-fotball,h-nefoss-bk,7,0,H,dc_best,2025-06-16,0.9269777455019435,0.04984752018639144,0.023174734311665144
199120-11-sane,2025-06-20,NO-1DK,2025,1,Åsane,Fyllingsdalen,sane,fyllingsdalen,3,0,H,dc_best,2025-06-16,0.6936144462376614,0.2226113155646827,0.08377423819765586
199295-11-eidsvold-tf,2025-06-20,NO-PN2,2025,1,Eidsvold TF,Levanger,eidsvold-tf,levanger,2,0,H,dc_best,2025-06-16,0.3482706979277224,0.145989384911725,0.5057399171605526
199295-11-tromsdalen,2025-06-20,NO-PN2,2025,1,Tromsdalen,Strindheim TF,tromsdalen,strindheim-tf,2,0,H,dc_best,2025-06-16,0.7543650957928396,0.09612702407949796,0.14950788012766242
199120-11-viking,2025-06-21,NO-1DK,2025,1,Viking,Haugesund,viking,haugesund,0,4,A,dc_best,2025-06-16,0.30558184851657205,0.24782020928720283,0.4465979421962251
199120-11-arna-bj-rnar,2025-06-21,NO-1DK,2025,1,Arna-Bjørnar,Odds Ballklubb,arna-bj-rnar,odds-ballklubb,4,2,H,dc_best,2025-06-16,0.41963952846595864,0.2948242938092978,0.2855361777247436
199294-11-pors,2025-06-21,NO-PN1,2025,1,Pors,Fløy-Flekkerøy,pors,fl-y-flekker-y,0,0,D,dc_best,2025-06-16,0.45307334993285325,0.2653286193586218,0.281598030708525
6155327,2025-06-21,SW-EN,2025,1,Nordic United FC,Enköpings SK FK,nordic-united-fc,enk-pings-sk-fk,3,2,H,dc_best,2025-06-16,0.4888860868076719,0.24585640297434935,0.2652575102179788
199422-12-ranheim-tf,2025-06-21,NO-OBOS,2025,1,Ranheim TF,Lillestrøm,ranheim-tf,lillestr-m,0,4,A,dc_best,2025-06-16,0.1102057920088997,0.2506212727191311,0.6391729352719692
199422-12-sane,2025-06-21,NO-OBOS,2025,1,Åsane,Moss,sane,moss,2,1,H,dc_best,2025-06-16,0.4787481677429104,0.29126445616138064,0.22998737609570905
199422-12-egersund,2025-06-21,NO-OBOS,2025,1,Egersund,Kongsvinger,egersund,kongsvinger,2,2,D,dc_best,2025-06-16,0.2572508536976704,0.22912202465744802,0.5136271216448817
199294-11-vard-haugesund,2025-06-21,NO-PN1,2025,1,Vard Haugesund,Arendal,vard-haugesund,arendal,2,4,A,dc_best,2025-06-16,0.3266604450153003,0.34757235863883656,0.32576719634586326
199422-12-raufoss,2025-06-21,NO-OBOS,2025,1,Raufoss,Hødd,raufoss,h-dd,6,1,H,dc_best,2025-06-16,0.2982432957230132,0.3668372667214052,0.3349194375555816
199422-12-aalesund,2025-06-21,NO-OBOS,2025,1,Aalesund,Odd,aalesund,odd,1,0,H,dc_best,2025-06-16,0.3840293472940436,0.3136682907144426,0.30230236199151383
199422-12-start,2025-06-21,NO-OBOS,2025,1,Start,Stabæk,start,stab-k,5,1,H,dc_best,2025-06-16,0.4484310254019849,0.3011319515109589,0.2504370230870563
199295-11-h-nefoss-bk,2025-06-21,NO-PN2,2025,1,Hønefoss BK,Rana FK,h-nefoss-bk,rana-fk,4,2,H,dc_best,2025-06-16,0.6721962086101058,0.12559422310580862,0.20220956828408576
199295-11-grorud,2025-06-21,NO-PN2,2025,1,Grorud,Ullensaker/Kisa,grorud,ullensaker-kisa,2,2,D,dc_best,2025-06-16,0.36183888917733387,0.14892894966486606,0.4892321611578001
199603-10-bod-glimt,2025-06-21,NO-ELI,2025,1,Bodø/Glimt,Brann,bod-glimt,brann,3,0,H,dc_best,2025-06-16,0.6485343989185873,0.16464159355244234,0.18682400752897038
199295-11-kjels-s,2025-06-21,NO-PN2,2025,1,Kjelsås,Strømmen,kjels-s,str-mmen,1,2,A,dc_best,2025-06-16,0.31304447661734136,0.15060240108760634,0.5363531222950524
6144616,2025-06-22,SW-SE,2025,1,IK Oddevold,Varbergs BoIS FC,ik-oddevold,varbergs-bois-fc,2,1,H,dc_best,2025-06-16,0.3190039151784874,0.22305022094968316,0.45794586387182945
6142954,2025-06-22,SW-DA,2025,1,Djurgården,Växjö,djurg-rden,v-xj,2,1,H,dc_best,2025-06-16,0.6093045502171244,0.146245578923866,0.2444498708590097
199603-10-viking,2025-06-22,NO-ELI,2025,1,Viking,Fredrikstad,viking,fredrikstad,3,0,H,dc_best,2025-06-16,0.5571991470895933,0.20544423262118527,0.23735662028922133
199603-10-sarpsborg-08,2025-06-22,NO-ELI,2025,1,Sarpsborg 08,Bryne,sarpsborg-08,bryne,1,1,D,dc_best,2025-06-16,0.6057972565031183,0.19575382333389896,0.19844892016298277
6142956,2025-06-22,SW-DA,2025,1,IFK Norrköping FK,Hammarby,ifk-norrk-ping-fk,hammarby,2,2,D,dc_best,2025-06-16,0.15201561083790294,0.14432323595938706,0.7036611532027099
6142958,2025-06-22,SW-DA,2025,1,Malmö FF,IF Brommapojkarna,malm-ff,if-brommapojkarna,1,0,H,dc_best,2025-06-16,0.763019824953115,0.10641878714381744,0.13056138790306748
199603-10-sandefjord-fotball,2025-06-22,NO-ELI,2025,1,Sandefjord Fotball,Haugesund,sandefjord-fotball,haugesund,4,0,H,dc_best,2025-06-16,0.7672831815642115,0.1502101424251654,0.08250667601062313
199603-10-kristiansund,2025-06-22,NO-ELI,2025,1,Kristiansund,Rosenborg,kristiansund,rosenborg,4,1,H,dc_best,2025-06-16,0.23028235254431573,0.31370623675200066,0.4560114107036837
6150044,2025-06-22,SW-EE,2025,1,Örebro SK FK,Umeå IK FF,rebro-sk-fk,ume-ik-ff,1,2,A,dc_best,2025-06-16,0.09911025835036763,0.15866775359181642,0.742221988057816
199422-12-sogndal,2025-06-22,NO-OBOS,2025,1,Sogndal,Lyn,sogndal,lyn,1,2,A,dc_best,2025-06-16,0.581362510738704,0.27718945043655746,0.14144803882473853
199603-10-kfum,2025-06-22,NO-ELI,2025,1,KFUM,Strømsgodset,kfum,str-msgodset,5,0,H,dc_best,2025-06-16,0.35006481347957663,0.2522120651874012,0.3977231213330221
199120-11-kil-hemne,2025-06-22,NO-1DK,2025,1,KIL/Hemne,IK Start Kvinner,kil-hemne,ik-start-kvinner,0,0,D,dc_best,2025-06-16,0.4432575400532744,0.32313206767239283,0.2336103922743329
199120-11-troms-il,2025-06-22,NO-1DK,2025,1,Tromsø IL,HamKam,troms-il,hamkam,4,0,H,dc_best,2025-06-16,0.5349256030293805,0.33437379675665585,0.1307006002139635
199120-11-aafk-fortuna,2025-06-22,NO-1DK,2025,1,AaFK Fortuna,Molde,aafk-fortuna,molde,2,2,D,dc_best,2025-06-16,0.6523251301232247,0.2101909733246099,0.13748389655216547
199603-10-hamkam,2025-06-22,NO-ELI,2025,1,HamKam,Tromsø,hamkam,troms,1,3,A,dc_best,2025-06-16,0.232765362761849,0.21613278554948456,0.5511018516886664
199603-10-v-lerenga,2025-06-22,NO-ELI,2025,1,Vålerenga,Molde,v-lerenga,molde,2,3,A,dc_best,2025-06-16,0.3140967739762152,0.29569289549766564,0.3902103305261192
6144617,2025-06-22,SW-SE,2025,1,Kalmar FF,Örgryte IS Fotboll,kalmar-ff,rgryte-is-fotboll,2,3,A,dc_best,2025-06-16,0.5093815138631259,0.2330489295006717,0.2575695566362024
6144618,2025-06-22,SW-SE,2025,1,Landskrona BoIS,Örebro,landskrona-bois,rebro,1,0,H,dc_best,2025-06-16,0.6932668183813085,0.1493497979614644,0.15738338365722704
6144619,2025-06-22,SW-SE,2025,1,Sandvikens IF,Falkenbergs FF,sandvikens-if,falkenbergs-ff,4,1,H,dc_best,2025-06-16,0.2046665020228607,0.23244789577170955,0.5628856022054298
6144620,2025-06-22,SW-SE,2025,1,Utsikten,Östersund,utsikten,stersund,1,0,H,dc_best,2025-06-16,0.46448148046380305,0.20983813911843474,0.3256803804177622
6150040,2025-06-22,SW-EE,2025,1,IF Elfsborg,Sunnanå SK,if-elfsborg,sunnan-sk,3,0,H,dc_best,2025-06-16,0.706379124018629,0.1721533828969783,0.12146749308439261
6144621,2025-06-22,SW-SE,2025,1,Västerås SK FK,IK Brage,v-ster-s-sk-fk,ik-brage,2,2,D,dc_best,2025-06-16,0.45884808037178937,0.22586103522233703,0.3152908844058737
6142953,2025-06-22,SW-DA,2025,1,Alingsås IF FF,AIK,alings-s-if-ff,aik,1,4,A,dc_best,2025-06-16,0.2592718838320917,0.2571789950881033,0.48354912107980497
199294-11-notodden,2025-06-22,NO-PN1,2025,1,Notodden,Sandnes Ulf,notodden,sandnes-ulf,0,4,A,dc_best,2025-06-16,0.3794510463942251,0.3609419963041123,0.2596069573016626
199294-11-jerv,2025-06-22,NO-PN1,2025,1,Jerv,Brann  2,jerv,brann-2,2,1,H,dc_best,2025-06-16,0.7238407593280906,0.16697036902866086,0.10918887164324859
199294-11-sandviken,2025-06-22,NO-PN1,2025,1,Sandviken,Træff,sandviken,tr-ff,1,2,A,dc_best,2025-06-16,0.49621537524862885,0.37729530495510777,0.12648931979626346
199294-11-fk-eik-t-nsberg-871,2025-06-22,NO-PN1,2025,1,FK Eik Tønsberg 871,Lysekloster,fk-eik-t-nsberg-871,lysekloster,0,0,D,dc_best,2025-06-16,0.48137708925581885,0.3416908153808203,0.17693209536336074
199294-11-sotra,2025-06-22,NO-PN1,2025,1,Sotra,Brattvåg,sotra,brattv-g,2,1,H,dc_best,2025-06-16,0.8201880720688159,0.12627411356997348,0.053537814361210655
199295-11-follo,2025-06-22,NO-PN2,2025,1,Follo,Alta,follo,alta,3,2,H,dc_best,2025-06-16,0.4739854596520762,0.1508564471550955,0.37515809319282833
6155085,2025-06-22,SW-ES,2025,1,FC Trollhättan,FC Rosengård 1917,fc-trollh-ttan,fc-roseng-rd-1917,0,2,A,dc_best,2025-06-16,0.43283767103144366,0.2873024337265814,0.27985989524197497
6155087,2025-06-22,SW-ES,2025,1,IFK Skövde FK,Oskarshamns AIK,ifk-sk-vde-fk,oskarshamns-aik,1,1,D,dc_best,2025-06-16,0.28050684627369965,0.2905519396355131,0.4289412140907873
199295-11-asker,2025-06-22,NO-PN2,2025,1,Asker,Stjørdals-Blink,asker,stj-rdals-blink,0,3,A,dc_best,2025-06-16,0.3672207378216619,0.1425583338996247,0.49022092827871344
6155323,2025-06-22,SW-EN,2025,1,Assyriska FF,Sollentuna FK,assyriska-ff,sollentuna-fk,0,0,D,dc_best,2025-06-16,0.5702503865200956,0.21607701031314133,0.21367260316676304
6155325,2025-06-22,SW-EN,2025,1,IF Karlstad Fotboll,Athletic Eskilstuna,if-karlstad-fotboll,athletic-eskilstuna,1,2,A,dc_best,2025-06-16,0.8546520839589091,0.09681527641974019,0.04853263962135068
6155329,2025-06-22,SW-EN,2025,1,Team TG FF,IFK Haninge,team-tg-ff,ifk-haninge,1,2,A,dc_best,2025-06-16,0.23206926882234008,0.20214315178186162,0.5657875793957984
6155330,2025-06-22,SW-EN,2025,1,Örebro Syrianska IF,Gefle IF FF,rebro-syrianska-if,gefle-if-ff,2,1,H,dc_best,2025-06-16,0.3791181656588678,0.33390460282842005,0.28697723151271204
199422-12-mj-ndalen,2025-06-23,NO-OBOS,2025,1,Mjøndalen,Skeid,mj-ndalen,skeid,1,4,A,dc_best,2025-06-23,0.41735880769876366,0.24326620500560492,0.3393749872956315
6144614,2025-06-23,SW-SE,2025,1,GIF Sundsvall,Trelleborgs FF,gif-sundsvall,trelleborgs-ff,4,2,H,dc_best,2025-06-23,0.48854360300310073,0.336425446494943,0.1750309505019562
6144615,2025-06-23,SW-SE,2025,1,Helsingborgs IF,Umeå FC,helsingborgs-if,ume-fc,5,1,H,dc_best,2025-06-23,0.5310143488822672,0.23352785244032645,0.23545779867740646
3748511,2025-06-23,M1L,2025,1,Pallokerho-35,SJK Akatemia,50775,168874,2,1,H,dc_best,2025-06-23,0.44493309163861405,0.3381080310230551,0.2169588773383309
3780741,2025-06-25,M2,2025,2,Tampereen Pallo-Veikot,Football Club Kiffen 08,60704,60554,0,2,A,dc_best,2025-06-23,0.6532307019024747,0.14568503005755704,0.20108426803996843
3774083,2025-06-25,M1,2025,1,JJK Jyväskylä,Mikkelin Palloilijat,144858,60494,0,0,D,dc_best,2025-06-23,0.6172735043496014,0.1552029778796262,0.2275235177707725
6155334,2025-06-25,SW-EN,2025,1,Hammarby TFF Herrfotboll,Nordic United FC,hammarby-tff-herrfotboll,nordic-united-fc,2,0,H,dc_best,2025-06-23,0.4877656495773998,0.26338983413105366,0.24884451629154652
6155332,2025-06-25,SW-EN,2025,1,Enköpings SK FK,Vasalund,enk-pings-sk-fk,vasalund,1,4,A,dc_best,2025-06-23,0.4102549659506219,0.24492758955397326,0.3448174444954049
3780834,2025-06-26,M2,2025,3,Tornion Pallo-47,Oulunsalon Pallo,60666,108059,5,4,H,dc_best,2025-06-23,0.44498403584872975,0.16538292914600686,0.3896330350052635
3774084,2025-06-26,M1,2025,1,FC Jazz Juniorit,Pallokerho Keski-Uusimaa,60521,60929,4,2,H,dc_best,2025-06-23,0.527315397258314,0.14093526797828484,0.3317493347634011
3780652,2025-06-26,M2,2025,1,MYPA,FC Vaajakoski,129934,60496,4,3,H,dc_best,2025-06-23,0.5792407900784786,0.1513361947711926,0.26942301515032885
3780833,2025-06-26,M2,2025,3,Idrottsföreningen Kraft,SJK Akatemia,60686,131834,2,3,A,dc_best,2025-06-23,0.4984246597487817,0.16086250889166986,0.34071283135954855
6155097,2025-06-26,SW-ES,2025,1,Norrby IF,Torslanda IK,norrby-if,torslanda-ik,4,2,H,dc_best,2025-06-23,0.36648688067183455,0.3876194245407233,0.24589369478744205
6155093,2025-06-26,SW-ES,2025,1,Husqvarna FF,Lunds BK,husqvarna-ff,lunds-bk,2,1,H,dc_best,2025-06-23,0.098106717165773,0.20056122492044112,0.7013320579137858
3780653,2025-06-27,M2,2025,1,Pepo Lappeenranta,GrIFK - Fotboll,61010,60549,2,1,H,dc_best,2025-06-23,0.44473710844971814,0.17089331809761704,0.38436957345266476
3780744,2025-06-27,M2,2025,2,Nurmijärven Jalkapalloseura,Atlantis Football Club,60537,35135803,3,3,D,dc_best,2025-06-23,0.55521707670026,0.15730817192557117,0.28747475137416895
6144626,2025-06-27,SW-SE,2025,1,Varbergs BoIS FC,Utsikten,varbergs-bois-fc,utsikten,1,1,D,dc_best,2025-06-23,0.5354307451231023,0.19033990062282516,0.27422935425407247
6144624,2025-06-27,SW-SE,2025,1,IK Brage,Sandvikens IF,ik-brage,sandvikens-if,1,2,A,dc_best,2025-06-23,0.4287626743346895,0.2228206216930483,0.3484167039722621
6155337,2025-06-27,SW-EN,2025,1,Karlbergs BK,Sollentuna FK,karlbergs-bk,sollentuna-fk,1,2,A,dc_best,2025-06-23,0.6862140614461387,0.19744931790222695,0.1163366206516343
6155331,2025-06-27,SW-EN,2025,1,Athletic Eskilstuna,Örebro Syrianska IF,athletic-eskilstuna,rebro-syrianska-if,1,1,D,dc_best,2025-06-23,0.4781276631080814,0.250473949512604,0.2713983873793146
3780831,2025-06-27,M2,2025,3,Jakobstads Bollklubb,Idrottsföreningen Kamraterna Vasa,61766,60647,3,2,H,dc_best,2025-06-23,0.65430688254518,0.14366824702311415,0.20202487043170594
3780832,2025-06-27,M2,2025,3,Vaasan Palloseura,Gamlakarleby Bollklubb,169909,60492,3,0,H,dc_best,2025-06-23,0.6678207975864247,0.13660349988090228,0.19557570253267315
6155091,2025-06-27,SW-ES,2025,1,Ariana FC,FC Rosengård 1917,ariana-fc,fc-roseng-rd-1917,1,2,A,dc_best,2025-06-23,0.4600678792605569,0.3455748352910271,0.1943572854484159
3774085,2025-06-27,M1,2025,1,Espoon Palloseuran Jalkapallo,Kuopion Palloseura,62296,106331,0,3,A,dc_best,2025-06-23,0.5197267518354444,0.13986302738743922,0.3404102207771165
3748506,2025-06-27,M1L,2025,1,TPS Juniorijalkapallo,Järvenpään Palloseura,60971,60676,4,2,H,dc_best,2025-06-23,0.7291766854260222,0.15905877598324245,0.11176453859073535
3748507,2025-06-27,M1L,2025,1,Ekenäs Idrottsförening,Pallokerho-35,60495,50775,2,0,H,dc_best,2025-06-23,0.2978233902802494,0.38459844542585453,0.3175781642938961
3747300,2025-06-27,VL,2025,1,IF Gnistan,Football Club International Turku,60534,60987,2,2,D,dc_best,2025-06-23,0.128080530862115,0.20582882252325835,0.6660906466146267
3747301,2025-06-27,VL,2025,1,Kuopion Palloseura,Helsingin Jalkapalloklubin Liiga-HJK,60756,60731,3,0,H,dc_best,2025-06-23,0.17549864254358077,0.23772215551489337,0.5867792019415259
3780743,2025-06-28,M2,2025,2,Pallo-Iirot,Pallo-Pojat Juniorit,107307,48924,1,1,D,dc_best,2025-06-23,0.6797940844956085,0.1323643039125151,0.18784161159187637
3780655,2025-06-28,M2,2025,1,FC Honka,Lahden Reipas,62416,61562,5,3,H,dc_best,2025-06-23,0.9008817332747467,0.053832796641028545,0.04528547008422466
3780654,2025-06-28,M2,2025,1,Puistolan Urheilijat,Haminan Pallo-Kissat Edustus,49973,61483,6,0,H,dc_best,2025-06-23,0.8057678433118679,0.10201444370585536,0.09221771298227685
3747980,2025-06-28,NL,2025,1,Helsingin Jalkapalloklubi,Kuopion Palloseura,60682,157420,1,0,H,dc_best,2025-06-23,0.5205955431793049,0.3333344049150837,0.14607005190561143
3748509,2025-06-28,M1L,2025,1,Helsingin Jalkapalloklubi,SJK Akatemia,60692,168874,3,2,H,dc_best,2025-06-23,0.5015135049135562,0.26250699615061696,0.23597949893582681
3747302,2025-06-28,VL,2025,1,SEINÄJOEN JALKAPALLOKERHO,IFK Mariehamn Fotboll,60970,60759,4,1,H,dc_best,2025-06-23,0.6521525817855925,0.17118519767327203,0.1766622205411354
3747303,2025-06-28,VL,2025,1,Football Club Haka,Ilves,60561,60745,0,4,A,dc_best,2025-06-23,0.19185891249862327,0.19085374280367148,0.6172873446977053
3747305,2025-06-28,VL,2025,1,Oulun edustusjalkapallo AC Oulu,Vaasan Palloseura,60493,60901,2,1,H,dc_best,2025-06-23,0.16109109366947358,0.1786636876764746,0.6602452186540518
199422-13-stab-k,2025-06-28,NO-OBOS,2025,1,Stabæk,Ranheim TF,stab-k,ranheim-tf,1,2,A,dc_best,2025-06-23,0.3709801950854088,0.2549215503780092,0.374098254536582
199422-13-skeid,2025-06-28,NO-OBOS,2025,1,Skeid,Aalesund,skeid,aalesund,1,1,D,dc_best,2025-06-23,0.20747045323726054,0.2502601092550688,0.5422694375076706
6155336,2025-06-28,SW-EN,2025,1,IFK Haninge,Assyriska FF,ifk-haninge,assyriska-ff,0,1,A,dc_best,2025-06-23,0.6389223614699934,0.20224681610317713,0.15883082242682955
6155335,2025-06-28,SW-EN,2025,1,IF Karlstad Fotboll,Gefle IF FF,if-karlstad-fotboll,gefle-if-ff,2,2,D,dc_best,2025-06-23,0.6789618725674001,0.22181750179013174,0.09922062564246807
6155333,2025-06-28,SW-EN,2025,1,FC Arlanda,Stockholm Internazionale,fc-arlanda,stockholm-internazionale,1,1,D,dc_best,2025-06-23,0.20425180892455297,0.3149669874087362,0.48078120366671095
199294-12-arendal,2025-06-28,NO-PN1,2025,1,Arendal,FK Eik Tønsberg 871,arendal,fk-eik-t-nsberg-871,1,1,D,dc_best,2025-06-23,0.6252349773949332,0.24031462403010614,0.1344503985749607
199294-12-sandnes-ulf,2025-06-28,NO-PN1,2025,1,Sandnes Ulf,Sandviken,sandnes-ulf,sandviken,5,1,H,dc_best,2025-06-23,0.6950672742275836,0.21469777399787782,0.09023495177453864
199294-12-fl-y-flekker-y,2025-06-28,NO-PN1,2025,1,Fløy-Flekkerøy,Vard Haugesund,fl-y-flekker-y,vard-haugesund,2,2,D,dc_best,2025-06-23,0.41791252573835125,0.26685797596108995,0.31522949830055874
199422-13-odd,2025-06-28,NO-OBOS,2025,1,Odd,Start,odd,start,2,2,D,dc_best,2025-06-23,0.28101348350444605,0.3039476857840125,0.4150388307115415
199422-13-moss,2025-06-28,NO-OBOS,2025,1,Moss,Egersund,moss,egersund,2,4,A,dc_best,2025-06-23,0.2787115731165438,0.21925953092527084,0.5020288959581853
199422-13-lillestr-m,2025-06-28,NO-OBOS,2025,1,Lillestrøm,Sogndal,lillestr-m,sogndal,0,0,D,dc_best,2025-06-23,0.7220189965223901,0.17222601035596807,0.1057549931216418
199422-13-kongsvinger,2025-06-28,NO-OBOS,2025,1,Kongsvinger,Raufoss,kongsvinger,raufoss,2,2,D,dc_best,2025-06-23,0.5727513215970002,0.20320710710254444,0.22404157130045554
199422-13-h-dd,2025-06-28,NO-OBOS,2025,1,Hødd,Mjøndalen,h-dd,mj-ndalen,3,1,H,dc_best,2025-06-23,0.5266147456974406,0.23304911964945205,0.24033613465310733
3780745,2025-06-28,M2,2025,2,Hämeenlinnan Jalkapalloseura,Helsingin Palloseura,35121579,49949,4,2,H,dc_best,2025-06-23,0.6442656608143554,0.1617670857746643,0.19396725341098026
3747981,2025-06-28,NL,2025,1,Idrottsföreningen Kamraterna Vasa,Jyväskylän Pallokerho,60691,60884,3,1,H,dc_best,2025-06-23,0.3294203842544301,0.3723240548472113,0.29825556089835864
3780742,2025-06-28,M2,2025,2,Musan Salama,Ilves,60696,106905,0,2,A,dc_best,2025-06-23,0.5882957480437625,0.15204265532220604,0.25966159663403143
3748508,2025-06-28,M1L,2025,1,Salon Palloilijat,FC Lahti,60690,60969,1,2,A,dc_best,2025-06-23,0.058519619343728645,0.3093007276395701,0.6321796530167012
6143252,2025-06-28,SW-AL,2025,1,Östers IF,IK Sirius FK,sters-if,ik-sirius-fk,2,2,D,dc_best,2025-06-23,0.31716425575794366,0.2506205823129371,0.43221516192911924
6143250,2025-06-28,SW-AL,2025,1,Hammarby,Halmstad,hammarby,halmstad,2,0,H,dc_best,2025-06-23,0.8162662242227762,0.12176811829985694,0.06196565747736696
3747979,2025-06-28,NL,2025,1,Helsingin Palloseura,Åland United,60781,60532,3,1,H,dc_best,2025-06-23,0.3609358909160625,0.26194557478872615,0.37711853429521147
6155098,2025-06-28,SW-ES,2025,1,Oskarshamns AIK,Eskilsminne IF,oskarshamns-aik,eskilsminne-if,0,0,D,dc_best,2025-06-23,0.5214226072823378,0.3110320699827174,0.16754532273494482
6155094,2025-06-28,SW-ES,2025,1,Hässleholms IF,IFK Skövde FK,h-ssleholms-if,ifk-sk-vde-fk,3,1,H,dc_best,2025-06-23,0.6456243061455432,0.2345953579226125,0.11978033593184431
3747304,2025-06-28,VL,2025,1,FC KTP Kotka,Fotbollsföreningen JARO Jalkapalloseura,60972,60974,3,2,H,dc_best,2025-06-23,0.2192224181976305,0.23734069580793377,0.5434368859944358
3774082,2025-06-28,M1,2025,1,Jalkapalloseura Tampere United,Oulun Luistinseura,106945,106449,2,2,D,dc_best,2025-06-23,0.4140654585251565,0.13547464615146737,0.45045989532337605
3774086,2025-06-28,M1,2025,1,Football Club International Turku,KPV Juniorit,60860,60536,7,1,H,dc_best,2025-06-23,0.8565648537348675,0.06672612545850996,0.07670902080662248
3774087,2025-06-28,M1,2025,1,Rovaniemen Palloseura,Atlantis FC Edustus,60973,60702,1,1,D,dc_best,2025-06-23,0.6180708940726092,0.1190583595410196,0.26287074638637126
6144627,2025-06-28,SW-SE,2025,1,Västerås SK FK,Landskrona BoIS,v-ster-s-sk-fk,landskrona-bois,1,0,H,dc_best,2025-06-23,0.4515289674407191,0.1936364536389199,0.354834578920361
6144625,2025-06-28,SW-SE,2025,1,Trelleborgs FF,IK Oddevold,trelleborgs-ff,ik-oddevold,0,0,D,dc_best,2025-06-23,0.21101181616792491,0.23485093055378295,0.5541372532782921
6144623,2025-06-28,SW-SE,2025,1,GIF Sundsvall,Östersund,gif-sundsvall,stersund,1,1,D,dc_best,2025-06-23,0.3997256058422692,0.31649356104939963,0.2837808331083313
6155096,2025-06-28,SW-ES,2025,1,Ljungskile SK Herrfotboll,Ängelholms FF,ljungskile-sk-herrfotboll,ngelholms-ff,3,2,H,dc_best,2025-06-23,0.764195353259702,0.1454475079432392,0.09035713879705892
6155095,2025-06-28,SW-ES,2025,1,Jönköpings Södra IF,FC Trollhättan,j-nk-pings-s-dra-if,fc-trollh-ttan,2,1,H,dc_best,2025-06-23,0.688855295673147,0.23439433790592404,0.07675036642092907
6155092,2025-06-28,SW-ES,2025,1,BK Olympic,Skövde AIK,bk-olympic,sk-vde-aik,0,2,A,dc_best,2025-06-23,0.46661185702190405,0.250513771716537,0.282874371261559
199603-11-rosenborg,2025-06-28,NO-ELI,2025,1,Rosenborg,Viking,rosenborg,viking,1,1,D,dc_best,2025-06-23,0.2044677379557487,0.21894197301817458,0.5765902890260768
6144629,2025-06-28,SW-SE,2025,1,Örgryte IS Fotboll,Helsingborgs IF,rgryte-is-fotboll,helsingborgs-if,0,2,A,dc_best,2025-06-23,0.7182744535317394,0.1480650965004197,0.1336604499678409
6143254,2025-06-29,SW-AL,2025,1,Degerfors IF,IF Brommapojkarna,degerfors-if,if-brommapojkarna,0,3,A,dc_best,2025-06-23,0.4052964766592072,0.22373151056541704,0.3709720127753757
199603-11-fredrikstad,2025-06-29,NO-ELI,2025,1,Fredrikstad,Tromsø,fredrikstad,troms,0,1,A,dc_best,2025-06-23,0.31936598608027744,0.25169679163284164,0.42893722228688097
6143248,2025-06-29,SW-AL,2025,1,AIK,IFK Göteborg,aik,ifk-g-teborg,3,0,H,dc_best,2025-06-23,0.49391119587424875,0.2466525542500227,0.2594362498757285
6143255,2025-06-29,SW-AL,2025,1,IFK Värnamo,IF Elfsborg,ifk-v-rnamo,if-elfsborg,0,0,D,dc_best,2025-06-23,0.09560871374673482,0.12283248406788728,0.7815588021853779
199294-12-tr-ff,2025-06-29,NO-PN1,2025,1,Træff,Sotra,tr-ff,sotra,1,2,A,dc_best,2025-06-23,0.12858872810045846,0.41315824536023343,0.4582530265393081
199294-12-lysekloster,2025-06-29,NO-PN1,2025,1,Lysekloster,Jerv,lysekloster,jerv,3,0,H,dc_best,2025-06-23,0.25425551486502435,0.4131784915752697,0.332565993559706
199603-11-bod-glimt,2025-06-29,NO-ELI,2025,1,Bodø/Glimt,Sarpsborg 08,bod-glimt,sarpsborg-08,1,2,A,dc_best,2025-06-23,0.5785995348707853,0.2282915602548172,0.19310890487439752
6155338,2025-06-29,SW-EN,2025,1,Team TG FF,IFK Stocksund,team-tg-ff,ifk-stocksund,2,1,H,dc_best,2025-06-23,0.42394753574579347,0.23863033143740375,0.3374221328168028
6143251,2025-06-29,SW-AL,2025,1,BK Häcken,GAIS,bk-h-cken,gais,1,3,A,dc_best,2025-06-23,0.2524295743485382,0.23810169928940245,0.5094687263620594
6144628,2025-06-29,SW-SE,2025,1,Örebro,Kalmar FF,rebro,kalmar-ff,2,2,D,dc_best,2025-06-23,0.11520034344622218,0.16391888140135175,0.7208807751524261
6144622,2025-06-29,SW-SE,2025,1,Falkenbergs FF,Umeå FC,falkenbergs-ff,ume-fc,2,0,H,dc_best,2025-06-23,0.7153769940796005,0.1555347509352678,0.1290882549851316
199603-11-haugesund,2025-06-29,NO-ELI,2025,1,Haugesund,Kristiansund,haugesund,kristiansund,0,0,D,dc_best,2025-06-23,0.09291022416580337,0.17691561741393586,0.7301741584202608
199603-11-str-msgodset,2025-06-29,NO-ELI,2025,1,Strømsgodset,Vålerenga,str-msgodset,v-lerenga,0,2,A,dc_best,2025-06-23,0.2510413530174304,0.20233231405935043,0.5466263329232193
199294-12-brattv-g,2025-06-29,NO-PN1,2025,1,Brattvåg,Notodden,brattv-g,notodden,3,0,H,dc_best,2025-06-23,0.4078178223006626,0.2589144937180282,0.3332676839813091
199603-11-molde,2025-06-29,NO-ELI,2025,1,Molde,KFUM,molde,kfum,2,3,A,dc_best,2025-06-23,0.46597451220083125,0.2669277778547106,0.2670977099444582
199603-11-bryne,2025-06-29,NO-ELI,2025,1,Bryne,HamKam,bryne,hamkam,1,1,D,dc_best,2025-06-23,0.5108641449491372,0.21107186183378124,0.27806399321708164
3748510,2025-06-29,M1L,2025,1,Jippo,Käpylän Pallo,129811,60487,3,1,H,dc_best,2025-06-23,0.5570239639277587,0.2518839693547539,0.19109206671748746
199422-13-lyn,2025-06-29,NO-OBOS,2025,1,Lyn,Åsane,lyn,sane,2,1,H,dc_best,2025-06-23,0.31774052365296596,0.31978941367452257,0.36247006267251153
3747982,2025-06-29,NL,2025,1,Pallokerho-35,PK-35 Vantaa,143879,60671,3,0,H,dc_best,2025-06-23,0.0902581124125259,0.353957764680483,0.5557841229069912
199603-11-brann,2025-06-30,NO-ELI,2025,1,Brann,Sandefjord Fotball,brann,sandefjord-fotball,1,0,H,dc_best,2025-06-30,0.3445764632224624,0.21725758470631762,0.43816595207122
6143249,2025-06-30,SW-AL,2025,1,Djurgården,IFK Norrköping FK,djurg-rden,ifk-norrk-ping-fk,1,1,D,dc_best,2025-06-30,0.3177006212449107,0.2729440433714613,0.409355335383628
6143253,2025-06-30,SW-AL,2025,1,Mjällby AIF,Malmö FF,mj-llby-aif,malm-ff,1,1,D,dc_best,2025-06-30,0.45357618053774473,0.2780454746264124,0.26837834483584294
3747307,2025-07-01,VL,2025,1,Kuopion Palloseura,IF Gnistan,60756,60534,6,2,H,dc_best,2025-06-30,0.4629073837816238,0.28359545549681936,0.25349716072155676
3780836,2025-07-01,M2,2025,3,Tornion Pallo-47,SJK Akatemia,60666,131834,4,3,H,dc_best,2025-06-30,0.6201656815638249,0.13817978315024604,0.24165453528592906
3780837,2025-07-01,M2,2025,3,Oulunsalon Pallo,Jakobstads Bollklubb,108059,61766,4,1,H,dc_best,2025-06-30,0.4743990465190839,0.17062047071111472,0.35498048276980143
199294-12-brann-2,2025-07-01,NO-PN1,2025,1,Brann  2,Pors,brann-2,pors,0,2,A,dc_best,2025-06-30,0.49636712314493253,0.26558875303639795,0.2380441238186696
3774089,2025-07-01,M1,2025,1,FC Jazz Juniorit,Espoon Palloseuran Jalkapallo,60521,62296,7,0,H,dc_best,2025-06-30,0.7774465291130016,0.10301208253657494,0.11954138835042326
3780746,2025-07-02,M2,2025,2,Pallo-Pojat Juniorit,Tampereen Pallo-Veikot,48924,60704,2,3,A,dc_best,2025-06-30,0.26804967907463845,0.16180706740118242,0.5701432535241792
3780659,2025-07-02,M2,2025,1,Pepo Lappeenranta,Haminan Pallo-Kissat Edustus,61010,61483,2,1,H,dc_best,2025-06-30,0.9049384329434349,0.055847083937677615,0.039214483118887554
3780658,2025-07-02,M2,2025,1,GrIFK - Fotboll,MYPA,60549,129934,0,3,A,dc_best,2025-06-30,0.5053380561261258,0.16374075018144474,0.3309211936924295
3747310,2025-07-02,VL,2025,1,Ilves,FC KTP Kotka,60745,60972,2,1,H,dc_best,2025-06-30,0.8809194194441339,0.07373722744713226,0.045343353108733844
3747309,2025-07-02,VL,2025,1,Football Club International Turku,IFK Mariehamn Fotboll,60987,60759,0,0,D,dc_best,2025-06-30,0.8370304761456688,0.10567002828104084,0.05729949557329023
3780657,2025-07-02,M2,2025,1,Puistolan Urheilijat,Jyväskylän Seudun Palloseura,49973,106602,3,1,H,dc_best,2025-06-30,0.8206904862518685,0.09168733009439937,0.08762218365373227
3780656,2025-07-02,M2,2025,1,FC Vaajakoski,FC Honka,60496,62416,0,4,A,dc_best,2025-06-30,0.09169364958394896,0.08820846449147306,0.820097885924578
3780838,2025-07-02,M2,2025,3,Idrottsföreningen Kamraterna Vasa,Jalkapalloseura Hercules,60647,61004,5,1,H,dc_best,2025-06-30,0.5806879574707865,0.15415568397756732,0.26515635855164627
3780748,2025-07-02,M2,2025,2,Atlantis Football Club,Pallo-Iirot,35135803,107307,0,4,A,dc_best,2025-06-30,0.13307565643203473,0.11335783466501358,0.7535665089029516
3780747,2025-07-02,M2,2025,2,Nurmijärven Jalkapalloseura,Ilves,60537,106905,1,1,D,dc_best,2025-06-30,0.1047494155022215,0.09702516650110425,0.7982254179966743
6155099,2025-07-02,SW-ES,2025,1,Eskilsminne IF,BK Olympic,eskilsminne-if,bk-olympic,2,0,H,dc_best,2025-06-30,0.3190857255684691,0.33269758043347847,0.34821669399805244
3747308,2025-07-02,VL,2025,1,Helsingin Jalkapalloklubin Liiga-HJK,Fotbollsföreningen JARO Jalkapalloseura,60731,60974,2,3,A,dc_best,2025-06-30,0.7125955418842664,0.1732418116682035,0.1141626464475301
3747311,2025-07-02,VL,2025,1,Vaasan Palloseura,Football Club Haka,60901,60561,1,2,A,dc_best,2025-06-30,0.5617602331799088,0.2198697704453748,0.21836999637471638
3774090,2025-07-02,M1,2025,1,Pallokerho Keski-Uusimaa,Rovaniemen Palloseura,60929,60973,0,4,A,dc_best,2025-06-30,0.8518700620817431,0.07253893929710156,0.07559099862115536
3774091,2025-07-02,M1,2025,1,Mikkelin Palloilijat,Football Club International Turku,60494,60860,2,2,D,dc_best,2025-06-30,0.5130810185127428,0.15908166259606712,0.32783731889119
3774092,2025-07-02,M1,2025,1,Oulun Luistinseura,KPV Juniorit,106449,60536,1,1,D,dc_best,2025-06-30,0.8571413272007372,0.06964799442069608,0.07321067837856664
3774093,2025-07-02,M1,2025,1,Atlantis FC Edustus,Jalkapalloseura Tampere United,60702,106945,2,0,H,dc_best,2025-06-30,0.5102902069242343,0.162696890547428,0.3270129025283378
3748514,2025-07-03,M1L,2025,1,Käpylän Pallo,TPS Juniorijalkapallo,60487,60971,4,2,H,dc_best,2025-06-30,0.0709698601710616,0.081826921079283,0.8472032187496554
3748512,2025-07-03,M1L,2025,1,FC Lahti,Jippo,60969,129811,3,2,H,dc_best,2025-06-30,0.5361060841780284,0.3468971235190322,0.1169967923029394
3780749,2025-07-03,M2,2025,2,Football Club Kiffen 08,Hämeenlinnan Jalkapalloseura,60554,35121579,1,4,A,dc_best,2025-06-30,0.4811925403019557,0.18082405110928493,0.33798340858875925
3780750,2025-07-03,M2,2025,2,Musan Salama,Helsingin Palloseura,60696,49949,1,1,D,dc_best,2025-06-30,0.6713314682610974,0.156359207808843,0.1723093239300597
3748513,2025-07-04,M1L,2025,1,Järvenpään Palloseura,Salon Palloilijat,60676,60690,4,3,H,dc_best,2025-06-30,0.4999445324244176,0.3399499421299834,0.16010552544559903
3747312,2025-07-04,VL,2025,1,Oulun edustusjalkapallo AC Oulu,Kuopion Palloseura,60493,60756,2,2,D,dc_best,2025-06-30,0.19765724961764977,0.23918461357717422,0.5631581368051761
3780660,2025-07-04,M2,2025,1,Lahden Reipas,Vantaan Jalkapalloseura,61562,63440,1,5,A,dc_best,2025-06-30,0.22038477664973286,0.14741645412911797,0.6321987692211491
3747984,2025-07-05,NL,2025,1,Helsingin Palloseura,Idrottsföreningen Kamraterna Vasa,60781,60691,5,0,H,dc_best,2025-06-30,0.7178713161891197,0.14868371487033621,0.1334449689405442
3774094,2025-07-05,M1,2025,1,KPV Juniorit,Jalkapalloseura Tampere United,60536,106945,1,0,H,dc_best,2025-06-30,0.5199319232749338,0.15694711054396288,0.32312096618110353
6143257,2025-07-05,SW-AL,2025,1,Hammarby,IFK Värnamo,hammarby,ifk-v-rnamo,1,0,H,dc_best,2025-06-30,0.7544433128688701,0.17459915661491088,0.07095753051621911
6143259,2025-07-05,SW-AL,2025,1,GAIS,Malmö FF,gais,malm-ff,0,0,D,dc_best,2025-06-30,0.322405533481936,0.3204535860167847,0.3571408805012792
3747313,2025-07-05,VL,2025,1,SEINÄJOEN JALKAPALLOKERHO,Ilves,60970,60745,1,1,D,dc_best,2025-06-30,0.2762467893644702,0.19670357288352208,0.5270496377520077
3747314,2025-07-05,VL,2025,1,Vaasan Palloseura,Helsingin Jalkapalloklubin Liiga-HJK,60901,60731,0,2,A,dc_best,2025-06-30,0.2556956080165036,0.21819768078190802,0.5261067112015884
199294-13-vard-haugesund,2025-07-05,NO-PN1,2025,1,Vard Haugesund,Lysekloster,vard-haugesund,lysekloster,4,4,D,dc_best,2025-06-30,0.3638976551352991,0.3791078555650757,0.25699448929962526
6143261,2025-07-05,SW-AL,2025,1,Östers IF,Mjällby AIF,sters-if,mj-llby-aif,0,1,A,dc_best,2025-06-30,0.11980089499918645,0.19940141340249218,0.6807976915983214
3747983,2025-07-05,NL,2025,1,Jyväskylän Pallokerho,Pallokerho-35,60884,143879,2,2,D,dc_best,2025-06-30,0.32911337514843364,0.32421515013250646,0.3466714747190599
199294-13-sotra,2025-07-05,NO-PN1,2025,1,Sotra,Sandnes Ulf,sotra,sandnes-ulf,1,2,A,dc_best,2025-06-30,0.3996634135058865,0.3550823712643573,0.24525421522975605
3780840,2025-07-05,M2,2025,3,Idrottsföreningen Kraft,Gamlakarleby Bollklubb,60686,60492,2,3,A,dc_best,2025-06-30,0.5098395757587411,0.1714127496868136,0.31874767455444536
3780661,2025-07-05,M2,2025,1,MYPA,Pepo Lappeenranta,129934,61010,0,0,D,dc_best,2025-06-30,0.5018623902961536,0.16553860229602405,0.3325990074078224
3780843,2025-07-05,M2,2025,3,Jakobstads Bollklubb,Tornion Pallo-47,61766,60666,1,0,H,dc_best,2025-06-30,0.5277536503660851,0.16397747410585758,0.30826887552805726
3748515,2025-07-05,M1L,2025,1,Helsingin Jalkapalloklubi,Ekenäs Idrottsförening,60692,60495,2,2,D,dc_best,2025-06-30,0.38788270427093974,0.30986159718072226,0.30225569854833806
199603-12-hamkam,2025-07-05,NO-ELI,2025,1,HamKam,Brann,hamkam,brann,1,1,D,dc_best,2025-06-30,0.3245757336746058,0.2406203372603258,0.43480392906506843
199603-12-viking,2025-07-05,NO-ELI,2025,1,Viking,Strømsgodset,viking,str-msgodset,1,0,H,dc_best,2025-06-30,0.9247857677695306,0.050635957212184446,0.024578275018285023
199603-12-v-lerenga,2025-07-05,NO-ELI,2025,1,Vålerenga,Fredrikstad,v-lerenga,fredrikstad,1,1,D,dc_best,2025-06-30,0.37333154922837425,0.30547035438486336,0.32119809638676244
199603-12-kristiansund,2025-07-05,NO-ELI,2025,1,Kristiansund,Bodø/Glimt,kristiansund,bod-glimt,1,1,D,dc_best,2025-06-30,0.17724393100097904,0.21803764461307137,0.6047184243859496
199603-12-troms,2025-07-05,NO-ELI,2025,1,Tromsø,Molde,troms,molde,1,0,H,dc_best,2025-06-30,0.5379050981211912,0.24163508376017298,0.2204598181186358
199294-13-pors,2025-07-05,NO-PN1,2025,1,Pors,Arendal,pors,arendal,1,0,H,dc_best,2025-06-30,0.20064733574291185,0.3309514915080003,0.46840117274908794
199294-13-notodden,2025-07-05,NO-PN1,2025,1,Notodden,Fløy-Flekkerøy,notodden,fl-y-flekker-y,1,0,H,dc_best,2025-06-30,0.4771381547926522,0.3042218759964753,0.2186399692108726
3774097,2025-07-06,M1,2025,1,Atlantis FC Edustus,FC Jazz Juniorit,60702,60521,0,1,A,dc_best,2025-06-30,0.42452638783260277,0.1668077226681499,0.4086658894992473
3747985,2025-07-06,NL,2025,1,Helsingin Jalkapalloklubi,Åland United,60682,60532,9,1,H,dc_best,2025-06-30,0.7611142211452393,0.16953152279726377,0.06935425605749695
3747986,2025-07-06,NL,2025,1,PK-35 Vantaa,Kuopion Palloseura,60671,157420,2,1,H,dc_best,2025-06-30,0.18525117184672202,0.2992637090052585,0.5154851191480194
199294-13-sandviken,2025-07-06,NO-PN1,2025,1,Sandviken,Brann  2,sandviken,brann-2,1,2,A,dc_best,2025-06-30,0.5496382125532462,0.2228409470690008,0.22752084037775308
199294-13-jerv,2025-07-06,NO-PN1,2025,1,Jerv,Træff,jerv,tr-ff,2,0,H,dc_best,2025-06-30,0.4478378235524139,0.3860543904807091,0.16610778596687703
199603-12-sarpsborg-08,2025-07-06,NO-ELI,2025,1,Sarpsborg 08,Haugesund,sarpsborg-08,haugesund,3,1,H,dc_best,2025-06-30,0.8272457681813004,0.13838502079598883,0.03436921102271089
199603-12-kfum,2025-07-06,NO-ELI,2025,1,KFUM,Bryne,kfum,bryne,1,1,D,dc_best,2025-06-30,0.510703667751663,0.22366649240848918,0.2656298398398478
199603-12-sandefjord-fotball,2025-07-06,NO-ELI,2025,1,Sandefjord Fotball,Rosenborg,sandefjord-fotball,rosenborg,2,0,H,dc_best,2025-06-30,0.4268508206735153,0.28266691690266416,0.2904822624238205
3774096,2025-07-06,M1,2025,1,Mikkelin Palloilijat,Espoon Palloseuran Jalkapallo,60494,62296,1,1,D,dc_best,2025-06-30,0.7408914889001144,0.14165744645285547,0.11745106464703019
3780663,2025-07-06,M2,2025,1,FC Honka,Puistolan Urheilijat,62416,49973,4,0,H,dc_best,2025-06-30,0.8593629651791561,0.07388015368371972,0.06675688113712416
3780751,2025-07-06,M2,2025,2,Pallo-Iirot,Nurmijärven Jalkapalloseura,107307,60537,2,2,D,dc_best,2025-06-30,0.8127016143943911,0.09553866959659754,0.09175971600901141
3747315,2025-07-06,VL,2025,1,Fotbollsföreningen JARO Jalkapalloseura,IFK Mariehamn Fotboll,60974,60759,1,1,D,dc_best,2025-06-30,0.46316688100425546,0.24535591032724083,0.2914772086685038
3780662,2025-07-06,M2,2025,1,Jyväskylän Seudun Palloseura,GrIFK - Fotboll,106602,60549,3,3,D,dc_best,2025-06-30,0.13491397449135928,0.1150961920486196,0.7499898334600212
199294-13-fk-eik-t-nsberg-871,2025-07-06,NO-PN1,2025,1,FK Eik Tønsberg 871,Brattvåg,fk-eik-t-nsberg-871,brattv-g,1,1,D,dc_best,2025-06-30,0.458201339100197,0.25400202537146455,0.28779663552833856
3774095,2025-07-06,M1,2025,1,Kuopion Palloseura,Pallokerho Keski-Uusimaa,106331,60929,0,1,A,dc_best,2025-06-30,0.6204998251655235,0.14093501307299847,0.23856516176147807
3747316,2025-07-06,VL,2025,1,Football Club Haka,Football Club International Turku,60561,60987,0,1,A,dc_best,2025-06-30,0.11568885519360696,0.17610233882687237,0.7082088059795207
6143263,2025-07-06,SW-AL,2025,1,Halmstad,AIK,halmstad,aik,2,0,H,dc_best,2025-06-30,0.09554079342422064,0.17093714126433388,0.7335220653114456
6143258,2025-07-06,SW-AL,2025,1,IF Elfsborg,BK Häcken,if-elfsborg,bk-h-cken,0,2,A,dc_best,2025-06-30,0.667102327493454,0.16902577635682334,0.16387189614972267
6143256,2025-07-06,SW-AL,2025,1,Djurgården,Degerfors IF,djurg-rden,degerfors-if,5,1,H,dc_best,2025-06-30,0.39019870942489177,0.2870180420751623,0.322783248499946
6143260,2025-07-06,SW-AL,2025,1,IFK Göteborg,IK Sirius FK,ifk-g-teborg,ik-sirius-fk,3,1,H,dc_best,2025-06-30,0.39332464687296864,0.22882779861518696,0.37784755451184454
3780753,2025-07-07,M2,2025,2,Ilves,Football Club Kiffen 08,106905,60554,2,0,H,dc_best,2025-07-07,0.5416534795676351,0.18379815229826343,0.2745483681341016
6143262,2025-07-07,SW-AL,2025,1,IFK Norrköping FK,IF Brommapojkarna,ifk-norrk-ping-fk,if-brommapojkarna,0,1,A,dc_best,2025-07-07,0.38650347288687154,0.2377270508160197,0.3757694762971086
3780845,2025-07-07,M2,2025,3,Idrottsföreningen Kamraterna Vasa,Vaasan Palloseura,60647,169909,0,0,D,dc_best,2025-07-07,0.28532777678658877,0.18924301203669325,0.525429211176718
3774099,2025-07-07,M1,2025,1,Football Club International Turku,JJK Jyväskylä,60860,144858,0,1,A,dc_best,2025-07-07,0.6538118105103808,0.1364393714602577,0.20974881802936152
3774098,2025-07-07,M1,2025,1,Oulun Luistinseura,Rovaniemen Palloseura,106449,60973,2,1,H,dc_best,2025-07-07,0.723743074552342,0.12244740072028965,0.15380952472736847
3747317,2025-07-07,VL,2025,1,FC KTP Kotka,IF Gnistan,60972,60534,0,0,D,dc_best,2025-07-07,0.2325220952381677,0.1999697431498674,0.567508161611965
3780754,2025-07-08,M2,2025,2,Tampereen Pallo-Veikot,Musan Salama,60704,60696,7,1,H,dc_best,2025-07-07,0.48650744448455113,0.22870176185461258,0.28479079366083637
3780752,2025-07-08,M2,2025,2,Helsingin Palloseura,Atlantis Football Club,49949,35135803,3,1,H,dc_best,2025-07-07,0.7226070563332803,0.141988980339859,0.13540396332686083
3780665,2025-07-08,M2,2025,1,Haminan Pallo-Kissat Edustus,Lahden Reipas,61483,61562,2,3,A,dc_best,2025-07-07,0.061725173980338055,0.08401458220991292,0.854260243809749
3748516,2025-07-08,M1L,2025,1,SJK Akatemia,FC Lahti,168874,60969,0,3,A,dc_best,2025-07-07,0.22256067995891016,0.32260195283104987,0.4548373672100401
3748518,2025-07-08,M1L,2025,1,Jippo,Järvenpään Palloseura,129811,60676,1,1,D,dc_best,2025-07-07,0.4604159953484316,0.2961995247628545,0.24338447988871392
3780664,2025-07-08,M2,2025,1,FC Vaajakoski,Vantaan Jalkapalloseura,60496,63440,0,3,A,dc_best,2025-07-07,0.11631316552119612,0.12686432527405073,0.7568225092047531
3748520,2025-07-09,M1L,2025,1,Ekenäs Idrottsförening,Salon Palloilijat,60495,60690,4,0,H,dc_best,2025-07-07,0.6599415385712493,0.26498206962197246,0.07507639180677836
3748519,2025-07-09,M1L,2025,1,Käpylän Pallo,Pallokerho-35,60487,50775,1,1,D,dc_best,2025-07-07,0.20164949978830998,0.2381942089575903,0.5601562912540998
3748517,2025-07-09,M1L,2025,1,TPS Juniorijalkapallo,Helsingin Jalkapalloklubi,60971,60692,4,1,H,dc_best,2025-07-07,0.4918381098228465,0.2024946309768976,0.3056672592002559
3780755,2025-07-10,M2,2025,2,Pallo-Pojat Juniorit,Hämeenlinnan Jalkapalloseura,48924,35121579,1,2,A,dc_best,2025-07-07,0.24493067795335177,0.17291222446547155,0.5821570975811767
3780846,2025-07-10,M2,2025,3,Idrottsföreningen Kraft,Jakobstads Bollklubb,60686,61766,0,2,A,dc_best,2025-07-07,0.3091735682314162,0.21797111449477433,0.4728553172738095
3774100,2025-07-11,M1,2025,1,Jalkapalloseura Tampere United,Football Club International Turku,106945,60860,1,3,A,dc_best,2025-07-07,0.3017703808511238,0.15635902650230452,0.5418705926465718
3774101,2025-07-11,M1,2025,1,Espoon Palloseuran Jalkapallo,Atlantis FC Edustus,62296,60702,1,0,H,dc_best,2025-07-07,0.4756062446725057,0.17529116561058394,0.3491025897169104
3780669,2025-07-12,M2,2025,1,Puistolan Urheilijat,MYPA,49973,129934,2,0,H,dc_best,2025-07-07,0.3696651365736517,0.20486656418493826,0.42546829924141
3780668,2025-07-12,M2,2025,1,Haminan Pallo-Kissat Edustus,Jyväskylän Seudun Palloseura,61483,106602,2,2,D,dc_best,2025-07-07,0.26787250224101383,0.18437238721429353,0.5477551105446926
3780666,2025-07-12,M2,2025,1,GrIFK - Fotboll,Lahden Reipas,60549,61562,2,2,D,dc_best,2025-07-07,0.4121774369643558,0.187484903906156,0.4003376591294882
3747990,2025-07-12,NL,2025,1,PK-35 Vantaa,Åland United,60671,60532,1,3,A,dc_best,2025-07-07,0.5064979170882609,0.2429979475882143,0.25050413532352495
3747988,2025-07-12,NL,2025,1,Kuopion Palloseura,Pallokerho-35,157420,143879,3,1,H,dc_best,2025-07-07,0.6090515844684832,0.2697310862087533,0.12121732932276356
3747987,2025-07-12,NL,2025,1,Jyväskylän Pallokerho,Helsingin Palloseura,60884,60781,2,5,A,dc_best,2025-07-07,0.1496407057576531,0.17290303092784795,0.6774562633144989
3747989,2025-07-12,NL,2025,1,Idrottsföreningen Kamraterna Vasa,Helsingin Jalkapalloklubi,60691,60682,1,6,A,dc_best,2025-07-07,0.03741458484658319,0.09685484962776834,0.8657305655256484
3780756,2025-07-12,M2,2025,2,Atlantis Football Club,Football Club Kiffen 08,35135803,60554,1,6,A,dc_best,2025-07-07,0.11531139004811936,0.12262311361167183,0.7620654963402089
199603-13-fredrikstad,2025-07-12,NO-ELI,2025,1,Fredrikstad,Molde,fredrikstad,molde,4,2,H,dc_best,2025-07-07,0.37325063568244343,0.31777945841101474,0.3089699059065419
3780848,2025-07-12,M2,2025,3,SJK Akatemia,Gamlakarleby Bollklubb,131834,60492,2,3,A,dc_best,2025-07-07,0.5365982952167617,0.16859221517393677,0.2948094896093016
3780847,2025-07-12,M2,2025,3,Tornion Pallo-47,Idrottsföreningen Kamraterna Vasa,60666,60647,5,2,H,dc_best,2025-07-07,0.5792470026179674,0.16159905330863295,0.2591539440733997
3780670,2025-07-12,M2,2025,1,Vantaan Jalkapalloseura,FC Honka,63440,62416,1,1,D,dc_best,2025-07-07,0.3410403432936029,0.19449887182922873,0.4644607848771683
199603-13-bod-glimt,2025-07-12,NO-ELI,2025,1,Bodø/Glimt,Sandefjord Fotball,bod-glimt,sandefjord-fotball,2,0,H,dc_best,2025-07-07,0.583930957818345,0.2163489393230569,0.19972010285859812
6143267,2025-07-12,SW-AL,2025,1,IFK Göteborg,IF Elfsborg,ifk-g-teborg,if-elfsborg,1,2,A,dc_best,2025-07-07,0.31003157326809444,0.24158525155802016,0.4483831751738854
6143269,2025-07-12,SW-AL,2025,1,Malmö FF,IFK Norrköping FK,malm-ff,ifk-norrk-ping-fk,3,1,H,dc_best,2025-07-07,0.6017942546717315,0.22944030620128358,0.1687654391269849
199294-14-brattv-g,2025-07-12,NO-PN1,2025,1,Brattvåg,Vard Haugesund,brattv-g,vard-haugesund,2,0,H,dc_best,2025-07-07,0.5988720276851205,0.18448693978247288,0.21664103253240657
199294-14-tr-ff,2025-07-12,NO-PN1,2025,1,Træff,Pors,tr-ff,pors,3,3,D,dc_best,2025-07-07,0.2915390110307766,0.4570109490601457,0.25145003990907777
3774103,2025-07-12,M1,2025,1,Pallokerho Keski-Uusimaa,KPV Juniorit,60929,60536,3,1,H,dc_best,2025-07-07,0.7295638370012484,0.11640171169035289,0.15403445130839866
3774102,2025-07-12,M1,2025,1,Rovaniemen Palloseura,Mikkelin Palloilijat,60973,60494,2,1,H,dc_best,2025-07-07,0.4461508824243137,0.22434103854622975,0.32950807902945667
3780667,2025-07-12,M2,2025,1,Pepo Lappeenranta,FC Vaajakoski,61010,60496,1,2,A,dc_best,2025-07-07,0.4971430337821178,0.2131924439279529,0.28966452228992934
3747320,2025-07-12,VL,2025,1,Football Club International Turku,Fotbollsföreningen JARO Jalkapalloseura,60987,60974,3,1,H,dc_best,2025-07-07,0.6458242821101307,0.23485208252931847,0.11932363536055084
199603-13-haugesund,2025-07-13,NO-ELI,2025,1,Haugesund,KFUM,haugesund,kfum,0,2,A,dc_best,2025-07-07,0.0966834597349133,0.19987869318368334,0.7034378470814034
199603-13-kristiansund,2025-07-13,NO-ELI,2025,1,Kristiansund,Sarpsborg 08,kristiansund,sarpsborg-08,0,0,D,dc_best,2025-07-07,0.2643864156491786,0.2849471961438555,0.4506663882069659
199603-13-brann,2025-07-13,NO-ELI,2025,1,Brann,Viking,brann,viking,3,1,H,dc_best,2025-07-07,0.2044807237289436,0.20102715687767353,0.5944921193933829
3780850,2025-07-13,M2,2025,3,Vaasan Palloseura,Jalkapalloseura Hercules,169909,61004,8,0,H,dc_best,2025-07-07,0.7970626751478767,0.11042525961295144,0.09251206523917188
3780757,2025-07-13,M2,2025,2,Ilves,Helsingin Palloseura,106905,49949,1,1,D,dc_best,2025-07-07,0.669797051801477,0.16059827032783094,0.16960467787069206
199603-13-bryne,2025-07-13,NO-ELI,2025,1,Bryne,Vålerenga,bryne,v-lerenga,1,0,H,dc_best,2025-07-07,0.3751631395294498,0.2495669957586379,0.37526986471191226
3748522,2025-07-13,M1L,2025,1,Ekenäs Idrottsförening,SJK Akatemia,60495,168874,3,1,H,dc_best,2025-07-07,0.5003623410769813,0.3128625817806405,0.18677507714237818
3748523,2025-07-13,M1L,2025,1,Järvenpään Palloseura,Pallokerho-35,60676,50775,1,4,A,dc_best,2025-07-07,0.2591084813574979,0.3030495581359738,0.43784196050652835
3748524,2025-07-13,M1L,2025,1,Salon Palloilijat,Käpylän Pallo,60690,60487,1,0,H,dc_best,2025-07-07,0.3622326435732616,0.2725078381501727,0.36525951827656566
3748521,2025-07-13,M1L,2025,1,Helsingin Jalkapalloklubi,Jippo,60692,129811,1,1,D,dc_best,2025-07-07,0.5637151133901528,0.26135034857059863,0.1749345380392486
199294-14-fl-y-flekker-y,2025-07-13,NO-PN1,2025,1,Fløy-Flekkerøy,Sotra,fl-y-flekker-y,sotra,1,2,A,dc_best,2025-07-07,0.15660329353679875,0.30902652528735064,0.5343701811758507
199294-14-arendal,2025-07-13,NO-PN1,2025,1,Arendal,Sandviken,arendal,sandviken,6,1,H,dc_best,2025-07-07,0.6114068061283241,0.2692940773933506,0.1192991164783253
199294-14-sandnes-ulf,2025-07-13,NO-PN1,2025,1,Sandnes Ulf,Notodden,sandnes-ulf,notodden,7,0,H,dc_best,2025-07-07,0.6989715647572788,0.230949782616493,0.07007865262622817
199603-13-rosenborg,2025-07-13,NO-ELI,2025,1,Rosenborg,HamKam,rosenborg,hamkam,2,0,H,dc_best,2025-07-07,0.4488163742364215,0.3087223304160751,0.24246129534750333
199603-13-str-msgodset,2025-07-13,NO-ELI,2025,1,Strømsgodset,Tromsø,str-msgodset,troms,2,3,A,dc_best,2025-07-07,0.11244830955746257,0.1835891025176393,0.7039625879248982
199294-14-lysekloster,2025-07-13,NO-PN1,2025,1,Lysekloster,FK Eik Tønsberg 871,lysekloster,fk-eik-t-nsberg-871,1,2,A,dc_best,2025-07-07,0.4639642737206737,0.34486442750263824,0.19117129877668806
3774104,2025-07-13,M1,2025,1,JJK Jyväskylä,Oulun Luistinseura,144858,106449,1,1,D,dc_best,2025-07-07,0.6096149860550606,0.1570440666141397,0.2333409473307997
6143265,2025-07-13,SW-AL,2025,1,IF Brommapojkarna,Östers IF,if-brommapojkarna,sters-if,2,0,H,dc_best,2025-07-07,0.44921273571333353,0.28923996625810305,0.26154729802856336
6143271,2025-07-13,SW-AL,2025,1,IFK Värnamo,Djurgården,ifk-v-rnamo,djurg-rden,1,0,H,dc_best,2025-07-07,0.21982788223053865,0.2967062051859515,0.4834659125835099
3747323,2025-07-13,VL,2025,1,Oulun edustusjalkapallo AC Oulu,FC KTP Kotka,60493,60972,3,2,H,dc_best,2025-07-07,0.5100753504746708,0.2115412519297422,0.27838339759558695
3747322,2025-07-13,VL,2025,1,IF Gnistan,Football Club Haka,60534,60561,2,0,H,dc_best,2025-07-07,0.41587152922952764,0.24601589044225333,0.338112580328219
6143264,2025-07-13,SW-AL,2025,1,AIK,Degerfors IF,aik,degerfors-if,3,0,H,dc_best,2025-07-07,0.7167344027545678,0.16845276567972073,0.11481283156571152
6143268,2025-07-13,SW-AL,2025,1,BK Häcken,Halmstad,bk-h-cken,halmstad,4,1,H,dc_best,2025-07-07,0.5579754289229433,0.21470279800420813,0.22732177307284865
6143266,2025-07-13,SW-AL,2025,1,GAIS,Hammarby,gais,hammarby,3,2,H,dc_best,2025-07-07,0.2499072315429799,0.35111677651059275,0.3989759919464274
3748525,2025-07-14,M1L,2025,1,FC Lahti,TPS Juniorijalkapallo,60969,60971,2,2,D,dc_best,2025-07-14,0.5462309041645824,0.24731940919596734,0.20644968663945018
199294-14-brann-2,2025-07-14,NO-PN1,2025,1,Brann  2,Jerv,brann-2,jerv,2,4,A,dc_best,2025-07-14,0.33433369422049597,0.28838561208990166,0.3772806936896025
3747321,2025-07-14,VL,2025,1,Ilves,Vaasan Palloseura,60745,60901,3,2,H,dc_best,2025-07-14,0.5882421737294584,0.22491107263568064,0.18684675363486092
3780758,2025-07-14,M2,2025,2,Hämeenlinnan Jalkapalloseura,Tampereen Pallo-Veikot,35121579,60704,3,3,D,dc_best,2025-07-14,0.4020829510125662,0.22707940717959543,0.3708376418078384
3780759,2025-07-14,M2,2025,2,Nurmijärven Jalkapalloseura,Pallo-Pojat Juniorit,60537,48924,4,1,H,dc_best,2025-07-14,0.27833102789669967,0.21022456382666843,0.511444408276632
6143270,2025-07-14,SW-AL,2025,1,IK Sirius FK,Mjällby AIF,ik-sirius-fk,mj-llby-aif,1,2,A,dc_best,2025-07-14,0.15499904450788032,0.17640114032075185,0.6685998151713679
3748526,2025-07-16,M1L,2025,1,Jippo,Ekenäs Idrottsförening,129811,60495,3,2,H,dc_best,2025-07-14,0.22524017749496902,0.35522098476459346,0.41953883774043754
3780851,2025-07-16,M2,2025,3,Gamlakarleby Bollklubb,Jakobstads Bollklubb,60492,61766,3,0,H,dc_best,2025-07-14,0.33504516227939934,0.2599719687881705,0.4049828689324301
199603-5-fredrikstad,2025-07-16,NO-ELI,2025,1,Fredrikstad,Bodø/Glimt,fredrikstad,bod-glimt,0,1,A,dc_best,2025-07-14,0.2336486717819829,0.2433212377154009,0.5230300905026163
3747991,2025-07-16,NL,2025,1,PK-35 Vantaa,Idrottsföreningen Kamraterna Vasa,60671,60691,2,1,H,dc_best,2025-07-14,0.5045772230286184,0.25705741894781925,0.23836535802356232
3774105,2025-07-16,M1,2025,1,FC Jazz Juniorit,Kuopion Palloseura,60521,106331,2,1,H,dc_best,2025-07-14,0.7024237928842849,0.12286279384557108,0.17471341327014395
3780760,2025-07-17,M2,2025,2,Musan Salama,Pallo-Iirot,60696,107307,1,1,D,dc_best,2025-07-14,0.37032301553465835,0.24973739581264823,0.37993958865269334
3747994,2025-07-17,NL,2025,1,Kuopion Palloseura,Jyväskylän Pallokerho,157420,60884,1,0,H,dc_best,2025-07-14,0.7039648295211212,0.19602303958511863,0.10001213089376038
3780671,2025-07-18,M2,2025,1,Jyväskylän Seudun Palloseura,MYPA,106602,129934,0,8,A,dc_best,2025-07-14,0.12800786388996327,0.1279236346787494,0.7440685014312872
3747324,2025-07-18,VL,2025,1,FC KTP Kotka,Football Club International Turku,60972,60987,2,2,D,dc_best,2025-07-14,0.06131239931982096,0.14177385552122032,0.7969137451589587
199603-14-sarpsborg-08,2025-07-18,NO-ELI,2025,1,Sarpsborg 08,Rosenborg,sarpsborg-08,rosenborg,2,2,D,dc_best,2025-07-14,0.48978999922404154,0.31171968802466155,0.19849031275129703
3747992,2025-07-18,NL,2025,1,Helsingin Jalkapalloklubi,Helsingin Palloseura,60682,60781,4,0,H,dc_best,2025-07-14,0.8158454216382436,0.10814180010321998,0.07601277825853642
199295-12-stj-rdals-blink,2025-07-18,NO-PN2,2025,1,Stjørdals-Blink,Tromsdalen,stj-rdals-blink,tromsdalen,1,1,D,dc_best,2025-07-14,0.37738245652349345,0.15346774617448755,0.46914979730201906
3748527,2025-07-18,M1L,2025,1,TPS Juniorijalkapallo,Salon Palloilijat,60971,60690,3,2,H,dc_best,2025-07-14,0.7991257049180478,0.14804983856905063,0.05282445651290162
3780761,2025-07-18,M2,2025,2,Tampereen Pallo-Veikot,Ilves,60704,106905,0,2,A,dc_best,2025-07-14,0.5864939603136116,0.19309093376317854,0.22041510592320993
3748530,2025-07-19,M1L,2025,1,Pallokerho-35,Helsingin Jalkapalloklubi,50775,60692,1,1,D,dc_best,2025-07-14,0.45762909571777133,0.29177997167123726,0.25059093261099147
3748528,2025-07-19,M1L,2025,1,Käpylän Pallo,FC Lahti,60487,60969,2,2,D,dc_best,2025-07-14,0.0916457178376044,0.17878471304516222,0.7295695691172334
199295-12-str-mmen,2025-07-19,NO-PN2,2025,1,Strømmen,Asker,str-mmen,asker,5,0,H,dc_best,2025-07-14,0.8127489548632898,0.08064000389857402,0.10661104123813626
3748529,2025-07-19,M1L,2025,1,SJK Akatemia,Järvenpään Palloseura,168874,60676,4,1,H,dc_best,2025-07-14,0.5284045448925596,0.2327825386186843,0.2388129164887561
6143274,2025-07-19,SW-AL,2025,1,Östers IF,Malmö FF,sters-if,malm-ff,0,2,A,dc_best,2025-07-14,0.16035241905676842,0.2755797426215413,0.5640678383216904
3780672,2025-07-19,M2,2025,1,Lahden Reipas,Pepo Lappeenranta,61562,61010,1,2,A,dc_best,2025-07-14,0.4742168887270354,0.2258188785428688,0.2999642327300958
3780673,2025-07-19,M2,2025,1,FC Honka,Haminan Pallo-Kissat Edustus,62416,61483,5,0,H,dc_best,2025-07-14,0.9962287106561063,0.003095179870431443,0.000676109473462302
3780762,2025-07-19,M2,2025,2,Football Club Kiffen 08,Nurmijärven Jalkapalloseura,60554,60537,1,1,D,dc_best,2025-07-14,0.7593447979205088,0.14465732125641464,0.09599788082307666
3780853,2025-07-19,M2,2025,3,Jalkapalloseura Hercules,SJK Akatemia,61004,131834,0,6,A,dc_best,2025-07-14,0.23476098287894082,0.14820657853891772,0.6170324385821415
3780763,2025-07-19,M2,2025,2,Hämeenlinnan Jalkapalloseura,Atlantis Football Club,35121579,35135803,2,1,H,dc_best,2025-07-14,0.9447910081142534,0.03771978955544014,0.017489202330306375
3780854,2025-07-19,M2,2025,3,Idrottsföreningen Kamraterna Vasa,Idrottsföreningen Kraft,60647,60686,0,2,A,dc_best,2025-07-14,0.5614390934822697,0.19860505088247504,0.2399558556352553
3780674,2025-07-19,M2,2025,1,FC Vaajakoski,Puistolan Urheilijat,60496,49973,1,2,A,dc_best,2025-07-14,0.3748970251233615,0.24543798886130766,0.3796649860153308
6144633,2025-07-19,SW-SE,2025,1,Sandvikens IF,Västerås SK FK,sandvikens-if,v-ster-s-sk-fk,0,3,A,dc_best,2025-07-14,0.39932859171874574,0.2572474095779305,0.3434239987033236
3774109,2025-07-19,M1,2025,1,Pallokerho Keski-Uusimaa,Atlantis FC Edustus,60929,60702,0,0,D,dc_best,2025-07-14,0.7515901411110556,0.10869729592035578,0.13971256296858864
3774108,2025-07-19,M1,2025,1,JJK Jyväskylä,Jalkapalloseura Tampere United,144858,106945,1,4,A,dc_best,2025-07-14,0.7562266305987553,0.12984543332636975,0.11392793607487497
3774106,2025-07-19,M1,2025,1,Espoon Palloseuran Jalkapallo,Oulun Luistinseura,62296,106449,1,4,A,dc_best,2025-07-14,0.2513376910294503,0.15034321768003472,0.5983190912905151
3774107,2025-07-19,M1,2025,1,Rovaniemen Palloseura,Football Club International Turku,60973,60860,3,1,H,dc_best,2025-07-14,0.3628527333941088,0.1619059012019313,0.47524136540395984
199295-12-ullensaker-kisa,2025-07-19,NO-PN2,2025,1,Ullensaker/Kisa,Strindheim TF,ullensaker-kisa,strindheim-tf,4,1,H,dc_best,2025-07-14,0.7872382750525104,0.09081772339117894,0.12194400155631069
199295-12-kjels-s,2025-07-19,NO-PN2,2025,1,Kjelsås,Eidsvold TF,kjels-s,eidsvold-tf,4,5,A,dc_best,2025-07-14,0.4329311972850689,0.1417928821727566,0.4252759205421746
3747325,2025-07-19,VL,2025,1,Vaasan Palloseura,Kuopion Palloseura,60901,60756,1,1,D,dc_best,2025-07-14,0.26074098592517675,0.2702660894387306,0.4689929246360927
199603-14-kfum,2025-07-19,NO-ELI,2025,1,KFUM,Brann,kfum,brann,2,0,H,dc_best,2025-07-14,0.4053285781495733,0.24687413462077118,0.3477972872296556
199603-14-viking,2025-07-19,NO-ELI,2025,1,Viking,Bodø/Glimt,viking,bod-glimt,2,4,A,dc_best,2025-07-14,0.38999214087701745,0.22842253931135162,0.3815853198116311
199603-14-molde,2025-07-19,NO-ELI,2025,1,Molde,Strømsgodset,molde,str-msgodset,4,1,H,dc_best,2025-07-14,0.6516513063805617,0.18764679523028155,0.16070189838915674
6143279,2025-07-19,SW-AL,2025,1,Degerfors IF,GAIS,degerfors-if,gais,0,3,A,dc_best,2025-07-14,0.13530142895332292,0.17467918699271562,0.6900193840539615
6143272,2025-07-19,SW-AL,2025,1,Djurgården,IF Elfsborg,djurg-rden,if-elfsborg,1,0,H,dc_best,2025-07-14,0.28627412666355173,0.26216685842804766,0.45155901490840067
6144637,2025-07-19,SW-SE,2025,1,Östersund,Falkenbergs FF,stersund,falkenbergs-ff,3,1,H,dc_best,2025-07-14,0.3209260771778201,0.26649324125096596,0.412580681571214
199295-12-levanger,2025-07-19,NO-PN2,2025,1,Levanger,Hønefoss BK,levanger,h-nefoss-bk,4,0,H,dc_best,2025-07-14,0.4494645872270602,0.14339765683831193,0.40713775593462787
6144634,2025-07-19,SW-SE,2025,1,Umeå FC,Örebro,ume-fc,rebro,1,1,D,dc_best,2025-07-14,0.30545866957452866,0.24852643693534232,0.446014893490129
6144630,2025-07-19,SW-SE,2025,1,IK Oddevold,Örgryte IS Fotboll,ik-oddevold,rgryte-is-fotboll,0,1,A,dc_best,2025-07-14,0.347193237203299,0.21949542563508379,0.4333113371616174
3747993,2025-07-19,NL,2025,1,Pallokerho-35,Åland United,143879,60532,0,2,A,dc_best,2025-07-14,0.2986046878960482,0.2615663622189762,0.43982894988497556
6144631,2025-07-20,SW-SE,2025,1,Kalmar FF,IK Brage,kalmar-ff,ik-brage,2,2,D,dc_best,2025-07-14,0.6271034176024916,0.20828857732445008,0.1646080050730584
3780855,2025-07-20,M2,2025,3,Vaasan Palloseura,Oulunsalon Pallo,169909,108059,2,1,H,dc_best,2025-07-14,0.6044833967712483,0.18665338356147712,0.2088632196672745
3774110,2025-07-20,M1,2025,1,Kuopion Palloseura,KPV Juniorit,106331,60536,1,0,H,dc_best,2025-07-14,0.7130531548609864,0.12174202100834267,0.165204824130671
6143273,2025-07-20,SW-AL,2025,1,Hammarby,IF Brommapojkarna,hammarby,if-brommapojkarna,3,2,H,dc_best,2025-07-14,0.5667412745734123,0.24453697901062335,0.18872174641596426
6143278,2025-07-20,SW-AL,2025,1,Halmstad,BK Häcken,halmstad,bk-h-cken,0,0,D,dc_best,2025-07-14,0.24094420932212898,0.19584662936211764,0.5632091613157534
6143275,2025-07-20,SW-AL,2025,1,Mjällby AIF,AIK,mj-llby-aif,aik,2,0,H,dc_best,2025-07-14,0.4959275058852134,0.26265874208896606,0.2414137520258207
6143277,2025-07-20,SW-AL,2025,1,IK Sirius FK,IFK Göteborg,ik-sirius-fk,ifk-g-teborg,0,1,A,dc_best,2025-07-14,0.39375571834669887,0.21722638268995575,0.3890178989633454
199603-14-hamkam,2025-07-20,NO-ELI,2025,1,HamKam,Fredrikstad,hamkam,fredrikstad,1,1,D,dc_best,2025-07-14,0.277899797626151,0.27115483555820646,0.4509453668156425
199603-14-troms,2025-07-20,NO-ELI,2025,1,Tromsø,Bryne,troms,bryne,3,1,H,dc_best,2025-07-14,0.6282410825126694,0.20081549115787792,0.17094342632945267
199603-14-sandefjord-fotball,2025-07-20,NO-ELI,2025,1,Sandefjord Fotball,Kristiansund,sandefjord-fotball,kristiansund,6,0,H,dc_best,2025-07-14,0.481772552569526,0.2691109006990986,0.24911654673137545
199603-14-v-lerenga,2025-07-20,NO-ELI,2025,1,Vålerenga,Haugesund,v-lerenga,haugesund,3,0,H,dc_best,2025-07-14,0.7565163635462099,0.1770604033812276,0.06642323307256241
199295-12-rana-fk,2025-07-20,NO-PN2,2025,1,Rana FK,Follo,rana-fk,follo,1,0,H,dc_best,2025-07-14,0.34316078125875293,0.13805702862106495,0.5187821901201821
6144636,2025-07-20,SW-SE,2025,1,Varbergs BoIS FC,GIF Sundsvall,varbergs-bois-fc,gif-sundsvall,0,2,A,dc_best,2025-07-14,0.4492530919615352,0.28314514620821113,0.2676017618302537
3747328,2025-07-20,VL,2025,1,Helsingin Jalkapalloklubin Liiga-HJK,Oulun edustusjalkapallo AC Oulu,60731,60493,3,1,H,dc_best,2025-07-14,0.7344192331569286,0.15362864441930887,0.11195212242376246
3747326,2025-07-20,VL,2025,1,Fotbollsföreningen JARO Jalkapalloseura,Ilves,60974,60745,0,1,A,dc_best,2025-07-14,0.15552560522059627,0.2147998472612264,0.6296745475181773
3747327,2025-07-20,VL,2025,1,SEINÄJOEN JALKAPALLOKERHO,IF Gnistan,60970,60534,3,1,H,dc_best,2025-07-14,0.5398760119335722,0.22945332055042406,0.2306706675160038
199295-12-alta,2025-07-20,NO-PN2,2025,1,Alta,Grorud,alta,grorud,1,2,A,dc_best,2025-07-14,0.31215175873437967,0.14332026160712522,0.5445279796584952
6144635,2025-07-21,SW-SE,2025,1,Utsikten,Helsingborgs IF,utsikten,helsingborgs-if,1,2,A,dc_best,2025-07-21,0.4029960571272312,0.2341674286216906,0.3628365142510783
3747329,2025-07-21,VL,2025,1,IFK Mariehamn Fotboll,Football Club Haka,60759,60561,1,1,D,dc_best,2025-07-21,0.35378468458324813,0.28635398495066544,0.3598613304660865
6143276,2025-07-21,SW-AL,2025,1,IFK Norrköping FK,IFK Värnamo,ifk-norrk-ping-fk,ifk-v-rnamo,3,1,H,dc_best,2025-07-21,0.5159238196245277,0.23373995086648264,0.25033622950898965
3780764,2025-07-21,M2,2025,2,Helsingin Palloseura,Pallo-Iirot,49949,107307,1,3,A,dc_best,2025-07-21,0.275464626933674,0.27773213553853315,0.44680323752779294
6144632,2025-07-21,SW-SE,2025,1,Landskrona BoIS,Trelleborgs FF,landskrona-bois,trelleborgs-ff,1,2,A,dc_best,2025-07-21,0.5771552354418711,0.2376377943008681,0.1852069702572609
3780675,2025-07-21,M2,2025,1,Vantaan Jalkapalloseura,GrIFK - Fotboll,63440,60549,1,1,D,dc_best,2025-07-21,0.8204785306514556,0.11909056668137799,0.06043090266716649
199422-6-egersund,2025-07-22,NO-OBOS,2025,1,Egersund,Aalesund,egersund,aalesund,2,2,D,dc_best,2025-07-21,0.43763661386196206,0.27077209408059866,0.2915912920574392
3780765,2025-07-22,M2,2025,2,Pallo-Pojat Juniorit,Musan Salama,48924,60696,6,1,H,dc_best,2025-07-21,0.3233598181910538,0.22582401794999196,0.4508161638589542
3748495,2025-07-23,M1L,2025,1,Helsingin Jalkapalloklubi,Salon Palloilijat,60692,60690,3,1,H,dc_best,2025-07-21,0.6930437498829821,0.21733680246912826,0.0896194476478896
3780676,2025-07-24,M2,2025,1,Jyväskylän Seudun Palloseura,Lahden Reipas,106602,61562,1,5,A,dc_best,2025-07-21,0.11384471943220469,0.1170535470127394,0.769101733555056
3780856,2025-07-24,M2,2025,3,Tornion Pallo-47,Jalkapalloseura Hercules,60666,61004,1,5,A,dc_best,2025-07-21,0.8919551389568011,0.06268101385915864,0.045363847184040185
3780766,2025-07-25,M2,2025,2,Helsingin Palloseura,Football Club Kiffen 08,49949,60554,1,0,H,dc_best,2025-07-21,0.3061275314860371,0.27315902791029245,0.42071344060367055
3748532,2025-07-25,M1L,2025,1,Ekenäs Idrottsförening,TPS Juniorijalkapallo,60495,60971,0,2,A,dc_best,2025-07-21,0.4759833254777892,0.23817820428785158,0.2858384702343592
3774113,2025-07-25,M1,2025,1,Atlantis FC Edustus,Kuopion Palloseura,60702,106331,2,4,A,dc_best,2025-07-21,0.3905258458726327,0.22637501534608098,0.38309913878128626
3774111,2025-07-25,M1,2025,1,FC Jazz Juniorit,Mikkelin Palloilijat,60521,60494,1,3,A,dc_best,2025-07-21,0.6134238068489304,0.18734329058652568,0.19923290256454398
3747331,2025-07-25,VL,2025,1,Fotbollsföreningen JARO Jalkapalloseura,Vaasan Palloseura,60974,60901,2,2,D,dc_best,2025-07-21,0.2985378425949239,0.2802098823027312,0.42125227510234486
3780767,2025-07-25,M2,2025,2,Pallo-Iirot,Hämeenlinnan Jalkapalloseura,107307,35121579,3,0,H,dc_best,2025-07-21,0.39108753515391054,0.2559587148434398,0.3529537500026498
3748533,2025-07-25,M1L,2025,1,Pallokerho-35,Jippo,50775,129811,1,1,D,dc_best,2025-07-21,0.4662481439643175,0.34713116926935833,0.18662068676632418
3748531,2025-07-25,M1L,2025,1,Järvenpään Palloseura,FC Lahti,60676,60969,2,1,H,dc_best,2025-07-21,0.1539260848476417,0.2366136540359012,0.6094602611164572
199603-15-fredrikstad,2025-07-25,NO-ELI,2025,1,Fredrikstad,Strømsgodset,fredrikstad,str-msgodset,3,2,H,dc_best,2025-07-21,0.6969018941320253,0.18353636403960427,0.11956174182837044
3774112,2025-07-25,M1,2025,1,Jalkapalloseura Tampere United,Rovaniemen Palloseura,106945,60973,4,0,H,dc_best,2025-07-21,0.49817031755986263,0.19215407618211833,0.30967560625801904
6144639,2025-07-26,SW-SE,2025,1,GIF Sundsvall,Örebro,gif-sundsvall,rebro,1,1,D,dc_best,2025-07-21,0.6355720651739586,0.22005506364776733,0.14437287117827405
3774115,2025-07-26,M1,2025,1,Football Club International Turku,Espoon Palloseuran Jalkapallo,60860,62296,2,1,H,dc_best,2025-07-21,0.9392789946381341,0.0359641007140285,0.024756904647837388
6144641,2025-07-26,SW-SE,2025,1,IK Brage,Umeå FC,ik-brage,ume-fc,2,2,D,dc_best,2025-07-21,0.6849456694819454,0.18170053149697665,0.133353799021078
3780680,2025-07-26,M2,2025,1,MYPA,Vantaan Jalkapalloseura,129934,63440,3,3,D,dc_best,2025-07-21,0.18078576797504303,0.1862245792834093,0.6329896527415477
3747332,2025-07-26,VL,2025,1,Football Club Haka,FC KTP Kotka,60561,60972,2,3,A,dc_best,2025-07-21,0.4642134595530713,0.25385262030116856,0.2819339201457601
3774114,2025-07-26,M1,2025,1,KPV Juniorit,JJK Jyväskylä,60536,144858,3,0,H,dc_best,2025-07-21,0.35475766341613174,0.22430309412840355,0.4209392424554646
3780769,2025-07-26,M2,2025,2,Musan Salama,Atlantis Football Club,60696,35135803,10,0,H,dc_best,2025-07-21,0.8101205945503154,0.11458391795690707,0.07529548749277755
3780858,2025-07-26,M2,2025,3,Jakobstads Bollklubb,Vaasan Palloseura,61766,169909,2,1,H,dc_best,2025-07-21,0.22966834588352555,0.2746975637914886,0.4956340903249858
3780678,2025-07-26,M2,2025,1,Haminan Pallo-Kissat Edustus,FC Vaajakoski,61483,60496,1,4,A,dc_best,2025-07-21,0.11128507435456561,0.15649248432379806,0.7322224413216364
3747333,2025-07-26,VL,2025,1,IFK Mariehamn Fotboll,Oulun edustusjalkapallo AC Oulu,60759,60493,0,1,A,dc_best,2025-07-21,0.35690859157607374,0.24853437367206205,0.3945570347518643
6144642,2025-07-26,SW-SE,2025,1,IK Oddevold,Sandvikens IF,ik-oddevold,sandvikens-if,1,1,D,dc_best,2025-07-21,0.4890368972870471,0.2520745003588063,0.25888860235414657
6150049,2025-07-26,SW-EE,2025,1,KIF Örebro DFF,IF Elfsborg,kif-rebro-dff,if-elfsborg,2,1,H,dc_best,2025-07-21,0.46160177134959457,0.1793347999033879,0.3590634287470175
3780677,2025-07-26,M2,2025,1,Pepo Lappeenranta,FC Honka,61010,62416,1,2,A,dc_best,2025-07-21,0.0866358401439755,0.15649629303075596,0.7568678668252684
199422-14-start,2025-07-26,NO-OBOS,2025,1,Start,Lillestrøm,start,lillestr-m,0,3,A,dc_best,2025-07-21,0.21026184577955115,0.2954403784969627,0.4942977757234861
199422-14-sogndal,2025-07-26,NO-OBOS,2025,1,Sogndal,Stabæk,sogndal,stab-k,1,1,D,dc_best,2025-07-21,0.6170384134981562,0.21444754716024125,0.1685140393416025
199422-14-raufoss,2025-07-26,NO-OBOS,2025,1,Raufoss,Skeid,raufoss,skeid,1,1,D,dc_best,2025-07-21,0.6124821716340253,0.2124672112376188,0.17505061712835587
199422-14-ranheim-tf,2025-07-26,NO-OBOS,2025,1,Ranheim TF,Odd,ranheim-tf,odd,3,1,H,dc_best,2025-07-21,0.3196552531275748,0.30635834873536605,0.37398639813705925
199422-14-mj-ndalen,2025-07-26,NO-OBOS,2025,1,Mjøndalen,Kongsvinger,mj-ndalen,kongsvinger,1,1,D,dc_best,2025-07-21,0.07555534407567321,0.11867937693441233,0.8057652789899145
199422-14-egersund,2025-07-26,NO-OBOS,2025,1,Egersund,Lyn,egersund,lyn,0,5,A,dc_best,2025-07-21,0.5127262646978845,0.26122638263291886,0.22604735266919648
199422-14-aalesund,2025-07-26,NO-OBOS,2025,1,Aalesund,Moss,aalesund,moss,2,0,H,dc_best,2025-07-21,0.5497793578868296,0.2429373481250365,0.20728329398813392
3747995,2025-07-26,NL,2025,1,Helsingin Palloseura,PK-35 Vantaa,60781,60671,2,1,H,dc_best,2025-07-21,0.7422911703135815,0.1432189830540808,0.11448984663233772
199295-13-h-nefoss-bk,2025-07-26,NO-PN2,2025,1,Hønefoss BK,Strømmen,h-nefoss-bk,str-mmen,2,2,D,dc_best,2025-07-21,0.22349337638284753,0.12919033750199688,0.6473162861151557
199603-15-bod-glimt,2025-07-26,NO-ELI,2025,1,Bodø/Glimt,Vålerenga,bod-glimt,v-lerenga,7,2,H,dc_best,2025-07-21,0.72635312523872,0.1732515775169029,0.10039529724437714
199603-15-sandefjord-fotball,2025-07-26,NO-ELI,2025,1,Sandefjord Fotball,Sarpsborg 08,sandefjord-fotball,sarpsborg-08,3,2,H,dc_best,2025-07-21,0.4815090104212043,0.2547790074812159,0.26371198209757973
199603-15-kristiansund,2025-07-26,NO-ELI,2025,1,Kristiansund,KFUM,kristiansund,kfum,0,5,A,dc_best,2025-07-21,0.3091952413045211,0.2758819269354414,0.4149228317600375
199603-15-haugesund,2025-07-26,NO-ELI,2025,1,Haugesund,HamKam,haugesund,hamkam,0,3,A,dc_best,2025-07-21,0.15847645158004836,0.27263403651834955,0.5688895119016022
199295-13-grorud,2025-07-26,NO-PN2,2025,1,Grorud,Asker,grorud,asker,5,0,H,dc_best,2025-07-21,0.7221801148265383,0.10959125892860731,0.16822862624485435
3747996,2025-07-26,NL,2025,1,Jyväskylän Pallokerho,Helsingin Jalkapalloklubi,60884,60682,0,5,A,dc_best,2025-07-21,0.015709911627803674,0.04838060504812845,0.9359094833240679
199295-13-follo,2025-07-26,NO-PN2,2025,1,Follo,Kjelsås,follo,kjels-s,1,3,A,dc_best,2025-07-21,0.39223100688743384,0.1496470933862982,0.45812189972626793
199422-14-sane,2025-07-26,NO-OBOS,2025,1,Åsane,Hødd,sane,h-dd,2,2,D,dc_best,2025-07-21,0.4474779872682848,0.28373807494184783,0.2687839377898674
199295-13-rana-fk,2025-07-26,NO-PN2,2025,1,Rana FK,Levanger,rana-fk,levanger,1,0,H,dc_best,2025-07-21,0.21063907207274496,0.14747697524995657,0.6418839526772986
6150048,2025-07-26,SW-EE,2025,1,IK Uppsala Fotboll,Team TG FF,ik-uppsala-fotboll,team-tg-ff,1,0,H,dc_best,2025-07-21,0.9087072100827183,0.058562204696444596,0.032730585220837174
6150045,2025-07-26,SW-EE,2025,1,Bollstanäs SK,Jitex BK,bollstan-s-sk,jitex-bk,0,3,A,dc_best,2025-07-21,0.25359586714843,0.24980977089691336,0.4965943619546566
6143281,2025-07-26,SW-AL,2025,1,IF Brommapojkarna,Malmö FF,if-brommapojkarna,malm-ff,2,3,A,dc_best,2025-07-21,0.24725399332786874,0.2694256064903794,0.48332040018175176
3780857,2025-07-26,M2,2025,3,Idrottsföreningen Kraft,Oulunsalon Pallo,60686,108059,2,3,A,dc_best,2025-07-21,0.2336281010076568,0.19263532829455057,0.5737365706977927
3780768,2025-07-26,M2,2025,2,Nurmijärven Jalkapalloseura,Tampereen Pallo-Veikot,60537,60704,1,3,A,dc_best,2025-07-21,0.14139810538281464,0.16560943348990442,0.692992461127281
3780679,2025-07-26,M2,2025,1,Puistolan Urheilijat,GrIFK - Fotboll,49973,60549,1,2,A,dc_best,2025-07-21,0.4957626685478972,0.2509386805393674,0.25329865091273546
6143286,2025-07-26,SW-AL,2025,1,Degerfors IF,IFK Norrköping FK,degerfors-if,ifk-norrk-ping-fk,0,0,D,dc_best,2025-07-21,0.28550440932756854,0.19795261889832189,0.5165429717741096
6143283,2025-07-26,SW-AL,2025,1,GAIS,Halmstad,gais,halmstad,3,0,H,dc_best,2025-07-21,0.7466308598835781,0.16601246700153108,0.08735667311489079
6150050,2025-07-27,SW-EE,2025,1,Sunnanå SK,BK Häcken,sunnan-sk,bk-h-cken,1,2,A,dc_best,2025-07-21,0.33816924126197856,0.2841008766396459,0.3777298820983756
6150047,2025-07-27,SW-EE,2025,1,Gamla Upsala SK,Mallbackens IF Sunne,gamla-upsala-sk,mallbackens-if-sunne,6,1,H,dc_best,2025-07-21,0.4280938837184823,0.1816283504022007,0.39027776587931706
6150046,2025-07-27,SW-EE,2025,1,Eskilstuna United DFF,Umeå IK FF,eskilstuna-united-dff,ume-ik-ff,0,1,A,dc_best,2025-07-21,0.4668807759099154,0.21093598410265485,0.3221832399874299
199603-15-bryne,2025-07-27,NO-ELI,2025,1,Bryne,Viking,bryne,viking,1,3,A,dc_best,2025-07-21,0.2788457661158619,0.20613484236295448,0.5150193915211837
199603-15-rosenborg,2025-07-27,NO-ELI,2025,1,Rosenborg,Tromsø,rosenborg,troms,4,1,H,dc_best,2025-07-21,0.32683715954596665,0.28458840736001423,0.38857443309401923
6150051,2025-07-27,SW-EE,2025,1,Trelleborgs FF,Örebro SK FK,trelleborgs-ff,rebro-sk-fk,1,0,H,dc_best,2025-07-21,0.7071373100966817,0.14861056125367914,0.14425212864963918
6144643,2025-07-27,SW-SE,2025,1,Kalmar FF,Utsikten,kalmar-ff,utsikten,1,0,H,dc_best,2025-07-21,0.5553009614769883,0.21090202943377664,0.23379700908923515
6143285,2025-07-27,SW-AL,2025,1,Mjällby AIF,IK Sirius FK,mj-llby-aif,ik-sirius-fk,2,1,H,dc_best,2025-07-21,0.7747706463315843,0.13813905708828134,0.08709029658013435
3747997,2025-07-27,NL,2025,1,Åland United,Kuopion Palloseura,60532,157420,1,0,H,dc_best,2025-07-21,0.3026514038823395,0.2746704996464293,0.4226780964712313
6143280,2025-07-27,SW-AL,2025,1,AIK,Östers IF,aik,sters-if,0,0,D,dc_best,2025-07-21,0.6317730503691898,0.23571919567937902,0.13250775395143116
3747334,2025-07-27,VL,2025,1,Football Club International Turku,SEINÄJOEN JALKAPALLOKERHO,60987,60970,4,1,H,dc_best,2025-07-21,0.5164663988492448,0.250856954431478,0.23267664671927715
6143284,2025-07-27,SW-AL,2025,1,BK Häcken,Djurgården,bk-h-cken,djurg-rden,1,6,A,dc_best,2025-07-21,0.42169505848535405,0.2647409774680834,0.3135639640465626
6144638,2025-07-27,SW-SE,2025,1,Falkenbergs FF,Landskrona BoIS,falkenbergs-ff,landskrona-bois,1,1,D,dc_best,2025-07-21,0.4667434328279788,0.22063841955978877,0.31261814761223244
6144645,2025-07-27,SW-SE,2025,1,Örgryte IS Fotboll,Östersund,rgryte-is-fotboll,stersund,6,0,H,dc_best,2025-07-21,0.5490917245216366,0.2220264730271271,0.2288818024512362
199295-13-eidsvold-tf,2025-07-27,NO-PN2,2025,1,Eidsvold TF,Alta,eidsvold-tf,alta,2,2,D,dc_best,2025-07-21,0.7191406205917784,0.11611580398942077,0.16474357541880094
6143287,2025-07-27,SW-AL,2025,1,IFK Värnamo,Hammarby,ifk-v-rnamo,hammarby,2,3,A,dc_best,2025-07-21,0.1369610301569315,0.2137103920531003,0.6493285777899683
199295-13-tromsdalen,2025-07-27,NO-PN2,2025,1,Tromsdalen,Ullensaker/Kisa,tromsdalen,ullensaker-kisa,3,2,H,dc_best,2025-07-21,0.47867427839214033,0.15039034255093583,0.3709353790569238
3780770,2025-07-27,M2,2025,2,Ilves,Pallo-Pojat Juniorit,106905,48924,1,0,H,dc_best,2025-07-21,0.7484680548770952,0.1410774959663829,0.11045444915652193
3774116,2025-07-28,M1,2025,1,Oulun Luistinseura,FC Jazz Juniorit,106449,60521,2,1,H,dc_best,2025-07-28,0.6335592110620373,0.15782163788673328,0.20861915105122936
6144644,2025-07-28,SW-SE,2025,1,Västerås SK FK,Trelleborgs FF,v-ster-s-sk-fk,trelleborgs-ff,3,0,H,dc_best,2025-07-28,0.5885135997605144,0.24708455862856166,0.16440184161092397
3747335,2025-07-28,VL,2025,1,IF Gnistan,Helsingin Jalkapalloklubin Liiga-HJK,60534,60731,2,4,A,dc_best,2025-07-28,0.18043850967924055,0.2152115757828146,0.6043499145379448
6144640,2025-07-28,SW-SE,2025,1,Helsingborgs IF,Varbergs BoIS FC,helsingborgs-if,varbergs-bois-fc,1,2,A,dc_best,2025-07-28,0.40089754341410444,0.2731814007334142,0.3259210558524814
3748535,2025-07-28,M1L,2025,1,SJK Akatemia,Salon Palloilijat,168874,60690,3,0,H,dc_best,2025-07-28,0.6015613125198502,0.26810954700583833,0.13032914047431154
6143282,2025-07-28,SW-AL,2025,1,IF Elfsborg,IFK Göteborg,if-elfsborg,ifk-g-teborg,4,3,H,dc_best,2025-07-28,0.4893661976964685,0.2534588080586063,0.2571749942449252
3748534,2025-07-28,M1L,2025,1,Helsingin Jalkapalloklubi,Käpylän Pallo,60692,60487,1,1,D,dc_best,2025-07-28,0.7713671939831614,0.1310395616733665,0.09759324434347208
3774117,2025-07-29,M1,2025,1,Mikkelin Palloilijat,Pallokerho Keski-Uusimaa,60494,60929,3,1,H,dc_best,2025-07-28,0.5917559765598199,0.18441016912841804,0.22383385431176203
3747998,2025-07-29,NL,2025,1,Idrottsföreningen Kamraterna Vasa,Pallokerho-35,60691,143879,2,2,D,dc_best,2025-07-28,0.43105885874530103,0.24187897661378513,0.32706216464091387
3780860,2025-07-29,M2,2025,3,SJK Akatemia,Idrottsföreningen Kamraterna Vasa,131834,60647,6,0,H,dc_best,2025-07-28,0.6193912857354928,0.16036235842660365,0.22024635583790347
199118-9-kolbotn-il-elite,2025-07-29,NO-TS,2025,1,Kolbotn IL Elite,Røa Fotball Elite,kolbotn-il-elite,r-a-fotball-elite,2,0,H,dc_best,2025-07-28,0.40032801280787134,0.2161268527462365,0.3835451344458922
199422-15-kongsvinger,2025-07-30,NO-OBOS,2025,1,Kongsvinger,Start,kongsvinger,start,0,3,A,dc_best,2025-07-28,0.41827806463410433,0.25492112923547205,0.3268008061304237
199422-15-mj-ndalen,2025-07-30,NO-OBOS,2025,1,Mjøndalen,Åsane,mj-ndalen,sane,2,0,H,dc_best,2025-07-28,0.19688203400395937,0.2515714897860722,0.5515464762099684
199422-15-h-dd,2025-07-30,NO-OBOS,2025,1,Hødd,Egersund,h-dd,egersund,1,0,H,dc_best,2025-07-28,0.35652953782681224,0.2344450823198025,0.40902537985338533
199422-15-moss,2025-07-30,NO-OBOS,2025,1,Moss,Sogndal,moss,sogndal,3,1,H,dc_best,2025-07-28,0.1940385815420989,0.21866276185026517,0.587298656607636
199422-15-odd,2025-07-30,NO-OBOS,2025,1,Odd,Stabæk,odd,stab-k,2,0,H,dc_best,2025-07-28,0.43525733611479356,0.3029999334009862,0.2617427304842203
199422-15-skeid,2025-07-30,NO-OBOS,2025,1,Skeid,Ranheim TF,skeid,ranheim-tf,0,0,D,dc_best,2025-07-28,0.27342784727361447,0.26198307446730457,0.464589078259081
199422-15-lillestr-m,2025-07-30,NO-OBOS,2025,1,Lillestrøm,Raufoss,lillestr-m,raufoss,2,1,H,dc_best,2025-07-28,0.6793979403939701,0.2262117962329246,0.09439026337310533
199422-15-lyn,2025-07-30,NO-OBOS,2025,1,Lyn,Aalesund,lyn,aalesund,2,2,D,dc_best,2025-07-28,0.35879181402706506,0.32792967193906514,0.31327851403386986
199603-6-bod-glimt,2025-07-30,NO-ELI,2025,1,Bodø/Glimt,Strømsgodset,bod-glimt,str-msgodset,1,0,H,dc_best,2025-07-28,0.9366132343252793,0.04342760318483218,0.01995916248988853
3774119,2025-08-01,M1,2025,1,Kuopion Palloseura,Mikkelin Palloilijat,106331,60494,1,6,A,dc_best,2025-07-28,0.4927004125720933,0.2071364445382401,0.3001631428896667
6144652,2025-08-01,SW-SE,2025,1,Örebro,IK Oddevold,rebro,ik-oddevold,0,0,D,dc_best,2025-07-28,0.22968708846958724,0.2496062060044931,0.5207067055259197
3774120,2025-08-01,M1,2025,1,Atlantis FC Edustus,KPV Juniorit,60702,60536,3,5,A,dc_best,2025-07-28,0.4221472877459522,0.23286486950273017,0.34498784275131766
3774118,2025-08-01,M1,2025,1,FC Jazz Juniorit,Football Club International Turku,60521,60860,2,2,D,dc_best,2025-07-28,0.5269093594044691,0.16539601568237614,0.3076946249131548
3780771,2025-08-01,M2,2025,2,Pallo-Pojat Juniorit,Helsingin Palloseura,48924,49949,1,2,A,dc_best,2025-07-28,0.4806743999359624,0.23592284965367902,0.2834027504103586
3780861,2025-08-01,M2,2025,3,Idrottsföreningen Kamraterna Vasa,Gamlakarleby Bollklubb,60647,60492,1,3,A,dc_best,2025-07-28,0.33213339772888634,0.216935685398644,0.4509309168724697
3780862,2025-08-01,M2,2025,3,Jalkapalloseura Hercules,Jakobstads Bollklubb,61004,61766,0,3,A,dc_best,2025-07-28,0.19435917456345497,0.19303013196831215,0.6126106934682329
6150052,2025-08-01,SW-EE,2025,1,IF Elfsborg,BK Häcken,if-elfsborg,bk-h-cken,0,1,A,dc_best,2025-07-28,0.7091033733289163,0.12100789352784269,0.16988873314324113
3747336,2025-08-01,VL,2025,1,Vaasan Palloseura,IFK Mariehamn Fotboll,60901,60759,1,1,D,dc_best,2025-07-28,0.5801991281018276,0.23745022813272637,0.18235064376544605
199422-16-sane,2025-08-02,NO-OBOS,2025,1,Åsane,Lillestrøm,sane,lillestr-m,1,2,A,dc_best,2025-07-28,0.08644792941007422,0.2305825695963419,0.6829695009935839
3748539,2025-08-02,M1L,2025,1,TPS Juniorijalkapallo,Pallokerho-35,60971,50775,1,2,A,dc_best,2025-07-28,0.5151990818245887,0.2714870706565229,0.21331384751888838
3748536,2025-08-02,M1L,2025,1,Jippo,SJK Akatemia,129811,168874,3,1,H,dc_best,2025-07-28,0.43693604722827845,0.31212762559558305,0.2509363271761384
3748537,2025-08-02,M1L,2025,1,Salon Palloilijat,Helsingin Jalkapalloklubi,60690,60692,0,3,A,dc_best,2025-07-28,0.1688152734651416,0.2759850681607293,0.5551996583741291
6155340,2025-08-02,SW-EN,2025,1,Athletic Eskilstuna,IFK Haninge,athletic-eskilstuna,ifk-haninge,3,2,H,dc_best,2025-07-28,0.2463537816694306,0.2084692123711148,0.5451770059594546
6143290,2025-08-02,SW-AL,2025,1,IF Brommapojkarna,IFK Norrköping FK,if-brommapojkarna,ifk-norrk-ping-fk,6,4,H,dc_best,2025-07-28,0.5058150804897746,0.23152278502100068,0.26266213448922476
6143295,2025-08-02,SW-AL,2025,1,IFK Värnamo,GAIS,ifk-v-rnamo,gais,2,2,D,dc_best,2025-07-28,0.12062134492860171,0.2210843451916161,0.6582943098797822
3780772,2025-08-02,M2,2025,2,Tampereen Pallo-Veikot,Pallo-Iirot,60704,107307,1,0,H,dc_best,2025-07-28,0.46767393196149887,0.2334378355142972,0.2988882325242038
3780774,2025-08-02,M2,2025,2,Atlantis Football Club,Ilves,35135803,106905,1,5,A,dc_best,2025-07-28,0.03286831131451765,0.06394988987175909,0.9031817988137233
3780773,2025-08-02,M2,2025,2,Hämeenlinnan Jalkapalloseura,Nurmijärven Jalkapalloseura,35121579,60537,2,1,H,dc_best,2025-07-28,0.6856154828691239,0.17268804889522124,0.14169646823565485
3780863,2025-08-02,M2,2025,3,Vaasan Palloseura,Tornion Pallo-47,169909,60666,8,0,H,dc_best,2025-07-28,0.69809598052421,0.1570407104568991,0.144863309018891
6150053,2025-08-02,SW-EE,2025,1,Jitex BK,Eskilstuna United DFF,jitex-bk,eskilstuna-united-dff,1,2,A,dc_best,2025-07-28,0.34366764769068525,0.15639073835256478,0.49994161395675
6150054,2025-08-02,SW-EE,2025,1,Mallbackens IF Sunne,Trelleborgs FF,mallbackens-if-sunne,trelleborgs-ff,0,3,A,dc_best,2025-07-28,0.19462706535736773,0.12761347167565232,0.67775946296698
6150057,2025-08-02,SW-EE,2025,1,Umeå IK FF,Bollstanäs SK,ume-ik-ff,bollstan-s-sk,3,0,H,dc_best,2025-07-28,0.7814131278478955,0.1478165370300471,0.07077033512205733
6150058,2025-08-02,SW-EE,2025,1,Örebro SK FK,Gamla Upsala SK,rebro-sk-fk,gamla-upsala-sk,1,2,A,dc_best,2025-07-28,0.4650063773458871,0.16049819577118574,0.3744954268829272
3748538,2025-08-02,M1L,2025,1,Käpylän Pallo,Järvenpään Palloseura,60487,60676,0,3,A,dc_best,2025-07-28,0.41066946735018817,0.21275040460818245,0.37658012804162944
3748540,2025-08-02,M1L,2025,1,FC Lahti,Ekenäs Idrottsförening,60969,60495,3,1,H,dc_best,2025-07-28,0.4466256330264396,0.333184938012871,0.2201894289606894
6155341,2025-08-02,SW-EN,2025,1,Gefle IF FF,Karlbergs BK,gefle-if-ff,karlbergs-bk,1,1,D,dc_best,2025-07-28,0.26434665072923347,0.33754795593832904,0.3981053933324376
3747338,2025-08-02,VL,2025,1,Oulun edustusjalkapallo AC Oulu,Fotbollsföreningen JARO Jalkapalloseura,60493,60974,0,1,A,dc_best,2025-07-28,0.3735336283523965,0.2645859494344765,0.361880422213127
199422-16-aalesund,2025-08-02,NO-OBOS,2025,1,Aalesund,Kongsvinger,aalesund,kongsvinger,3,1,H,dc_best,2025-07-28,0.30553763148641294,0.2842581532138905,0.4102042152996966
199422-16-start,2025-08-02,NO-OBOS,2025,1,Start,Mjøndalen,start,mj-ndalen,4,0,H,dc_best,2025-07-28,0.735215294154,0.16949695171240564,0.09528775413359433
199422-16-sogndal,2025-08-02,NO-OBOS,2025,1,Sogndal,Skeid,sogndal,skeid,1,1,D,dc_best,2025-07-28,0.579295687170767,0.23412883412946295,0.1865754786997701
3780681,2025-08-02,M2,2025,1,FC Honka,MYPA,62416,129934,6,0,H,dc_best,2025-07-28,0.831802945752057,0.09587521965702572,0.07232183459091712
6155345,2025-08-02,SW-EN,2025,1,Stockholm Internazionale,Örebro Syrianska IF,stockholm-internazionale,rebro-syrianska-if,3,1,H,dc_best,2025-07-28,0.7385835940179412,0.17810477531455712,0.08331163066750182
6155344,2025-08-02,SW-EN,2025,1,Sollentuna FK,Enköpings SK FK,sollentuna-fk,enk-pings-sk-fk,0,0,D,dc_best,2025-07-28,0.3436615741866644,0.22487460321812652,0.4314638225952091
6155343,2025-08-02,SW-EN,2025,1,Nordic United FC,IF Karlstad Fotboll,nordic-united-fc,if-karlstad-fotboll,1,1,D,dc_best,2025-07-28,0.41558120746010885,0.2426752535411194,0.34174353899877163
3747337,2025-08-02,VL,2025,1,Kuopion Palloseura,Football Club Haka,60756,60561,3,2,H,dc_best,2025-07-28,0.6362453441377467,0.22446894778737458,0.13928570807487867
6144653,2025-08-02,SW-SE,2025,1,Östersund,Helsingborgs IF,stersund,helsingborgs-if,2,2,D,dc_best,2025-07-28,0.27898742809978183,0.26367397947173454,0.4573385924284837
6144651,2025-08-02,SW-SE,2025,1,Varbergs BoIS FC,Örgryte IS Fotboll,varbergs-bois-fc,rgryte-is-fotboll,1,2,A,dc_best,2025-07-28,0.2539285550211354,0.22529230887692056,0.5207791361019442
6144650,2025-08-02,SW-SE,2025,1,Utsikten,GIF Sundsvall,utsikten,gif-sundsvall,4,1,H,dc_best,2025-07-28,0.3337066246360041,0.28071099438494274,0.38558238097905323
6144648,2025-08-02,SW-SE,2025,1,Trelleborgs FF,Kalmar FF,trelleborgs-ff,kalmar-ff,0,0,D,dc_best,2025-07-28,0.15482372675110156,0.2596178203988519,0.5855584528500465
6144647,2025-08-02,SW-SE,2025,1,Sandvikens IF,IK Brage,sandvikens-if,ik-brage,2,5,A,dc_best,2025-07-28,0.38859074394121884,0.25454167389528265,0.35686758216349856
199422-16-ranheim-tf,2025-08-02,NO-OBOS,2025,1,Ranheim TF,Hødd,ranheim-tf,h-dd,2,1,H,dc_best,2025-07-28,0.46076637640744356,0.2588818061432477,0.28035181744930865
199422-16-egersund,2025-08-02,NO-OBOS,2025,1,Egersund,Odd,egersund,odd,1,0,H,dc_best,2025-07-28,0.3806455569791658,0.2661564736983007,0.35319796932253356
199422-16-stab-k,2025-08-02,NO-OBOS,2025,1,Stabæk,Moss,stab-k,moss,3,3,D,dc_best,2025-07-28,0.43885572083892954,0.26000265182869575,0.3011416273323747
3780775,2025-08-02,M2,2025,2,Football Club Kiffen 08,Musan Salama,60554,60696,3,0,H,dc_best,2025-07-28,0.43607244336247913,0.22820347430349203,0.33572408233402884
199422-16-raufoss,2025-08-02,NO-OBOS,2025,1,Raufoss,Lyn,raufoss,lyn,0,3,A,dc_best,2025-07-28,0.35490649917314504,0.29946968938564617,0.34562381144120874
199120-12-odds-ballklubb,2025-08-02,NO-1DK,2025,1,Odds Ballklubb,Viking,odds-ballklubb,viking,1,2,A,dc_best,2025-07-28,0.6974112564060633,0.17619309886201934,0.12639564473191756
199120-12-molde,2025-08-02,NO-1DK,2025,1,Molde,Tromsø IL,molde,troms-il,4,2,H,dc_best,2025-07-28,0.7734542108812681,0.15102442208701627,0.07552136703171564
199295-14-asker,2025-08-02,NO-PN2,2025,1,Asker,Grorud,asker,grorud,5,1,H,dc_best,2025-07-28,0.16291615730234932,0.10358087873922699,0.7335029639584237
199120-12-hamkam,2025-08-02,NO-1DK,2025,1,HamKam,KIL/Hemne,hamkam,kil-hemne,3,0,H,dc_best,2025-07-28,0.24137683567593265,0.40563777526627004,0.35298538905779736
199120-12-haugesund,2025-08-02,NO-1DK,2025,1,Haugesund,Åsane,haugesund,sane,2,0,H,dc_best,2025-07-28,0.39394354576061774,0.3290356688688687,0.27702078537051367
199295-14-str-mmen,2025-08-02,NO-PN2,2025,1,Strømmen,Strindheim TF,str-mmen,strindheim-tf,4,1,H,dc_best,2025-07-28,0.8804409630980394,0.05422233320707411,0.06533670369488637
199295-14-ullensaker-kisa,2025-08-02,NO-PN2,2025,1,Ullensaker/Kisa,Rana FK,ullensaker-kisa,rana-fk,3,2,H,dc_best,2025-07-28,0.7223124392369022,0.10555552209687652,0.1721320386662213
199295-14-stj-rdals-blink,2025-08-02,NO-PN2,2025,1,Stjørdals-Blink,Follo,stj-rdals-blink,follo,2,0,H,dc_best,2025-07-28,0.6174978539128777,0.12840376560459293,0.25409838048252936
6155100,2025-08-02,SW-ES,2025,1,FC Rosengård 1917,Jönköpings Södra IF,fc-roseng-rd-1917,j-nk-pings-s-dra-if,0,1,A,dc_best,2025-07-28,0.21336618472529265,0.4236920902572482,0.3629417250174592
6155104,2025-08-02,SW-ES,2025,1,Oskarshamns AIK,Torslanda IK,oskarshamns-aik,torslanda-ik,0,1,A,dc_best,2025-07-28,0.2881198029417878,0.3556480539383779,0.35623214311983425
6155106,2025-08-02,SW-ES,2025,1,Ängelholms FF,Norrby IF,ngelholms-ff,norrby-if,0,4,A,dc_best,2025-07-28,0.3961031850346722,0.30179222803878064,0.3021045869265472
199295-14-levanger,2025-08-02,NO-PN2,2025,1,Levanger,Eidsvold TF,levanger,eidsvold-tf,1,1,D,dc_best,2025-07-28,0.5667101250175497,0.13871794387426223,0.2945719311081881
3748000,2025-08-02,NL,2025,1,Pallokerho-35,Helsingin Palloseura,143879,60781,0,3,A,dc_best,2025-07-28,0.13689444543290824,0.15002682794422686,0.7130787266228649
6155103,2025-08-02,SW-ES,2025,1,Lunds BK,Husqvarna FF,lunds-bk,husqvarna-ff,3,3,D,dc_best,2025-07-28,0.7680911485134336,0.16414417342898013,0.06776467805758629
199603-16-troms,2025-08-02,NO-ELI,2025,1,Tromsø,Fredrikstad,troms,fredrikstad,0,0,D,dc_best,2025-07-28,0.521013935713879,0.23846298833051932,0.24052307595560163
199603-16-sarpsborg-08,2025-08-02,NO-ELI,2025,1,Sarpsborg 08,Brann,sarpsborg-08,brann,1,4,A,dc_best,2025-07-28,0.5220869642999194,0.2412453801725722,0.23666765552750846
3774123,2025-08-02,M1,2025,1,Pallokerho Keski-Uusimaa,Oulun Luistinseura,60929,106449,1,1,D,dc_best,2025-07-28,0.42079999363563036,0.18282900674329033,0.3963709996210794
3774121,2025-08-02,M1,2025,1,Espoon Palloseuran Jalkapallo,Jalkapalloseura Tampere United,62296,106945,1,1,D,dc_best,2025-07-28,0.3117432644422113,0.1978451858681465,0.49041154968964223
3774122,2025-08-02,M1,2025,1,Rovaniemen Palloseura,JJK Jyväskylä,60973,144858,1,2,A,dc_best,2025-07-28,0.4597672155089315,0.21558906096762814,0.3246437235234404
3748001,2025-08-02,NL,2025,1,Åland United,Jyväskylän Pallokerho,60532,60884,5,1,H,dc_best,2025-07-28,0.6941480065537977,0.15969777538956345,0.14615421805663886
199295-14-kjels-s,2025-08-02,NO-PN2,2025,1,Kjelsås,Hønefoss BK,kjels-s,h-nefoss-bk,5,4,H,dc_best,2025-07-28,0.5095112606969611,0.1468470358662176,0.3436417034368213
199603-16-hamkam,2025-08-03,NO-ELI,2025,1,HamKam,Bodø/Glimt,hamkam,bod-glimt,1,3,A,dc_best,2025-07-28,0.1304044657952568,0.17545721979154513,0.6941383144131981
6155342,2025-08-03,SW-EN,2025,1,IFK Stocksund,FC Arlanda,ifk-stocksund,fc-arlanda,2,1,H,dc_best,2025-07-28,0.3652758495433478,0.26572473806657815,0.36899941239007406
199603-16-kfum,2025-08-03,NO-ELI,2025,1,KFUM,Rosenborg,kfum,rosenborg,4,1,H,dc_best,2025-07-28,0.47148464340054475,0.2718722192463592,0.2566431373530962
6143292,2025-08-03,SW-AL,2025,1,BK Häcken,IF Elfsborg,bk-h-cken,if-elfsborg,1,2,A,dc_best,2025-07-28,0.2570436055201027,0.21745242627835717,0.5255039682015401
199295-14-alta,2025-08-03,NO-PN2,2025,1,Alta,Tromsdalen,alta,tromsdalen,3,2,H,dc_best,2025-07-28,0.27594348106465677,0.13271191691584044,0.5913446020195029
3747339,2025-08-03,VL,2025,1,SEINÄJOEN JALKAPALLOKERHO,FC KTP Kotka,60970,60972,3,0,H,dc_best,2025-07-28,0.7045905077942283,0.1539095144296518,0.14149997777611983
199603-16-molde,2025-08-03,NO-ELI,2025,1,Molde,Bryne,molde,bryne,2,0,H,dc_best,2025-07-28,0.5329858995517317,0.2230615504664509,0.24395254998181745
199603-16-str-msgodset,2025-08-03,NO-ELI,2025,1,Strømsgodset,Haugesund,str-msgodset,haugesund,2,0,H,dc_best,2025-07-28,0.7141880153049293,0.18443531580054168,0.101376668894529
3780682,2025-08-03,M2,2025,1,Lahden Reipas,Puistolan Urheilijat,61562,49973,0,1,A,dc_best,2025-07-28,0.42140920250032726,0.22753260993007188,0.35105818756960094
199120-12-ik-start-kvinner,2025-08-03,NO-1DK,2025,1,IK Start Kvinner,AaFK Fortuna,ik-start-kvinner,aafk-fortuna,2,2,D,dc_best,2025-07-28,0.15652705872784,0.35616235082386133,0.4873105904482986
3748002,2025-08-03,NL,2025,1,PK-35 Vantaa,Helsingin Jalkapalloklubi,60671,60682,0,2,A,dc_best,2025-07-28,0.03732784640935418,0.07948705057437232,0.8831851030162735
3747999,2025-08-03,NL,2025,1,Kuopion Palloseura,Idrottsföreningen Kamraterna Vasa,157420,60691,7,0,H,dc_best,2025-07-28,0.664303954798698,0.2013607371286392,0.1343353080726629
6155339,2025-08-03,SW-EN,2025,1,Assyriska FF,Team TG FF,assyriska-ff,team-tg-ff,4,0,H,dc_best,2025-07-28,0.5285632489167289,0.28683344541629147,0.18460330566697974
6150056,2025-08-03,SW-EE,2025,1,Team TG FF,KIF Örebro DFF,team-tg-ff,kif-rebro-dff,0,6,A,dc_best,2025-07-28,0.15866599535481138,0.11819052738120962,0.723143477263979
6150055,2025-08-03,SW-EE,2025,1,Sunnanå SK,IK Uppsala Fotboll,sunnan-sk,ik-uppsala-fotboll,0,1,A,dc_best,2025-07-28,0.12947746258726572,0.13427155194684237,0.7362509854658918
3780864,2025-08-03,M2,2025,3,Oulunsalon Pallo,SJK Akatemia,108059,131834,1,2,A,dc_best,2025-07-28,0.6092968094444001,0.14943900041704208,0.24126419013855785
3780683,2025-08-03,M2,2025,1,GrIFK - Fotboll,Haminan Pallo-Kissat Edustus,60549,61483,5,0,H,dc_best,2025-07-28,0.8562487571836361,0.09653827181946492,0.047212970996898924
199603-16-v-lerenga,2025-08-03,NO-ELI,2025,1,Vålerenga,Sandefjord Fotball,v-lerenga,sandefjord-fotball,2,1,H,dc_best,2025-07-28,0.2569219118869095,0.21927584970969574,0.5238022384033949
6143294,2025-08-03,SW-AL,2025,1,IK Sirius FK,Östers IF,ik-sirius-fk,sters-if,1,1,D,dc_best,2025-07-28,0.4663790996010493,0.28443015311483416,0.24919074728411655
6143288,2025-08-03,SW-AL,2025,1,Djurgården,Halmstad,djurg-rden,halmstad,1,1,D,dc_best,2025-07-28,0.6661253043609374,0.21435925243840856,0.11951544320065394
6144646,2025-08-03,SW-SE,2025,1,Landskrona BoIS,Västerås SK FK,landskrona-bois,v-ster-s-sk-fk,1,2,A,dc_best,2025-07-28,0.31121191485520067,0.2437112878760559,0.44507679726874333
199120-12-fyllingsdalen,2025-08-03,NO-1DK,2025,1,Fyllingsdalen,Arna-Bjørnar,fyllingsdalen,arna-bj-rnar,2,0,H,dc_best,2025-07-28,0.408951213735838,0.3392929022391593,0.2517558840250027
6144649,2025-08-04,SW-SE,2025,1,Umeå FC,Falkenbergs FF,ume-fc,falkenbergs-ff,0,2,A,dc_best,2025-08-04,0.16816856804992636,0.22426493415430954,0.6075664977957642
6155105,2025-08-04,SW-ES,2025,1,Skövde AIK,IFK Skövde FK,sk-vde-aik,ifk-sk-vde-fk,0,0,D,dc_best,2025-08-04,0.6585058098779492,0.18088039601683237,0.1606137941052186
6155101,2025-08-04,SW-ES,2025,1,FC Trollhättan,Ljungskile SK Herrfotboll,fc-trollh-ttan,ljungskile-sk-herrfotboll,2,2,D,dc_best,2025-08-04,0.10519183555422482,0.14592837493244945,0.7488797895133258
6155102,2025-08-04,SW-ES,2025,1,Hässleholms IF,Ariana FC,h-ssleholms-if,ariana-fc,2,1,H,dc_best,2025-08-04,0.3630465677974481,0.3118912001854193,0.3250622320171326
3747341,2025-08-04,VL,2025,1,Helsingin Jalkapalloklubin Liiga-HJK,Football Club International Turku,60731,60987,1,4,A,dc_best,2025-08-04,0.33570208291450754,0.2585979626923093,0.4056999543931833
3747340,2025-08-04,VL,2025,1,Ilves,IF Gnistan,60745,60534,2,2,D,dc_best,2025-08-04,0.6743180468290215,0.1876523992177718,0.13802955395320668
6155346,2025-08-04,SW-EN,2025,1,Vasalund,Hammarby TFF Herrfotboll,vasalund,hammarby-tff-herrfotboll,1,1,D,dc_best,2025-08-04,0.4619135816395665,0.2778622031110097,0.2602242152494238
3780684,2025-08-04,M2,2025,1,Vantaan Jalkapalloseura,Pepo Lappeenranta,63440,61010,1,0,H,dc_best,2025-08-04,0.7031865975020243,0.18088371402251463,0.11592968847546103
6143291,2025-08-04,SW-AL,2025,1,IFK Göteborg,Degerfors IF,ifk-g-teborg,degerfors-if,3,0,H,dc_best,2025-08-04,0.6629984332008318,0.19274796203714434,0.1442536047620238
199118-15-rosenborg-bk,2025-08-05,NO-TS,2025,1,Rosenborg BK,LSK Kvinner,rosenborg-bk,lsk-kvinner,5,0,H,dc_best,2025-08-04,0.652332475357786,0.16024655617136566,0.18742096847084833
199118-15-r-a-fotball-elite,2025-08-05,NO-TS,2025,1,Røa Fotball Elite,Stabæk,r-a-fotball-elite,stab-k,0,0,D,dc_best,2025-08-04,0.3555352109799001,0.24465513312813778,0.39980965589196227
199118-15-lyn,2025-08-05,NO-TS,2025,1,Lyn,Vålerenga Fotball,lyn,v-lerenga-fotball,1,1,D,dc_best,2025-08-04,0.12687642569164298,0.15645190423943034,0.7166716700689267
199118-15-h-nefoss-bk,2025-08-05,NO-TS,2025,1,Hønefoss BK,Kolbotn IL Elite,h-nefoss-bk,kolbotn-il-elite,2,0,H,dc_best,2025-08-04,0.48418512596742985,0.2057877481130484,0.3100271259195217
199118-15-bod-glimt,2025-08-05,NO-TS,2025,1,Bodø/Glimt,SK Brann,bod-glimt,sk-brann,0,3,A,dc_best,2025-08-04,0.03807786426525887,0.09839565847993499,0.8635264772548062
199422-18-sogndal,2025-08-06,NO-OBOS,2025,1,Sogndal,Hødd,sogndal,h-dd,2,1,H,dc_best,2025-08-04,0.4621843600849399,0.26788781893844893,0.2699278209766111
199422-18-skeid,2025-08-06,NO-OBOS,2025,1,Skeid,Mjøndalen,skeid,mj-ndalen,1,2,A,dc_best,2025-08-04,0.5199753242014014,0.25896264417037634,0.22106203162822227
199422-18-stab-k,2025-08-06,NO-OBOS,2025,1,Stabæk,Aalesund,stab-k,aalesund,1,2,A,dc_best,2025-08-04,0.21969359026085733,0.2626803950099521,0.5176260147291906
199422-18-start,2025-08-06,NO-OBOS,2025,1,Start,Odd,start,odd,2,0,H,dc_best,2025-08-04,0.5619114186408227,0.2710592337341688,0.16702934762500854
199422-18-egersund,2025-08-06,NO-OBOS,2025,1,Egersund,Lillestrøm,egersund,lillestr-m,0,2,A,dc_best,2025-08-04,0.09987344307001471,0.20234687218134675,0.6977796847486385
199422-18-ranheim-tf,2025-08-06,NO-OBOS,2025,1,Ranheim TF,Moss,ranheim-tf,moss,0,0,D,dc_best,2025-08-04,0.5278905529273178,0.22694004750045288,0.2451693995722294
199422-18-sane,2025-08-06,NO-OBOS,2025,1,Åsane,Lyn,sane,lyn,0,2,A,dc_best,2025-08-04,0.2401433416845724,0.2870180083991912,0.4728386499162365
3774124,2025-08-06,M1,2025,1,Jalkapalloseura Tampere United,FC Jazz Juniorit,106945,60521,4,2,H,dc_best,2025-08-04,0.44340426726931953,0.21313514545774545,0.34346058727293494
3774126,2025-08-06,M1,2025,1,Oulun Luistinseura,Kuopion Palloseura,106449,106331,5,0,H,dc_best,2025-08-04,0.7279977298587672,0.1368988733091662,0.13510339683206668
3774125,2025-08-06,M1,2025,1,Football Club International Turku,Pallokerho Keski-Uusimaa,60860,60929,2,2,D,dc_best,2025-08-04,0.7254056557133477,0.12806383169640628,0.14653051259024613
3774127,2025-08-06,M1,2025,1,Mikkelin Palloilijat,Atlantis FC Edustus,60494,60702,3,1,H,dc_best,2025-08-04,0.7837278381739737,0.131267714974872,0.08500444685115424
3774129,2025-08-06,M1,2025,1,JJK Jyväskylä,Espoon Palloseuran Jalkapallo,144858,62296,1,0,H,dc_best,2025-08-04,0.7178008240926915,0.16623839383626446,0.11596078207104406
3774128,2025-08-06,M1,2025,1,KPV Juniorit,Rovaniemen Palloseura,60536,60973,5,0,H,dc_best,2025-08-04,0.5537873469150802,0.19483483893672793,0.2513778141481917
199422-18-raufoss,2025-08-06,NO-OBOS,2025,1,Raufoss,Kongsvinger,raufoss,kongsvinger,2,2,D,dc_best,2025-08-04,0.3695004780782829,0.24564334450423583,0.38485617741748135
3780685,2025-08-07,M2,2025,1,FC Vaajakoski,Jyväskylän Seudun Palloseura,60496,106602,4,0,H,dc_best,2025-08-04,0.8512432818214747,0.08435328415108144,0.06440343402744389
3780866,2025-08-08,M2,2025,3,Gamlakarleby Bollklubb,Jalkapalloseura Hercules,60492,61004,2,1,H,dc_best,2025-08-04,0.8005477366456176,0.10815820165524487,0.09129406169913755
6155347,2025-08-08,SW-EN,2025,1,Enköpings SK FK,Athletic Eskilstuna,enk-pings-sk-fk,athletic-eskilstuna,2,3,A,dc_best,2025-08-04,0.6239428437067753,0.21565700603355883,0.16040015025966572
3780777,2025-08-08,M2,2025,2,Musan Salama,Nurmijärven Jalkapalloseura,60696,60537,1,5,A,dc_best,2025-08-04,0.6355021867537021,0.1742114479212549,0.19028636532504306
3780686,2025-08-08,M2,2025,1,Haminan Pallo-Kissat Edustus,Vantaan Jalkapalloseura,61483,63440,1,3,A,dc_best,2025-08-04,0.012254457849495345,0.0351496935115776,0.952595848638927
6142964,2025-08-08,SW-DA,2025,1,Hammarby,Alingsås IF FF,hammarby,alings-s-if-ff,7,0,H,dc_best,2025-08-04,0.9125744928787265,0.052049598514463676,0.03537590860680975
6142965,2025-08-08,SW-DA,2025,1,IF Brommapojkarna,IFK Norrköping FK,if-brommapojkarna,ifk-norrk-ping-fk,1,2,A,dc_best,2025-08-04,0.5199810362198536,0.17749517002088838,0.3025237937592581
6142966,2025-08-08,SW-DA,2025,1,Linköping FC,Växjö,link-ping-fc,v-xj,0,4,A,dc_best,2025-08-04,0.23326617177624484,0.15620732519616087,0.6105265030275943
6142963,2025-08-08,SW-DA,2025,1,FC Rosengård,Malmö FF,fc-roseng-rd,malm-ff,0,1,A,dc_best,2025-08-04,0.26906036789990934,0.18607803525978875,0.5448615968403019
3747342,2025-08-08,VL,2025,1,Football Club International Turku,Oulun edustusjalkapallo AC Oulu,60987,60493,3,2,H,dc_best,2025-08-04,0.7442147836109504,0.16749210489505426,0.08829311149399542
3780776,2025-08-08,M2,2025,2,Helsingin Palloseura,Tampereen Pallo-Veikot,49949,60704,1,2,A,dc_best,2025-08-04,0.2212135628689874,0.22227446630034714,0.5565119708306655
6155351,2025-08-09,SW-EN,2025,1,Karlbergs BK,FC Arlanda,karlbergs-bk,fc-arlanda,1,3,A,dc_best,2025-08-04,0.5063560733511725,0.32230771776168876,0.17133620888713869
6155350,2025-08-09,SW-EN,2025,1,IFK Haninge,Sollentuna FK,ifk-haninge,sollentuna-fk,3,3,D,dc_best,2025-08-04,0.653198608178044,0.1841420950062536,0.16265929681570238
6155354,2025-08-09,SW-EN,2025,1,Örebro Syrianska IF,IFK Stocksund,rebro-syrianska-if,ifk-stocksund,1,2,A,dc_best,2025-08-04,0.46346165831362895,0.23689339009181196,0.29964495159455906
199603-17-bod-glimt,2025-08-09,NO-ELI,2025,1,Bodø/Glimt,Tromsø,bod-glimt,troms,1,1,D,dc_best,2025-08-04,0.6739748750904043,0.18513408361847908,0.14089104129111657
199603-17-molde,2025-08-09,NO-ELI,2025,1,Molde,HamKam,molde,hamkam,1,0,H,dc_best,2025-08-04,0.5578814126513205,0.2367554395609291,0.2053631477877504
6150063,2025-08-09,SW-EE,2025,1,Jitex BK,Umeå IK FF,jitex-bk,ume-ik-ff,0,4,A,dc_best,2025-08-04,0.26654316260911604,0.12538512098654317,0.6080717164043408
6155109,2025-08-09,SW-ES,2025,1,Husqvarna FF,Skövde AIK,husqvarna-ff,sk-vde-aik,4,1,H,dc_best,2025-08-04,0.2976520861178272,0.2097943025974652,0.4925536112847076
6155112,2025-08-09,SW-ES,2025,1,Lunds BK,FC Trollhättan,lunds-bk,fc-trollh-ttan,1,1,D,dc_best,2025-08-04,0.5979089633372079,0.21784576949950624,0.18424526716328596
6155111,2025-08-09,SW-ES,2025,1,Jönköpings Södra IF,Ängelholms FF,j-nk-pings-s-dra-if,ngelholms-ff,0,0,D,dc_best,2025-08-04,0.5917420330274323,0.269306163238223,0.1389518037343447
6150059,2025-08-09,SW-EE,2025,1,BK Häcken,Örebro SK FK,bk-h-cken,rebro-sk-fk,0,2,A,dc_best,2025-08-04,0.5562497699905197,0.15237025935066223,0.291379970658818
6150062,2025-08-09,SW-EE,2025,1,Gamla Upsala SK,Team TG FF,gamla-upsala-sk,team-tg-ff,1,3,A,dc_best,2025-08-04,0.7805091539571221,0.09303942447326015,0.12645142156961775
6150060,2025-08-09,SW-EE,2025,1,Bollstanäs SK,IK Uppsala Fotboll,bollstan-s-sk,ik-uppsala-fotboll,0,4,A,dc_best,2025-08-04,0.13175412983365845,0.1548606034837909,0.7133852666825505
6150065,2025-08-09,SW-EE,2025,1,Trelleborgs FF,Sunnanå SK,trelleborgs-ff,sunnan-sk,4,0,H,dc_best,2025-08-04,0.7478235535224382,0.11954419278148043,0.13263225369608128
6150064,2025-08-09,SW-EE,2025,1,KIF Örebro DFF,Mallbackens IF Sunne,kif-rebro-dff,mallbackens-if-sunne,1,0,H,dc_best,2025-08-04,0.8988684353144037,0.050236954878746194,0.050894609806850094
6150061,2025-08-09,SW-EE,2025,1,Eskilstuna United DFF,IF Elfsborg,eskilstuna-united-dff,if-elfsborg,2,0,H,dc_best,2025-08-04,0.6882349648865239,0.11369196385997174,0.19807307125350432
6155114,2025-08-09,SW-ES,2025,1,Torslanda IK,FC Rosengård 1917,torslanda-ik,fc-roseng-rd-1917,1,1,D,dc_best,2025-08-04,0.4316564318864312,0.3361546913671542,0.2321888767464147
6142961,2025-08-09,SW-DA,2025,1,BK Häcken FF,Djurgården,bk-h-cken-ff,djurg-rden,4,1,H,dc_best,2025-08-04,0.85592451614968,0.07323035188442699,0.07084513196589304
6142960,2025-08-09,SW-DA,2025,1,AIK,Kristianstads DFF,aik,kristianstads-dff,2,0,H,dc_best,2025-08-04,0.2370446481036362,0.16737058342372838,0.5955847684726354
6155107,2025-08-09,SW-ES,2025,1,Ariana FC,Eskilsminne IF,ariana-fc,eskilsminne-if,3,0,H,dc_best,2025-08-04,0.6061029984272065,0.25062880217145533,0.14326819940133817
6155110,2025-08-09,SW-ES,2025,1,IFK Skövde FK,Ljungskile SK Herrfotboll,ifk-sk-vde-fk,ljungskile-sk-herrfotboll,0,4,A,dc_best,2025-08-04,0.04989524079465812,0.10040600360805717,0.8496987555972848
199294-15-fk-eik-t-nsberg-871,2025-08-09,NO-PN1,2025,1,FK Eik Tønsberg 871,Arendal,fk-eik-t-nsberg-871,arendal,1,3,A,dc_best,2025-08-04,0.3246255265603815,0.3544729806028066,0.32090149283681185
6144661,2025-08-09,SW-SE,2025,1,Örgryte IS Fotboll,IK Oddevold,rgryte-is-fotboll,ik-oddevold,0,0,D,dc_best,2025-08-04,0.616281580652678,0.22094916523497937,0.16276925411234278
199120-13-hamkam,2025-08-09,NO-1DK,2025,1,HamKam,Molde,hamkam,molde,1,3,A,dc_best,2025-08-04,0.15997372101316756,0.26845920136799095,0.5715670776188415
199120-13-sane,2025-08-09,NO-1DK,2025,1,Åsane,Odds Ballklubb,sane,odds-ballklubb,2,0,H,dc_best,2025-08-04,0.7924567733043584,0.15128386108860895,0.056259365607032735
199118-16-lsk-kvinner,2025-08-09,NO-TS,2025,1,LSK Kvinner,SK Brann,lsk-kvinner,sk-brann,0,3,A,dc_best,2025-08-04,0.17467237024857524,0.19050035278580227,0.6348272769656225
199294-15-sandviken,2025-08-09,NO-PN1,2025,1,Sandviken,Sandnes Ulf,sandviken,sandnes-ulf,0,2,A,dc_best,2025-08-04,0.08536877719308837,0.17221097368268287,0.7424202491242288
199294-15-jerv,2025-08-09,NO-PN1,2025,1,Jerv,Fløy-Flekkerøy,jerv,fl-y-flekker-y,3,0,H,dc_best,2025-08-04,0.6338451988478719,0.241130798411246,0.12502400274088205
199294-15-vard-haugesund,2025-08-09,NO-PN1,2025,1,Vard Haugesund,Træff,vard-haugesund,tr-ff,2,2,D,dc_best,2025-08-04,0.49259375421071483,0.31966227819040366,0.18774396759888146
199118-16-v-lerenga-fotball,2025-08-09,NO-TS,2025,1,Vålerenga Fotball,Røa Fotball Elite,v-lerenga-fotball,r-a-fotball-elite,3,0,H,dc_best,2025-08-04,0.9450203168487872,0.03854181253739066,0.016437870613822188
199118-16-stab-k,2025-08-09,NO-TS,2025,1,Stabæk,Rosenborg BK,stab-k,rosenborg-bk,0,3,A,dc_best,2025-08-04,0.2452752412223902,0.20101061926755276,0.553714139510057
199118-16-kolbotn-il-elite,2025-08-09,NO-TS,2025,1,Kolbotn IL Elite,Bodø/Glimt,kolbotn-il-elite,bod-glimt,1,2,A,dc_best,2025-08-04,0.559162638277541,0.2077215008287051,0.23311586089375386
199118-16-h-nefoss-bk,2025-08-09,NO-TS,2025,1,Hønefoss BK,Lyn,h-nefoss-bk,lyn,1,0,H,dc_best,2025-08-04,0.305756227879225,0.22510970720371745,0.4691340649170576
199295-15-strindheim-tf,2025-08-09,NO-PN2,2025,1,Strindheim TF,Ullensaker/Kisa,strindheim-tf,ullensaker-kisa,0,1,A,dc_best,2025-08-04,0.19023040668891805,0.1257029824985755,0.6840666108125064
199295-15-follo,2025-08-09,NO-PN2,2025,1,Follo,Asker,follo,asker,2,1,H,dc_best,2025-08-04,0.5408968258742607,0.1503874597149399,0.3087157144107994
199295-15-eidsvold-tf,2025-08-09,NO-PN2,2025,1,Eidsvold TF,Kjelsås,eidsvold-tf,kjels-s,2,1,H,dc_best,2025-08-04,0.5323216448262735,0.15384095997738204,0.3138373951963444
3747343,2025-08-09,VL,2025,1,Fotbollsföreningen JARO Jalkapalloseura,Football Club Haka,60974,60561,2,1,H,dc_best,2025-08-04,0.4412543539248666,0.27898624727786275,0.27975939879727063
3747344,2025-08-09,VL,2025,1,FC KTP Kotka,Kuopion Palloseura,60972,60756,0,2,A,dc_best,2025-08-04,0.1456960554209823,0.18752710504349698,0.6667768395355208
3747345,2025-08-09,VL,2025,1,IFK Mariehamn Fotboll,IF Gnistan,60759,60534,2,5,A,dc_best,2025-08-04,0.28699879577539983,0.2704872241839381,0.4425139800406621
3780688,2025-08-09,M2,2025,1,Puistolan Urheilijat,Pepo Lappeenranta,49973,61010,4,0,H,dc_best,2025-08-04,0.41771544408581784,0.2877279267477555,0.2945566291664268
6143300,2025-08-09,SW-AL,2025,1,Malmö FF,Mjällby AIF,malm-ff,mj-llby-aif,1,3,A,dc_best,2025-08-04,0.3231279595137779,0.3156607665011899,0.36121127398503233
6143302,2025-08-09,SW-AL,2025,1,Halmstad,IK Sirius FK,halmstad,ik-sirius-fk,0,1,A,dc_best,2025-08-04,0.2818932546168046,0.2622926114031924,0.4558141339800031
3748004,2025-08-09,NL,2025,1,Helsingin Palloseura,Kuopion Palloseura,60781,157420,2,3,A,dc_best,2025-08-04,0.4457468435912304,0.22484114549309822,0.32941201091567146
3748006,2025-08-09,NL,2025,1,Jyväskylän Pallokerho,PK-35 Vantaa,60884,60671,1,10,A,dc_best,2025-08-04,0.2976768124495864,0.24191167574454378,0.4604115118058699
3748003,2025-08-09,NL,2025,1,Helsingin Jalkapalloklubi,Pallokerho-35,60682,143879,2,0,H,dc_best,2025-08-04,0.9642099012371792,0.028145168865950695,0.007644929896870181
3748005,2025-08-09,NL,2025,1,Idrottsföreningen Kamraterna Vasa,Åland United,60691,60532,1,4,A,dc_best,2025-08-04,0.18020741179838348,0.1592244641429419,0.6605681240586747
3780870,2025-08-09,M2,2025,3,Oulunsalon Pallo,Idrottsföreningen Kamraterna Vasa,108059,60647,10,2,H,dc_best,2025-08-04,0.7662652262521092,0.12357563874710356,0.1101591350007872
6144655,2025-08-09,SW-SE,2025,1,GIF Sundsvall,Sandvikens IF,gif-sundsvall,sandvikens-if,1,0,H,dc_best,2025-08-04,0.48430961076929546,0.2725162019072107,0.24317418732349383
3780687,2025-08-09,M2,2025,1,Lahden Reipas,MYPA,61562,129934,4,2,H,dc_best,2025-08-04,0.37021704048019594,0.17897990044139905,0.4508030590784051
3780867,2025-08-09,M2,2025,3,Idrottsföreningen Kraft,Tornion Pallo-47,60686,60666,1,2,A,dc_best,2025-08-04,0.4728939815079693,0.18549998684524316,0.3416060316467875
3780779,2025-08-09,M2,2025,2,Atlantis Football Club,Pallo-Pojat Juniorit,35135803,48924,0,4,A,dc_best,2025-08-04,0.11206418936475096,0.11380619424205152,0.7741296163931974
3780778,2025-08-09,M2,2025,2,Football Club Kiffen 08,Pallo-Iirot,60554,107307,3,0,H,dc_best,2025-08-04,0.3575371231384056,0.2622451461071329,0.38021773075446147
199120-13-kil-hemne,2025-08-09,NO-1DK,2025,1,KIL/Hemne,Haugesund,kil-hemne,haugesund,1,5,A,dc_best,2025-08-04,0.1312878796472399,0.23642191704742785,0.6322902033053324
199120-13-viking,2025-08-09,NO-1DK,2025,1,Viking,Arna-Bjørnar,viking,arna-bj-rnar,1,1,D,dc_best,2025-08-04,0.4580808712640616,0.2922899069859135,0.249629221750025
3780780,2025-08-09,M2,2025,2,Ilves,Hämeenlinnan Jalkapalloseura,106905,35121579,2,1,H,dc_best,2025-08-04,0.5639279612011455,0.20990241232832763,0.2261696264705269
6144658,2025-08-09,SW-SE,2025,1,Landskrona BoIS,Östersund,landskrona-bois,stersund,2,0,H,dc_best,2025-08-04,0.4387569403807124,0.25304961399959963,0.308193445619688
6144654,2025-08-09,SW-SE,2025,1,Falkenbergs FF,IK Brage,falkenbergs-ff,ik-brage,0,1,A,dc_best,2025-08-04,0.4385308501771909,0.23287410828498648,0.3285950415378227
3774134,2025-08-10,M1,2025,1,Pallokerho Keski-Uusimaa,Jalkapalloseura Tampere United,60929,106945,0,0,D,dc_best,2025-08-04,0.5124404968472837,0.1990581574815918,0.2885013456711247
3774135,2025-08-10,M1,2025,1,Mikkelin Palloilijat,KPV Juniorit,60494,60536,2,1,H,dc_best,2025-08-04,0.6881233755160101,0.16430540742754454,0.1475712170564455
3774133,2025-08-10,M1,2025,1,Kuopion Palloseura,Football Club International Turku,106331,60860,3,1,H,dc_best,2025-08-04,0.34962128381691576,0.1736352940458345,0.47674342213724974
3774131,2025-08-10,M1,2025,1,Atlantis FC Edustus,Oulun Luistinseura,60702,106449,3,2,H,dc_best,2025-08-04,0.21930173229582417,0.19584114512221992,0.584857122581956
3774130,2025-08-10,M1,2025,1,Espoon Palloseuran Jalkapallo,Rovaniemen Palloseura,62296,60973,2,1,H,dc_best,2025-08-04,0.3448330668653237,0.22649112605437816,0.4286758070802981
199294-15-notodden,2025-08-10,NO-PN1,2025,1,Notodden,Lysekloster,notodden,lysekloster,0,2,A,dc_best,2025-08-04,0.3464907247495378,0.378071443564505,0.2754378316859572
199294-15-sotra,2025-08-10,NO-PN1,2025,1,Sotra,Brann  2,sotra,brann-2,5,0,H,dc_best,2025-08-04,0.8181635502237068,0.1349052235601663,0.04693122621612677
199422-17-odd,2025-08-10,NO-OBOS,2025,1,Odd,Raufoss,odd,raufoss,1,2,A,dc_best,2025-08-04,0.37232909077460813,0.307145727924441,0.32052518130095087
199120-13-aafk-fortuna,2025-08-10,NO-1DK,2025,1,AaFK Fortuna,Fyllingsdalen,aafk-fortuna,fyllingsdalen,4,0,H,dc_best,2025-08-04,0.7128192909185499,0.20264111403545013,0.08453959504599999
199120-13-troms-il,2025-08-10,NO-1DK,2025,1,Tromsø IL,IK Start Kvinner,troms-il,ik-start-kvinner,1,1,D,dc_best,2025-08-04,0.5249125481067368,0.29677699409923947,0.17831045779402385
6155113,2025-08-10,SW-ES,2025,1,Norrby IF,Oskarshamns AIK,norrby-if,oskarshamns-aik,3,0,H,dc_best,2025-08-04,0.5838947499323363,0.3037890287223437,0.11231622134532006
6143303,2025-08-10,SW-AL,2025,1,Degerfors IF,BK Häcken,degerfors-if,bk-h-cken,0,0,D,dc_best,2025-08-04,0.25900279144175276,0.22269124745194693,0.5183059611063005
6143296,2025-08-10,SW-AL,2025,1,AIK,Djurgården,aik,djurg-rden,0,0,D,dc_best,2025-08-04,0.40639778309629215,0.3271768229727336,0.2664253939309742
199422-17-lillestr-m,2025-08-10,NO-OBOS,2025,1,Lillestrøm,Aalesund,lillestr-m,aalesund,5,1,H,dc_best,2025-08-04,0.6311900629357943,0.24973247642103755,0.1190774606431683
199422-17-h-dd,2025-08-10,NO-OBOS,2025,1,Hødd,Start,h-dd,start,0,2,A,dc_best,2025-08-04,0.18715783083296839,0.2469725453133227,0.565869623853709
199422-17-kongsvinger,2025-08-10,NO-OBOS,2025,1,Kongsvinger,Stabæk,kongsvinger,stab-k,2,1,H,dc_best,2025-08-04,0.6027169681205299,0.21062223194229399,0.18666079993717621
199422-17-lyn,2025-08-10,NO-OBOS,2025,1,Lyn,Ranheim TF,lyn,ranheim-tf,2,1,H,dc_best,2025-08-04,0.4875952629911903,0.27425420838987746,0.23815052861893227
199603-17-bryne,2025-08-10,NO-ELI,2025,1,Bryne,KFUM,bryne,kfum,0,0,D,dc_best,2025-08-04,0.21689240519552666,0.23123004930010957,0.5518775455043637
199603-17-haugesund,2025-08-10,NO-ELI,2025,1,Haugesund,Sarpsborg 08,haugesund,sarpsborg-08,3,2,H,dc_best,2025-08-04,0.06173426418456514,0.17275808512349952,0.7655076506919353
199603-17-sandefjord-fotball,2025-08-10,NO-ELI,2025,1,Sandefjord Fotball,Viking,sandefjord-fotball,viking,1,2,A,dc_best,2025-08-04,0.4303639048827651,0.21840907935457865,0.35122701576265636
199422-17-mj-ndalen,2025-08-10,NO-OBOS,2025,1,Mjøndalen,Sogndal,mj-ndalen,sogndal,2,3,A,dc_best,2025-08-04,0.1964301560215704,0.23112209915755225,0.5724477448208775
199294-15-pors,2025-08-10,NO-PN1,2025,1,Pors,Brattvåg,pors,brattv-g,1,1,D,dc_best,2025-08-04,0.42347197772120965,0.3097746098787733,0.26675341240001715
6143301,2025-08-10,SW-AL,2025,1,IFK Norrköping FK,Hammarby,ifk-norrk-ping-fk,hammarby,0,2,A,dc_best,2025-08-04,0.17321279891133723,0.1963148506691691,0.6304723504194938
199422-17-moss,2025-08-10,NO-OBOS,2025,1,Moss,Åsane,moss,sane,1,2,A,dc_best,2025-08-04,0.3903985207774185,0.2539553114596625,0.3556461677629191
199295-15-tromsdalen,2025-08-10,NO-PN2,2025,1,Tromsdalen,Stjørdals-Blink,tromsdalen,stj-rdals-blink,3,1,H,dc_best,2025-08-04,0.5059214043406293,0.17230053693863662,0.32177805872073423
6155349,2025-08-10,SW-EN,2025,1,IF Karlstad Fotboll,Team TG FF,if-karlstad-fotboll,team-tg-ff,1,0,H,dc_best,2025-08-04,0.7927881742524097,0.1446294262619307,0.0625823994856596
6144657,2025-08-10,SW-SE,2025,1,Kalmar FF,Varbergs BoIS FC,kalmar-ff,varbergs-bois-fc,2,0,H,dc_best,2025-08-04,0.46385297779468393,0.2905598276542548,0.24558719455106137
6155353,2025-08-10,SW-EN,2025,1,Vasalund,Gefle IF FF,vasalund,gefle-if-ff,4,1,H,dc_best,2025-08-04,0.6812247540117256,0.2202164624599491,0.09855878352832535
6155352,2025-08-10,SW-EN,2025,1,Nordic United FC,Assyriska FF,nordic-united-fc,assyriska-ff,1,0,H,dc_best,2025-08-04,0.4502873873910023,0.311470726412998,0.23824188619599973
6144659,2025-08-10,SW-SE,2025,1,Trelleborgs FF,Umeå FC,trelleborgs-ff,ume-fc,0,2,A,dc_best,2025-08-04,0.42618475985247406,0.31879830331737474,0.25501693683015114
199422-17-skeid,2025-08-10,NO-OBOS,2025,1,Skeid,Egersund,skeid,egersund,0,2,A,dc_best,2025-08-04,0.33007271387591836,0.27191024125977703,0.3980170448643047
6143299,2025-08-10,SW-AL,2025,1,Östers IF,IF Brommapojkarna,sters-if,if-brommapojkarna,1,1,D,dc_best,2025-08-04,0.23690999573607668,0.2735836684899693,0.48950633577395397
6144656,2025-08-10,SW-SE,2025,1,Helsingborgs IF,Utsikten,helsingborgs-if,utsikten,3,0,H,dc_best,2025-08-04,0.40534543612522056,0.24678532846171838,0.3478692354130611
3780689,2025-08-10,M2,2025,1,Jyväskylän Seudun Palloseura,FC Honka,106602,62416,0,4,A,dc_best,2025-08-04,0.0028623431839971394,0.008410749083909255,0.9887269077320937
3747346,2025-08-10,VL,2025,1,Vaasan Palloseura,SEINÄJOEN JALKAPALLOKERHO,60901,60970,1,2,A,dc_best,2025-08-04,0.3034536119622965,0.23281816840460265,0.46372821963310085
199295-15-grorud,2025-08-10,NO-PN2,2025,1,Grorud,Alta,grorud,alta,4,3,H,dc_best,2025-08-04,0.6030549498332805,0.142153128476481,0.25479192169023845
6142967,2025-08-10,SW-DA,2025,1,Vittsjö GIK,Piteå IF DFF,vittsj-gik,pite-if-dff,2,1,H,dc_best,2025-08-04,0.5488041475923514,0.1678017899383403,0.2833940624693082
199295-15-rana-fk,2025-08-10,NO-PN2,2025,1,Rana FK,Strømmen,rana-fk,str-mmen,2,1,H,dc_best,2025-08-04,0.19392573399262003,0.13708185929981423,0.6689924067075658
199295-15-h-nefoss-bk,2025-08-10,NO-PN2,2025,1,Hønefoss BK,Levanger,h-nefoss-bk,levanger,2,0,H,dc_best,2025-08-04,0.4141742858126722,0.15535058752444303,0.4304751266628848
3780690,2025-08-10,M2,2025,1,GrIFK - Fotboll,FC Vaajakoski,60549,60496,3,1,H,dc_best,2025-08-04,0.5532710787160511,0.19515357149505325,0.2515753497888957
6155108,2025-08-11,SW-ES,2025,1,BK Olympic,Hässleholms IF,bk-olympic,h-ssleholms-if,2,1,H,dc_best,2025-08-11,0.24246332976791002,0.33686239401958046,0.4206742762125095
3747347,2025-08-11,VL,2025,1,Helsingin Jalkapalloklubin Liiga-HJK,Ilves,60731,60745,5,1,H,dc_best,2025-08-11,0.36617402390485976,0.23154337619221588,0.40228259990292436
6155348,2025-08-11,SW-EN,2025,1,Hammarby TFF Herrfotboll,Stockholm Internazionale,hammarby-tff-herrfotboll,stockholm-internazionale,1,1,D,dc_best,2025-08-11,0.39172996438481894,0.3216691752442496,0.2866008603709314
6143297,2025-08-11,SW-AL,2025,1,IF Elfsborg,IFK Värnamo,if-elfsborg,ifk-v-rnamo,2,2,D,dc_best,2025-08-11,0.6552305996494147,0.2046721000006884,0.14009730034989704
6143298,2025-08-11,SW-AL,2025,1,GAIS,IFK Göteborg,gais,ifk-g-teborg,0,1,A,dc_best,2025-08-11,0.5425766399306369,0.2550250352943311,0.20239832477503206
6144660,2025-08-12,SW-SE,2025,1,Västerås SK FK,Örebro,v-ster-s-sk-fk,rebro,2,1,H,dc_best,2025-08-11,0.6873062656119056,0.18874603663942777,0.12394769774866667
6142982,2025-08-12,SW-DA,2025,1,FC Rosengård,Hammarby,fc-roseng-rd,hammarby,2,2,D,dc_best,2025-08-11,0.21328346992209313,0.15549903548085178,0.6312174945970552
6150043,2025-08-13,SW-EE,2025,1,Trelleborgs FF,Eskilstuna United DFF,trelleborgs-ff,eskilstuna-united-dff,2,1,H,dc_best,2025-08-11,0.3314804392055925,0.13243135041763554,0.536088210376772
199118-20-rosenborg-bk,2025-08-13,NO-TS,2025,1,Rosenborg BK,LSK Kvinner,rosenborg-bk,lsk-kvinner,4,1,H,dc_best,2025-08-11,0.8326750120018224,0.09621752573630113,0.07110746226187653
6155122,2025-08-15,SW-ES,2025,1,Ängelholms FF,BK Olympic,ngelholms-ff,bk-olympic,0,3,A,dc_best,2025-08-11,0.6197351023116617,0.23218177417581617,0.1480831235125221
6155359,2025-08-15,SW-EN,2025,1,Sollentuna FK,Vasalund,sollentuna-fk,vasalund,3,2,H,dc_best,2025-08-11,0.20185239040705624,0.21099384854475764,0.5871537610481862
6155356,2025-08-15,SW-EN,2025,1,FC Arlanda,IFK Haninge,fc-arlanda,ifk-haninge,5,4,H,dc_best,2025-08-11,0.41052774550681953,0.26028202757544455,0.329190226917736
3747348,2025-08-15,VL,2025,1,IF Gnistan,Vaasan Palloseura,60534,60901,0,0,D,dc_best,2025-08-11,0.3888830110610282,0.24108857940569425,0.37002840953327765
6150070,2025-08-15,SW-EE,2025,1,Sunnanå SK,Team TG FF,sunnan-sk,team-tg-ff,2,1,H,dc_best,2025-08-11,0.4085176148415401,0.15530810218101232,0.4361742829774475
199118-17-bod-glimt,2025-08-15,NO-TS,2025,1,Bodø/Glimt,Stabæk,bod-glimt,stab-k,0,4,A,dc_best,2025-08-11,0.34877535359234196,0.28029898023065836,0.37092566617699974
3960196,2025-08-15,M1L,2025,1,TPS Juniorijalkapallo,Pallokerho-35,60971,50775,1,3,A,dc_best,2025-08-11,0.4502735868062158,0.2895404961803233,0.260185917013461
6150067,2025-08-15,SW-EE,2025,1,IF Elfsborg,Jitex BK,if-elfsborg,jitex-bk,3,1,H,dc_best,2025-08-11,0.42594406457990286,0.14727308248996424,0.42678285293013296
3962234,2025-08-15,NL,2025,2,Kuopion Palloseura,Helsingin Jalkapalloklubi,157420,60682,1,0,H,dc_best,2025-08-11,0.13451879494734054,0.2095459418938635,0.655935263158796
199603-18-str-msgodset,2025-08-15,NO-ELI,2025,1,Strømsgodset,Bodø/Glimt,str-msgodset,bod-glimt,0,5,A,dc_best,2025-08-11,0.08056825565374333,0.14527666334387584,0.7741550810023808
6144664,2025-08-15,SW-SE,2025,1,IK Oddevold,Trelleborgs FF,ik-oddevold,trelleborgs-ff,3,2,H,dc_best,2025-08-11,0.5610646876565143,0.29682757081877414,0.14210774152471162
3774136,2025-08-15,M1,2025,1,Jalkapalloseura Tampere United,Kuopion Palloseura,106945,106331,1,2,A,dc_best,2025-08-11,0.6396706909992929,0.1768945830393278,0.18343472596137939
6144667,2025-08-15,SW-SE,2025,1,Utsikten,Varbergs BoIS FC,utsikten,varbergs-bois-fc,1,1,D,dc_best,2025-08-11,0.3887617164098046,0.2405364868368865,0.37070179675330883
3960197,2025-08-15,M1L,2025,1,Järvenpään Palloseura,Salon Palloilijat,60676,60690,2,0,H,dc_best,2025-08-11,0.6148518801569277,0.25730958552146643,0.12783853432160577
6143310,2025-08-16,SW-AL,2025,1,IFK Norrköping FK,IF Elfsborg,ifk-norrk-ping-fk,if-elfsborg,2,1,H,dc_best,2025-08-11,0.23243242379675114,0.21375865284927575,0.5538089233539731
6155358,2025-08-16,SW-EN,2025,1,IFK Stocksund,IF Karlstad Fotboll,ifk-stocksund,if-karlstad-fotboll,1,4,A,dc_best,2025-08-11,0.23469766841951972,0.21878435320776513,0.5465179783727151
6155357,2025-08-16,SW-EN,2025,1,Gefle IF FF,Enköpings SK FK,gefle-if-ff,enk-pings-sk-fk,5,1,H,dc_best,2025-08-11,0.31157360330965983,0.30380751431823455,0.38461888237210556
6155355,2025-08-16,SW-EN,2025,1,Athletic Eskilstuna,Assyriska FF,athletic-eskilstuna,assyriska-ff,2,1,H,dc_best,2025-08-11,0.3109952535750697,0.30192312907156704,0.38708161735336344
3747350,2025-08-16,VL,2025,1,IFK Mariehamn Fotboll,FC KTP Kotka,60759,60972,3,0,H,dc_best,2025-08-11,0.37244312816396696,0.2589496307653536,0.36860724107067944
3747352,2025-08-16,VL,2025,1,Oulun edustusjalkapallo AC Oulu,Ilves,60493,60745,0,4,A,dc_best,2025-08-11,0.14134118479447574,0.18572945933343735,0.6729293558720869
6144669,2025-08-16,SW-SE,2025,1,Östersund,GIF Sundsvall,stersund,gif-sundsvall,1,3,A,dc_best,2025-08-11,0.3081187033710618,0.28703072571248583,0.4048505709164525
3780782,2025-08-16,M2,2025,2,Pallo-Iirot,Ilves,107307,106905,1,2,A,dc_best,2025-08-11,0.36202628585133634,0.2525742379992994,0.38539947614936426
3780873,2025-08-16,M2,2025,3,Vaasan Palloseura,Idrottsföreningen Kraft,169909,60686,4,0,H,dc_best,2025-08-11,0.8108597121807386,0.12004825182229,0.0690920359969715
3780872,2025-08-16,M2,2025,3,Jakobstads Bollklubb,SJK Akatemia,61766,131834,1,0,H,dc_best,2025-08-11,0.4509184543884503,0.21761012565683865,0.3314714199547111
199295-16-levanger,2025-08-16,NO-PN2,2025,1,Levanger,Rana FK,levanger,rana-fk,0,2,A,dc_best,2025-08-11,0.6150882790882024,0.16199535646083854,0.22291636445095894
199295-16-stj-rdals-blink,2025-08-16,NO-PN2,2025,1,Stjørdals-Blink,Eidsvold TF,stj-rdals-blink,eidsvold-tf,2,1,H,dc_best,2025-08-11,0.4931666817357127,0.14733489210273995,0.3594984261615474
199295-16-asker,2025-08-16,NO-PN2,2025,1,Asker,Tromsdalen,asker,tromsdalen,2,2,D,dc_best,2025-08-11,0.2557123813744131,0.13692101586039762,0.6073666027651894
199295-16-ullensaker-kisa,2025-08-16,NO-PN2,2025,1,Ullensaker/Kisa,Follo,ullensaker-kisa,follo,2,1,H,dc_best,2025-08-11,0.7516000166807174,0.10367229873922064,0.14472768458006188
199295-16-kjels-s,2025-08-16,NO-PN2,2025,1,Kjelsås,Strindheim TF,kjels-s,strindheim-tf,6,2,H,dc_best,2025-08-11,0.7901182342307772,0.08953696762535791,0.12034479814386487
6150068,2025-08-16,SW-EE,2025,1,IK Uppsala Fotboll,KIF Örebro DFF,ik-uppsala-fotboll,kif-rebro-dff,0,4,A,dc_best,2025-08-11,0.5329250405837042,0.13123218568382905,0.3358427737324668
6150069,2025-08-16,SW-EE,2025,1,Mallbackens IF Sunne,Bollstanäs SK,mallbackens-if-sunne,bollstan-s-sk,2,1,H,dc_best,2025-08-11,0.5035206457737272,0.17351122428325003,0.32296812994302276
6150072,2025-08-16,SW-EE,2025,1,Örebro SK FK,Trelleborgs FF,rebro-sk-fk,trelleborgs-ff,1,2,A,dc_best,2025-08-11,0.18212604916122715,0.10459966147970524,0.7132742893590676
3780693,2025-08-16,M2,2025,1,Vantaan Jalkapalloseura,Puistolan Urheilijat,63440,49973,2,1,H,dc_best,2025-08-11,0.6378775390313728,0.20803412898029186,0.15408833198833544
3780783,2025-08-16,M2,2025,2,Hämeenlinnan Jalkapalloseura,Musan Salama,35121579,60696,4,0,H,dc_best,2025-08-11,0.6310130717544894,0.17335835938891656,0.1956285688565941
6155360,2025-08-16,SW-EN,2025,1,Stockholm Internazionale,Karlbergs BK,stockholm-internazionale,karlbergs-bk,3,1,H,dc_best,2025-08-11,0.5939123234608257,0.2586907226696833,0.14739695386949103
6144666,2025-08-16,SW-SE,2025,1,Umeå FC,Kalmar FF,ume-fc,kalmar-ff,0,1,A,dc_best,2025-08-11,0.10656008543639328,0.20166321031883175,0.691776704244775
3780692,2025-08-16,M2,2025,1,MYPA,Haminan Pallo-Kissat Edustus,129934,61483,3,0,H,dc_best,2025-08-11,0.9434881673440145,0.03732260525273869,0.019189227403246793
6143311,2025-08-16,SW-AL,2025,1,Halmstad,Malmö FF,halmstad,malm-ff,0,4,A,dc_best,2025-08-11,0.10867222021825455,0.22752160682767367,0.6638061729540718
3960198,2025-08-16,M1L,2025,1,Jippo,Helsingin Jalkapalloklubi,129811,60692,0,1,A,dc_best,2025-08-11,0.3602394278664069,0.31467246459054465,0.32508810754304823
3960199,2025-08-16,M1L,2025,1,FC Lahti,Käpylän Pallo,60969,60487,2,2,D,dc_best,2025-08-11,0.798156013543708,0.14692244430489332,0.05492154215139876
3780691,2025-08-16,M2,2025,1,FC Vaajakoski,Lahden Reipas,60496,61562,4,2,H,dc_best,2025-08-11,0.4289274844658374,0.1918190678848285,0.3792534476493342
3780874,2025-08-16,M2,2025,3,Jalkapalloseura Hercules,Oulunsalon Pallo,61004,108059,2,3,A,dc_best,2025-08-11,0.10607574786096338,0.10363390016253445,0.7902903519765022
3780784,2025-08-16,M2,2025,2,Tampereen Pallo-Veikot,Atlantis Football Club,60704,35135803,11,0,H,dc_best,2025-08-11,0.9757055250805357,0.017366992832900118,0.006927482086564197
6144663,2025-08-16,SW-SE,2025,1,IK Brage,Västerås SK FK,ik-brage,v-ster-s-sk-fk,3,1,H,dc_best,2025-08-11,0.33530256282368165,0.2343305662015884,0.43036687097473
3780875,2025-08-16,M2,2025,3,Tornion Pallo-47,Gamlakarleby Bollklubb,60666,60492,2,3,A,dc_best,2025-08-11,0.38439584439280683,0.1931797724623093,0.4224243831448838
6144662,2025-08-16,SW-SE,2025,1,Helsingborgs IF,Falkenbergs FF,helsingborgs-if,falkenbergs-ff,0,0,D,dc_best,2025-08-11,0.4554310220947697,0.2597186076143938,0.2848503702908366
6155362,2025-08-16,SW-EN,2025,1,Örebro Syrianska IF,Hammarby TFF Herrfotboll,rebro-syrianska-if,hammarby-tff-herrfotboll,0,2,A,dc_best,2025-08-11,0.15208440913533341,0.25986611064164966,0.588049480223017
6142971,2025-08-16,SW-DA,2025,1,Kristianstads DFF,FC Rosengård,kristianstads-dff,fc-roseng-rd,2,1,H,dc_best,2025-08-11,0.5591107166646879,0.17767949853906115,0.2632097847962509
6142973,2025-08-16,SW-DA,2025,1,Piteå IF DFF,Hammarby,pite-if-dff,hammarby,0,5,A,dc_best,2025-08-11,0.1265074594345676,0.107810378973224,0.7656821615922085
3780781,2025-08-16,M2,2025,2,Pallo-Pojat Juniorit,Football Club Kiffen 08,48924,60554,4,1,H,dc_best,2025-08-11,0.3276630275427507,0.22297382240056463,0.44936315005668465
3780785,2025-08-16,M2,2025,2,Nurmijärven Jalkapalloseura,Helsingin Palloseura,60537,49949,1,0,H,dc_best,2025-08-11,0.42729709655875153,0.240595281128366,0.3321076223128824
3774137,2025-08-16,M1,2025,1,Rovaniemen Palloseura,FC Jazz Juniorit,60973,60521,3,1,H,dc_best,2025-08-11,0.3707348341692195,0.21494502354236408,0.4143201422884165
3774138,2025-08-16,M1,2025,1,KPV Juniorit,Espoon Palloseuran Jalkapallo,60536,62296,2,1,H,dc_best,2025-08-11,0.7621190048806032,0.14059172070218687,0.09728927441721003
3774139,2025-08-16,M1,2025,1,JJK Jyväskylä,Pallokerho Keski-Uusimaa,144858,60929,2,3,A,dc_best,2025-08-11,0.5331883227780974,0.2342437639500347,0.23256791327186793
3774140,2025-08-16,M1,2025,1,Oulun Luistinseura,Mikkelin Palloilijat,106449,60494,2,2,D,dc_best,2025-08-11,0.5421092997829304,0.2118511211689521,0.24603957904811752
3780695,2025-08-16,M2,2025,1,Pepo Lappeenranta,Jyväskylän Seudun Palloseura,61010,106602,7,0,H,dc_best,2025-08-11,0.8061378783447087,0.12205625878065256,0.07180586287463879
3780694,2025-08-16,M2,2025,1,FC Honka,GrIFK - Fotboll,62416,60549,7,0,H,dc_best,2025-08-11,0.8679983528622861,0.08523876418275923,0.046762882954954704
6142968,2025-08-16,SW-DA,2025,1,Alingsås IF FF,IF Brommapojkarna,alings-s-if-ff,if-brommapojkarna,3,2,H,dc_best,2025-08-11,0.14737689009229496,0.12462198145432228,0.7280011284533828
199422-19-lillestr-m,2025-08-16,NO-OBOS,2025,1,Lillestrøm,Start,lillestr-m,start,3,0,H,dc_best,2025-08-11,0.5229778366907066,0.29861183545499503,0.17841032785429833
199294-16-fl-y-flekker-y,2025-08-16,NO-PN1,2025,1,Fløy-Flekkerøy,Pors,fl-y-flekker-y,pors,0,3,A,dc_best,2025-08-11,0.3151208857164961,0.3730646512787841,0.31181446300471977
199118-17-r-a-fotball-elite,2025-08-16,NO-TS,2025,1,Røa Fotball Elite,LSK Kvinner,r-a-fotball-elite,lsk-kvinner,1,1,D,dc_best,2025-08-11,0.27694338766905985,0.22542997260357145,0.49762663972736865
199120-14-molde,2025-08-16,NO-1DK,2025,1,Molde,AaFK Fortuna,molde,aafk-fortuna,0,3,A,dc_best,2025-08-11,0.43373351963079315,0.26564362805089137,0.3006228523183155
199120-14-odds-ballklubb,2025-08-16,NO-1DK,2025,1,Odds Ballklubb,HamKam,odds-ballklubb,hamkam,2,0,H,dc_best,2025-08-11,0.6403652766564873,0.26978276334676593,0.08985195999674671
199120-14-haugesund,2025-08-16,NO-1DK,2025,1,Haugesund,Viking,haugesund,viking,2,1,H,dc_best,2025-08-11,0.8598178060516345,0.1069958470255644,0.03318634692280114
199118-17-lyn,2025-08-16,NO-TS,2025,1,Lyn,Kolbotn IL Elite,lyn,kolbotn-il-elite,2,1,H,dc_best,2025-08-11,0.7169731115730189,0.16673376122290395,0.11629312720407715
6155116,2025-08-16,SW-ES,2025,1,FC Rosengård 1917,IFK Skövde FK,fc-roseng-rd-1917,ifk-sk-vde-fk,3,2,H,dc_best,2025-08-11,0.6133745294092007,0.277327830280652,0.10929764031014735
6155117,2025-08-16,SW-ES,2025,1,FC Trollhättan,Husqvarna FF,fc-trollh-ttan,husqvarna-ff,3,3,D,dc_best,2025-08-11,0.5976090775193923,0.1973734817267769,0.20501744075383074
199118-17-rosenborg-bk,2025-08-16,NO-TS,2025,1,Rosenborg BK,Hønefoss BK,rosenborg-bk,h-nefoss-bk,0,0,D,dc_best,2025-08-11,0.9323176046901075,0.04702684580334809,0.02065554950654445
6155115,2025-08-16,SW-ES,2025,1,Eskilsminne IF,Lunds BK,eskilsminne-if,lunds-bk,2,1,H,dc_best,2025-08-11,0.18707874885866702,0.3106515354525419,0.5022697156887911
199118-17-sk-brann,2025-08-16,NO-TS,2025,1,SK Brann,Vålerenga Fotball,sk-brann,v-lerenga-fotball,2,1,H,dc_best,2025-08-11,0.6042132503833201,0.23229492919806535,0.16349182041861454
6155120,2025-08-16,SW-ES,2025,1,Oskarshamns AIK,Hässleholms IF,oskarshamns-aik,h-ssleholms-if,1,4,A,dc_best,2025-08-11,0.22538849301082658,0.3778777053418518,0.39673380164732175
6155121,2025-08-16,SW-ES,2025,1,Skövde AIK,Norrby IF,sk-vde-aik,norrby-if,2,4,A,dc_best,2025-08-11,0.14257523541593523,0.26213408385359327,0.5952906807304715
6155119,2025-08-16,SW-ES,2025,1,Ljungskile SK Herrfotboll,Ariana FC,ljungskile-sk-herrfotboll,ariana-fc,3,1,H,dc_best,2025-08-11,0.6776583151467026,0.20465256720889635,0.11768911764440108
6142972,2025-08-17,SW-DA,2025,1,Malmö FF,AIK,malm-ff,aik,2,0,H,dc_best,2025-08-11,0.636787276056381,0.16935822684226282,0.19385449710135633
199603-18-kfum,2025-08-17,NO-ELI,2025,1,KFUM,Molde,kfum,molde,0,0,D,dc_best,2025-08-11,0.5600011628199256,0.24931079815418228,0.1906880390258921
199603-18-v-lerenga,2025-08-17,NO-ELI,2025,1,Vålerenga,Sarpsborg 08,v-lerenga,sarpsborg-08,4,0,H,dc_best,2025-08-11,0.42620929233903426,0.24990460111195228,0.3238861065490135
199422-19-h-dd,2025-08-17,NO-OBOS,2025,1,Hødd,Skeid,h-dd,skeid,1,1,D,dc_best,2025-08-11,0.4417934448765689,0.31053223937914026,0.2476743157442909
199422-19-moss,2025-08-17,NO-OBOS,2025,1,Moss,Odd,moss,odd,2,2,D,dc_best,2025-08-11,0.3264926025814927,0.2994959536127807,0.3740114438057266
6142969,2025-08-17,SW-DA,2025,1,Djurgården,Vittsjö GIK,djurg-rden,vittsj-gik,1,1,D,dc_best,2025-08-11,0.5439765109310175,0.1583144206210953,0.29770906844788725
6144668,2025-08-17,SW-SE,2025,1,Örebro,Örgryte IS Fotboll,rebro,rgryte-is-fotboll,1,3,A,dc_best,2025-08-11,0.10738314026285324,0.1637931616025638,0.728823698134583
6143304,2025-08-17,SW-AL,2025,1,Hammarby,GAIS,hammarby,gais,1,2,A,dc_best,2025-08-11,0.4159422752543266,0.3008517819184225,0.2832059428272508
199295-16-str-mmen,2025-08-17,NO-PN2,2025,1,Strømmen,Grorud,str-mmen,grorud,2,1,H,dc_best,2025-08-11,0.7319888834060032,0.10888918661974809,0.15912192997424876
199295-16-alta,2025-08-17,NO-PN2,2025,1,Alta,Hønefoss BK,alta,h-nefoss-bk,2,0,H,dc_best,2025-08-11,0.42001044357837186,0.15790338824997843,0.42208616817164973
3747351,2025-08-17,VL,2025,1,Football Club Haka,Helsingin Jalkapalloklubin Liiga-HJK,60561,60731,1,2,A,dc_best,2025-08-11,0.13262217603928064,0.1737171823813261,0.6936606415793932
199603-18-hamkam,2025-08-17,NO-ELI,2025,1,HamKam,Bryne,hamkam,bryne,1,0,H,dc_best,2025-08-11,0.40404460582239493,0.2947368045191467,0.30121858965845827
6143308,2025-08-17,SW-AL,2025,1,BK Häcken,Östers IF,bk-h-cken,sters-if,0,2,A,dc_best,2025-08-11,0.4174587018981549,0.31049788640957593,0.2720434116922691
6143309,2025-08-17,SW-AL,2025,1,Mjällby AIF,Djurgården,mj-llby-aif,djurg-rden,1,1,D,dc_best,2025-08-11,0.5686496244209515,0.2761537887439192,0.15519658683512932
6143306,2025-08-17,SW-AL,2025,1,IF Brommapojkarna,IK Sirius FK,if-brommapojkarna,ik-sirius-fk,2,4,A,dc_best,2025-08-11,0.5170354206481487,0.2305633956993995,0.25240118365245184
6143307,2025-08-17,SW-AL,2025,1,IFK Göteborg,AIK,ifk-g-teborg,aik,2,1,H,dc_best,2025-08-11,0.2981682755018447,0.31099713048539895,0.39083459401275633
6144665,2025-08-17,SW-SE,2025,1,Sandvikens IF,Landskrona BoIS,sandvikens-if,landskrona-bois,0,1,A,dc_best,2025-08-11,0.32800881770651674,0.2452088812185319,0.42678230107495124
3747349,2025-08-17,VL,2025,1,Kuopion Palloseura,Football Club International Turku,60756,60987,2,1,H,dc_best,2025-08-11,0.2493814807275893,0.27140592444402534,0.47921259482838524
199603-18-troms,2025-08-17,NO-ELI,2025,1,Tromsø,Brann,troms,brann,1,2,A,dc_best,2025-08-11,0.4857069449879663,0.2500928755538777,0.264200179458156
199603-18-kristiansund,2025-08-17,NO-ELI,2025,1,Kristiansund,Sandefjord Fotball,kristiansund,sandefjord-fotball,2,2,D,dc_best,2025-08-11,0.19430327913679202,0.23701454581509068,0.5686821750481174
6142970,2025-08-17,SW-DA,2025,1,IFK Norrköping FK,Linköping FC,ifk-norrk-ping-fk,link-ping-fc,2,0,H,dc_best,2025-08-11,0.7085233684192366,0.1467271392613446,0.1447494923194188
199294-16-sandnes-ulf,2025-08-17,NO-PN1,2025,1,Sandnes Ulf,Sotra,sandnes-ulf,sotra,0,0,D,dc_best,2025-08-11,0.5320083239308397,0.3156390971686053,0.1523525789005551
199294-16-lysekloster,2025-08-17,NO-PN1,2025,1,Lysekloster,Sandviken,lysekloster,sandviken,1,1,D,dc_best,2025-08-11,0.6231621935353784,0.26706763829298047,0.10977016817164126
199294-16-arendal,2025-08-17,NO-PN1,2025,1,Arendal,Notodden,arendal,notodden,4,1,H,dc_best,2025-08-11,0.6979754626411199,0.23225232536102108,0.06977221199785906
199294-16-tr-ff,2025-08-17,NO-PN1,2025,1,Træff,Jerv,tr-ff,jerv,0,1,A,dc_best,2025-08-11,0.2803311659959736,0.37518988236893697,0.3444789516350894
6142974,2025-08-17,SW-DA,2025,1,Växjö,BK Häcken FF,v-xj,bk-h-cken-ff,0,5,A,dc_best,2025-08-11,0.08923964064979685,0.08428392720033881,0.8264764321498644
6155361,2025-08-17,SW-EN,2025,1,Team TG FF,Nordic United FC,team-tg-ff,nordic-united-fc,0,2,A,dc_best,2025-08-11,0.1720180759282365,0.26910651554516035,0.5588754085266032
199294-16-brattv-g,2025-08-17,NO-PN1,2025,1,Brattvåg,FK Eik Tønsberg 871,brattv-g,fk-eik-t-nsberg-871,1,0,H,dc_best,2025-08-11,0.5479770410855879,0.2694844367629937,0.18253852215141844
199120-14-ik-start-kvinner,2025-08-17,NO-1DK,2025,1,IK Start Kvinner,KIL/Hemne,ik-start-kvinner,kil-hemne,2,0,H,dc_best,2025-08-11,0.5805194158101543,0.3092487104975872,0.11023187369225859
199120-14-arna-bj-rnar,2025-08-17,NO-1DK,2025,1,Arna-Bjørnar,Tromsø IL,arna-bj-rnar,troms-il,5,5,D,dc_best,2025-08-11,0.5054757447159713,0.3158615731554336,0.17866268212859515
6155118,2025-08-17,SW-ES,2025,1,Jönköpings Södra IF,Torslanda IK,j-nk-pings-s-dra-if,torslanda-ik,5,0,H,dc_best,2025-08-11,0.47818091684565933,0.3789595345730282,0.1428595485813125
6150066,2025-08-17,SW-EE,2025,1,Eskilstuna United DFF,BK Häcken,eskilstuna-united-dff,bk-h-cken,4,0,H,dc_best,2025-08-11,0.7881887209831213,0.09075933606552797,0.12105194295135077
6150071,2025-08-17,SW-EE,2025,1,Umeå IK FF,Gamla Upsala SK,ume-ik-ff,gamla-upsala-sk,4,0,H,dc_best,2025-08-11,0.9053934486144208,0.04468636643882239,0.04992018494675672
199120-14-fyllingsdalen,2025-08-17,NO-1DK,2025,1,Fyllingsdalen,Åsane,fyllingsdalen,sane,0,0,D,dc_best,2025-08-11,0.18033190351140405,0.3699784686947198,0.44968962779387617
6143312,2025-08-18,SW-AL,2025,1,IFK Värnamo,Degerfors IF,ifk-v-rnamo,degerfors-if,3,2,H,dc_best,2025-08-18,0.5204718321168263,0.25977747277715457,0.21975069510601905
3960200,2025-08-18,M1L,2025,1,Ekenäs Idrottsförening,SJK Akatemia,60495,168874,2,3,A,dc_best,2025-08-18,0.5235821353484457,0.24972750231205165,0.22669036233950274
3774141,2025-08-18,M1,2025,1,Football Club International Turku,Atlantis FC Edustus,60860,60702,1,3,A,dc_best,2025-08-18,0.8030278229324644,0.10875969186614569,0.08821248520138995
3747353,2025-08-18,VL,2025,1,Fotbollsföreningen JARO Jalkapalloseura,SEINÄJOEN JALKAPALLOKERHO,60974,60970,0,4,A,dc_best,2025-08-18,0.2404775557442494,0.25654737047862863,0.502975073777122
199422-19-kongsvinger,2025-08-18,NO-OBOS,2025,1,Kongsvinger,Mjøndalen,kongsvinger,mj-ndalen,4,3,H,dc_best,2025-08-18,0.6855277259881419,0.18178785056144015,0.13268442345041798
199422-19-stab-k,2025-08-18,NO-OBOS,2025,1,Stabæk,Sogndal,stab-k,sogndal,1,2,A,dc_best,2025-08-18,0.2579868843777841,0.2686001706495359,0.47341294497268005
199422-19-aalesund,2025-08-18,NO-OBOS,2025,1,Aalesund,Ranheim TF,aalesund,ranheim-tf,6,0,H,dc_best,2025-08-18,0.43465053665426595,0.2954483615185099,0.2699011018272241
199422-19-sane,2025-08-18,NO-OBOS,2025,1,Åsane,Raufoss,sane,raufoss,4,2,H,dc_best,2025-08-18,0.29804158572828976,0.30049105139436993,0.40146736287734025
199294-16-brann-2,2025-08-18,NO-PN1,2025,1,Brann  2,Vard Haugesund,brann-2,vard-haugesund,2,1,H,dc_best,2025-08-18,0.3973305893884567,0.21690084847380656,0.3857685621377367
199422-19-lyn,2025-08-19,NO-OBOS,2025,1,Lyn,Egersund,lyn,egersund,1,1,D,dc_best,2025-08-18,0.5229439002397936,0.274179555509645,0.2028765442505614
199118-18-v-lerenga-fotball,2025-08-20,NO-TS,2025,1,Vålerenga Fotball,LSK Kvinner,v-lerenga-fotball,lsk-kvinner,3,1,H,dc_best,2025-08-18,0.8773321200228272,0.08239843821282697,0.04026944176434574
199118-18-kolbotn-il-elite,2025-08-20,NO-TS,2025,1,Kolbotn IL Elite,SK Brann,kolbotn-il-elite,sk-brann,0,2,A,dc_best,2025-08-18,0.01601007611008729,0.06435954219873556,0.9196303816911771
3774142,2025-08-21,M1,2025,1,JJK Jyväskylä,Atlantis FC Edustus,144858,60702,1,1,D,dc_best,2025-08-18,0.6418027740267678,0.1981993219527232,0.15999790402050912
3960201,2025-08-22,M1L,2025,1,Pallokerho-35,Järvenpään Palloseura,50775,60676,0,0,D,dc_best,2025-08-18,0.6121053621034229,0.24105108431202532,0.14684355358455187
3960202,2025-08-22,M1L,2025,1,Ekenäs Idrottsförening,FC Lahti,60495,60969,0,2,A,dc_best,2025-08-18,0.33621578585534034,0.307090068550424,0.3566941455942357
6142979,2025-08-22,SW-DA,2025,1,Hammarby,Kristianstads DFF,hammarby,kristianstads-dff,1,0,H,dc_best,2025-08-18,0.6711553258293887,0.14062261616930855,0.18822205800130265
3962225,2025-08-22,NL,2025,2,Helsingin Jalkapalloklubi,Helsingin Palloseura,60682,60781,5,2,H,dc_best,2025-08-18,0.8256386336068867,0.09486828230564283,0.0794930840874705
3962226,2025-08-22,NL,2025,2,PK-35 Vantaa,Kuopion Palloseura,60671,157420,0,4,A,dc_best,2025-08-18,0.2642559857343466,0.20510207418591814,0.5306419400797353
3774143,2025-08-22,M1,2025,1,Jalkapalloseura Tampere United,Mikkelin Palloilijat,106945,60494,0,2,A,dc_best,2025-08-18,0.3697751084113603,0.24775616931697197,0.38246872227166767
6142978,2025-08-22,SW-DA,2025,1,FC Rosengård,Växjö,fc-roseng-rd,v-xj,2,3,A,dc_best,2025-08-18,0.5132189045308344,0.1840797665735803,0.3027013288955853
3747354,2025-08-22,VL,2025,1,Vaasan Palloseura,FC KTP Kotka,60901,60972,3,2,H,dc_best,2025-08-18,0.6012116353972209,0.2259636626522106,0.1728247019505686
199603-19-kfum,2025-08-22,NO-ELI,2025,1,KFUM,HamKam,kfum,hamkam,2,2,D,dc_best,2025-08-18,0.6325900344552411,0.24074942593462167,0.12666053961013723
3960203,2025-08-22,M1L,2025,1,TPS Juniorijalkapallo,SJK Akatemia,60971,168874,2,1,H,dc_best,2025-08-18,0.6233179634959872,0.18028566402647783,0.19639637247753503
199294-17-sandviken,2025-08-23,NO-PN1,2025,1,Sandviken,FK Eik Tønsberg 871,sandviken,fk-eik-t-nsberg-871,2,0,H,dc_best,2025-08-18,0.3445632109864645,0.3496429414197488,0.3057938475937868
6142975,2025-08-23,SW-DA,2025,1,AIK,Djurgården,aik,djurg-rden,0,1,A,dc_best,2025-08-18,0.38189763389347126,0.20087853087960825,0.41722383522692064
199294-17-pors,2025-08-23,NO-PN1,2025,1,Pors,Sandnes Ulf,pors,sandnes-ulf,4,2,H,dc_best,2025-08-18,0.15680138364359328,0.30916100167316085,0.534037614683246
199295-17-rana-fk,2025-08-23,NO-PN2,2025,1,Rana FK,Asker,rana-fk,asker,2,1,H,dc_best,2025-08-18,0.6481032967882858,0.12606545539362338,0.2258312478180909
199295-17-ullensaker-kisa,2025-08-23,NO-PN2,2025,1,Ullensaker/Kisa,Strømmen,ullensaker-kisa,str-mmen,1,5,A,dc_best,2025-08-18,0.4096039699449366,0.15433424396738643,0.436061786087677
199118-18-r-a-fotball-elite,2025-08-23,NO-TS,2025,1,Røa Fotball Elite,Bodø/Glimt,r-a-fotball-elite,bod-glimt,1,1,D,dc_best,2025-08-18,0.5219281162653169,0.2885412576420073,0.18953062609267596
6155130,2025-08-23,SW-ES,2025,1,Torslanda IK,Skövde AIK,torslanda-ik,sk-vde-aik,1,1,D,dc_best,2025-08-18,0.548745984553396,0.24065198941715737,0.21060202602944675
6155126,2025-08-23,SW-ES,2025,1,Hässleholms IF,Eskilsminne IF,h-ssleholms-if,eskilsminne-if,2,1,H,dc_best,2025-08-18,0.6082909444931479,0.25893248241969913,0.132776573087153
6155124,2025-08-23,SW-ES,2025,1,BK Olympic,Husqvarna FF,bk-olympic,husqvarna-ff,2,0,H,dc_best,2025-08-18,0.537511497983099,0.24268355259018207,0.21980494942671894
3774146,2025-08-23,M1,2025,1,Espoon Palloseuran Jalkapallo,Pallokerho Keski-Uusimaa,62296,60929,4,3,H,dc_best,2025-08-18,0.2963875709899941,0.2334192000580828,0.4701932289519231
3774144,2025-08-23,M1,2025,1,Rovaniemen Palloseura,Kuopion Palloseura,60973,106331,0,3,A,dc_best,2025-08-18,0.4732529084294692,0.206448181984169,0.3202989095863618
3774145,2025-08-23,M1,2025,1,FC Jazz Juniorit,KPV Juniorit,60521,60536,1,1,D,dc_best,2025-08-18,0.5514990506144659,0.19435029152000138,0.2541506578655327
199120-15-sane,2025-08-23,NO-1DK,2025,1,Åsane,Arna-Bjørnar,sane,arna-bj-rnar,2,2,D,dc_best,2025-08-18,0.6768132195874751,0.251206602414005,0.07198017799851994
199120-15-hamkam,2025-08-23,NO-1DK,2025,1,HamKam,IK Start Kvinner,hamkam,ik-start-kvinner,1,0,H,dc_best,2025-08-18,0.2068271408757838,0.4556721849619478,0.3375006741622683
6155127,2025-08-23,SW-ES,2025,1,IFK Skövde FK,Ängelholms FF,ifk-sk-vde-fk,ngelholms-ff,1,1,D,dc_best,2025-08-18,0.2298385365652893,0.24042287599816184,0.5297385874365489
6155125,2025-08-23,SW-ES,2025,1,FC Rosengård 1917,FC Trollhättan,fc-roseng-rd-1917,fc-trollh-ttan,1,3,A,dc_best,2025-08-18,0.4693367706202626,0.2963585896272882,0.2343046397524493
6155123,2025-08-23,SW-ES,2025,1,Ariana FC,Oskarshamns AIK,ariana-fc,oskarshamns-aik,1,0,H,dc_best,2025-08-18,0.6193195912915653,0.26921862446918265,0.11146178423925211
199422-20-egersund,2025-08-23,NO-OBOS,2025,1,Egersund,Åsane,egersund,sane,1,1,D,dc_best,2025-08-18,0.4316892529151608,0.2995235256993434,0.26878722138549593
199422-20-mj-ndalen,2025-08-23,NO-OBOS,2025,1,Mjøndalen,Hødd,mj-ndalen,h-dd,1,1,D,dc_best,2025-08-18,0.2816502460377439,0.2812062294426757,0.4371435245195805
199422-20-odd,2025-08-23,NO-OBOS,2025,1,Odd,Kongsvinger,odd,kongsvinger,1,2,A,dc_best,2025-08-18,0.2907718442872322,0.2985453038184032,0.41068285189436465
199422-20-ranheim-tf,2025-08-23,NO-OBOS,2025,1,Ranheim TF,Stabæk,ranheim-tf,stab-k,1,1,D,dc_best,2025-08-18,0.48615626084886965,0.2897006041045801,0.2241431350465503
199422-20-raufoss,2025-08-23,NO-OBOS,2025,1,Raufoss,Lillestrøm,raufoss,lillestr-m,1,2,A,dc_best,2025-08-18,0.07873549380191615,0.20083780602106655,0.7204267001770174
6155369,2025-08-23,SW-EN,2025,1,Nordic United FC,IFK Stocksund,nordic-united-fc,ifk-stocksund,3,0,H,dc_best,2025-08-18,0.7179248903813493,0.17300422417991948,0.10907088543873115
199422-20-sogndal,2025-08-23,NO-OBOS,2025,1,Sogndal,Moss,sogndal,moss,3,1,H,dc_best,2025-08-18,0.5409191919724646,0.22708259094714603,0.23199821708038948
199422-20-start,2025-08-23,NO-OBOS,2025,1,Start,Aalesund,start,aalesund,3,1,H,dc_best,2025-08-18,0.5422959780878814,0.26310325202231566,0.1946007698898028
3960205,2025-08-23,M1L,2025,1,Helsingin Jalkapalloklubi,Käpylän Pallo,60692,60487,0,1,A,dc_best,2025-08-18,0.7286896237854725,0.16187045506991868,0.10943992114460879
3960204,2025-08-23,M1L,2025,1,Salon Palloilijat,Jippo,60690,129811,0,1,A,dc_best,2025-08-18,0.14767074028407992,0.3242213431621154,0.5281079165538047
6142977,2025-08-23,SW-DA,2025,1,BK Häcken FF,IFK Norrköping FK,bk-h-cken-ff,ifk-norrk-ping-fk,1,3,A,dc_best,2025-08-18,0.8887822787343336,0.06520603234586154,0.04601168891980497
199118-18-stab-k,2025-08-23,NO-TS,2025,1,Stabæk,Hønefoss BK,stab-k,h-nefoss-bk,1,0,H,dc_best,2025-08-18,0.5788935127179571,0.26028212078416957,0.16082436649787335
199118-18-lyn,2025-08-23,NO-TS,2025,1,Lyn,Rosenborg BK,lyn,rosenborg-bk,1,1,D,dc_best,2025-08-18,0.16500993521632126,0.24330150041179788,0.5916885643718809
199422-20-skeid,2025-08-23,NO-OBOS,2025,1,Skeid,Lyn,skeid,lyn,2,3,A,dc_best,2025-08-18,0.15026845262789224,0.27976568287659653,0.5699658644955112
6142980,2025-08-23,SW-DA,2025,1,IF Brommapojkarna,Malmö FF,if-brommapojkarna,malm-ff,2,5,A,dc_best,2025-08-18,0.1608481963585071,0.1394051607186547,0.6997466429228383
6150076,2025-08-23,SW-EE,2025,1,IF Elfsborg,Mallbackens IF Sunne,if-elfsborg,mallbackens-if-sunne,0,1,A,dc_best,2025-08-18,0.7530063303025292,0.09596138274891786,0.15103228694855303
6150078,2025-08-23,SW-EE,2025,1,Trelleborgs FF,IK Uppsala Fotboll,trelleborgs-ff,ik-uppsala-fotboll,0,1,A,dc_best,2025-08-18,0.5067187566056984,0.13161448433932113,0.3616667590549804
6150073,2025-08-23,SW-EE,2025,1,BK Häcken,Bollstanäs SK,bk-h-cken,bollstan-s-sk,2,0,H,dc_best,2025-08-18,0.5296446670578591,0.21202219989018783,0.2583331330519532
6144677,2025-08-23,SW-SE,2025,1,Örgryte IS Fotboll,IK Brage,rgryte-is-fotboll,ik-brage,2,2,D,dc_best,2025-08-18,0.619493553521382,0.19026708561908295,0.19023936085953497
199295-17-strindheim-tf,2025-08-23,NO-PN2,2025,1,Strindheim TF,Alta,strindheim-tf,alta,2,2,D,dc_best,2025-08-18,0.3227903032587812,0.1493716940205687,0.5278380027206502
3747357,2025-08-23,VL,2025,1,Ilves,Football Club International Turku,60745,60987,1,0,H,dc_best,2025-08-18,0.3030680928825651,0.24893894834671854,0.4479929587707164
6150074,2025-08-23,SW-EE,2025,1,Gamla Upsala SK,Sunnanå SK,gamla-upsala-sk,sunnan-sk,1,1,D,dc_best,2025-08-18,0.5811987539961387,0.12903306967484687,0.2897681763290144
6150075,2025-08-23,SW-EE,2025,1,Jitex BK,KIF Örebro DFF,jitex-bk,kif-rebro-dff,2,3,A,dc_best,2025-08-18,0.2297526618717201,0.12467645832333998,0.64557087980494
6150077,2025-08-23,SW-EE,2025,1,Team TG FF,Eskilstuna United DFF,team-tg-ff,eskilstuna-united-dff,0,1,A,dc_best,2025-08-18,0.050317074197158,0.04144637858518339,0.9082365472176586
199295-17-follo,2025-08-23,NO-PN2,2025,1,Follo,Levanger,follo,levanger,1,4,A,dc_best,2025-08-18,0.39406589750023335,0.17373013801171897,0.4322039644880477
199295-17-h-nefoss-bk,2025-08-23,NO-PN2,2025,1,Hønefoss BK,Eidsvold TF,h-nefoss-bk,eidsvold-tf,2,2,D,dc_best,2025-08-18,0.5036492705331574,0.15392075221598642,0.3424299772508561
6143317,2025-08-24,SW-AL,2025,1,Malmö FF,IFK Göteborg,malm-ff,ifk-g-teborg,0,0,D,dc_best,2025-08-18,0.5053645898086084,0.2620763589674685,0.23255905122392315
199294-17-jerv,2025-08-24,NO-PN1,2025,1,Jerv,Lysekloster,jerv,lysekloster,0,1,A,dc_best,2025-08-18,0.5198264901028229,0.3198755094752655,0.16029800042191167
199294-17-brann-2,2025-08-24,NO-PN1,2025,1,Brann  2,Arendal,brann-2,arendal,1,1,D,dc_best,2025-08-18,0.16824993616469072,0.19520282649225182,0.6365472373430575
199294-17-fl-y-flekker-y,2025-08-24,NO-PN1,2025,1,Fløy-Flekkerøy,Brattvåg,fl-y-flekker-y,brattv-g,2,4,A,dc_best,2025-08-18,0.2269749593194582,0.27397469697697374,0.49905034370356816
6143320,2025-08-24,SW-AL,2025,1,IFK Värnamo,BK Häcken,ifk-v-rnamo,bk-h-cken,1,5,A,dc_best,2025-08-18,0.3937045535808087,0.25696976338722777,0.34932568303196354
6143313,2025-08-24,SW-AL,2025,1,Djurgården,IF Brommapojkarna,djurg-rden,if-brommapojkarna,1,0,H,dc_best,2025-08-18,0.4595214205747096,0.26271126971486874,0.27776730971042174
6143318,2025-08-24,SW-AL,2025,1,IK Sirius FK,Hammarby,ik-sirius-fk,hammarby,3,1,H,dc_best,2025-08-18,0.19814547907481384,0.23269100198023968,0.5691635189449464
199294-17-sotra,2025-08-24,NO-PN1,2025,1,Sotra,Træff,sotra,tr-ff,0,0,D,dc_best,2025-08-18,0.7349117283904604,0.22557430575562415,0.039513965853915554
6143319,2025-08-24,SW-AL,2025,1,Degerfors IF,AIK,degerfors-if,aik,0,1,A,dc_best,2025-08-18,0.11489109110782122,0.23942478573772263,0.6456841231544561
6155367,2025-08-24,SW-EN,2025,1,IF Karlstad Fotboll,Vasalund,if-karlstad-fotboll,vasalund,2,3,A,dc_best,2025-08-18,0.4700913208256453,0.24351399648931338,0.28639468268504137
6144675,2025-08-24,SW-SE,2025,1,Västerås SK FK,Utsikten,v-ster-s-sk-fk,utsikten,3,0,H,dc_best,2025-08-18,0.4957195599788068,0.229970440336128,0.2743099996850652
199294-17-vard-haugesund,2025-08-24,NO-PN1,2025,1,Vard Haugesund,Notodden,vard-haugesund,notodden,1,1,D,dc_best,2025-08-18,0.5738793658256326,0.25324892837349305,0.17287170580087446
6144674,2025-08-24,SW-SE,2025,1,Varbergs BoIS FC,Östersund,varbergs-bois-fc,stersund,1,1,D,dc_best,2025-08-18,0.5536046020000684,0.2419769776508008,0.20441842034913082
199295-17-tromsdalen,2025-08-24,NO-PN2,2025,1,Tromsdalen,Kjelsås,tromsdalen,kjels-s,2,2,D,dc_best,2025-08-18,0.5786694676975991,0.143521079643891,0.2778094526585099
3774147,2025-08-24,M1,2025,1,Football Club International Turku,Oulun Luistinseura,60860,106449,1,1,D,dc_best,2025-08-18,0.5149942851920402,0.1842427143891723,0.3007630004187876
3747358,2025-08-24,VL,2025,1,Helsingin Jalkapalloklubin Liiga-HJK,IFK Mariehamn Fotboll,60731,60759,8,2,H,dc_best,2025-08-18,0.7612275458378387,0.1459583285482508,0.0928141256139105
3747356,2025-08-24,VL,2025,1,Fotbollsföreningen JARO Jalkapalloseura,Kuopion Palloseura,60974,60756,1,3,A,dc_best,2025-08-18,0.20307215123005284,0.2776383930893853,0.5192894556805618
199120-15-viking,2025-08-24,NO-1DK,2025,1,Viking,Fyllingsdalen,viking,fyllingsdalen,3,1,H,dc_best,2025-08-18,0.41233027563522795,0.3585899176585077,0.2290798067062644
199120-15-kil-hemne,2025-08-24,NO-1DK,2025,1,KIL/Hemne,Molde,kil-hemne,molde,1,1,D,dc_best,2025-08-18,0.12708942770579837,0.20414776756717895,0.6687628047270227
199120-15-aafk-fortuna,2025-08-24,NO-1DK,2025,1,AaFK Fortuna,Odds Ballklubb,aafk-fortuna,odds-ballklubb,2,1,H,dc_best,2025-08-18,0.8256460362437236,0.1350014346400009,0.03935252911627566
199120-15-troms-il,2025-08-24,NO-1DK,2025,1,Tromsø IL,Haugesund,troms-il,haugesund,1,4,A,dc_best,2025-08-18,0.21366499442383502,0.22854318309534652,0.5577918224808185
199295-17-grorud,2025-08-24,NO-PN2,2025,1,Grorud,Stjørdals-Blink,grorud,stj-rdals-blink,5,3,H,dc_best,2025-08-18,0.5118041263333732,0.1474421122979277,0.34075376136869917
3962227,2025-08-24,NL,2025,2,Idrottsföreningen Kamraterna Vasa,Åland United,60691,60532,0,2,A,dc_best,2025-08-18,0.12868149497331027,0.11879183179319182,0.7525266732334979
6143314,2025-08-24,SW-AL,2025,1,IF Elfsborg,Halmstad,if-elfsborg,halmstad,1,2,A,dc_best,2025-08-18,0.6982568033597559,0.1898905107682678,0.11185268587197628
199603-19-haugesund,2025-08-24,NO-ELI,2025,1,Haugesund,Vålerenga,haugesund,v-lerenga,2,3,A,dc_best,2025-08-18,0.08882413456223634,0.1885519751890546,0.7226238902487092
199603-19-bryne,2025-08-24,NO-ELI,2025,1,Bryne,Strømsgodset,bryne,str-msgodset,2,2,D,dc_best,2025-08-18,0.5594337254818018,0.24584068440263465,0.19472559011556353
6155363,2025-08-24,SW-EN,2025,1,Assyriska FF,Örebro Syrianska IF,assyriska-ff,rebro-syrianska-if,3,1,H,dc_best,2025-08-18,0.5877706465730514,0.2742839191249459,0.13794543430200265
6155364,2025-08-24,SW-EN,2025,1,Enköpings SK FK,Karlbergs BK,enk-pings-sk-fk,karlbergs-bk,4,2,H,dc_best,2025-08-18,0.39981921183115743,0.271069361655928,0.32911142651291464
6155365,2025-08-24,SW-EN,2025,1,FC Arlanda,Gefle IF FF,fc-arlanda,gefle-if-ff,2,0,H,dc_best,2025-08-18,0.45978830148550054,0.2993687898820306,0.24084290863246896
6155366,2025-08-24,SW-EN,2025,1,Hammarby TFF Herrfotboll,Team TG FF,hammarby-tff-herrfotboll,team-tg-ff,2,1,H,dc_best,2025-08-18,0.7616189922949788,0.18448702179505994,0.05389398590996122
6155128,2025-08-24,SW-ES,2025,1,Lunds BK,Ljungskile SK Herrfotboll,lunds-bk,ljungskile-sk-herrfotboll,1,3,A,dc_best,2025-08-18,0.18357482460623356,0.25587982929885056,0.5605453460949159
6155368,2025-08-24,SW-EN,2025,1,IFK Haninge,Stockholm Internazionale,ifk-haninge,stockholm-internazionale,0,1,A,dc_best,2025-08-18,0.2688454058779941,0.2198731182337038,0.5112814758883021
6142976,2025-08-24,SW-DA,2025,1,Alingsås IF FF,Piteå IF DFF,alings-s-if-ff,pite-if-dff,1,3,A,dc_best,2025-08-18,0.2910577656299131,0.1853873808366631,0.5235548535334239
6142981,2025-08-24,SW-DA,2025,1,Linköping FC,Vittsjö GIK,link-ping-fc,vittsj-gik,3,0,H,dc_best,2025-08-18,0.14274392715417256,0.14601380844270465,0.7112422644031229
199603-19-molde,2025-08-24,NO-ELI,2025,1,Molde,Tromsø,molde,troms,2,0,H,dc_best,2025-08-18,0.38592472267602673,0.2888915456720685,0.32518373165190495
6150079,2025-08-24,SW-EE,2025,1,Umeå IK FF,Örebro SK FK,ume-ik-ff,rebro-sk-fk,1,0,H,dc_best,2025-08-18,0.8468996512770723,0.07352079831740445,0.07957955040552334
6155370,2025-08-25,SW-EN,2025,1,Sollentuna FK,Athletic Eskilstuna,sollentuna-fk,athletic-eskilstuna,4,3,H,dc_best,2025-08-25,0.5024964872093592,0.2335860297719736,0.26391748301866713
3747359,2025-08-25,VL,2025,1,Football Club Haka,SEINÄJOEN JALKAPALLOKERHO,60561,60970,2,3,A,dc_best,2025-08-25,0.16388435790209033,0.20151545012897978,0.6346001919689299
6144673,2025-08-25,SW-SE,2025,1,Trelleborgs FF,Landskrona BoIS,trelleborgs-ff,landskrona-bois,1,0,H,dc_best,2025-08-25,0.21100161317664212,0.2790422638003602,0.5099561230229978
3747355,2025-08-25,VL,2025,1,IF Gnistan,Oulun edustusjalkapallo AC Oulu,60534,60493,3,2,H,dc_best,2025-08-25,0.5383375504949564,0.22460413616916583,0.23705831333587787
6144676,2025-08-25,SW-SE,2025,1,Örebro,Umeå FC,rebro,ume-fc,1,1,D,dc_best,2025-08-25,0.45734694454443947,0.2840959779625084,0.2585570774930521
199603-19-sarpsborg-08,2025-08-25,NO-ELI,2025,1,Sarpsborg 08,Kristiansund,sarpsborg-08,kristiansund,0,1,A,dc_best,2025-08-25,0.5450449606372092,0.23996269949132037,0.21499233987147043
6155129,2025-08-25,SW-ES,2025,1,Norrby IF,Jönköpings Södra IF,norrby-if,j-nk-pings-s-dra-if,2,1,H,dc_best,2025-08-25,0.2657391994072438,0.4113693281933099,0.3228914723994463
6144671,2025-08-25,SW-SE,2025,1,GIF Sundsvall,IK Oddevold,gif-sundsvall,ik-oddevold,0,1,A,dc_best,2025-08-25,0.3791501165349424,0.3169820026192374,0.3038678808458202
6144670,2025-08-25,SW-SE,2025,1,Falkenbergs FF,Sandvikens IF,falkenbergs-ff,sandvikens-if,4,0,H,dc_best,2025-08-25,0.5289185789160364,0.26998908502790103,0.20109233605606264
6143316,2025-08-25,SW-AL,2025,1,Östers IF,IFK Norrköping FK,sters-if,ifk-norrk-ping-fk,1,2,A,dc_best,2025-08-25,0.34654760309332383,0.3074427451904796,0.3460096517161966
6143315,2025-08-25,SW-AL,2025,1,GAIS,Mjällby AIF,gais,mj-llby-aif,0,2,A,dc_best,2025-08-25,0.257872797311512,0.30098078910178794,0.44114641358670015
6144672,2025-08-26,SW-SE,2025,1,Kalmar FF,Helsingborgs IF,kalmar-ff,helsingborgs-if,2,0,H,dc_best,2025-08-25,0.47230985681853693,0.30286787921656166,0.22482226396490151
6150036,2025-08-27,SW-EE,2025,1,Team TG FF,BK Häcken,team-tg-ff,bk-h-cken,0,2,A,dc_best,2025-08-25,0.3345044405394104,0.14149646141253472,0.5239990980480549
3774132,2025-08-27,M1,2025,1,FC Jazz Juniorit,JJK Jyväskylä,60521,144858,0,1,A,dc_best,2025-08-25,0.5126049496351949,0.23843430267850413,0.2489607476863011
3960206,2025-08-28,M1L,2025,1,FC Lahti,Helsingin Jalkapalloklubi,60969,60692,2,2,D,dc_best,2025-08-25,0.49916308632349915,0.2594303117484364,0.2414066019280645
3960208,2025-08-29,M1L,2025,1,Pallokerho-35,Jippo,50775,129811,0,2,A,dc_best,2025-08-25,0.45263176181798037,0.32229050263353415,0.22507773554848542
3960207,2025-08-29,M1L,2025,1,Järvenpään Palloseura,Ekenäs Idrottsförening,60676,60495,0,0,D,dc_best,2025-08-25,0.3239500479895674,0.23704040758542858,0.4390095444250041
3965433,2025-08-29,M2,2025,6,Gamlakarleby Bollklubb,SJK Akatemia,60492,131834,3,0,H,dc_best,2025-08-25,0.4586508474678229,0.19174025690723412,0.3496088956249429
3965419,2025-08-29,M2,2025,5,Ilves,Helsingin Palloseura,106905,49949,7,0,H,dc_best,2025-08-25,0.6936053872055157,0.18366489135351224,0.12272972144097208
3965418,2025-08-29,M2,2025,5,Tampereen Pallo-Veikot,Pallo-Iirot,60704,107307,4,1,H,dc_best,2025-08-25,0.6506884301763494,0.1795003290155884,0.16981124080806215
6142986,2025-08-30,SW-DA,2025,1,Malmö FF,Växjö,malm-ff,v-xj,3,1,H,dc_best,2025-08-25,0.7295215611078124,0.11323302345652501,0.15724541543566253
6142987,2025-08-30,SW-DA,2025,1,Piteå IF DFF,IFK Norrköping FK,pite-if-dff,ifk-norrk-ping-fk,1,2,A,dc_best,2025-08-25,0.26879684149286687,0.16874787530896046,0.5624552831981726
199295-18-stj-rdals-blink,2025-08-30,NO-PN2,2025,1,Stjørdals-Blink,Strømmen,stj-rdals-blink,str-mmen,0,1,A,dc_best,2025-08-25,0.2856006590130562,0.1347262646461021,0.5796730763408418
6143323,2025-08-30,SW-AL,2025,1,IF Brommapojkarna,IF Elfsborg,if-brommapojkarna,if-elfsborg,3,0,H,dc_best,2025-08-25,0.36126321215323787,0.22797718008411053,0.41075960776265164
6143327,2025-08-30,SW-AL,2025,1,Mjällby AIF,Halmstad,mj-llby-aif,halmstad,1,0,H,dc_best,2025-08-25,0.808220703959751,0.14084239904458798,0.05093689699566113
199295-18-asker,2025-08-30,NO-PN2,2025,1,Asker,Ullensaker/Kisa,asker,ullensaker-kisa,0,2,A,dc_best,2025-08-25,0.3155230215278229,0.15013499500474048,0.5343419834674367
199295-18-levanger,2025-08-30,NO-PN2,2025,1,Levanger,Tromsdalen,levanger,tromsdalen,1,3,A,dc_best,2025-08-25,0.4884658537286279,0.15234655834065247,0.35918758793071964
199295-18-h-nefoss-bk,2025-08-30,NO-PN2,2025,1,Hønefoss BK,Strindheim TF,h-nefoss-bk,strindheim-tf,8,1,H,dc_best,2025-08-25,0.769965169471452,0.097082519209374,0.13295231131917398
3965435,2025-08-30,M2,2025,6,Vaasan Palloseura,Tornion Pallo-47,169909,60666,11,0,H,dc_best,2025-08-25,0.8811629164089297,0.07081132117555756,0.04802576241551282
3965405,2025-08-30,M2,2025,4,Vantaan Jalkapalloseura,Pepo Lappeenranta,63440,61010,7,0,H,dc_best,2025-08-25,0.7056424003143286,0.17242596783556588,0.12193163185010553
199603-20-v-lerenga,2025-08-30,NO-ELI,2025,1,Vålerenga,Bryne,v-lerenga,bryne,3,2,H,dc_best,2025-08-25,0.572156994906107,0.23381494936814295,0.19402805572575002
3960209,2025-08-30,M1L,2025,1,Käpylän Pallo,TPS Juniorijalkapallo,60487,60971,3,3,D,dc_best,2025-08-25,0.16572673224470902,0.1530720289276303,0.6812012388276606
6143325,2025-08-30,SW-AL,2025,1,IFK Göteborg,IFK Värnamo,ifk-g-teborg,ifk-v-rnamo,1,0,H,dc_best,2025-08-25,0.6377558109421106,0.20916576094331638,0.15307842811457295
6144679,2025-08-30,SW-SE,2025,1,Landskrona BoIS,GIF Sundsvall,landskrona-bois,gif-sundsvall,2,1,H,dc_best,2025-08-25,0.355720121018689,0.29379244339088567,0.3504874355904254
3960210,2025-08-30,M1L,2025,1,SJK Akatemia,Salon Palloilijat,168874,60690,2,1,H,dc_best,2025-08-25,0.6946678912697761,0.19894438097956316,0.10638772775066069
3965434,2025-08-30,M2,2025,6,Jakobstads Bollklubb,Oulunsalon Pallo,61766,108059,3,0,H,dc_best,2025-08-25,0.44821381045932984,0.21554404604245442,0.33624214349821574
6144685,2025-08-30,SW-SE,2025,1,Östersund,Kalmar FF,stersund,kalmar-ff,0,0,D,dc_best,2025-08-25,0.16589505884407152,0.26048428955572756,0.5736206516002009
6144680,2025-08-30,SW-SE,2025,1,Sandvikens IF,Örebro,sandvikens-if,rebro,2,1,H,dc_best,2025-08-25,0.43818221625343895,0.28231387783200984,0.2795039059145513
199294-18-lysekloster,2025-08-30,NO-PN1,2025,1,Lysekloster,Vard Haugesund,lysekloster,vard-haugesund,1,0,H,dc_best,2025-08-25,0.5818916288487286,0.27859895914830934,0.13950941200296207
3962228,2025-08-30,NL,2025,2,Helsingin Palloseura,PK-35 Vantaa,60781,60671,5,1,H,dc_best,2025-08-25,0.5853544684983814,0.15540509847506193,0.25924043302655675
3962229,2025-08-30,NL,2025,2,Åland United,Kuopion Palloseura,60532,157420,2,5,A,dc_best,2025-08-25,0.22360380553670706,0.19221539702121127,0.5841807974420817
6150080,2025-08-30,SW-EE,2025,1,Bollstanäs SK,Team TG FF,bollstan-s-sk,team-tg-ff,2,4,A,dc_best,2025-08-25,0.33693395440636575,0.1872591062684239,0.47580693932521034
6150085,2025-08-30,SW-EE,2025,1,KIF Örebro DFF,BK Häcken,kif-rebro-dff,bk-h-cken,4,0,H,dc_best,2025-08-25,0.7946083116495438,0.07955786377028544,0.12583382458017073
199422-21-moss,2025-08-30,NO-OBOS,2025,1,Moss,Mjøndalen,moss,mj-ndalen,3,1,H,dc_best,2025-08-25,0.5100881324813853,0.23517145092597924,0.2547404165926355
199422-21-lillestr-m,2025-08-30,NO-OBOS,2025,1,Lillestrøm,Skeid,lillestr-m,skeid,3,1,H,dc_best,2025-08-25,0.8566317480029769,0.12353891809421083,0.019829333902812257
6155138,2025-08-30,SW-ES,2025,1,Ängelholms FF,Torslanda IK,ngelholms-ff,torslanda-ik,3,0,H,dc_best,2025-08-25,0.43243693877616163,0.28258125630899794,0.2849818049148405
6155131,2025-08-30,SW-ES,2025,1,Eskilsminne IF,FC Rosengård 1917,eskilsminne-if,fc-roseng-rd-1917,1,0,H,dc_best,2025-08-25,0.28021598736952635,0.3513128510541509,0.36847116157632276
6155137,2025-08-30,SW-ES,2025,1,Skövde AIK,Oskarshamns AIK,sk-vde-aik,oskarshamns-aik,3,0,H,dc_best,2025-08-25,0.48337380433893673,0.3098503659080235,0.20677582975303987
6155136,2025-08-30,SW-ES,2025,1,Lunds BK,Norrby IF,lunds-bk,norrby-if,2,1,H,dc_best,2025-08-25,0.2340440794008245,0.31881777623900537,0.44713814436017013
6155133,2025-08-30,SW-ES,2025,1,Husqvarna FF,Ariana FC,husqvarna-ff,ariana-fc,0,0,D,dc_best,2025-08-25,0.22264312731987926,0.24683435134453272,0.5305225213355881
6155376,2025-08-30,SW-EN,2025,1,Stockholm Internazionale,FC Arlanda,stockholm-internazionale,fc-arlanda,0,0,D,dc_best,2025-08-25,0.6210442355943864,0.24884259193759853,0.1301131724680151
6155375,2025-08-30,SW-EN,2025,1,Karlbergs BK,IFK Haninge,karlbergs-bk,ifk-haninge,3,1,H,dc_best,2025-08-25,0.44747156834501645,0.22145968752868098,0.33106874412630266
6155372,2025-08-30,SW-EN,2025,1,Gefle IF FF,Sollentuna FK,gefle-if-ff,sollentuna-fk,5,1,H,dc_best,2025-08-25,0.4248221319748255,0.2815288819749914,0.29364898605018325
199422-21-kongsvinger,2025-08-30,NO-OBOS,2025,1,Kongsvinger,Ranheim TF,kongsvinger,ranheim-tf,1,1,D,dc_best,2025-08-25,0.5725223933800712,0.24498343314966117,0.18249417347026772
199422-21-h-dd,2025-08-30,NO-OBOS,2025,1,Hødd,Raufoss,h-dd,raufoss,2,4,A,dc_best,2025-08-25,0.3060305072733353,0.31689140689726103,0.37707808582940366
199422-21-stab-k,2025-08-30,NO-OBOS,2025,1,Stabæk,Start,stab-k,start,1,1,D,dc_best,2025-08-25,0.12023523710249535,0.25360058255622786,0.6261641803412769
199294-18-arendal,2025-08-30,NO-PN1,2025,1,Arendal,Pors,arendal,pors,3,1,H,dc_best,2025-08-25,0.5328678973786269,0.2863312063060744,0.1808008963152987
199422-21-sane,2025-08-30,NO-OBOS,2025,1,Åsane,Sogndal,sane,sogndal,1,1,D,dc_best,2025-08-25,0.32109168946061445,0.30979252638634086,0.36911578415304475
199294-18-fk-eik-t-nsberg-871,2025-08-30,NO-PN1,2025,1,FK Eik Tønsberg 871,Sotra,fk-eik-t-nsberg-871,sotra,2,1,H,dc_best,2025-08-25,0.13884914537743695,0.35434493705620157,0.5068059175663615
3965403,2025-08-30,M2,2025,4,Puistolan Urheilijat,MYPA,49973,129934,6,1,H,dc_best,2025-08-25,0.529544284927556,0.20250520504883376,0.26795051002361026
6142984,2025-08-30,SW-DA,2025,1,Kristianstads DFF,AIK,kristianstads-dff,aik,0,3,A,dc_best,2025-08-25,0.584807886175739,0.17756352361539152,0.2376285902088695
3965420,2025-08-30,M2,2025,5,Hämeenlinnan Jalkapalloseura,Football Club Kiffen 08,35121579,60554,3,0,H,dc_best,2025-08-25,0.5270295658255635,0.21495334256305437,0.25801709161138225
199120-16-molde,2025-08-30,NO-1DK,2025,1,Molde,IK Start Kvinner,molde,ik-start-kvinner,4,1,H,dc_best,2025-08-25,0.6220351895695119,0.2766537646956827,0.10131104573480548
6144684,2025-08-30,SW-SE,2025,1,Västerås SK FK,Helsingborgs IF,v-ster-s-sk-fk,helsingborgs-if,4,0,H,dc_best,2025-08-25,0.44190045205701856,0.2745008358281189,0.2835987121148626
6150083,2025-08-30,SW-EE,2025,1,IF Elfsborg,Trelleborgs FF,if-elfsborg,trelleborgs-ff,2,2,D,dc_best,2025-08-25,0.3072621112062669,0.12647105754974663,0.5662668312439865
6144683,2025-08-30,SW-SE,2025,1,Varbergs BoIS FC,Falkenbergs FF,varbergs-bois-fc,falkenbergs-ff,3,2,H,dc_best,2025-08-25,0.37650510549024163,0.3025869173252733,0.3209079771844851
6150081,2025-08-30,SW-EE,2025,1,Eskilstuna United DFF,Jitex BK,eskilstuna-united-dff,jitex-bk,3,1,H,dc_best,2025-08-25,0.7381113224166744,0.1007031435860114,0.16118553399731422
3774150,2025-08-30,M1,2025,1,KPV Juniorit,Football Club International Turku,60536,60860,2,1,H,dc_best,2025-08-25,0.5094782157750921,0.20163907870931405,0.2888827055155938
6150084,2025-08-30,SW-EE,2025,1,IK Uppsala Fotboll,Mallbackens IF Sunne,ik-uppsala-fotboll,mallbackens-if-sunne,6,1,H,dc_best,2025-08-25,0.8035049549882596,0.07758520302446613,0.1189098419872742
3774152,2025-08-30,M1,2025,1,Atlantis FC Edustus,Rovaniemen Palloseura,60702,60973,3,3,D,dc_best,2025-08-25,0.5671985280596822,0.21622506982765016,0.2165764021126676
3774151,2025-08-30,M1,2025,1,Oulun Luistinseura,Jalkapalloseura Tampere United,106449,106945,1,3,A,dc_best,2025-08-25,0.6683981472241385,0.18699366120900482,0.14460819156685667
3774149,2025-08-30,M1,2025,1,Kuopion Palloseura,Espoon Palloseuran Jalkapallo,106331,62296,1,1,D,dc_best,2025-08-25,0.7024582231664922,0.16315938865474303,0.1343823881787648
3774153,2025-08-30,M1,2025,1,Pallokerho Keski-Uusimaa,FC Jazz Juniorit,60929,60521,0,5,A,dc_best,2025-08-25,0.5246545399103208,0.20090487552556105,0.2744405845641181
199120-16-arna-bj-rnar,2025-08-30,NO-1DK,2025,1,Arna-Bjørnar,KIL/Hemne,arna-bj-rnar,kil-hemne,4,0,H,dc_best,2025-08-25,0.7394998819563189,0.1881868354857698,0.07231328255791131
3965448,2025-08-30,M2,2025,7,Haminan Pallo-Kissat Edustus,Lahden Reipas,61483,61562,0,7,A,dc_best,2025-08-25,0.09889206885108306,0.12065989135147587,0.7804480397974409
3965449,2025-08-30,M2,2025,7,FC Vaajakoski,Jyväskylän Seudun Palloseura,60496,106602,7,0,H,dc_best,2025-08-25,0.9059567575263268,0.0577029213319825,0.03634032114169072
3774148,2025-08-30,M1,2025,1,Mikkelin Palloilijat,JJK Jyväskylä,60494,144858,2,0,H,dc_best,2025-08-25,0.6385389626479786,0.2174407296508375,0.14402030770118393
3965404,2025-08-30,M2,2025,4,FC Honka,GrIFK - Fotboll,62416,60549,3,1,H,dc_best,2025-08-25,0.9285435654820551,0.04795429892990172,0.023502135588043215
199603-20-troms,2025-08-31,NO-ELI,2025,1,Tromsø,KFUM,troms,kfum,2,0,H,dc_best,2025-08-25,0.3636110274701959,0.2860545550657976,0.35033441746400645
199603-20-sandefjord-fotball,2025-08-31,NO-ELI,2025,1,Sandefjord Fotball,Bodø/Glimt,sandefjord-fotball,bod-glimt,1,2,A,dc_best,2025-08-25,0.237839764079934,0.23589972500458561,0.5262605109154804
6142985,2025-08-31,SW-DA,2025,1,Linköping FC,Alingsås IF FF,link-ping-fc,alings-s-if-ff,2,1,H,dc_best,2025-08-25,0.5244923423639617,0.16724661391833726,0.30826104371770113
199422-21-aalesund,2025-08-31,NO-OBOS,2025,1,Aalesund,Egersund,aalesund,egersund,2,3,A,dc_best,2025-08-25,0.5092422199282242,0.2744197313791468,0.21633804869262893
3965460,2025-08-31,M2,2025,8,Nurmijärven Jalkapalloseura,Musan Salama,60537,60696,0,3,A,dc_best,2025-08-25,0.5246268202956826,0.19114727467438686,0.2842259050299305
3965461,2025-08-31,M2,2025,8,Atlantis Football Club,Pallo-Pojat Juniorit,35135803,48924,0,4,A,dc_best,2025-08-25,0.06831802466722378,0.0840993476242666,0.8475826277085097
199422-21-lyn,2025-08-31,NO-OBOS,2025,1,Lyn,Odd,lyn,odd,0,0,D,dc_best,2025-08-25,0.5119734044878363,0.3258055954563818,0.16222100005578183
199603-20-hamkam,2025-08-31,NO-ELI,2025,1,HamKam,Sarpsborg 08,hamkam,sarpsborg-08,1,3,A,dc_best,2025-08-25,0.4281287225612518,0.2720703874444219,0.29980088999432636
199603-20-fredrikstad,2025-08-31,NO-ELI,2025,1,Fredrikstad,Haugesund,fredrikstad,haugesund,2,2,D,dc_best,2025-08-25,0.7689230018213887,0.17357216689915553,0.05750483127945563
199603-20-kristiansund,2025-08-31,NO-ELI,2025,1,Kristiansund,Brann,kristiansund,brann,2,2,D,dc_best,2025-08-25,0.22051412637440226,0.24403946564129178,0.535446407984306
3965472,2025-08-31,M2,2025,9,Jalkapalloseura Hercules,Idrottsföreningen Kamraterna Vasa,61004,60647,1,2,A,dc_best,2025-08-25,0.5061176650700209,0.17782959679520305,0.31605273813477613
6142983,2025-08-31,SW-DA,2025,1,IF Brommapojkarna,Djurgården,if-brommapojkarna,djurg-rden,1,2,A,dc_best,2025-08-25,0.2931243707320526,0.15175183517949822,0.5551237940884491
6155132,2025-08-31,SW-ES,2025,1,FC Trollhättan,Hässleholms IF,fc-trollh-ttan,h-ssleholms-if,0,4,A,dc_best,2025-08-25,0.3541313496240515,0.26589428744677424,0.3799743629291742
199603-20-viking,2025-08-31,NO-ELI,2025,1,Viking,Rosenborg,viking,rosenborg,2,1,H,dc_best,2025-08-25,0.6157316457126858,0.21332706397467274,0.1709412903126415
3747362,2025-08-31,VL,2025,1,IF Gnistan,Fotbollsföreningen JARO Jalkapalloseura,60534,60974,1,2,A,dc_best,2025-08-25,0.49280108725491734,0.25128031782844085,0.25591859491664176
3747364,2025-08-31,VL,2025,1,FC KTP Kotka,Helsingin Jalkapalloklubin Liiga-HJK,60972,60731,1,4,A,dc_best,2025-08-25,0.060527349424203555,0.09078529218035127,0.8486873583954452
3747361,2025-08-31,VL,2025,1,Football Club International Turku,Vaasan Palloseura,60987,60901,2,1,H,dc_best,2025-08-25,0.6142822091521968,0.2276317502333948,0.15808604061440837
3747363,2025-08-31,VL,2025,1,SEINÄJOEN JALKAPALLOKERHO,Kuopion Palloseura,60970,60756,1,1,D,dc_best,2025-08-25,0.37198365524221527,0.2512660599211633,0.37675028483662143
6150086,2025-08-31,SW-EE,2025,1,Sunnanå SK,Umeå IK FF,sunnan-sk,ume-ik-ff,1,1,D,dc_best,2025-08-25,0.06463624655043555,0.08385757550945182,0.8515061779401126
6150082,2025-08-31,SW-EE,2025,1,Gamla Upsala SK,Örebro SK FK,gamla-upsala-sk,rebro-sk-fk,0,1,A,dc_best,2025-08-25,0.3901598731935438,0.14377215893991943,0.46606796786653687
3747360,2025-08-31,VL,2025,1,Oulun edustusjalkapallo AC Oulu,Football Club Haka,60493,60561,3,2,H,dc_best,2025-08-25,0.38142537929160203,0.26093405703429484,0.3576405636741032
3747365,2025-08-31,VL,2025,1,Ilves,IFK Mariehamn Fotboll,60745,60759,2,1,H,dc_best,2025-08-25,0.7744696473729654,0.13865011368809577,0.0868802389389388
199120-16-odds-ballklubb,2025-08-31,NO-1DK,2025,1,Odds Ballklubb,Tromsø IL,odds-ballklubb,troms-il,1,1,D,dc_best,2025-08-25,0.5908173414982656,0.21533406637973,0.1938485921220045
6155135,2025-08-31,SW-ES,2025,1,Ljungskile SK Herrfotboll,BK Olympic,ljungskile-sk-herrfotboll,bk-olympic,4,1,H,dc_best,2025-08-25,0.7435766779924546,0.1805534415266724,0.07586988048087305
199120-16-haugesund,2025-08-31,NO-1DK,2025,1,Haugesund,AaFK Fortuna,haugesund,aafk-fortuna,2,1,H,dc_best,2025-08-25,0.4356620294635516,0.31511820205810753,0.2492197684783409
199294-18-notodden,2025-08-31,NO-PN1,2025,1,Notodden,Sandviken,notodden,sandviken,0,1,A,dc_best,2025-08-25,0.39318717978994167,0.33783588208084653,0.2689769381292118
199294-18-brattv-g,2025-08-31,NO-PN1,2025,1,Brattvåg,Brann  2,brattv-g,brann-2,3,2,H,dc_best,2025-08-25,0.7636690448211274,0.1426399473308814,0.09369100784799124
199294-18-tr-ff,2025-08-31,NO-PN1,2025,1,Træff,Fløy-Flekkerøy,tr-ff,fl-y-flekker-y,2,0,H,dc_best,2025-08-25,0.5014546217946965,0.32245614979309417,0.17608922841220942
199120-16-fyllingsdalen,2025-08-31,NO-1DK,2025,1,Fyllingsdalen,HamKam,fyllingsdalen,hamkam,3,2,H,dc_best,2025-08-25,0.5225500384198357,0.35816760090146293,0.11928236067870122
199120-16-sane,2025-08-31,NO-1DK,2025,1,Åsane,Viking,sane,viking,4,1,H,dc_best,2025-08-25,0.6571567051591215,0.26109759725804615,0.08174569758283226
6155374,2025-08-31,SW-EN,2025,1,IFK Stocksund,Team TG FF,ifk-stocksund,team-tg-ff,3,1,H,dc_best,2025-08-25,0.5412336168335223,0.24174435471201078,0.2170220284544669
6155378,2025-08-31,SW-EN,2025,1,Örebro Syrianska IF,Nordic United FC,rebro-syrianska-if,nordic-united-fc,0,2,A,dc_best,2025-08-25,0.1679607962447345,0.25596539312204825,0.5760738106332173
6155377,2025-08-31,SW-EN,2025,1,Vasalund,Enköpings SK FK,vasalund,enk-pings-sk-fk,2,0,H,dc_best,2025-08-25,0.7438396195414395,0.14068392995645804,0.11547645050210253
6155371,2025-08-31,SW-EN,2025,1,Athletic Eskilstuna,IF Karlstad Fotboll,athletic-eskilstuna,if-karlstad-fotboll,4,3,H,dc_best,2025-08-25,0.2661113231838571,0.23901613727240334,0.49487253954373955
199294-18-sandnes-ulf,2025-08-31,NO-PN1,2025,1,Sandnes Ulf,Jerv,sandnes-ulf,jerv,4,0,H,dc_best,2025-08-25,0.6801604028555247,0.22114948460640144,0.09869011253807393
6142988,2025-08-31,SW-DA,2025,1,Vittsjö GIK,BK Häcken FF,vittsj-gik,bk-h-cken-ff,0,4,A,dc_best,2025-08-25,0.07303339730041901,0.07030855989370371,0.8566580428058773
199603-20-str-msgodset,2025-08-31,NO-ELI,2025,1,Strømsgodset,Molde,str-msgodset,molde,3,1,H,dc_best,2025-08-25,0.1901610168997881,0.2437514588388774,0.5660875242613345
6144678,2025-08-31,SW-SE,2025,1,IK Brage,Trelleborgs FF,ik-brage,trelleborgs-ff,2,1,H,dc_best,2025-08-25,0.6879520118893762,0.19624244074814673,0.11580554736247717
199295-18-kjels-s,2025-08-31,NO-PN2,2025,1,Kjelsås,Grorud,kjels-s,grorud,0,2,A,dc_best,2025-08-25,0.5654137961698065,0.14660258525667544,0.2879836185735182
199295-18-eidsvold-tf,2025-08-31,NO-PN2,2025,1,Eidsvold TF,Rana FK,eidsvold-tf,rana-fk,1,4,A,dc_best,2025-08-25,0.5991825197081396,0.1325168151954869,0.26830066509637346
199295-18-alta,2025-08-31,NO-PN2,2025,1,Alta,Follo,alta,follo,1,2,A,dc_best,2025-08-25,0.6333306186961236,0.13070804144896178,0.23596133985491458
6143328,2025-08-31,SW-AL,2025,1,IFK Norrköping FK,Djurgården,ifk-norrk-ping-fk,djurg-rden,0,4,A,dc_best,2025-08-25,0.22170705865822476,0.2754864346402781,0.5028065067014971
6143326,2025-08-31,SW-AL,2025,1,Malmö FF,Degerfors IF,malm-ff,degerfors-if,1,1,D,dc_best,2025-08-25,0.784720021836808,0.15560566979850382,0.05967430836468825
6143321,2025-08-31,SW-AL,2025,1,AIK,IK Sirius FK,aik,ik-sirius-fk,2,1,H,dc_best,2025-08-25,0.4360519120532641,0.29310688828942955,0.27084119965730635
6143324,2025-08-31,SW-AL,2025,1,GAIS,BK Häcken,gais,bk-h-cken,2,1,H,dc_best,2025-08-25,0.6199606650389888,0.2195330958142796,0.16050623914673157
6143322,2025-08-31,SW-AL,2025,1,Hammarby,Östers IF,hammarby,sters-if,4,0,H,dc_best,2025-08-25,0.5351902721503372,0.2953581775988255,0.16945155025083733
6144681,2025-08-31,SW-SE,2025,1,Umeå FC,IK Oddevold,ume-fc,ik-oddevold,0,2,A,dc_best,2025-08-25,0.17647772986353677,0.2715486030466202,0.551973667089843
6144682,2025-08-31,SW-SE,2025,1,Utsikten,Örgryte IS Fotboll,utsikten,rgryte-is-fotboll,1,2,A,dc_best,2025-08-25,0.19710751426225093,0.2004145919427075,0.6024778937950417
6155373,2025-09-01,SW-EN,2025,1,Hammarby TFF Herrfotboll,Assyriska FF,hammarby-tff-herrfotboll,assyriska-ff,4,0,H,dc_best,2025-09-01,0.5311063128031329,0.3040112694841513,0.16488241771271578
6155134,2025-09-01,SW-ES,2025,1,Jönköpings Södra IF,IFK Skövde FK,j-nk-pings-s-dra-if,ifk-sk-vde-fk,2,1,H,dc_best,2025-09-01,0.7801408428226824,0.18145262818908306,0.03840652898823444
3965421,2025-09-02,M2,2025,5,Pallo-Iirot,Ilves,107307,106905,2,4,A,dc_best,2025-09-01,0.31241586679577776,0.23241490960308944,0.4551692236011329
3962230,2025-09-02,NL,2025,2,Idrottsföreningen Kamraterna Vasa,Helsingin Jalkapalloklubi,60691,60682,0,6,A,dc_best,2025-09-01,0.010568058169771662,0.024052493959452838,0.9653794478707756
3965406,2025-09-03,M2,2025,4,GrIFK - Fotboll,Vantaan Jalkapalloseura,60549,63440,1,3,A,dc_best,2025-09-01,0.19579049701112333,0.1911390064114367,0.6130704965774401
3965437,2025-09-03,M2,2025,6,Jakobstads Bollklubb,Gamlakarleby Bollklubb,61766,60492,1,1,D,dc_best,2025-09-01,0.5202341298286376,0.24566469690044535,0.23410117327091692
3965438,2025-09-03,M2,2025,6,Oulunsalon Pallo,Tornion Pallo-47,108059,60666,1,1,D,dc_best,2025-09-01,0.8557951447456824,0.07233322134794479,0.07187163390637265
3965436,2025-09-03,M2,2025,6,SJK Akatemia,Vaasan Palloseura,131834,169909,3,7,A,dc_best,2025-09-01,0.20778330263022882,0.17305701041362284,0.6191596869561483
199118-19-h-nefoss-bk,2025-09-03,NO-TS,2025,1,Hønefoss BK,Vålerenga Fotball,h-nefoss-bk,v-lerenga-fotball,0,1,A,dc_best,2025-09-01,0.05908409023364607,0.16295719992039848,0.7779587098459555
3965407,2025-09-03,M2,2025,4,MYPA,Pepo Lappeenranta,129934,61010,1,6,A,dc_best,2025-09-01,0.5755880157540154,0.18364507769928706,0.24076690654669758
3965408,2025-09-04,M2,2025,4,Puistolan Urheilijat,FC Honka,49973,62416,1,2,A,dc_best,2025-09-01,0.1745393869629432,0.19946515044836155,0.6259954625886952
3965422,2025-09-04,M2,2025,5,Football Club Kiffen 08,Helsingin Palloseura,60554,49949,2,3,A,dc_best,2025-09-01,0.6382060945165112,0.2014203407616185,0.16037356472187037
3960213,2025-09-05,M1L,2025,1,TPS Juniorijalkapallo,Ekenäs Idrottsförening,60971,60495,4,0,H,dc_best,2025-09-01,0.495368487052661,0.21993770800086312,0.28469380494647595
3960211,2025-09-05,M1L,2025,1,Käpylän Pallo,Järvenpään Palloseura,60487,60676,2,3,A,dc_best,2025-09-01,0.3417216761692212,0.23039584599780535,0.4278824778329735
6155142,2025-09-05,SW-ES,2025,1,Hässleholms IF,Lunds BK,h-ssleholms-if,lunds-bk,1,0,H,dc_best,2025-09-01,0.49059404918497346,0.2928995258570867,0.21650642495793976
6142994,2025-09-05,SW-DA,2025,1,Vittsjö GIK,FC Rosengård,vittsj-gik,fc-roseng-rd,3,2,H,dc_best,2025-09-01,0.3404158027787051,0.17621652708567168,0.48336767013562315
3965423,2025-09-05,M2,2025,5,Hämeenlinnan Jalkapalloseura,Tampereen Pallo-Veikot,35121579,60704,2,0,H,dc_best,2025-09-01,0.3823150753824622,0.215293328652537,0.4023915959650007
6155380,2025-09-05,SW-EN,2025,1,Enköpings SK FK,Hammarby TFF Herrfotboll,enk-pings-sk-fk,hammarby-tff-herrfotboll,2,2,D,dc_best,2025-09-01,0.2634662432989579,0.2784500630473837,0.45808369365365836
199118-19-bod-glimt,2025-09-05,NO-TS,2025,1,Bodø/Glimt,Lyn,bod-glimt,lyn,1,2,A,dc_best,2025-09-01,0.22093114495452554,0.3059329225055033,0.47313593253997116
199295-19-strindheim-tf,2025-09-06,NO-PN2,2025,1,Strindheim TF,Asker,strindheim-tf,asker,4,1,H,dc_best,2025-09-01,0.3870268399204575,0.1485642713930376,0.4644088886865049
199295-19-follo,2025-09-06,NO-PN2,2025,1,Follo,Eidsvold TF,follo,eidsvold-tf,1,1,D,dc_best,2025-09-01,0.35915249825190243,0.14597036321500903,0.49487713853308857
199295-19-ullensaker-kisa,2025-09-06,NO-PN2,2025,1,Ullensaker/Kisa,Stjørdals-Blink,ullensaker-kisa,stj-rdals-blink,3,3,D,dc_best,2025-09-01,0.5436571694548875,0.13965827473386,0.3166845558112526
6150089,2025-09-06,SW-EE,2025,1,IF Elfsborg,Eskilstuna United DFF,if-elfsborg,eskilstuna-united-dff,0,1,A,dc_best,2025-09-01,0.2433571483486422,0.12004461313605935,0.6365982385152984
6150087,2025-09-06,SW-EE,2025,1,BK Häcken,Mallbackens IF Sunne,bk-h-cken,mallbackens-if-sunne,3,0,H,dc_best,2025-09-01,0.5301352484146208,0.13660286901016622,0.33326188257521305
6150090,2025-09-06,SW-EE,2025,1,Jitex BK,IK Uppsala Fotboll,jitex-bk,ik-uppsala-fotboll,1,0,H,dc_best,2025-09-01,0.25019584228684216,0.13140963195255,0.6183945257606078
6150088,2025-09-06,SW-EE,2025,1,Bollstanäs SK,Umeå IK FF,bollstan-s-sk,ume-ik-ff,1,1,D,dc_best,2025-09-01,0.050374854476316185,0.07487489967203219,0.8747502458516516
6150091,2025-09-06,SW-EE,2025,1,KIF Örebro DFF,Gamla Upsala SK,kif-rebro-dff,gamla-upsala-sk,4,0,H,dc_best,2025-09-01,0.900794638870595,0.04943349419865067,0.04977186693075426
3965451,2025-09-06,M2,2025,7,Jyväskylän Seudun Palloseura,Haminan Pallo-Kissat Edustus,106602,61483,3,1,H,dc_best,2025-09-01,0.5464207599882814,0.20692265143745173,0.24665658857426676
6155383,2025-09-06,SW-EN,2025,1,Karlbergs BK,IFK Stocksund,karlbergs-bk,ifk-stocksund,3,2,H,dc_best,2025-09-01,0.6305799241455334,0.1997407686352578,0.1696793072192088
199295-19-str-mmen,2025-09-06,NO-PN2,2025,1,Strømmen,Alta,str-mmen,alta,6,0,H,dc_best,2025-09-01,0.8136533387602936,0.08011772789208559,0.10622893334762076
199120-17-molde,2025-09-06,NO-1DK,2025,1,Molde,Viking,molde,viking,4,1,H,dc_best,2025-09-01,0.7260971311329057,0.17439477361638475,0.09950809525070956
6155141,2025-09-06,SW-ES,2025,1,FC Trollhättan,Eskilsminne IF,fc-trollh-ttan,eskilsminne-if,1,2,A,dc_best,2025-09-01,0.504593057112057,0.2668220085259113,0.22858493436203178
199294-19-vard-haugesund,2025-09-06,NO-PN1,2025,1,Vard Haugesund,Sandviken,vard-haugesund,sandviken,1,1,D,dc_best,2025-09-01,0.4567111475225841,0.28370879901327833,0.2595800534641376
3962231,2025-09-06,NL,2025,2,Helsingin Jalkapalloklubi,Åland United,60682,60532,6,1,H,dc_best,2025-09-01,0.8675281042700045,0.07767753253515013,0.0547943631948455
3962232,2025-09-06,NL,2025,2,Kuopion Palloseura,Helsingin Palloseura,157420,60781,5,1,H,dc_best,2025-09-01,0.5822877011710599,0.1687663531883009,0.24894594564063915
199294-19-pors,2025-09-06,NO-PN1,2025,1,Pors,FK Eik Tønsberg 871,pors,fk-eik-t-nsberg-871,0,2,A,dc_best,2025-09-01,0.5366353191192331,0.29055025439394144,0.17281442648682535
199294-19-brann-2,2025-09-06,NO-PN1,2025,1,Brann  2,Lysekloster,brann-2,lysekloster,0,4,A,dc_best,2025-09-01,0.2689461216116254,0.30624736307657313,0.42480651531180147
199294-19-fl-y-flekker-y,2025-09-06,NO-PN1,2025,1,Fløy-Flekkerøy,Notodden,fl-y-flekker-y,notodden,2,2,D,dc_best,2025-09-01,0.43591316569653016,0.314181782805628,0.2499050514978419
3965462,2025-09-06,M2,2025,8,Pallo-Pojat Juniorit,Musan Salama,48924,60696,1,0,H,dc_best,2025-09-01,0.624766225799679,0.16695991645683544,0.20827385774348556
6150092,2025-09-06,SW-EE,2025,1,Team TG FF,Trelleborgs FF,team-tg-ff,trelleborgs-ff,1,1,D,dc_best,2025-09-01,0.1151652770186116,0.07873979434032782,0.8060949286410606
3965463,2025-09-06,M2,2025,8,Atlantis Football Club,Nurmijärven Jalkapalloseura,35135803,60537,0,4,A,dc_best,2025-09-01,0.14761843820092993,0.15179907562053546,0.7005824861785347
6155146,2025-09-06,SW-ES,2025,1,Ängelholms FF,FC Rosengård 1917,ngelholms-ff,fc-roseng-rd-1917,1,1,D,dc_best,2025-09-01,0.4896943030980021,0.30629371949745227,0.20401197740454566
6142990,2025-09-06,SW-DA,2025,1,BK Häcken FF,Kristianstads DFF,bk-h-cken-ff,kristianstads-dff,1,1,D,dc_best,2025-09-01,0.8018191926491925,0.09110630242477603,0.1070745049260314
199118-19-sk-brann,2025-09-06,NO-TS,2025,1,SK Brann,Røa Fotball Elite,sk-brann,r-a-fotball-elite,3,0,H,dc_best,2025-09-01,0.9283876124277967,0.06345954524153391,0.008152842330669529
6155381,2025-09-06,SW-EN,2025,1,FC Arlanda,Athletic Eskilstuna,fc-arlanda,athletic-eskilstuna,2,1,H,dc_best,2025-09-01,0.573748901256498,0.2304971880624808,0.19575391068102121
6142995,2025-09-06,SW-DA,2025,1,Växjö,Linköping FC,v-xj,link-ping-fc,2,1,H,dc_best,2025-09-01,0.7029536630992315,0.12194904232083864,0.17509729457992987
3960212,2025-09-06,M1L,2025,1,Salon Palloilijat,Pallokerho-35,60690,50775,1,2,A,dc_best,2025-09-01,0.10389179504190568,0.27108585191521317,0.6250223530428811
3960214,2025-09-06,M1L,2025,1,Jippo,FC Lahti,129811,60969,1,0,H,dc_best,2025-09-01,0.27569309996350944,0.30833178863170885,0.41597511140478177
199295-19-grorud,2025-09-06,NO-PN2,2025,1,Grorud,Levanger,grorud,levanger,5,1,H,dc_best,2025-09-01,0.5427915605723884,0.1367687757544441,0.3204396636731675
199118-19-rosenborg-bk,2025-09-06,NO-TS,2025,1,Rosenborg BK,Stabæk,rosenborg-bk,stab-k,1,1,D,dc_best,2025-09-01,0.7511652575407637,0.17556123472973426,0.07327350772950203
6142989,2025-09-06,SW-DA,2025,1,AIK,Piteå IF DFF,aik,pite-if-dff,0,1,A,dc_best,2025-09-01,0.5926013187983885,0.16420058191857992,0.24319809928303154
6142992,2025-09-06,SW-DA,2025,1,Hammarby,Malmö FF,hammarby,malm-ff,2,1,H,dc_best,2025-09-01,0.49553361135852697,0.16202117937279314,0.3424452092686799
6155145,2025-09-06,SW-ES,2025,1,Oskarshamns AIK,Husqvarna FF,oskarshamns-aik,husqvarna-ff,1,3,A,dc_best,2025-09-01,0.30822642606646145,0.3292525211988542,0.3625210527346845
6155143,2025-09-06,SW-ES,2025,1,IFK Skövde FK,Torslanda IK,ifk-sk-vde-fk,torslanda-ik,2,1,H,dc_best,2025-09-01,0.290344521822878,0.3043313156556868,0.40532416252143527
6155384,2025-09-06,SW-EN,2025,1,Sollentuna FK,Örebro Syrianska IF,sollentuna-fk,rebro-syrianska-if,3,1,H,dc_best,2025-09-01,0.6327620525786438,0.2045906370408725,0.16264731038048377
6155382,2025-09-06,SW-EN,2025,1,Gefle IF FF,IFK Haninge,gefle-if-ff,ifk-haninge,2,0,H,dc_best,2025-09-01,0.5017672032435814,0.22826036342235131,0.2699724333340673
6142991,2025-09-06,SW-DA,2025,1,Djurgården,Alingsås IF FF,djurg-rden,alings-s-if-ff,5,1,H,dc_best,2025-09-01,0.8263240695293989,0.08540661042844877,0.08826932004215243
6155386,2025-09-07,SW-EN,2025,1,Team TG FF,Vasalund,team-tg-ff,vasalund,0,5,A,dc_best,2025-09-01,0.12482329200687924,0.21315472056075763,0.6620219874323632
6155385,2025-09-07,SW-EN,2025,1,Stockholm Internazionale,Nordic United FC,stockholm-internazionale,nordic-united-fc,1,2,A,dc_best,2025-09-01,0.46720936225714743,0.32893050045912336,0.2038601372837293
6155379,2025-09-07,SW-EN,2025,1,Assyriska FF,IF Karlstad Fotboll,assyriska-ff,if-karlstad-fotboll,2,0,H,dc_best,2025-09-01,0.38630347439760515,0.28980918001131695,0.3238873455910779
3962233,2025-09-07,NL,2025,2,PK-35 Vantaa,Idrottsföreningen Kamraterna Vasa,60671,60691,10,0,H,dc_best,2025-09-01,0.7217629301247434,0.13484885006685104,0.1433882198084056
199120-17-troms-il,2025-09-07,NO-1DK,2025,1,Tromsø IL,Fyllingsdalen,troms-il,fyllingsdalen,2,4,A,dc_best,2025-09-01,0.5386608483831851,0.2665890053573699,0.19475014625944506
199120-17-hamkam,2025-09-07,NO-1DK,2025,1,HamKam,Haugesund,hamkam,haugesund,0,1,A,dc_best,2025-09-01,0.07407057730590237,0.2634088661211801,0.6625205565729175
199295-19-rana-fk,2025-09-07,NO-PN2,2025,1,Rana FK,Kjelsås,rana-fk,kjels-s,0,3,A,dc_best,2025-09-01,0.49259939699618477,0.1417226974024626,0.3656779056013526
199295-19-tromsdalen,2025-09-07,NO-PN2,2025,1,Tromsdalen,Hønefoss BK,tromsdalen,h-nefoss-bk,5,1,H,dc_best,2025-09-01,0.5574490260198964,0.1431937041407311,0.29935726983937244
199120-17-ik-start-kvinner,2025-09-07,NO-1DK,2025,1,IK Start Kvinner,Åsane,ik-start-kvinner,sane,0,3,A,dc_best,2025-09-01,0.14534984892036648,0.3990590948852839,0.4555910561943496
199120-17-aafk-fortuna,2025-09-07,NO-1DK,2025,1,AaFK Fortuna,Arna-Bjørnar,aafk-fortuna,arna-bj-rnar,3,1,H,dc_best,2025-09-01,0.7312412925894151,0.19994349567095027,0.06881521173963473
199294-19-tr-ff,2025-09-07,NO-PN1,2025,1,Træff,Sandnes Ulf,tr-ff,sandnes-ulf,3,2,H,dc_best,2025-09-01,0.12831330177028388,0.26193531944124043,0.6097513787884756
199120-17-kil-hemne,2025-09-07,NO-1DK,2025,1,KIL/Hemne,Odds Ballklubb,kil-hemne,odds-ballklubb,1,1,D,dc_best,2025-09-01,0.21960416609404174,0.3443655056784861,0.4360303282274722
199294-19-jerv,2025-09-07,NO-PN1,2025,1,Jerv,Brattvåg,jerv,brattv-g,4,3,H,dc_best,2025-09-01,0.4492747613314473,0.272261689878792,0.27846354878976076
3965440,2025-09-07,M2,2025,6,Tornion Pallo-47,SJK Akatemia,60666,131834,2,6,A,dc_best,2025-09-01,0.31230804571668525,0.1594430832942021,0.5282488709891128
3965439,2025-09-07,M2,2025,6,Gamlakarleby Bollklubb,Oulunsalon Pallo,60492,108059,5,1,H,dc_best,2025-09-01,0.4978103767891393,0.18777663151681237,0.3144129916940483
3965473,2025-09-07,M2,2025,9,Idrottsföreningen Kraft,Idrottsföreningen Kamraterna Vasa,60686,60647,2,0,H,dc_best,2025-09-01,0.5913969932204356,0.1854676285198256,0.22313537825973886
3965409,2025-09-07,M2,2025,4,Pepo Lappeenranta,GrIFK - Fotboll,61010,60549,3,1,H,dc_best,2025-09-01,0.4512358541078143,0.22543403091416223,0.3233301149780235
199294-19-sotra,2025-09-07,NO-PN1,2025,1,Sotra,Arendal,sotra,arendal,3,1,H,dc_best,2025-09-01,0.5035723397433797,0.30230972991229993,0.19411793034432046
199118-19-lsk-kvinner,2025-09-07,NO-TS,2025,1,LSK Kvinner,Kolbotn IL Elite,lsk-kvinner,kolbotn-il-elite,4,3,H,dc_best,2025-09-01,0.8045954160099984,0.1272011295158656,0.06820345447413594
6142993,2025-09-07,SW-DA,2025,1,IFK Norrköping FK,IF Brommapojkarna,ifk-norrk-ping-fk,if-brommapojkarna,3,3,D,dc_best,2025-09-01,0.6145867438365796,0.14638893003409129,0.23902432612932917
3965450,2025-09-07,M2,2025,7,FC Vaajakoski,Lahden Reipas,60496,61562,1,6,A,dc_best,2025-09-01,0.5134779027038131,0.17721944645930005,0.30930265083688685
6150093,2025-09-07,SW-EE,2025,1,Örebro SK FK,Sunnanå SK,rebro-sk-fk,sunnan-sk,3,1,H,dc_best,2025-09-01,0.520790514148578,0.1846165042035167,0.29459298164790526
6155139,2025-09-07,SW-ES,2025,1,Ariana FC,Skövde AIK,ariana-fc,sk-vde-aik,1,1,D,dc_best,2025-09-01,0.5839088306105685,0.25114204331530954,0.16494912607412193
6155140,2025-09-07,SW-ES,2025,1,BK Olympic,Jönköpings Södra IF,bk-olympic,j-nk-pings-s-dra-if,1,1,D,dc_best,2025-09-01,0.1655718508648474,0.36070324758013833,0.4737249015550142
3965441,2025-09-08,M2,2025,6,Vaasan Palloseura,Jakobstads Bollklubb,169909,61766,4,1,H,dc_best,2025-09-08,0.6816218863124686,0.1878940832730235,0.13048403041450807
3965411,2025-09-08,M2,2025,4,Vantaan Jalkapalloseura,Puistolan Urheilijat,63440,49973,4,0,H,dc_best,2025-09-08,0.6688346591805185,0.19167895900951226,0.13948638180996925
3965424,2025-09-08,M2,2025,5,Helsingin Palloseura,Pallo-Iirot,49949,107307,3,1,H,dc_best,2025-09-08,0.3313312260144014,0.2433300527703297,0.42533872121526894
3965410,2025-09-08,M2,2025,4,FC Honka,MYPA,62416,129934,6,1,H,dc_best,2025-09-08,0.9562338009237189,0.029507475311114247,0.014258723765167002
6155144,2025-09-08,SW-ES,2025,1,Norrby IF,Ljungskile SK Herrfotboll,norrby-if,ljungskile-sk-herrfotboll,4,2,H,dc_best,2025-09-08,0.2991933074394531,0.28583220743442567,0.4149744851261213
3965426,2025-09-09,M2,2025,5,Ilves,Hämeenlinnan Jalkapalloseura,106905,35121579,2,1,H,dc_best,2025-09-08,0.5701830103544492,0.2077581302359044,0.22205885940964648
3965425,2025-09-09,M2,2025,5,Tampereen Pallo-Veikot,Football Club Kiffen 08,60704,60554,3,2,H,dc_best,2025-09-08,0.7380891056991472,0.14413402668064096,0.11777686762021185
3962238,2025-09-10,NL,2025,2,Helsingin Jalkapalloklubi,PK-35 Vantaa,60682,60671,2,0,H,dc_best,2025-09-08,0.8929814382487765,0.06424144905739793,0.0427771126938256
6155153,2025-09-12,SW-ES,2025,1,Skövde AIK,FC Trollhättan,sk-vde-aik,fc-trollh-ttan,1,2,A,dc_best,2025-09-08,0.48709552818517987,0.2317320885505345,0.2811723832642856
3960216,2025-09-12,M1L,2025,1,Pallokerho-35,Käpylän Pallo,50775,60487,1,1,D,dc_best,2025-09-08,0.6257446534773907,0.21518895266421612,0.15906639385839322
3960218,2025-09-12,M1L,2025,1,Ekenäs Idrottsförening,Salon Palloilijat,60495,60690,2,3,A,dc_best,2025-09-08,0.6375575159728956,0.2381291202930623,0.12431336373404228
6155388,2025-09-12,SW-EN,2025,1,Sollentuna FK,FC Arlanda,sollentuna-fk,fc-arlanda,2,0,H,dc_best,2025-09-08,0.36861376424350106,0.2641105211104537,0.3672757146460453
199603-21-bod-glimt,2025-09-12,NO-ELI,2025,1,Bodø/Glimt,Kristiansund,bod-glimt,kristiansund,7,1,H,dc_best,2025-09-08,0.8378417608222009,0.11327889969139088,0.048879339486408296
3974482,2025-09-12,M1,2025,3,FC Jazz Juniorit,Atlantis FC Edustus,60521,60702,6,4,H,dc_best,2025-09-08,0.6420227138714542,0.1827900253823133,0.17518726074623256
3965442,2025-09-13,M2,2025,6,Tornion Pallo-47,Gamlakarleby Bollklubb,60666,60492,2,2,D,dc_best,2025-09-08,0.23423515174649637,0.17158580097880638,0.5941790472746973
3965427,2025-09-13,M2,2025,5,Pallo-Iirot,Hämeenlinnan Jalkapalloseura,107307,35121579,0,1,A,dc_best,2025-09-08,0.34804450501445233,0.23969765613776045,0.4122578388477873
3965428,2025-09-13,M2,2025,5,Ilves,Football Club Kiffen 08,106905,60554,5,1,H,dc_best,2025-09-08,0.7417511265500653,0.14534369142836784,0.11290518202156696
6155147,2025-09-13,SW-ES,2025,1,Ariana FC,IFK Skövde FK,ariana-fc,ifk-sk-vde-fk,2,1,H,dc_best,2025-09-08,0.6332570584688061,0.252019594787943,0.11472334674325095
6155150,2025-09-13,SW-ES,2025,1,Husqvarna FF,Ängelholms FF,husqvarna-ff,ngelholms-ff,0,1,A,dc_best,2025-09-08,0.32435432875882125,0.2454478870528103,0.4301977841883685
6155154,2025-09-13,SW-ES,2025,1,Torslanda IK,BK Olympic,torslanda-ik,bk-olympic,1,5,A,dc_best,2025-09-08,0.32546399063640813,0.33314322898391413,0.3413927803796778
6155149,2025-09-13,SW-ES,2025,1,FC Rosengård 1917,Oskarshamns AIK,fc-roseng-rd-1917,oskarshamns-aik,0,1,A,dc_best,2025-09-08,0.5167099047930577,0.3539189151039143,0.1293711801030279
6155151,2025-09-13,SW-ES,2025,1,Ljungskile SK Herrfotboll,Hässleholms IF,ljungskile-sk-herrfotboll,h-ssleholms-if,3,0,H,dc_best,2025-09-08,0.6252496840348879,0.2330451120720863,0.1417052038930259
3965412,2025-09-13,M2,2025,4,Pepo Lappeenranta,FC Honka,61010,62416,3,2,H,dc_best,2025-09-08,0.11257585909993562,0.15268994351395998,0.7347341973861045
3965452,2025-09-13,M2,2025,7,Lahden Reipas,Jyväskylän Seudun Palloseura,61562,106602,8,3,H,dc_best,2025-09-08,0.9650462745774504,0.02332978898651339,0.01162393643603619
3965453,2025-09-13,M2,2025,7,Haminan Pallo-Kissat Edustus,FC Vaajakoski,61483,60496,0,3,A,dc_best,2025-09-08,0.09007878600315473,0.12581109272140625,0.7841101212754389
3973432,2025-09-13,VL,2025,2,SEINÄJOEN JALKAPALLOKERHO,Helsingin Jalkapalloklubin Liiga-HJK,60970,60731,3,3,D,dc_best,2025-09-08,0.3234137436643449,0.20458033668726713,0.47200591964838806
6155391,2025-09-13,SW-EN,2025,1,IFK Stocksund,Stockholm Internazionale,ifk-stocksund,stockholm-internazionale,0,2,A,dc_best,2025-09-08,0.18257309738868296,0.23768038704252614,0.579746515568791
6144686,2025-09-13,SW-SE,2025,1,Falkenbergs FF,Utsikten,falkenbergs-ff,utsikten,3,1,H,dc_best,2025-09-08,0.5327296954717645,0.23313007897108423,0.23414022555715128
3973463,2025-09-13,VL,2025,3,Vaasan Palloseura,FC KTP Kotka,60901,60972,2,1,H,dc_best,2025-09-08,0.6067789411818716,0.21527430833149003,0.17794675048663844
3973433,2025-09-13,VL,2025,2,IF Gnistan,Football Club International Turku,60534,60987,0,2,A,dc_best,2025-09-08,0.17307940622649506,0.2162520033496392,0.6106685904238658
3973462,2025-09-13,VL,2025,3,IFK Mariehamn Fotboll,Football Club Haka,60759,60561,1,1,D,dc_best,2025-09-08,0.34753968199736385,0.250851105522335,0.4016092124803011
6144687,2025-09-13,SW-SE,2025,1,GIF Sundsvall,Varbergs BoIS FC,gif-sundsvall,varbergs-bois-fc,2,3,A,dc_best,2025-09-08,0.37486373081004765,0.2939989397092264,0.33113732948072594
199294-20-fk-eik-t-nsberg-871,2025-09-13,NO-PN1,2025,1,FK Eik Tønsberg 871,Jerv,fk-eik-t-nsberg-871,jerv,2,3,A,dc_best,2025-09-08,0.39859793950040934,0.3258672473902991,0.2755348131092916
199294-20-brattv-g,2025-09-13,NO-PN1,2025,1,Brattvåg,Træff,brattv-g,tr-ff,4,2,H,dc_best,2025-09-08,0.5591006218291564,0.2573649025599233,0.18353447561092043
199294-20-arendal,2025-09-13,NO-PN1,2025,1,Arendal,Vard Haugesund,arendal,vard-haugesund,0,0,D,dc_best,2025-09-08,0.7368437355032419,0.17160102207849234,0.09155524241826582
199294-20-notodden,2025-09-13,NO-PN1,2025,1,Notodden,Sotra,notodden,sotra,1,1,D,dc_best,2025-09-08,0.11361750210008432,0.2923269835136216,0.5940555143862942
199294-20-sandviken,2025-09-13,NO-PN1,2025,1,Sandviken,Pors,sandviken,pors,5,2,H,dc_best,2025-09-08,0.36073574632903427,0.3272228123608693,0.31204144131009653
6144692,2025-09-13,SW-SE,2025,1,Örebro,Östersund,rebro,stersund,2,0,H,dc_best,2025-09-08,0.3415799904652377,0.28210233439544774,0.3763176751393146
6155390,2025-09-13,SW-EN,2025,1,IFK Haninge,Örebro Syrianska IF,ifk-haninge,rebro-syrianska-if,3,1,H,dc_best,2025-09-08,0.7079606385703154,0.17117884642170741,0.1208605150079771
6155392,2025-09-13,SW-EN,2025,1,Nordic United FC,Hammarby TFF Herrfotboll,nordic-united-fc,hammarby-tff-herrfotboll,1,1,D,dc_best,2025-09-08,0.39888321874906785,0.3222359477922316,0.27888083345870046
6155389,2025-09-13,SW-EN,2025,1,IF Karlstad Fotboll,Karlbergs BK,if-karlstad-fotboll,karlbergs-bk,1,0,H,dc_best,2025-09-08,0.5852362340826687,0.22314949980484178,0.19161426611248958
6155387,2025-09-13,SW-EN,2025,1,Athletic Eskilstuna,Gefle IF FF,athletic-eskilstuna,gefle-if-ff,2,0,H,dc_best,2025-09-08,0.4034701313055522,0.26167379914635713,0.33485606954809066
199603-21-brann,2025-09-13,NO-ELI,2025,1,Brann,Vålerenga,brann,v-lerenga,3,2,H,dc_best,2025-09-08,0.5503944100090686,0.21002682433790099,0.23957876565303038
199603-21-molde,2025-09-13,NO-ELI,2025,1,Molde,Fredrikstad,molde,fredrikstad,1,2,A,dc_best,2025-09-08,0.44764699908092653,0.2936841859386941,0.25866881498037936
199120-18-sane,2025-09-13,NO-1DK,2025,1,Åsane,KIL/Hemne,sane,kil-hemne,3,2,H,dc_best,2025-09-08,0.8804627334358773,0.10588249404676506,0.013654772517357678
199118-20-stab-k,2025-09-13,NO-TS,2025,1,Stabæk,Bodø/Glimt,stab-k,bod-glimt,2,1,H,dc_best,2025-09-08,0.7000683344963228,0.21171227056989148,0.08821939493378583
199118-20-kolbotn-il-elite,2025-09-13,NO-TS,2025,1,Kolbotn IL Elite,Røa Fotball Elite,kolbotn-il-elite,r-a-fotball-elite,1,2,A,dc_best,2025-09-08,0.4304338210912159,0.2997076670210144,0.26985851188776966
199295-20-asker,2025-09-13,NO-PN2,2025,1,Asker,Strømmen,asker,str-mmen,2,2,D,dc_best,2025-09-08,0.10047923385604267,0.08154190924072523,0.8179788569032321
199295-20-alta,2025-09-13,NO-PN2,2025,1,Alta,Rana FK,alta,rana-fk,3,3,D,dc_best,2025-09-08,0.4375246893068578,0.15253459919765763,0.4099407114954846
199295-20-stj-rdals-blink,2025-09-13,NO-PN2,2025,1,Stjørdals-Blink,Strindheim TF,stj-rdals-blink,strindheim-tf,4,2,H,dc_best,2025-09-08,0.7723283336176852,0.09786379849556985,0.12980786788674498
6143336,2025-09-13,SW-AL,2025,1,Degerfors IF,Mjällby AIF,degerfors-if,mj-llby-aif,0,1,A,dc_best,2025-09-08,0.04384261443074266,0.13203836842174724,0.8241190171475101
199295-20-h-nefoss-bk,2025-09-13,NO-PN2,2025,1,Hønefoss BK,Grorud,h-nefoss-bk,grorud,1,1,D,dc_best,2025-09-08,0.4234680206529815,0.15913858568396722,0.4173933936630513
6150100,2025-09-13,SW-EE,2025,1,Örebro SK FK,IF Elfsborg,rebro-sk-fk,if-elfsborg,0,1,A,dc_best,2025-09-08,0.3571313942051766,0.16300647320459005,0.4798621325902334
6150096,2025-09-13,SW-EE,2025,1,Mallbackens IF Sunne,Team TG FF,mallbackens-if-sunne,team-tg-ff,0,1,A,dc_best,2025-09-08,0.44182423751902195,0.15361678319834135,0.40455897928263684
6150094,2025-09-13,SW-EE,2025,1,Gamla Upsala SK,Jitex BK,gamla-upsala-sk,jitex-bk,1,1,D,dc_best,2025-09-08,0.23433030107456537,0.13802143405186756,0.6276482648735671
6150099,2025-09-13,SW-EE,2025,1,Umeå IK FF,BK Häcken,ume-ik-ff,bk-h-cken,2,2,D,dc_best,2025-09-08,0.7755967347617729,0.11817663106152808,0.10622663417669906
6150098,2025-09-13,SW-EE,2025,1,Trelleborgs FF,KIF Örebro DFF,trelleborgs-ff,kif-rebro-dff,0,0,D,dc_best,2025-09-08,0.35897396663731257,0.15543346869707594,0.48559256466561157
6150095,2025-09-13,SW-EE,2025,1,IK Uppsala Fotboll,Bollstanäs SK,ik-uppsala-fotboll,bollstan-s-sk,6,0,H,dc_best,2025-09-08,0.8694011446625336,0.07187989386419431,0.05871896147327216
199295-20-kjels-s,2025-09-13,NO-PN2,2025,1,Kjelsås,Follo,kjels-s,follo,3,1,H,dc_best,2025-09-08,0.7286269681178287,0.10972620432000156,0.1616468275621698
6143335,2025-09-13,SW-AL,2025,1,Halmstad,IFK Norrköping FK,halmstad,ifk-norrk-ping-fk,1,1,D,dc_best,2025-09-08,0.26836958777334197,0.25769518551945486,0.47393522670720317
6144689,2025-09-13,SW-SE,2025,1,IK Oddevold,IK Brage,ik-oddevold,ik-brage,4,0,H,dc_best,2025-09-08,0.42389968166197795,0.2704840525944489,0.3056162657435732
3974469,2025-09-13,M1,2025,2,Oulun Luistinseura,Kuopion Palloseura,106449,106331,4,2,H,dc_best,2025-09-08,0.6392168119421353,0.17897366431915554,0.1818095237387093
3962235,2025-09-13,NL,2025,2,Helsingin Palloseura,Idrottsföreningen Kamraterna Vasa,60781,60691,5,0,H,dc_best,2025-09-08,0.9552642211757871,0.02791823862631136,0.016817540197901517
199422-22-raufoss,2025-09-13,NO-OBOS,2025,1,Raufoss,Aalesund,raufoss,aalesund,0,1,A,dc_best,2025-09-08,0.3530089905905538,0.2543109609212584,0.39268004848818794
3974483,2025-09-13,M1,2025,3,Pallokerho Keski-Uusimaa,Rovaniemen Palloseura,60929,60973,2,2,D,dc_best,2025-09-08,0.5885925469267403,0.18751419543653122,0.22389325763672835
3974468,2025-09-13,M1,2025,2,KPV Juniorit,JJK Jyväskylä,60536,144858,4,0,H,dc_best,2025-09-08,0.4800757346143224,0.2620529738268881,0.25787129155878963
199422-22-ranheim-tf,2025-09-13,NO-OBOS,2025,1,Ranheim TF,Åsane,ranheim-tf,sane,5,2,H,dc_best,2025-09-08,0.30895585075645715,0.3514785308987909,0.33956561834475196
199422-22-odd,2025-09-13,NO-OBOS,2025,1,Odd,Hødd,odd,h-dd,1,2,A,dc_best,2025-09-08,0.3803795387082574,0.3802727954310925,0.2393476658606501
6142998,2025-09-13,SW-DA,2025,1,Hammarby,Linköping FC,hammarby,link-ping-fc,3,0,H,dc_best,2025-09-08,0.9116502535417373,0.05060616315290998,0.03774358330535265
6143000,2025-09-13,SW-DA,2025,1,Kristianstads DFF,Växjö,kristianstads-dff,v-xj,2,1,H,dc_best,2025-09-08,0.567837259506647,0.15998601869250634,0.2721767218008466
3974467,2025-09-13,M1,2025,2,Mikkelin Palloilijat,Jalkapalloseura Tampere United,60494,106945,3,0,H,dc_best,2025-09-08,0.6190611413291724,0.2151602331680682,0.16577862550275946
6142996,2025-09-13,SW-DA,2025,1,Alingsås IF FF,Vittsjö GIK,alings-s-if-ff,vittsj-gik,0,1,A,dc_best,2025-09-08,0.16397370448957413,0.13024885524715735,0.7057774402632686
199422-22-egersund,2025-09-13,NO-OBOS,2025,1,Egersund,Stabæk,egersund,stab-k,1,1,D,dc_best,2025-09-08,0.4946988345496964,0.3094723096302742,0.1958288558200293
199422-22-sogndal,2025-09-13,NO-OBOS,2025,1,Sogndal,Lillestrøm,sogndal,lillestr-m,1,5,A,dc_best,2025-09-08,0.09093905745163859,0.24857076212606716,0.6604901804222943
199422-22-start,2025-09-13,NO-OBOS,2025,1,Start,Kongsvinger,start,kongsvinger,2,3,A,dc_best,2025-09-08,0.5677265733067456,0.25741433242246725,0.17485909427078714
3965413,2025-09-14,M2,2025,4,GrIFK - Fotboll,Puistolan Urheilijat,60549,49973,2,2,D,dc_best,2025-09-08,0.33484759736499436,0.23837925462774284,0.42677314800726274
3965414,2025-09-14,M2,2025,4,Vantaan Jalkapalloseura,MYPA,63440,129934,9,0,H,dc_best,2025-09-08,0.8887128263054551,0.06819731556194568,0.043089858132599156
3965443,2025-09-14,M2,2025,6,Vaasan Palloseura,Oulunsalon Pallo,169909,108059,3,0,H,dc_best,2025-09-08,0.8540230274886925,0.082948269672696,0.06302870283861152
3965464,2025-09-14,M2,2025,8,Musan Salama,Atlantis Football Club,60696,35135803,4,0,H,dc_best,2025-09-08,0.9325769325678442,0.0443592769703688,0.023063790461786967
3960217,2025-09-14,M1L,2025,1,Helsingin Jalkapalloklubi,TPS Juniorijalkapallo,60692,60971,2,3,A,dc_best,2025-09-08,0.36347851672190823,0.21506844972343944,0.4214530335546524
6150097,2025-09-14,SW-EE,2025,1,Sunnanå SK,Eskilstuna United DFF,sunnan-sk,eskilstuna-united-dff,0,0,D,dc_best,2025-09-08,0.09298782463049916,0.09990086788155068,0.8071113074879501
6143334,2025-09-14,SW-AL,2025,1,IK Sirius FK,GAIS,ik-sirius-fk,gais,3,0,H,dc_best,2025-09-08,0.2538909389369878,0.26077922131671066,0.4853298397463015
3960220,2025-09-14,M1L,2025,1,FC Lahti,Järvenpään Palloseura,60969,60676,2,1,H,dc_best,2025-09-08,0.594671135496375,0.22363524264707052,0.18169362185655466
199295-20-eidsvold-tf,2025-09-14,NO-PN2,2025,1,Eidsvold TF,Tromsdalen,eidsvold-tf,tromsdalen,0,1,A,dc_best,2025-09-08,0.3721584590308905,0.15499308959067895,0.47284845137843057
199295-20-levanger,2025-09-14,NO-PN2,2025,1,Levanger,Ullensaker/Kisa,levanger,ullensaker-kisa,1,1,D,dc_best,2025-09-08,0.449361256316034,0.15507304621668008,0.3955656974672859
3974484,2025-09-14,M1,2025,3,Football Club International Turku,Espoon Palloseuran Jalkapallo,60860,62296,1,3,A,dc_best,2025-09-08,0.718305185909504,0.15342956238715266,0.12826525170334332
199118-20-sk-brann,2025-09-14,NO-TS,2025,1,SK Brann,Hønefoss BK,sk-brann,h-nefoss-bk,2,0,H,dc_best,2025-09-08,0.9059339214578062,0.08340243415699769,0.01066364438519625
199120-18-aafk-fortuna,2025-09-14,NO-1DK,2025,1,AaFK Fortuna,HamKam,aafk-fortuna,hamkam,4,0,H,dc_best,2025-09-08,0.838046158941727,0.14609935456560663,0.0158544864926664
199120-18-arna-bj-rnar,2025-09-14,NO-1DK,2025,1,Arna-Bjørnar,Haugesund,arna-bj-rnar,haugesund,3,3,D,dc_best,2025-09-08,0.22480683089841524,0.3100344239802854,0.4651587451212994
199120-18-fyllingsdalen,2025-09-14,NO-1DK,2025,1,Fyllingsdalen,Molde,fyllingsdalen,molde,1,1,D,dc_best,2025-09-08,0.341326529353192,0.2797060400171946,0.3789674306296134
199120-18-odds-ballklubb,2025-09-14,NO-1DK,2025,1,Odds Ballklubb,IK Start Kvinner,odds-ballklubb,ik-start-kvinner,0,2,A,dc_best,2025-09-08,0.5278061924090341,0.3500264612147696,0.12216734637619636
6144691,2025-09-14,SW-SE,2025,1,Trelleborgs FF,Sandvikens IF,trelleborgs-ff,sandvikens-if,1,2,A,dc_best,2025-09-08,0.37567329368549573,0.3073808535102594,0.3169458528042449
6144690,2025-09-14,SW-SE,2025,1,Kalmar FF,Västerås SK FK,kalmar-ff,v-ster-s-sk-fk,2,1,H,dc_best,2025-09-08,0.4384746828503365,0.3035922880092808,0.2579330291403828
3962236,2025-09-14,NL,2025,2,PK-35 Vantaa,Åland United,60671,60532,0,3,A,dc_best,2025-09-08,0.56519653068224,0.1638780445359125,0.27092542478184756
3960219,2025-09-14,M1L,2025,1,SJK Akatemia,Jippo,168874,129811,1,1,D,dc_best,2025-09-08,0.32925472297118613,0.27896372557999044,0.3917815514488235
199603-21-kfum,2025-09-14,NO-ELI,2025,1,KFUM,Viking,kfum,viking,2,2,D,dc_best,2025-09-08,0.3645923479015966,0.2505582497164644,0.384849402381939
199603-21-hamkam,2025-09-14,NO-ELI,2025,1,HamKam,Strømsgodset,hamkam,str-msgodset,1,2,A,dc_best,2025-09-08,0.5129237303437912,0.24002026004084698,0.24705600961536175
6143333,2025-09-14,SW-AL,2025,1,Östers IF,IFK Värnamo,sters-if,ifk-v-rnamo,4,3,H,dc_best,2025-09-08,0.35941519124007026,0.31673197552231225,0.3238528332376176
6143330,2025-09-14,SW-AL,2025,1,Djurgården,Hammarby,djurg-rden,hammarby,3,3,D,dc_best,2025-09-08,0.33124404655912604,0.3138418797838781,0.35491407365699584
3965429,2025-09-14,M2,2025,5,Helsingin Palloseura,Tampereen Pallo-Veikot,49949,60704,0,1,A,dc_best,2025-09-08,0.1712199621084006,0.1856931630191999,0.6430868748723996
3973461,2025-09-14,VL,2025,3,Fotbollsföreningen JARO Jalkapalloseura,Oulun edustusjalkapallo AC Oulu,60974,60493,1,2,A,dc_best,2025-09-08,0.4144731783341333,0.2585087959077717,0.327018025758095
3973431,2025-09-14,VL,2025,2,Kuopion Palloseura,Ilves,60756,60745,2,4,A,dc_best,2025-09-08,0.3763380408848775,0.2722205094535968,0.3514414496615257
6142997,2025-09-14,SW-DA,2025,1,FC Rosengård,AIK,fc-roseng-rd,aik,1,2,A,dc_best,2025-09-08,0.3821801952392845,0.21147386330222845,0.40634594145848707
199603-21-bryne,2025-09-14,NO-ELI,2025,1,Bryne,Tromsø,bryne,troms,0,2,A,dc_best,2025-09-08,0.25952814843684946,0.26454546820532726,0.47592638335782333
6143002,2025-09-14,SW-DA,2025,1,Piteå IF DFF,IF Brommapojkarna,pite-if-dff,if-brommapojkarna,1,2,A,dc_best,2025-09-08,0.391918252895369,0.1663131509385933,0.44176859616603775
3965465,2025-09-14,M2,2025,8,Nurmijärven Jalkapalloseura,Pallo-Pojat Juniorit,60537,48924,3,4,A,dc_best,2025-09-08,0.3663156653327253,0.22062257404136082,0.413061760625914
199294-20-lysekloster,2025-09-14,NO-PN1,2025,1,Lysekloster,Fløy-Flekkerøy,lysekloster,fl-y-flekker-y,3,0,H,dc_best,2025-09-08,0.7408256307843153,0.19506656987793666,0.06410779933774806
199422-22-skeid,2025-09-14,NO-OBOS,2025,1,Skeid,Moss,skeid,moss,1,1,D,dc_best,2025-09-08,0.34321232542744307,0.29338931260459344,0.3633983619679636
6143331,2025-09-14,SW-AL,2025,1,IF Elfsborg,Malmö FF,if-elfsborg,malm-ff,2,2,D,dc_best,2025-09-08,0.20867882658458686,0.25524341457461264,0.5360777588408006
199603-21-sarpsborg-08,2025-09-14,NO-ELI,2025,1,Sarpsborg 08,Sandefjord Fotball,sarpsborg-08,sandefjord-fotball,2,1,H,dc_best,2025-09-08,0.3097329984066804,0.2414719505651334,0.4487950510281862
199603-21-haugesund,2025-09-14,NO-ELI,2025,1,Haugesund,Rosenborg,haugesund,rosenborg,0,3,A,dc_best,2025-09-08,0.12890839215364816,0.21861175350342832,0.6524798543429235
199422-22-mj-ndalen,2025-09-14,NO-OBOS,2025,1,Mjøndalen,Lyn,mj-ndalen,lyn,0,1,A,dc_best,2025-09-08,0.138084722149674,0.2571645660681853,0.6047507117821407
6155393,2025-09-14,SW-EN,2025,1,Team TG FF,Enköpings SK FK,team-tg-ff,enk-pings-sk-fk,2,3,A,dc_best,2025-09-08,0.22575210520970415,0.258428741694333,0.5158191530959629
6155394,2025-09-14,SW-EN,2025,1,Vasalund,Assyriska FF,vasalund,assyriska-ff,1,2,A,dc_best,2025-09-08,0.666304191890506,0.2132531079578259,0.12044270015166804
6155152,2025-09-14,SW-ES,2025,1,Lunds BK,Jönköpings Södra IF,lunds-bk,j-nk-pings-s-dra-if,1,2,A,dc_best,2025-09-08,0.21255573926380827,0.3862386480471867,0.401205612689005
6155148,2025-09-14,SW-ES,2025,1,Eskilsminne IF,Norrby IF,eskilsminne-if,norrby-if,2,3,A,dc_best,2025-09-08,0.16617308452548274,0.30192664256756563,0.5319002729069516
3965474,2025-09-14,M2,2025,9,Jalkapalloseura Hercules,Idrottsföreningen Kraft,61004,60686,2,0,H,dc_best,2025-09-08,0.3538989351544024,0.21792637083882027,0.42817469400677743
3965444,2025-09-15,M2,2025,6,SJK Akatemia,Jakobstads Bollklubb,131834,61766,0,1,A,dc_best,2025-09-15,0.4828654748690005,0.2041075553958877,0.31302696973511185
6143332,2025-09-15,SW-AL,2025,1,BK Häcken,IFK Göteborg,bk-h-cken,ifk-g-teborg,1,2,A,dc_best,2025-09-15,0.24981330864815302,0.2503982831123636,0.4997884082394834
6143329,2025-09-15,SW-AL,2025,1,AIK,IF Brommapojkarna,aik,if-brommapojkarna,2,1,H,dc_best,2025-09-15,0.458899958309006,0.280244826881823,0.26085521480917107
6144693,2025-09-15,SW-SE,2025,1,Örgryte IS Fotboll,Umeå FC,rgryte-is-fotboll,ume-fc,3,1,H,dc_best,2025-09-15,0.8470394638836726,0.1082572386914103,0.044703297424917084
6142999,2025-09-15,SW-DA,2025,1,IFK Norrköping FK,Djurgården,ifk-norrk-ping-fk,djurg-rden,2,0,H,dc_best,2025-09-15,0.39359112591938694,0.17326801699399935,0.4331408570866137
199294-20-sandnes-ulf,2025-09-15,NO-PN1,2025,1,Sandnes Ulf,Brann  2,sandnes-ulf,brann-2,5,0,H,dc_best,2025-09-15,0.9246718803783271,0.0533568733149094,0.02197124630676341
6144688,2025-09-16,SW-SE,2025,1,Helsingborgs IF,Landskrona BoIS,helsingborgs-if,landskrona-bois,0,0,D,dc_best,2025-09-15,0.43183702011146896,0.27346174004346796,0.2947012398450631
3965454,2025-09-18,M2,2025,7,Jyväskylän Seudun Palloseura,FC Vaajakoski,106602,60496,2,2,D,dc_best,2025-09-15,0.13123137899269427,0.12756784225063825,0.7412007787566675
3974470,2025-09-18,M1,2025,2,Jalkapalloseura Tampere United,Oulun Luistinseura,106945,106449,0,2,A,dc_best,2025-09-15,0.36104842570361456,0.23623158350758003,0.40271999078880544
3974486,2025-09-19,M1,2025,3,Atlantis FC Edustus,Pallokerho Keski-Uusimaa,60702,60929,3,0,H,dc_best,2025-09-15,0.4859858009954393,0.19835477977126886,0.3156594192332919
3973466,2025-09-19,VL,2025,3,Football Club Haka,Oulun edustusjalkapallo AC Oulu,60561,60493,0,1,A,dc_best,2025-09-15,0.3583737109463848,0.2483048583360116,0.3933214307176036
3973464,2025-09-19,VL,2025,3,FC KTP Kotka,Fotbollsföreningen JARO Jalkapalloseura,60972,60974,1,2,A,dc_best,2025-09-15,0.27089428840078084,0.2597473794189512,0.469358332180268
6143008,2025-09-19,SW-DA,2025,1,Linköping FC,Piteå IF DFF,link-ping-fc,pite-if-dff,2,2,D,dc_best,2025-09-15,0.3093488363587363,0.1742139139624927,0.516437249678771
3960223,2025-09-19,M1L,2025,1,Jippo,Ekenäs Idrottsförening,129811,60495,2,2,D,dc_best,2025-09-15,0.4574086827853634,0.3036199923196653,0.23897132489497128
3960221,2025-09-19,M1L,2025,1,Salon Palloilijat,FC Lahti,60690,60969,1,4,A,dc_best,2025-09-15,0.10358789132922691,0.2237129838194355,0.6726991248513375
3960224,2025-09-19,M1L,2025,1,Käpylän Pallo,SJK Akatemia,60487,168874,3,1,H,dc_best,2025-09-15,0.2936726060807587,0.21807687473806797,0.4882505191811733
3960222,2025-09-19,M1L,2025,1,Järvenpään Palloseura,TPS Juniorijalkapallo,60676,60971,1,1,D,dc_best,2025-09-15,0.2300198729971905,0.18950994795608572,0.5804701790467237
3974471,2025-09-19,M1,2025,2,KPV Juniorit,Mikkelin Palloilijat,60536,60494,1,2,A,dc_best,2025-09-15,0.3328313994009338,0.2526623041884481,0.4145062964106181
3974485,2025-09-19,M1,2025,3,Football Club International Turku,FC Jazz Juniorit,60860,60521,2,1,H,dc_best,2025-09-15,0.4641944144956762,0.194007347673982,0.34179823783034174
3965467,2025-09-19,M2,2025,8,Pallo-Pojat Juniorit,Atlantis Football Club,48924,35135803,5,0,H,dc_best,2025-09-15,0.9678684816697992,0.022350779811286105,0.00978073851891468
3974472,2025-09-19,M1,2025,2,JJK Jyväskylä,Kuopion Palloseura,144858,106331,1,2,A,dc_best,2025-09-15,0.4420922748052399,0.24748806375251592,0.31041966144224414
6144701,2025-09-19,SW-SE,2025,1,Östersund,Umeå FC,stersund,ume-fc,3,0,H,dc_best,2025-09-15,0.5188330477908456,0.2727848107362327,0.20838214147292167
3962244,2025-09-19,NL,2025,2,PK-35 Vantaa,Helsingin Palloseura,60671,60781,3,0,H,dc_best,2025-09-15,0.3550069492808191,0.16824529871836535,0.4767477520008155
6144700,2025-09-19,SW-SE,2025,1,Västerås SK FK,IK Oddevold,v-ster-s-sk-fk,ik-oddevold,2,0,H,dc_best,2025-09-15,0.42710021601942055,0.2812992568063038,0.2916005271742757
6144694,2025-09-19,SW-SE,2025,1,Falkenbergs FF,GIF Sundsvall,falkenbergs-ff,gif-sundsvall,3,0,H,dc_best,2025-09-15,0.5202085331276463,0.25602577237490404,0.22376569449744974
6155399,2025-09-19,SW-EN,2025,1,IFK Haninge,IFK Stocksund,ifk-haninge,ifk-stocksund,2,4,A,dc_best,2025-09-15,0.6892538799694562,0.1517203508648647,0.1590257691656791
6155158,2025-09-19,SW-ES,2025,1,Jönköpings Södra IF,Husqvarna FF,j-nk-pings-s-dra-if,husqvarna-ff,0,0,D,dc_best,2025-09-15,0.7261550942525968,0.19989047644697763,0.07395442930042563
199118-21-r-a-fotball-elite,2025-09-20,NO-TS,2025,1,Røa Fotball Elite,Bodø/Glimt,r-a-fotball-elite,bod-glimt,0,4,A,dc_best,2025-09-15,0.4978811236916654,0.3006273379321546,0.20149153837618
199118-21-h-nefoss-bk,2025-09-20,NO-TS,2025,1,Hønefoss BK,Stabæk,h-nefoss-bk,stab-k,0,2,A,dc_best,2025-09-15,0.2502290343073832,0.3567383984075022,0.39303256728511454
199422-23-h-dd,2025-09-20,NO-OBOS,2025,1,Hødd,Moss,h-dd,moss,2,1,H,dc_best,2025-09-15,0.3922885866754133,0.2924174248261821,0.31529398849840473
199422-23-aalesund,2025-09-20,NO-OBOS,2025,1,Aalesund,Skeid,aalesund,skeid,3,0,H,dc_best,2025-09-15,0.6225440575305285,0.24961286295888319,0.12784307951058838
199120-19-hamkam,2025-09-20,NO-1DK,2025,1,HamKam,Arna-Bjørnar,hamkam,arna-bj-rnar,0,4,A,dc_best,2025-09-15,0.1570749238315693,0.3419716697005006,0.5009534064679302
199422-23-sane,2025-09-20,NO-OBOS,2025,1,Åsane,Odd,sane,odd,0,2,A,dc_best,2025-09-15,0.3547535994499697,0.3545120847316019,0.2907343158184284
199295-21-levanger,2025-09-20,NO-PN2,2025,1,Levanger,Stjørdals-Blink,levanger,stj-rdals-blink,4,2,H,dc_best,2025-09-15,0.45528369976794253,0.17505164789690186,0.3696646523351556
199295-21-asker,2025-09-20,NO-PN2,2025,1,Asker,Alta,asker,alta,0,5,A,dc_best,2025-09-15,0.44146599798139774,0.16511892401360057,0.3934150780050016
199295-21-str-mmen,2025-09-20,NO-PN2,2025,1,Strømmen,Kjelsås,str-mmen,kjels-s,1,0,H,dc_best,2025-09-15,0.7197410578829124,0.12046300533242246,0.15979593678466508
199295-21-strindheim-tf,2025-09-20,NO-PN2,2025,1,Strindheim TF,Eidsvold TF,strindheim-tf,eidsvold-tf,2,3,A,dc_best,2025-09-15,0.28697045368491986,0.15520789467981327,0.5578216516352669
199422-23-lillestr-m,2025-09-20,NO-OBOS,2025,1,Lillestrøm,Mjøndalen,lillestr-m,mj-ndalen,4,1,H,dc_best,2025-09-15,0.9128734549771341,0.07345680598656507,0.013669739036300877
199120-19-troms-il,2025-09-20,NO-1DK,2025,1,Tromsø IL,Åsane,troms-il,sane,4,1,H,dc_best,2025-09-15,0.1764881479124733,0.2630346736834691,0.5604771784040576
3960225,2025-09-20,M1L,2025,1,Pallokerho-35,Helsingin Jalkapalloklubi,50775,60692,2,1,H,dc_best,2025-09-15,0.3951845800887627,0.3045813244891045,0.30023409542213286
199120-19-haugesund,2025-09-20,NO-1DK,2025,1,Haugesund,Fyllingsdalen,haugesund,fyllingsdalen,4,1,H,dc_best,2025-09-15,0.7495495754050532,0.18825850153744375,0.062191923057503005
199422-23-start,2025-09-20,NO-OBOS,2025,1,Start,Ranheim TF,start,ranheim-tf,2,3,A,dc_best,2025-09-15,0.5977913778728141,0.252936783273251,0.149271838853935
6144699,2025-09-20,SW-SE,2025,1,Varbergs BoIS FC,Trelleborgs FF,varbergs-bois-fc,trelleborgs-ff,3,1,H,dc_best,2025-09-15,0.6430411318853114,0.22417149583855378,0.13278737227613469
6144695,2025-09-20,SW-SE,2025,1,Helsingborgs IF,Örgryte IS Fotboll,helsingborgs-if,rgryte-is-fotboll,0,1,A,dc_best,2025-09-15,0.24084430553128303,0.23997242336567692,0.5191832711030402
6144698,2025-09-20,SW-SE,2025,1,Utsikten,Landskrona BoIS,utsikten,landskrona-bois,4,0,H,dc_best,2025-09-15,0.4077349994306915,0.25271466446698965,0.3395503361023189
6144697,2025-09-20,SW-SE,2025,1,Kalmar FF,Sandvikens IF,kalmar-ff,sandvikens-if,4,0,H,dc_best,2025-09-15,0.697674710868733,0.20854736546584074,0.09377792366542628
6144696,2025-09-20,SW-SE,2025,1,IK Brage,Örebro,ik-brage,rebro,4,5,A,dc_best,2025-09-15,0.6405764582029447,0.19796613515671055,0.1614574066403447
199294-21-jerv,2025-09-20,NO-PN1,2025,1,Jerv,Notodden,jerv,notodden,2,2,D,dc_best,2025-09-15,0.6532508880194453,0.24299508088718935,0.10375403109336542
199294-21-fl-y-flekker-y,2025-09-20,NO-PN1,2025,1,Fløy-Flekkerøy,Sandnes Ulf,fl-y-flekker-y,sandnes-ulf,0,2,A,dc_best,2025-09-15,0.07528162841811858,0.14675941929539793,0.7779589522864836
199294-21-sotra,2025-09-20,NO-PN1,2025,1,Sotra,Pors,sotra,pors,5,0,H,dc_best,2025-09-15,0.6756094152660678,0.23631051662710417,0.08808006810682806
6155402,2025-09-20,SW-EN,2025,1,Örebro Syrianska IF,Vasalund,rebro-syrianska-if,vasalund,0,5,A,dc_best,2025-09-15,0.1224308756620999,0.1933223036008422,0.6842468207370579
6155396,2025-09-20,SW-EN,2025,1,Enköpings SK FK,Nordic United FC,enk-pings-sk-fk,nordic-united-fc,1,3,A,dc_best,2025-09-15,0.28961124679206623,0.2656675254249283,0.44472122778300543
199120-19-ik-start-kvinner,2025-09-20,NO-1DK,2025,1,IK Start Kvinner,Viking,ik-start-kvinner,viking,0,2,A,dc_best,2025-09-15,0.3692378508057912,0.38386040215656675,0.2469017470376421
6150103,2025-09-20,SW-EE,2025,1,IF Elfsborg,Gamla Upsala SK,if-elfsborg,gamla-upsala-sk,2,1,H,dc_best,2025-09-15,0.7488887787709388,0.11605233550418068,0.13505888572488048
199295-21-ullensaker-kisa,2025-09-20,NO-PN2,2025,1,Ullensaker/Kisa,Grorud,ullensaker-kisa,grorud,1,2,A,dc_best,2025-09-15,0.4473087520036184,0.16504551942495013,0.38764572857143154
6150105,2025-09-20,SW-EE,2025,1,KIF Örebro DFF,Umeå IK FF,kif-rebro-dff,ume-ik-ff,0,0,D,dc_best,2025-09-15,0.5175996550115847,0.1978454796069549,0.2845548653814604
6143009,2025-09-20,SW-DA,2025,1,Vittsjö GIK,IFK Norrköping FK,vittsj-gik,ifk-norrk-ping-fk,0,2,A,dc_best,2025-09-15,0.3023125428933813,0.1731506117649578,0.5245368453416609
6143004,2025-09-20,SW-DA,2025,1,Alingsås IF FF,Malmö FF,alings-s-if-ff,malm-ff,0,4,A,dc_best,2025-09-15,0.03783089862780216,0.04765163764840987,0.9145174637237881
6143003,2025-09-20,SW-DA,2025,1,AIK,Växjö,aik,v-xj,1,2,A,dc_best,2025-09-15,0.48653267334911954,0.17167243760956769,0.34179488904131267
6143007,2025-09-20,SW-DA,2025,1,IF Brommapojkarna,Kristianstads DFF,if-brommapojkarna,kristianstads-dff,1,2,A,dc_best,2025-09-15,0.25014111522851357,0.14407292499353289,0.6057859597779537
6155161,2025-09-20,SW-ES,2025,1,Torslanda IK,Eskilsminne IF,torslanda-ik,eskilsminne-if,2,1,H,dc_best,2025-09-15,0.36360972780543777,0.2942337833886801,0.3421564888058821
6155155,2025-09-20,SW-ES,2025,1,BK Olympic,Lunds BK,bk-olympic,lunds-bk,3,2,H,dc_best,2025-09-15,0.42465751847508587,0.2925428818950355,0.28279959962987866
6155160,2025-09-20,SW-ES,2025,1,Oskarshamns AIK,FC Trollhättan,oskarshamns-aik,fc-trollh-ttan,2,0,H,dc_best,2025-09-15,0.2498595333434412,0.2984412802715975,0.4516991863849613
6155157,2025-09-20,SW-ES,2025,1,IFK Skövde FK,Hässleholms IF,ifk-sk-vde-fk,h-ssleholms-if,0,1,A,dc_best,2025-09-15,0.16355072468022536,0.2465290146680579,0.5899202606517169
6155156,2025-09-20,SW-ES,2025,1,FC Rosengård 1917,Skövde AIK,fc-roseng-rd-1917,sk-vde-aik,3,1,H,dc_best,2025-09-15,0.38123009812622377,0.31864694836692425,0.3001229535068519
6143341,2025-09-20,SW-AL,2025,1,Mjällby AIF,Östers IF,mj-llby-aif,sters-if,1,1,D,dc_best,2025-09-15,0.7116967434497221,0.21041341717290452,0.07788983937737345
6143338,2025-09-20,SW-AL,2025,1,GAIS,IF Elfsborg,gais,if-elfsborg,2,0,H,dc_best,2025-09-15,0.475618184718929,0.26219376906659475,0.2621880462144762
6150107,2025-09-20,SW-EE,2025,1,Team TG FF,IK Uppsala Fotboll,team-tg-ff,ik-uppsala-fotboll,0,2,A,dc_best,2025-09-15,0.10321670434043423,0.10290414195106456,0.7938791537085013
6143340,2025-09-20,SW-AL,2025,1,Malmö FF,Djurgården,malm-ff,djurg-rden,0,1,A,dc_best,2025-09-15,0.3812005562219359,0.311920111048567,0.3068793327294972
6155400,2025-09-20,SW-EN,2025,1,Karlbergs BK,Athletic Eskilstuna,karlbergs-bk,athletic-eskilstuna,4,2,H,dc_best,2025-09-15,0.5146197523642473,0.23650758273619668,0.24887266489955595
199603-22-fredrikstad,2025-09-20,NO-ELI,2025,1,Fredrikstad,Bryne,fredrikstad,bryne,1,1,D,dc_best,2025-09-15,0.5594312012609237,0.2579344295051553,0.18263436923392096
199603-22-sandefjord-fotball,2025-09-20,NO-ELI,2025,1,Sandefjord Fotball,Brann,sandefjord-fotball,brann,0,3,A,dc_best,2025-09-15,0.4577275527870613,0.23420248234268728,0.3080699648702515
199603-22-v-lerenga,2025-09-20,NO-ELI,2025,1,Vålerenga,KFUM,v-lerenga,kfum,1,1,D,dc_best,2025-09-15,0.36163117773090836,0.24685320615851475,0.39151561611057684
6150104,2025-09-20,SW-EE,2025,1,Jitex BK,Bollstanäs SK,jitex-bk,bollstan-s-sk,2,2,D,dc_best,2025-09-15,0.8260345470415169,0.09375768597906982,0.08020776697941312
6150101,2025-09-20,SW-EE,2025,1,BK Häcken,Trelleborgs FF,bk-h-cken,trelleborgs-ff,0,4,A,dc_best,2025-09-15,0.23818020239039017,0.19222680689135455,0.5695929907182553
6143005,2025-09-21,SW-DA,2025,1,BK Häcken FF,FC Rosengård,bk-h-cken-ff,fc-roseng-rd,3,0,H,dc_best,2025-09-15,0.8614828894486152,0.06897540024727584,0.0695417103041091
6143343,2025-09-21,SW-AL,2025,1,IK Sirius FK,Degerfors IF,ik-sirius-fk,degerfors-if,1,3,A,dc_best,2025-09-15,0.6949415059678946,0.18779226552134828,0.11726622851075715
199422-23-lyn,2025-09-21,NO-OBOS,2025,1,Lyn,Sogndal,lyn,sogndal,2,1,H,dc_best,2025-09-15,0.47425056573016316,0.309110628694873,0.21663880557496387
3962239,2025-09-21,NL,2025,2,Idrottsföreningen Kamraterna Vasa,Kuopion Palloseura,60691,157420,0,1,A,dc_best,2025-09-15,0.02270544089988841,0.04400678245469965,0.933287776645412
199422-23-kongsvinger,2025-09-21,NO-OBOS,2025,1,Kongsvinger,Egersund,kongsvinger,egersund,2,1,H,dc_best,2025-09-15,0.4606439814456974,0.2676718638454318,0.271684154708871
199294-21-vard-haugesund,2025-09-21,NO-PN1,2025,1,Vard Haugesund,FK Eik Tønsberg 871,vard-haugesund,fk-eik-t-nsberg-871,2,1,H,dc_best,2025-09-15,0.385404205856719,0.3338579113943354,0.2807378827489457
199294-21-tr-ff,2025-09-21,NO-PN1,2025,1,Træff,Arendal,tr-ff,arendal,1,1,D,dc_best,2025-09-15,0.26961648559291174,0.32708071186578275,0.40330280254130546
199294-21-brann-2,2025-09-21,NO-PN1,2025,1,Brann  2,Sandviken,brann-2,sandviken,2,0,H,dc_best,2025-09-15,0.32160127971606123,0.25821004654078983,0.4201886737431489
6143337,2025-09-21,SW-AL,2025,1,Hammarby,BK Häcken,hammarby,bk-h-cken,4,0,H,dc_best,2025-09-15,0.6691848504710184,0.18068133956391497,0.1501338099650667
6143339,2025-09-21,SW-AL,2025,1,IFK Göteborg,IF Brommapojkarna,ifk-g-teborg,if-brommapojkarna,0,1,A,dc_best,2025-09-15,0.4452299866331524,0.2591060688526528,0.2956639445141949
199422-23-stab-k,2025-09-21,NO-OBOS,2025,1,Stabæk,Raufoss,stab-k,raufoss,3,0,H,dc_best,2025-09-15,0.27967488013413977,0.3105318497516669,0.4097932701141933
3965447,2025-09-21,M2,2025,6,Oulunsalon Pallo,SJK Akatemia,108059,131834,4,2,H,dc_best,2025-09-15,0.5405935691989879,0.16014759406647447,0.2992588367345376
199603-22-rosenborg,2025-09-21,NO-ELI,2025,1,Rosenborg,Bodø/Glimt,rosenborg,bod-glimt,1,1,D,dc_best,2025-09-15,0.18935465460312403,0.22879242688383206,0.5818529185130439
6150102,2025-09-21,SW-EE,2025,1,Eskilstuna United DFF,Örebro SK FK,eskilstuna-united-dff,rebro-sk-fk,2,0,H,dc_best,2025-09-15,0.7735160498482199,0.1285028766673217,0.09798107348445849
199295-21-rana-fk,2025-09-21,NO-PN2,2025,1,Rana FK,Hønefoss BK,rana-fk,h-nefoss-bk,1,0,H,dc_best,2025-09-15,0.4721072865117757,0.16358797660262578,0.3643047368855986
199295-21-follo,2025-09-21,NO-PN2,2025,1,Follo,Tromsdalen,follo,tromsdalen,2,1,H,dc_best,2025-09-15,0.24337973967290016,0.15921295032147562,0.5974073100056243
199294-21-brattv-g,2025-09-21,NO-PN1,2025,1,Brattvåg,Lysekloster,brattv-g,lysekloster,2,0,H,dc_best,2025-09-15,0.35231826268297506,0.30603931093368547,0.34164242638333964
199603-22-viking,2025-09-21,NO-ELI,2025,1,Viking,Molde,viking,molde,1,0,H,dc_best,2025-09-15,0.6378929640039541,0.19907791265838842,0.1630291233376575
199603-22-troms,2025-09-21,NO-ELI,2025,1,Tromsø,HamKam,troms,hamkam,1,0,H,dc_best,2025-09-15,0.6412937897566615,0.22289680537111078,0.13580940487222776
199118-21-v-lerenga-fotball,2025-09-21,NO-TS,2025,1,Vålerenga Fotball,Kolbotn IL Elite,v-lerenga-fotball,kolbotn-il-elite,4,0,H,dc_best,2025-09-15,0.9580908117105971,0.03399278617087258,0.007916402118530357
199118-21-lyn,2025-09-21,NO-TS,2025,1,Lyn,Rosenborg BK,lyn,rosenborg-bk,0,2,A,dc_best,2025-09-15,0.18574462295825922,0.27582791967073367,0.5384274573710072
199118-21-lsk-kvinner,2025-09-21,NO-TS,2025,1,LSK Kvinner,SK Brann,lsk-kvinner,sk-brann,1,5,A,dc_best,2025-09-15,0.05918907364848021,0.15045856639737695,0.7903523599541429
199603-22-str-msgodset,2025-09-21,NO-ELI,2025,1,Strømsgodset,Sarpsborg 08,str-msgodset,sarpsborg-08,2,1,H,dc_best,2025-09-15,0.34309153316553026,0.24026373922893757,0.4166447276055322
199603-22-kristiansund,2025-09-21,NO-ELI,2025,1,Kristiansund,Haugesund,kristiansund,haugesund,2,0,H,dc_best,2025-09-15,0.6723734567137513,0.20103974414864131,0.12658679913760748
3973465,2025-09-21,VL,2025,3,IFK Mariehamn Fotboll,Vaasan Palloseura,60759,60901,2,1,H,dc_best,2025-09-15,0.23237607811968092,0.250806462637208,0.5168174592431111
6150106,2025-09-21,SW-EE,2025,1,Mallbackens IF Sunne,Sunnanå SK,mallbackens-if-sunne,sunnan-sk,1,0,H,dc_best,2025-09-15,0.4136031372415814,0.2150089050618604,0.37138795769655825
3974487,2025-09-21,M1,2025,3,Espoon Palloseuran Jalkapallo,Rovaniemen Palloseura,62296,60973,0,1,A,dc_best,2025-09-15,0.46998191219220875,0.23316828045708698,0.29684980735070426
3965445,2025-09-21,M2,2025,6,Gamlakarleby Bollklubb,Vaasan Palloseura,60492,169909,3,0,H,dc_best,2025-09-15,0.22858088541810173,0.19317509377723455,0.5782440208046637
6155159,2025-09-21,SW-ES,2025,1,Norrby IF,Ariana FC,norrby-if,ariana-fc,2,1,H,dc_best,2025-09-15,0.5574792180149919,0.2682260824813834,0.1742946995036247
3965455,2025-09-21,M2,2025,7,Lahden Reipas,Haminan Pallo-Kissat Edustus,61562,61483,6,0,H,dc_best,2025-09-15,0.9697927835134237,0.021388771410445595,0.00881844507613078
3965430,2025-09-21,M2,2025,5,Tampereen Pallo-Veikot,Ilves,60704,106905,3,4,A,dc_best,2025-09-15,0.472963617853578,0.20344284534060275,0.32359353680581937
6155162,2025-09-21,SW-ES,2025,1,Ängelholms FF,Ljungskile SK Herrfotboll,ngelholms-ff,ljungskile-sk-herrfotboll,1,2,A,dc_best,2025-09-15,0.1737902932157725,0.2127927752290878,0.6134169315551398
199120-19-molde,2025-09-21,NO-1DK,2025,1,Molde,Odds Ballklubb,molde,odds-ballklubb,3,1,H,dc_best,2025-09-15,0.7078570672913072,0.20240701432110503,0.08973591838758783
3965475,2025-09-21,M2,2025,9,Idrottsföreningen Kamraterna Vasa,Jalkapalloseura Hercules,60647,61004,1,2,A,dc_best,2025-09-15,0.548896323951364,0.1814438447937616,0.26965983125487436
199120-19-kil-hemne,2025-09-21,NO-1DK,2025,1,KIL/Hemne,AaFK Fortuna,kil-hemne,aafk-fortuna,0,3,A,dc_best,2025-09-15,0.052871697961686503,0.19220789940463606,0.7549204026336775
3965431,2025-09-21,M2,2025,5,Hämeenlinnan Jalkapalloseura,Helsingin Palloseura,35121579,49949,0,4,A,dc_best,2025-09-15,0.7040299566830214,0.1765103207574742,0.11945972255950452
6155401,2025-09-21,SW-EN,2025,1,Stockholm Internazionale,Team TG FF,stockholm-internazionale,team-tg-ff,5,0,H,dc_best,2025-09-15,0.8217203845136895,0.1412093487902582,0.03707026669605236
6155397,2025-09-21,SW-EN,2025,1,Gefle IF FF,IF Karlstad Fotboll,gefle-if-ff,if-karlstad-fotboll,1,1,D,dc_best,2025-09-15,0.3601706713906199,0.29156031257608894,0.34826901603329125
3965432,2025-09-21,M2,2025,5,Football Club Kiffen 08,Pallo-Iirot,60554,107307,7,1,H,dc_best,2025-09-15,0.48964690073714945,0.21292460945904296,0.29742848980380754
3965466,2025-09-21,M2,2025,8,Musan Salama,Nurmijärven Jalkapalloseura,60696,60537,2,1,H,dc_best,2025-09-15,0.5679122253923732,0.18915307567489456,0.24293469893273226
3965416,2025-09-21,M2,2025,4,Puistolan Urheilijat,Pepo Lappeenranta,49973,61010,1,1,D,dc_best,2025-09-15,0.5035483347925918,0.2270889360844164,0.26936272912299186
3965415,2025-09-21,M2,2025,4,FC Honka,Vantaan Jalkapalloseura,62416,63440,4,1,H,dc_best,2025-09-15,0.5151748728751192,0.21320912524762548,0.2716160018772553
3965417,2025-09-21,M2,2025,4,MYPA,GrIFK - Fotboll,129934,60549,3,2,H,dc_best,2025-09-15,0.4550771850363958,0.18216226134202207,0.36276055362158216
3965446,2025-09-21,M2,2025,6,Jakobstads Bollklubb,Tornion Pallo-47,61766,60666,4,1,H,dc_best,2025-09-15,0.739633972047033,0.14015119828014508,0.12021482967282195
6155395,2025-09-21,SW-EN,2025,1,Assyriska FF,FC Arlanda,assyriska-ff,fc-arlanda,1,2,A,dc_best,2025-09-15,0.4582334347336131,0.31861141137902177,0.22315515388736512
6155398,2025-09-22,SW-EN,2025,1,Hammarby TFF Herrfotboll,Sollentuna FK,hammarby-tff-herrfotboll,sollentuna-fk,4,0,H,dc_best,2025-09-22,0.7241672092168419,0.17788991922752784,0.0979428715556303
6143006,2025-09-22,SW-DA,2025,1,Djurgården,Hammarby,djurg-rden,hammarby,2,1,H,dc_best,2025-09-22,0.18152971890093944,0.12592494367463228,0.6925453374244284
6143342,2025-09-22,SW-AL,2025,1,IFK Norrköping FK,AIK,ifk-norrk-ping-fk,aik,3,1,H,dc_best,2025-09-22,0.19444559888682073,0.2477855875209538,0.5577688135922254
6143344,2025-09-22,SW-AL,2025,1,IFK Värnamo,Halmstad,ifk-v-rnamo,halmstad,1,2,A,dc_best,2025-09-22,0.43326897489648986,0.2649239939337899,0.3018070311697204
3973436,2025-09-23,VL,2025,2,Kuopion Palloseura,SEINÄJOEN JALKAPALLOKERHO,60756,60970,3,2,H,dc_best,2025-09-22,0.382922470813166,0.23965309630957435,0.37742443287725963
3973434,2025-09-23,VL,2025,2,Ilves,IF Gnistan,60745,60534,3,2,H,dc_best,2025-09-22,0.6289770449393205,0.19447762420518888,0.17654533085549065
3973435,2025-09-23,VL,2025,2,Football Club International Turku,Helsingin Jalkapalloklubin Liiga-HJK,60987,60731,0,0,D,dc_best,2025-09-22,0.43838461765406056,0.2298912751443242,0.33172410720161527
6144704,2025-09-24,SW-SE,2025,1,Landskrona BoIS,Kalmar FF,landskrona-bois,kalmar-ff,0,0,D,dc_best,2025-09-22,0.18685389759805615,0.2855301917897427,0.5276159106122011
6144703,2025-09-24,SW-SE,2025,1,IK Oddevold,Falkenbergs FF,ik-oddevold,falkenbergs-ff,2,2,D,dc_best,2025-09-22,0.4333222576094728,0.28910401892383775,0.27757372346668946
6144708,2025-09-24,SW-SE,2025,1,Örebro,Varbergs BoIS FC,rebro,varbergs-bois-fc,1,1,D,dc_best,2025-09-22,0.30476038386184917,0.23607939017119256,0.4591602259669582
6150037,2025-09-24,SW-EE,2025,1,Umeå IK FF,KIF Örebro DFF,ume-ik-ff,kif-rebro-dff,2,2,D,dc_best,2025-09-22,0.38920354063086404,0.2467510165698729,0.36404544279926315
3962242,2025-09-24,NL,2025,2,Helsingin Palloseura,Helsingin Jalkapalloklubi,60781,60682,1,1,D,dc_best,2025-09-22,0.10322988176733779,0.10537949247125757,0.7913906257614045
3962241,2025-09-24,NL,2025,2,Åland United,Idrottsföreningen Kamraterna Vasa,60532,60691,2,0,H,dc_best,2025-09-22,0.9024692451660685,0.05655139435482674,0.04097936047910458
3960215,2025-09-24,M1L,2025,1,Helsingin Jalkapalloklubi,SJK Akatemia,60692,168874,1,4,A,dc_best,2025-09-22,0.4928320939804696,0.2386515040512859,0.26851640196824444
199118-20-v-lerenga-fotball,2025-09-24,NO-TS,2025,1,Vålerenga Fotball,Lyn,v-lerenga-fotball,lyn,2,1,H,dc_best,2025-09-22,0.7768745177544022,0.17016012552881324,0.05296535671678457
3962240,2025-09-24,NL,2025,2,Kuopion Palloseura,PK-35 Vantaa,157420,60671,6,1,H,dc_best,2025-09-22,0.707188443836334,0.14544350425742036,0.1473680519062458
6144702,2025-09-24,SW-SE,2025,1,IK Brage,GIF Sundsvall,ik-brage,gif-sundsvall,0,1,A,dc_best,2025-09-22,0.5395381513497551,0.2170920322889955,0.24336981636124938
6144709,2025-09-25,SW-SE,2025,1,Östersund,Utsikten,stersund,utsikten,2,1,H,dc_best,2025-09-22,0.36782220924207387,0.24983874078425322,0.38233904997367296
6144705,2025-09-25,SW-SE,2025,1,Sandvikens IF,Helsingborgs IF,sandvikens-if,helsingborgs-if,0,1,A,dc_best,2025-09-22,0.3047230056110075,0.2876971766105294,0.40757981777846314
6144706,2025-09-25,SW-SE,2025,1,Trelleborgs FF,Örgryte IS Fotboll,trelleborgs-ff,rgryte-is-fotboll,0,2,A,dc_best,2025-09-22,0.12263336304273327,0.20772367910299092,0.6696429578542759
199118-25-kolbotn-il-elite,2025-09-25,NO-TS,2025,1,Kolbotn IL Elite,Stabæk,kolbotn-il-elite,stab-k,1,0,H,dc_best,2025-09-22,0.1627041015346198,0.2576232372156125,0.5796726612497677
6144707,2025-09-25,SW-SE,2025,1,Umeå FC,Västerås SK FK,ume-fc,v-ster-s-sk-fk,1,2,A,dc_best,2025-09-22,0.11761418516551908,0.1995554523516101,0.6828303624828708
6150114,2025-09-26,SW-EE,2025,1,Örebro SK FK,Mallbackens IF Sunne,rebro-sk-fk,mallbackens-if-sunne,4,0,H,dc_best,2025-09-22,0.6252204787422826,0.1728590428898912,0.20192047836782628
6155168,2025-09-26,SW-ES,2025,1,Lunds BK,FC Rosengård 1917,lunds-bk,fc-roseng-rd-1917,1,0,H,dc_best,2025-09-22,0.4742648080978202,0.30970253196668807,0.21603265993549176
199294-22-sandviken,2025-09-26,NO-PN1,2025,1,Sandviken,Sotra,sandviken,sotra,2,1,H,dc_best,2025-09-22,0.17777083192595008,0.31303217758156543,0.5091969904924846
3973467,2025-09-26,VL,2025,3,Vaasan Palloseura,Football Club Haka,60901,60561,1,0,H,dc_best,2025-09-22,0.4827030882161807,0.2637271993059227,0.2535697124778967
6155408,2025-09-26,SW-EN,2025,1,Nordic United FC,Vasalund,nordic-united-fc,vasalund,4,1,H,dc_best,2025-09-22,0.4185516262123608,0.27904934159877437,0.30239903218886494
3960226,2025-09-26,M1L,2025,1,Ekenäs Idrottsförening,Käpylän Pallo,60495,60487,4,1,H,dc_best,2025-09-22,0.4849559615064672,0.23063464963071775,0.28440938886281514
3974473,2025-09-26,M1,2025,2,Mikkelin Palloilijat,JJK Jyväskylä,60494,144858,5,1,H,dc_best,2025-09-22,0.6925536149461397,0.1938602814518372,0.11358610360202323
3974489,2025-09-26,M1,2025,3,Pallokerho Keski-Uusimaa,Football Club International Turku,60929,60860,2,1,H,dc_best,2025-09-22,0.39041276507096717,0.1971973430069981,0.4123898919220346
3965469,2025-09-26,M2,2025,8,Pallo-Pojat Juniorit,Nurmijärven Jalkapalloseura,48924,60537,5,1,H,dc_best,2025-09-22,0.6773092853623224,0.1569660780473467,0.1657246365903309
3974488,2025-09-26,M1,2025,3,FC Jazz Juniorit,Espoon Palloseuran Jalkapallo,60521,62296,0,2,A,dc_best,2025-09-22,0.6869925972170439,0.1671967126544673,0.14581069012848877
3974490,2025-09-27,M1,2025,3,Rovaniemen Palloseura,Atlantis FC Edustus,60973,60702,4,2,H,dc_best,2025-09-22,0.44701247530940547,0.21109686691982257,0.34189065777077204
3973439,2025-09-27,VL,2025,2,IF Gnistan,Kuopion Palloseura,60534,60756,0,4,A,dc_best,2025-09-22,0.2358684043938164,0.2317316729419413,0.5323999226642423
3973437,2025-09-27,VL,2025,2,SEINÄJOEN JALKAPALLOKERHO,Football Club International Turku,60970,60987,2,1,H,dc_best,2025-09-22,0.2790517911465272,0.24576190433704473,0.47518630451642807
199603-23-sarpsborg-08,2025-09-27,NO-ELI,2025,1,Sarpsborg 08,Viking,sarpsborg-08,viking,3,3,D,dc_best,2025-09-22,0.22084047286531155,0.22058702187656704,0.5585725052581214
6155167,2025-09-27,SW-ES,2025,1,Ljungskile SK Herrfotboll,Torslanda IK,ljungskile-sk-herrfotboll,torslanda-ik,3,0,H,dc_best,2025-09-22,0.8728481983274401,0.08907142819426254,0.03808037347829743
6155164,2025-09-27,SW-ES,2025,1,Eskilsminne IF,Husqvarna FF,eskilsminne-if,husqvarna-ff,0,2,A,dc_best,2025-09-22,0.4332104698937619,0.27664454188727816,0.29014498821896
6155170,2025-09-27,SW-ES,2025,1,Skövde AIK,Ängelholms FF,sk-vde-aik,ngelholms-ff,0,0,D,dc_best,2025-09-22,0.3005496257035394,0.2631277599995866,0.4363226142968741
199295-22-tromsdalen,2025-09-27,NO-PN2,2025,1,Tromsdalen,Rana FK,tromsdalen,rana-fk,3,2,H,dc_best,2025-09-22,0.6357147042057457,0.13940780914826453,0.22487748664598975
199295-22-kjels-s,2025-09-27,NO-PN2,2025,1,Kjelsås,Levanger,kjels-s,levanger,1,0,H,dc_best,2025-09-22,0.6172874466583502,0.13714669767442106,0.2455658556672288
199295-22-h-nefoss-bk,2025-09-27,NO-PN2,2025,1,Hønefoss BK,Follo,h-nefoss-bk,follo,3,1,H,dc_best,2025-09-22,0.6585358373299656,0.12916202903527876,0.2123021336347557
199295-22-grorud,2025-09-27,NO-PN2,2025,1,Grorud,Strindheim TF,grorud,strindheim-tf,2,1,H,dc_best,2025-09-22,0.8695444110732549,0.06511866234643426,0.06533692658031096
199295-22-eidsvold-tf,2025-09-27,NO-PN2,2025,1,Eidsvold TF,Strømmen,eidsvold-tf,str-mmen,3,2,H,dc_best,2025-09-22,0.2503076151483437,0.13768668665908562,0.6120056981925708
3973469,2025-09-27,VL,2025,3,Oulun edustusjalkapallo AC Oulu,FC KTP Kotka,60493,60972,0,2,A,dc_best,2025-09-22,0.5350594115296117,0.21942999742171895,0.24551059104866932
6155409,2025-09-27,SW-EN,2025,1,Sollentuna FK,Stockholm Internazionale,sollentuna-fk,stockholm-internazionale,1,1,D,dc_best,2025-09-22,0.18410237058315349,0.2498921582862467,0.5660054711305998
6155407,2025-09-27,SW-EN,2025,1,IFK Stocksund,Gefle IF FF,ifk-stocksund,gefle-if-ff,2,2,D,dc_best,2025-09-22,0.37244009413752927,0.27001015704296866,0.3575497488195021
6155406,2025-09-27,SW-EN,2025,1,IF Karlstad Fotboll,Enköpings SK FK,if-karlstad-fotboll,enk-pings-sk-fk,2,0,H,dc_best,2025-09-22,0.6287477545787649,0.199727402995978,0.17152484242525717
6155169,2025-09-27,SW-ES,2025,1,Oskarshamns AIK,IFK Skövde FK,oskarshamns-aik,ifk-sk-vde-fk,1,0,H,dc_best,2025-09-22,0.3887287427311597,0.33519035643305206,0.2760809008357883
6155404,2025-09-27,SW-EN,2025,1,Athletic Eskilstuna,Hammarby TFF Herrfotboll,athletic-eskilstuna,hammarby-tff-herrfotboll,3,1,H,dc_best,2025-09-22,0.2190082006778692,0.24377364197558693,0.5372181573465439
6155166,2025-09-27,SW-ES,2025,1,Hässleholms IF,Jönköpings Södra IF,h-ssleholms-if,j-nk-pings-s-dra-if,1,2,A,dc_best,2025-09-22,0.276223575087789,0.3874759862751372,0.3363004386370738
6155163,2025-09-27,SW-ES,2025,1,BK Olympic,Norrby IF,bk-olympic,norrby-if,0,2,A,dc_best,2025-09-22,0.2809904296573977,0.2580820868815244,0.460927483461078
6150112,2025-09-27,SW-EE,2025,1,Trelleborgs FF,Jitex BK,trelleborgs-ff,jitex-bk,4,1,H,dc_best,2025-09-22,0.716722687556617,0.1337327494921082,0.14954456295127472
6150109,2025-09-27,SW-EE,2025,1,Gamla Upsala SK,BK Häcken,gamla-upsala-sk,bk-h-cken,1,0,H,dc_best,2025-09-22,0.3939251007865491,0.1796870868788744,0.42638781233457657
199422-24-egersund,2025-09-27,NO-OBOS,2025,1,Egersund,Start,egersund,start,2,0,H,dc_best,2025-09-22,0.24430190965545814,0.29854854069423953,0.45714954965030236
199422-24-skeid,2025-09-27,NO-OBOS,2025,1,Skeid,Åsane,skeid,sane,1,2,A,dc_best,2025-09-22,0.29892089046333736,0.33407750066275066,0.367001608873912
6150108,2025-09-27,SW-EE,2025,1,Bollstanäs SK,IF Elfsborg,bollstan-s-sk,if-elfsborg,3,2,H,dc_best,2025-09-22,0.1563628936574415,0.15853168334437434,0.6851054229981842
6150111,2025-09-27,SW-EE,2025,1,KIF Örebro DFF,Team TG FF,kif-rebro-dff,team-tg-ff,5,0,H,dc_best,2025-09-22,0.8976449434940907,0.06296411311183159,0.03939094339407763
199295-22-stj-rdals-blink,2025-09-27,NO-PN2,2025,1,Stjørdals-Blink,Asker,stj-rdals-blink,asker,4,1,H,dc_best,2025-09-22,0.7614844962766096,0.1032577243416107,0.13525777938177969
6155410,2025-09-27,SW-EN,2025,1,Team TG FF,Karlbergs BK,team-tg-ff,karlbergs-bk,2,4,A,dc_best,2025-09-22,0.18337087012580786,0.25662769998664803,0.5600014298875441
6155405,2025-09-27,SW-EN,2025,1,FC Arlanda,Örebro Syrianska IF,fc-arlanda,rebro-syrianska-if,0,2,A,dc_best,2025-09-22,0.6978447493929295,0.2114018446585687,0.09075340594850174
3960229,2025-09-27,M1L,2025,1,Helsingin Jalkapalloklubi,Salon Palloilijat,60692,60690,1,0,H,dc_best,2025-09-22,0.6896876871459819,0.20225366238476214,0.10805865046925592
3965456,2025-09-27,M2,2025,7,FC Vaajakoski,Haminan Pallo-Kissat Edustus,60496,61483,4,2,H,dc_best,2025-09-22,0.9165828727224736,0.05670213653856618,0.02671499073896028
6143348,2025-09-27,SW-AL,2025,1,IF Elfsborg,Degerfors IF,if-elfsborg,degerfors-if,1,2,A,dc_best,2025-09-22,0.5585109534869267,0.230298176415025,0.21119087009804835
3960230,2025-09-27,M1L,2025,1,FC Lahti,Pallokerho-35,60969,50775,1,0,H,dc_best,2025-09-22,0.41965655608374297,0.3162745810989013,0.2640688628173557
3960227,2025-09-27,M1L,2025,1,TPS Juniorijalkapallo,Jippo,60971,129811,0,1,A,dc_best,2025-09-22,0.470185967785002,0.26056412783211913,0.26924990438287894
3962243,2025-09-27,NL,2025,2,Helsingin Jalkapalloklubi,Idrottsföreningen Kamraterna Vasa,60682,60691,3,0,H,dc_best,2025-09-22,0.9929560391231228,0.005210732986764166,0.001833227890113096
6143349,2025-09-27,SW-AL,2025,1,BK Häcken,IFK Norrköping FK,bk-h-cken,ifk-norrk-ping-fk,2,0,H,dc_best,2025-09-22,0.3994620459829027,0.22341457580448873,0.37712337821260855
6143013,2025-09-27,SW-DA,2025,1,IFK Norrköping FK,Alingsås IF FF,ifk-norrk-ping-fk,alings-s-if-ff,3,0,H,dc_best,2025-09-22,0.8472451545144267,0.08183721980005254,0.07091762568552079
6143010,2025-09-27,SW-DA,2025,1,AIK,BK Häcken FF,aik,bk-h-cken-ff,2,5,A,dc_best,2025-09-22,0.11135665966165756,0.10300788470639735,0.7856354556319451
6143014,2025-09-27,SW-DA,2025,1,Kristianstads DFF,Malmö FF,kristianstads-dff,malm-ff,1,1,D,dc_best,2025-09-22,0.2914801484840631,0.16959148394833046,0.5389283675676064
3962245,2025-09-27,NL,2025,2,Kuopion Palloseura,Åland United,157420,60532,2,1,H,dc_best,2025-09-22,0.7350350790949216,0.13281662311625078,0.13214829778882772
3965468,2025-09-27,M2,2025,8,Atlantis Football Club,Musan Salama,35135803,60696,0,10,A,dc_best,2025-09-22,0.08195968152322214,0.11076536003695073,0.8072749584398271
199294-22-arendal,2025-09-27,NO-PN1,2025,1,Arendal,Fløy-Flekkerøy,arendal,fl-y-flekker-y,9,0,H,dc_best,2025-09-22,0.8161541987635988,0.13904427327096547,0.04480152796543569
199294-22-sandnes-ulf,2025-09-27,NO-PN1,2025,1,Sandnes Ulf,Vard Haugesund,sandnes-ulf,vard-haugesund,4,0,H,dc_best,2025-09-22,0.8341567241056906,0.12409689861720209,0.04174637727710723
6143351,2025-09-28,SW-AL,2025,1,Malmö FF,IFK Värnamo,malm-ff,ifk-v-rnamo,3,2,H,dc_best,2025-09-22,0.6970128180125301,0.18403297183760128,0.11895421014986868
6143345,2025-09-28,SW-AL,2025,1,AIK,GAIS,aik,gais,1,1,D,dc_best,2025-09-22,0.35873689828887045,0.33126107072719796,0.31000203098393164
6155403,2025-09-28,SW-EN,2025,1,Assyriska FF,IFK Haninge,assyriska-ff,ifk-haninge,3,0,H,dc_best,2025-09-22,0.5574166264887255,0.233168077516938,0.20941529599433661
199120-18-viking,2025-09-28,NO-1DK,2025,1,Viking,Tromsø IL,viking,troms-il,1,2,A,dc_best,2025-09-22,0.4917568764744508,0.24998920344140926,0.25825392008414
199422-24-sogndal,2025-09-28,NO-OBOS,2025,1,Sogndal,Kongsvinger,sogndal,kongsvinger,2,2,D,dc_best,2025-09-22,0.3310362721066347,0.25591943518138616,0.41304429271197907
6150110,2025-09-28,SW-EE,2025,1,IK Uppsala Fotboll,Sunnanå SK,ik-uppsala-fotboll,sunnan-sk,3,0,H,dc_best,2025-09-22,0.8460649640389066,0.09553296904388231,0.05840206691721104
199603-19-brann,2025-09-28,NO-ELI,2025,1,Brann,Fredrikstad,brann,fredrikstad,1,0,H,dc_best,2025-09-22,0.5603222590719589,0.2425696968774145,0.19710804405062665
199294-22-lysekloster,2025-09-28,NO-PN1,2025,1,Lysekloster,Træff,lysekloster,tr-ff,1,1,D,dc_best,2025-09-22,0.5651414654912419,0.3217052238777459,0.11315331063101221
199294-22-pors,2025-09-28,NO-PN1,2025,1,Pors,Jerv,pors,jerv,2,2,D,dc_best,2025-09-22,0.3838864697181198,0.27862193511424216,0.33749159516763816
6143016,2025-09-28,SW-DA,2025,1,Växjö,Hammarby,v-xj,hammarby,0,7,A,dc_best,2025-09-22,0.12668609642215212,0.10162878651904393,0.7716851170588039
199294-22-notodden,2025-09-28,NO-PN1,2025,1,Notodden,Brattvåg,notodden,brattv-g,2,4,A,dc_best,2025-09-22,0.28158356045073507,0.2743392200198613,0.44407721952940354
6150113,2025-09-28,SW-EE,2025,1,Umeå IK FF,Eskilstuna United DFF,ume-ik-ff,eskilstuna-united-dff,1,2,A,dc_best,2025-09-22,0.40102293833829794,0.26088739587343346,0.3380896657882687
6155165,2025-09-28,SW-ES,2025,1,FC Trollhättan,Ariana FC,fc-trollh-ttan,ariana-fc,2,1,H,dc_best,2025-09-22,0.28485309679255255,0.2795813277547873,0.43556557545266017
6144710,2025-09-28,SW-SE,2025,1,Falkenbergs FF,Östersund,falkenbergs-ff,stersund,4,0,H,dc_best,2025-09-22,0.6388437185263869,0.2137313679957886,0.14742491347782452
3960228,2025-09-28,M1L,2025,1,SJK Akatemia,Järvenpään Palloseura,168874,60676,1,1,D,dc_best,2025-09-22,0.41232154688286865,0.25133658547731474,0.33634186763981666
199603-23-troms,2025-09-28,NO-ELI,2025,1,Tromsø,Strømsgodset,troms,str-msgodset,3,1,H,dc_best,2025-09-22,0.6868234888709147,0.1904383825522056,0.12273812857687964
3965476,2025-09-28,M2,2025,9,Idrottsföreningen Kraft,Jalkapalloseura Hercules,60686,61004,5,0,H,dc_best,2025-09-22,0.5793156035293652,0.19309468389274465,0.22758971257789018
199603-23-molde,2025-09-28,NO-ELI,2025,1,Molde,Vålerenga,molde,v-lerenga,4,1,H,dc_best,2025-09-22,0.4427507531927967,0.2600261279130431,0.29722311889416025
3974474,2025-09-28,M1,2025,2,Kuopion Palloseura,Jalkapalloseura Tampere United,106331,106945,2,0,H,dc_best,2025-09-22,0.5043398163080739,0.21656756694291074,0.2790926167490154
3965457,2025-09-28,M2,2025,7,Jyväskylän Seudun Palloseura,Lahden Reipas,106602,61562,1,9,A,dc_best,2025-09-22,0.06827107598623765,0.07676869552810266,0.8549602284856597
6143352,2025-09-28,SW-AL,2025,1,Halmstad,Hammarby,halmstad,hammarby,1,0,H,dc_best,2025-09-22,0.09171057879362256,0.17373430900169995,0.7345551122046775
3973468,2025-09-28,VL,2025,3,Fotbollsföreningen JARO Jalkapalloseura,IFK Mariehamn Fotboll,60974,60759,2,3,A,dc_best,2025-09-22,0.4291972941903946,0.2638170973452696,0.30698560846433576
6143011,2025-09-28,SW-DA,2025,1,Djurgården,Linköping FC,djurg-rden,link-ping-fc,3,2,H,dc_best,2025-09-22,0.7242625072446738,0.12017346347334878,0.15556402928197743
199603-23-hamkam,2025-09-28,NO-ELI,2025,1,HamKam,Rosenborg,hamkam,rosenborg,4,0,H,dc_best,2025-09-22,0.24601720305003266,0.29475655093461967,0.4592262460153478
6143015,2025-09-28,SW-DA,2025,1,Piteå IF DFF,Vittsjö GIK,pite-if-dff,vittsj-gik,2,3,A,dc_best,2025-09-22,0.4025505224166628,0.16940871551205913,0.42804076207127817
199295-22-alta,2025-09-28,NO-PN2,2025,1,Alta,Ullensaker/Kisa,alta,ullensaker-kisa,2,4,A,dc_best,2025-09-22,0.434903009577364,0.1600119701094305,0.4050850203132055
6143012,2025-09-28,SW-DA,2025,1,FC Rosengård,IF Brommapojkarna,fc-roseng-rd,if-brommapojkarna,2,5,A,dc_best,2025-09-22,0.4671350003821227,0.16023067854608922,0.37263432107178807
6144716,2025-09-28,SW-SE,2025,1,Västerås SK FK,Sandvikens IF,v-ster-s-sk-fk,sandvikens-if,3,0,H,dc_best,2025-09-22,0.7762471913391664,0.1452565717761256,0.07849623688470803
6144715,2025-09-28,SW-SE,2025,1,Varbergs BoIS FC,IK Oddevold,varbergs-bois-fc,ik-oddevold,1,1,D,dc_best,2025-09-22,0.4005972918520638,0.28078644896322125,0.318616259184715
3974475,2025-09-28,M1,2025,2,Oulun Luistinseura,KPV Juniorit,106449,60536,3,0,H,dc_best,2025-09-22,0.5712791949140781,0.19844085480142815,0.23027995028449383
199603-23-bryne,2025-09-28,NO-ELI,2025,1,Bryne,Kristiansund,bryne,kristiansund,2,0,H,dc_best,2025-09-22,0.45061147057498807,0.26812797889763323,0.28126055052737875
6143347,2025-09-28,SW-AL,2025,1,IF Brommapojkarna,Mjällby AIF,if-brommapojkarna,mj-llby-aif,0,1,A,dc_best,2025-09-22,0.17831051244475646,0.2372881068296787,0.5844013807255649
199294-22-fk-eik-t-nsberg-871,2025-09-29,NO-PN1,2025,1,FK Eik Tønsberg 871,Brann  2,fk-eik-t-nsberg-871,brann-2,0,0,D,dc_best,2025-09-29,0.649829137343719,0.22729309668626915,0.12287776597001182
199603-23-haugesund,2025-09-29,NO-ELI,2025,1,Haugesund,Sandefjord Fotball,haugesund,sandefjord-fotball,2,3,A,dc_best,2025-09-29,0.10916152749347076,0.1856442380535463,0.705194234452983
6143346,2025-09-29,SW-AL,2025,1,Djurgården,IK Sirius FK,djurg-rden,ik-sirius-fk,8,2,H,dc_best,2025-09-29,0.5384050468987315,0.23623387815507652,0.22536107494619192
6143350,2025-09-29,SW-AL,2025,1,Östers IF,IFK Göteborg,sters-if,ifk-g-teborg,0,2,A,dc_best,2025-09-29,0.24294102971175918,0.29315896165790895,0.4639000086303319
6144711,2025-09-29,SW-SE,2025,1,GIF Sundsvall,Umeå FC,gif-sundsvall,ume-fc,3,1,H,dc_best,2025-09-29,0.6355703988320159,0.2340321194672676,0.1303974817007165
199422-24-h-dd,2025-09-29,NO-OBOS,2025,1,Hødd,Lyn,h-dd,lyn,0,1,A,dc_best,2025-09-29,0.1955336357489701,0.33814427490129706,0.46632208934973296
6144714,2025-09-29,SW-SE,2025,1,Utsikten,IK Brage,utsikten,ik-brage,2,1,H,dc_best,2025-09-29,0.5287685226183888,0.1980437957987156,0.2731876815828956
199422-24-raufoss,2025-09-29,NO-OBOS,2025,1,Raufoss,Ranheim TF,raufoss,ranheim-tf,1,2,A,dc_best,2025-09-29,0.37121275427268974,0.28412187236807684,0.34466537335923336
3973438,2025-09-29,VL,2025,2,Helsingin Jalkapalloklubin Liiga-HJK,Ilves,60731,60745,2,2,D,dc_best,2025-09-29,0.44150313849960626,0.21075158554512805,0.3477452759552658
199422-24-odd,2025-09-29,NO-OBOS,2025,1,Odd,Aalesund,odd,aalesund,1,0,H,dc_best,2025-09-29,0.22527352368426676,0.3370660790087492,0.43766039730698403
199422-24-moss,2025-09-29,NO-OBOS,2025,1,Moss,Lillestrøm,moss,lillestr-m,1,5,A,dc_best,2025-09-29,0.04332705089376506,0.14004601022751068,0.8166269388787242
6144712,2025-09-29,SW-SE,2025,1,Helsingborgs IF,Trelleborgs FF,helsingborgs-if,trelleborgs-ff,4,1,H,dc_best,2025-09-29,0.5961206175031852,0.266101682099378,0.1377777003974368
6144717,2025-09-30,SW-SE,2025,1,Örgryte IS Fotboll,Landskrona BoIS,rgryte-is-fotboll,landskrona-bois,2,0,H,dc_best,2025-09-29,0.7206751673586506,0.17919405820913278,0.10013077443221659
6144713,2025-09-30,SW-SE,2025,1,Kalmar FF,Örebro,kalmar-ff,rebro,2,1,H,dc_best,2025-09-29,0.7379184397941844,0.18231341413035315,0.07976814607546241
199603-23-kfum,2025-10-01,NO-ELI,2025,1,KFUM,Fredrikstad,kfum,fredrikstad,2,1,H,dc_best,2025-09-29,0.5121134170552594,0.2813044686232468,0.20658211432149387
6143001,2025-10-01,SW-DA,2025,1,Malmö FF,BK Häcken FF,malm-ff,bk-h-cken-ff,0,3,A,dc_best,2025-09-29,0.26015392602287957,0.15790625718073192,0.5819398167963885
199118-22-rosenborg-bk,2025-10-02,NO-TS,2025,1,Rosenborg BK,Røa Fotball Elite,rosenborg-bk,r-a-fotball-elite,2,1,H,dc_best,2025-09-29,0.862755821039877,0.10539669377767062,0.03184748518245226
3973442,2025-10-03,VL,2025,2,Helsingin Jalkapalloklubin Liiga-HJK,IF Gnistan,60731,60534,2,3,A,dc_best,2025-09-29,0.7207894393102362,0.14853485499935895,0.130675705690405
3973471,2025-10-03,VL,2025,3,Fotbollsföreningen JARO Jalkapalloseura,Football Club Haka,60974,60561,2,1,H,dc_best,2025-09-29,0.40605164445543873,0.28353484038253485,0.3104135151620264
3960231,2025-10-03,M1L,2025,1,FC Lahti,SJK Akatemia,60969,168874,3,0,H,dc_best,2025-09-29,0.5695221414656775,0.22433914242372519,0.20613871611059725
3960232,2025-10-03,M1L,2025,1,Pallokerho-35,Ekenäs Idrottsförening,50775,60495,1,2,A,dc_best,2025-09-29,0.4532948014654359,0.28027095570390914,0.26643424283065503
6155171,2025-10-03,SW-ES,2025,1,Ariana FC,Lunds BK,ariana-fc,lunds-bk,0,1,A,dc_best,2025-09-29,0.4061254533172647,0.31083780234210207,0.2830367443406333
199118-22-bod-glimt,2025-10-03,NO-TS,2025,1,Bodø/Glimt,Vålerenga Fotball,bod-glimt,v-lerenga-fotball,1,4,A,dc_best,2025-09-29,0.04366001801237428,0.10436994346372076,0.851970038523905
6143018,2025-10-03,SW-DA,2025,1,Hammarby,AIK,hammarby,aik,1,0,H,dc_best,2025-09-29,0.7553501391532448,0.12049999539528823,0.12414986545146704
3962246,2025-10-03,NL,2025,2,Helsingin Palloseura,Kuopion Palloseura,60781,157420,2,1,H,dc_best,2025-09-29,0.2809826023635273,0.18047284830260563,0.5385445493338672
199118-22-sk-brann,2025-10-03,NO-TS,2025,1,SK Brann,Lyn,sk-brann,lyn,9,0,H,dc_best,2025-09-29,0.829964032727702,0.13473639055241182,0.03529957671988617
6150117,2025-10-03,SW-EE,2025,1,Jitex BK,BK Häcken,jitex-bk,bk-h-cken,3,3,D,dc_best,2025-09-29,0.6145866534790931,0.1592222568473876,0.22619108967351942
6155417,2025-10-03,SW-EN,2025,1,Vasalund,Stockholm Internazionale,vasalund,stockholm-internazionale,1,1,D,dc_best,2025-09-29,0.40536447576159407,0.29359663161490956,0.3010388926234964
3974491,2025-10-03,M1,2025,3,Pallokerho Keski-Uusimaa,Espoon Palloseuran Jalkapallo,60929,62296,1,0,H,dc_best,2025-09-29,0.5176211029176477,0.21985628269523136,0.262522614387121
3962247,2025-10-03,NL,2025,2,Åland United,Helsingin Jalkapalloklubi,60532,60682,2,2,D,dc_best,2025-09-29,0.10209067398185123,0.12630636928178485,0.771602956736364
3974476,2025-10-03,M1,2025,2,Jalkapalloseura Tampere United,KPV Juniorit,106945,60536,1,2,A,dc_best,2025-09-29,0.401481519696225,0.24726333623373684,0.3512551440700381
3965477,2025-10-04,M2,2025,9,Idrottsföreningen Kamraterna Vasa,Idrottsföreningen Kraft,60647,60686,4,2,H,dc_best,2025-09-29,0.3534905817918443,0.21337146493581124,0.4331379532723446
6143358,2025-10-04,SW-AL,2025,1,Mjällby AIF,IF Elfsborg,mj-llby-aif,if-elfsborg,2,0,H,dc_best,2025-09-29,0.6967962453360789,0.19388601953759763,0.10931773512632346
6143357,2025-10-04,SW-AL,2025,1,Östers IF,Halmstad,sters-if,halmstad,3,0,H,dc_best,2025-09-29,0.4120650638209069,0.3096110472031806,0.2783238889759126
3974493,2025-10-04,M1,2025,3,Atlantis FC Edustus,Football Club International Turku,60702,60860,1,5,A,dc_best,2025-09-29,0.43262554769040285,0.19411541715071595,0.37325903515888126
3974492,2025-10-04,M1,2025,3,Rovaniemen Palloseura,FC Jazz Juniorit,60973,60521,2,1,H,dc_best,2025-09-29,0.40327086094755416,0.20982888792359744,0.38690025112884824
3960233,2025-10-04,M1L,2025,1,Salon Palloilijat,TPS Juniorijalkapallo,60690,60971,1,0,H,dc_best,2025-09-29,0.0988672558921631,0.15807506510612132,0.7430576790017157
3960234,2025-10-04,M1L,2025,1,Jippo,Käpylän Pallo,129811,60487,2,1,H,dc_best,2025-09-29,0.5893805291734536,0.2304884739619478,0.18013099686459863
3960235,2025-10-04,M1L,2025,1,Helsingin Jalkapalloklubi,Järvenpään Palloseura,60692,60676,2,1,H,dc_best,2025-09-29,0.4401156452581168,0.24886517327022734,0.31101918147165586
199118-22-kolbotn-il-elite,2025-10-04,NO-TS,2025,1,Kolbotn IL Elite,Hønefoss BK,kolbotn-il-elite,h-nefoss-bk,1,2,A,dc_best,2025-09-29,0.3783601053908223,0.30858324204411125,0.31305665256506643
3974477,2025-10-04,M1,2025,2,Kuopion Palloseura,Mikkelin Palloilijat,106331,60494,2,2,D,dc_best,2025-09-29,0.2712164202598794,0.21478039028097945,0.5140031894591413
6144718,2025-10-04,SW-SE,2025,1,IK Brage,Kalmar FF,ik-brage,kalmar-ff,1,3,A,dc_best,2025-09-29,0.22110860311966135,0.25214621532067116,0.5267451815596675
6144723,2025-10-04,SW-SE,2025,1,Umeå FC,Helsingborgs IF,ume-fc,helsingborgs-if,1,0,H,dc_best,2025-09-29,0.22569233455586454,0.2975480611839129,0.4767596042602226
6144725,2025-10-04,SW-SE,2025,1,Östersund,Västerås SK FK,stersund,v-ster-s-sk-fk,1,6,A,dc_best,2025-09-29,0.20980575635034124,0.23664771546237467,0.5535465281872841
3965470,2025-10-04,M2,2025,8,Musan Salama,Pallo-Pojat Juniorit,60696,48924,1,0,H,dc_best,2025-09-29,0.47608994074447997,0.19349847568227604,0.330411583573244
3965459,2025-10-04,M2,2025,7,Haminan Pallo-Kissat Edustus,Jyväskylän Seudun Palloseura,61483,106602,3,2,H,dc_best,2025-09-29,0.40698841244297085,0.2107265074463931,0.38228508011063606
3962248,2025-10-04,NL,2025,2,Idrottsföreningen Kamraterna Vasa,PK-35 Vantaa,60691,60671,1,3,A,dc_best,2025-09-29,0.10406339588041885,0.11633631454600463,0.7796002895735766
6143360,2025-10-04,SW-AL,2025,1,Degerfors IF,Djurgården,degerfors-if,djurg-rden,1,1,D,dc_best,2025-09-29,0.1449477157150085,0.23043037898120178,0.6246219053037897
6143017,2025-10-04,SW-DA,2025,1,Alingsås IF FF,BK Häcken FF,alings-s-if-ff,bk-h-cken-ff,0,2,A,dc_best,2025-09-29,0.005395195316557276,0.00990365485152127,0.9847011498319215
3965471,2025-10-04,M2,2025,8,Nurmijärven Jalkapalloseura,Atlantis Football Club,60537,35135803,5,2,H,dc_best,2025-09-29,0.929262152803752,0.04644920845266816,0.02428863874357979
6143023,2025-10-04,SW-DA,2025,1,Vittsjö GIK,Kristianstads DFF,vittsj-gik,kristianstads-dff,1,2,A,dc_best,2025-09-29,0.22958503184691686,0.171826657630156,0.5985883105229273
3965458,2025-10-04,M2,2025,7,Lahden Reipas,FC Vaajakoski,61562,60496,2,1,H,dc_best,2025-09-29,0.7524831697787346,0.1161808052167245,0.131336025004541
199118-22-stab-k,2025-10-04,NO-TS,2025,1,Stabæk,LSK Kvinner,stab-k,lsk-kvinner,2,0,H,dc_best,2025-09-29,0.44878371973724146,0.2432725636089788,0.30794371665377973
6143021,2025-10-04,SW-DA,2025,1,Malmö FF,FC Rosengård,malm-ff,fc-roseng-rd,2,1,H,dc_best,2025-09-29,0.7270485306381249,0.12954148130598223,0.14340998805589295
6143355,2025-10-04,SW-AL,2025,1,GAIS,IFK Norrköping FK,gais,ifk-norrk-ping-fk,2,1,H,dc_best,2025-09-29,0.5976954341017892,0.21832039492027547,0.18398417097793543
199603-24-sandefjord-fotball,2025-10-04,NO-ELI,2025,1,Sandefjord Fotball,Bryne,sandefjord-fotball,bryne,1,0,H,dc_best,2025-09-29,0.5863924036443333,0.22722371881284426,0.18638387754282237
199422-25-start,2025-10-04,NO-OBOS,2025,1,Start,Raufoss,start,raufoss,4,0,H,dc_best,2025-09-29,0.5630862929916605,0.2563855698488564,0.18052813715948304
199422-25-ranheim-tf,2025-10-04,NO-OBOS,2025,1,Ranheim TF,Egersund,ranheim-tf,egersund,0,4,A,dc_best,2025-09-29,0.342667221186649,0.3088842930959665,0.34844848571738457
199422-25-lillestr-m,2025-10-04,NO-OBOS,2025,1,Lillestrøm,Hødd,lillestr-m,h-dd,4,0,H,dc_best,2025-09-29,0.8146309084889489,0.1512480135213748,0.034121077989676354
199422-25-kongsvinger,2025-10-04,NO-OBOS,2025,1,Kongsvinger,Skeid,kongsvinger,skeid,3,0,H,dc_best,2025-09-29,0.6551143774280247,0.22357486636842644,0.12131075620354903
6150118,2025-10-04,SW-EE,2025,1,Mallbackens IF Sunne,Gamla Upsala SK,mallbackens-if-sunne,gamla-upsala-sk,1,2,A,dc_best,2025-09-29,0.3647610320759753,0.17991957212060036,0.45531939580342434
6150116,2025-10-04,SW-EE,2025,1,IF Elfsborg,KIF Örebro DFF,if-elfsborg,kif-rebro-dff,1,1,D,dc_best,2025-09-29,0.1864440138960937,0.15837004988284648,0.6551859362210598
199294-23-vard-haugesund,2025-10-04,NO-PN1,2025,1,Vard Haugesund,Pors,vard-haugesund,pors,1,1,D,dc_best,2025-09-29,0.4849177936614331,0.28558225174690494,0.22949995459166198
6150121,2025-10-04,SW-EE,2025,1,Örebro SK FK,Bollstanäs SK,rebro-sk-fk,bollstan-s-sk,3,0,H,dc_best,2025-09-29,0.6885127613328212,0.15718017604911974,0.15430706261805907
6155418,2025-10-04,SW-EN,2025,1,Örebro Syrianska IF,Karlbergs BK,rebro-syrianska-if,karlbergs-bk,1,1,D,dc_best,2025-09-29,0.24415744917987153,0.269796441522579,0.48604610929754954
6155415,2025-10-04,SW-EN,2025,1,Nordic United FC,Athletic Eskilstuna,nordic-united-fc,athletic-eskilstuna,3,2,H,dc_best,2025-09-29,0.7419165185791858,0.16321133360099588,0.0948721478198182
6155173,2025-10-04,SW-ES,2025,1,Husqvarna FF,Ljungskile SK Herrfotboll,husqvarna-ff,ljungskile-sk-herrfotboll,2,0,H,dc_best,2025-09-29,0.10300770287716639,0.15466931546424653,0.7423229816585871
6155178,2025-10-04,SW-ES,2025,1,Ängelholms FF,FC Trollhättan,ngelholms-ff,fc-trollh-ttan,1,2,A,dc_best,2025-09-29,0.5559847541801162,0.23823166681023558,0.20578357900964828
6155177,2025-10-04,SW-ES,2025,1,Torslanda IK,Hässleholms IF,torslanda-ik,h-ssleholms-if,0,5,A,dc_best,2025-09-29,0.2114614593301662,0.27647875397281074,0.512059786697023
6155174,2025-10-04,SW-ES,2025,1,IFK Skövde FK,BK Olympic,ifk-sk-vde-fk,bk-olympic,3,1,H,dc_best,2025-09-29,0.19885590981223988,0.2517428704895216,0.5494012196982386
6155414,2025-10-04,SW-EN,2025,1,IFK Stocksund,Sollentuna FK,ifk-stocksund,sollentuna-fk,2,1,H,dc_best,2025-09-29,0.491952254859768,0.20806779789539487,0.2999799472448372
199603-24-kristiansund,2025-10-04,NO-ELI,2025,1,Kristiansund,Molde,kristiansund,molde,2,1,H,dc_best,2025-09-29,0.24989553455853225,0.26180973330739055,0.48829473213407726
199294-23-lysekloster,2025-10-04,NO-PN1,2025,1,Lysekloster,Sandnes Ulf,lysekloster,sandnes-ulf,2,3,A,dc_best,2025-09-29,0.26630030662049786,0.35367971869738823,0.38001997468211396
199295-23-ullensaker-kisa,2025-10-04,NO-PN2,2025,1,Ullensaker/Kisa,Hønefoss BK,ullensaker-kisa,h-nefoss-bk,3,4,A,dc_best,2025-09-29,0.5466985503283962,0.14951379305751947,0.30378765661408436
199603-24-v-lerenga,2025-10-04,NO-ELI,2025,1,Vålerenga,Tromsø,v-lerenga,troms,1,0,H,dc_best,2025-09-29,0.3238143555558247,0.24367515950480695,0.4325104849393685
6155411,2025-10-04,SW-EN,2025,1,Enköpings SK FK,Assyriska FF,enk-pings-sk-fk,assyriska-ff,3,1,H,dc_best,2025-09-29,0.36346224217284545,0.2929829615070951,0.3435547963200596
199422-25-aalesund,2025-10-04,NO-OBOS,2025,1,Aalesund,Sogndal,aalesund,sogndal,2,0,H,dc_best,2025-09-29,0.534983035025172,0.2561596187224714,0.2088573462523566
199422-25-sane,2025-10-04,NO-OBOS,2025,1,Åsane,Mjøndalen,sane,mj-ndalen,2,3,A,dc_best,2025-09-29,0.5226388838596417,0.2712980246001392,0.20606309154021918
199120-20-viking,2025-10-04,NO-1DK,2025,1,Viking,HamKam,viking,hamkam,2,1,H,dc_best,2025-09-29,0.6267830169317188,0.3003897367656856,0.07282724630259572
3973441,2025-10-04,VL,2025,2,SEINÄJOEN JALKAPALLOKERHO,Ilves,60970,60745,2,1,H,dc_best,2025-09-29,0.3497410120606473,0.21974183674895317,0.4305171511903996
3973472,2025-10-04,VL,2025,3,FC KTP Kotka,IFK Mariehamn Fotboll,60972,60759,1,1,D,dc_best,2025-09-29,0.30885736880246634,0.23374683383558476,0.4573957973619489
199120-20-haugesund,2025-10-04,NO-1DK,2025,1,Haugesund,Odds Ballklubb,haugesund,odds-ballklubb,4,0,H,dc_best,2025-09-29,0.799736488576282,0.15708142817935364,0.043182083244364504
3973470,2025-10-04,VL,2025,3,Oulun edustusjalkapallo AC Oulu,Vaasan Palloseura,60493,60901,2,0,H,dc_best,2025-09-29,0.26654871658499507,0.26039450376301854,0.47305677965198645
199120-20-fyllingsdalen,2025-10-04,NO-1DK,2025,1,Fyllingsdalen,KIL/Hemne,fyllingsdalen,kil-hemne,0,2,A,dc_best,2025-09-29,0.6713513091890735,0.24729203485446813,0.08135665595645836
199294-23-tr-ff,2025-10-05,NO-PN1,2025,1,Træff,FK Eik Tønsberg 871,tr-ff,fk-eik-t-nsberg-871,1,1,D,dc_best,2025-09-29,0.425604563519989,0.3520654153195871,0.22233002116042397
3973440,2025-10-05,VL,2025,2,Football Club International Turku,Kuopion Palloseura,60987,60756,0,3,A,dc_best,2025-09-29,0.4109970724633006,0.2849305510427957,0.30407237649390373
199294-23-jerv,2025-10-05,NO-PN1,2025,1,Jerv,Sotra,jerv,sotra,2,0,H,dc_best,2025-09-29,0.27798977828224575,0.32292727807859734,0.39908294363915686
199294-23-fl-y-flekker-y,2025-10-05,NO-PN1,2025,1,Fløy-Flekkerøy,Sandviken,fl-y-flekker-y,sandviken,2,1,H,dc_best,2025-09-29,0.23661036381037587,0.28538093773271367,0.47800869845691063
199294-23-brattv-g,2025-10-05,NO-PN1,2025,1,Brattvåg,Arendal,brattv-g,arendal,2,0,H,dc_best,2025-09-29,0.4230551002963212,0.23478501694858295,0.3421598827550959
6155412,2025-10-05,SW-EN,2025,1,Hammarby TFF Herrfotboll,FC Arlanda,hammarby-tff-herrfotboll,fc-arlanda,3,1,H,dc_best,2025-09-29,0.6190553797706909,0.26026215482624654,0.12068246540306254
199422-25-lyn,2025-10-05,NO-OBOS,2025,1,Lyn,Moss,lyn,moss,4,0,H,dc_best,2025-09-29,0.6024714385049481,0.2616732533418652,0.1358553081531867
6143353,2025-10-05,SW-AL,2025,1,AIK,IFK Värnamo,aik,ifk-v-rnamo,2,3,A,dc_best,2025-09-29,0.6313407883062596,0.2083692523927083,0.16028995930103215
6150119,2025-10-05,SW-EE,2025,1,Sunnanå SK,Trelleborgs FF,sunnan-sk,trelleborgs-ff,2,3,A,dc_best,2025-09-29,0.10726668543156916,0.1588196078005565,0.7339137067678744
6155413,2025-10-05,SW-EN,2025,1,IF Karlstad Fotboll,IFK Haninge,if-karlstad-fotboll,ifk-haninge,7,1,H,dc_best,2025-09-29,0.709612325451804,0.16856744457364262,0.1218202299745535
199422-25-stab-k,2025-10-05,NO-OBOS,2025,1,Stabæk,Odd,stab-k,odd,2,2,D,dc_best,2025-09-29,0.33029710277511276,0.3758764826597739,0.2938264145651134
6143354,2025-10-05,SW-AL,2025,1,IF Brommapojkarna,BK Häcken,if-brommapojkarna,bk-h-cken,1,3,A,dc_best,2025-09-29,0.5422991909079858,0.2126110860012538,0.24508972309076035
199295-23-strindheim-tf,2025-10-05,NO-PN2,2025,1,Strindheim TF,Tromsdalen,strindheim-tf,tromsdalen,2,1,H,dc_best,2025-09-29,0.1914476063153464,0.12135801896497939,0.6871943747196743
199295-23-asker,2025-10-05,NO-PN2,2025,1,Asker,Kjelsås,asker,kjels-s,2,3,A,dc_best,2025-09-29,0.18843437212895275,0.11958500940716778,0.6919806184638795
199295-23-grorud,2025-10-05,NO-PN2,2025,1,Grorud,Eidsvold TF,grorud,eidsvold-tf,4,0,H,dc_best,2025-09-29,0.6180242575011051,0.13624616037446485,0.24572958212442994
199295-23-str-mmen,2025-10-05,NO-PN2,2025,1,Strømmen,Levanger,str-mmen,levanger,7,0,H,dc_best,2025-09-29,0.7235688003581432,0.11026319863975809,0.16616800100209872
6150120,2025-10-05,SW-EE,2025,1,Team TG FF,Umeå IK FF,team-tg-ff,ume-ik-ff,1,7,A,dc_best,2025-09-29,0.10616512220420028,0.12689559018781216,0.7669392876079877
6143356,2025-10-05,SW-AL,2025,1,IFK Göteborg,Hammarby,ifk-g-teborg,hammarby,1,2,A,dc_best,2025-09-29,0.29044543263081934,0.2648715213299451,0.44468304603923564
6144724,2025-10-05,SW-SE,2025,1,Örebro,Falkenbergs FF,rebro,falkenbergs-ff,4,1,H,dc_best,2025-09-29,0.244275990050142,0.22925414449163745,0.5264698654582205
6144719,2025-10-05,SW-SE,2025,1,IK Oddevold,Utsikten,ik-oddevold,utsikten,1,0,H,dc_best,2025-09-29,0.5686487776446011,0.23209692657529704,0.1992542957801018
3974478,2025-10-05,M1,2025,2,Oulun Luistinseura,JJK Jyväskylä,106449,144858,3,0,H,dc_best,2025-09-29,0.7239323061029914,0.16237698204279413,0.11369071185421441
199120-20-troms-il,2025-10-05,NO-1DK,2025,1,Tromsø IL,AaFK Fortuna,troms-il,aafk-fortuna,0,2,A,dc_best,2025-09-29,0.14664166828023772,0.24013392654248591,0.6132244051772763
199120-20-sane,2025-10-05,NO-1DK,2025,1,Åsane,Molde,sane,molde,1,3,A,dc_best,2025-09-29,0.4908494210846761,0.2914002986480456,0.21775028026727833
199120-20-arna-bj-rnar,2025-10-05,NO-1DK,2025,1,Arna-Bjørnar,IK Start Kvinner,arna-bj-rnar,ik-start-kvinner,1,1,D,dc_best,2025-09-29,0.6768472197382313,0.25537154865999206,0.06778123160177663
6155172,2025-10-05,SW-ES,2025,1,Eskilsminne IF,Oskarshamns AIK,eskilsminne-if,oskarshamns-aik,3,1,H,dc_best,2025-09-29,0.40724052188336696,0.3497314621806338,0.24302801593599935
6155176,2025-10-05,SW-ES,2025,1,Norrby IF,FC Rosengård 1917,norrby-if,fc-roseng-rd-1917,2,1,H,dc_best,2025-09-29,0.6861580505023014,0.22066991415590925,0.09317203534178944
6144722,2025-10-05,SW-SE,2025,1,Trelleborgs FF,GIF Sundsvall,trelleborgs-ff,gif-sundsvall,2,1,H,dc_best,2025-09-29,0.26634311510058745,0.312725532051916,0.4209313528474966
6150115,2025-10-05,SW-EE,2025,1,Eskilstuna United DFF,IK Uppsala Fotboll,eskilstuna-united-dff,ik-uppsala-fotboll,3,1,H,dc_best,2025-09-29,0.5046960219563754,0.20742351941693862,0.287880458626686
199295-23-follo,2025-10-05,NO-PN2,2025,1,Follo,Rana FK,follo,rana-fk,2,1,H,dc_best,2025-09-29,0.4076834000706058,0.15543500365279317,0.43688159627660106
6155416,2025-10-05,SW-EN,2025,1,Team TG FF,Gefle IF FF,team-tg-ff,gefle-if-ff,0,1,A,dc_best,2025-09-29,0.20392176471332601,0.2882543719115108,0.5078238633751632
6143359,2025-10-05,SW-AL,2025,1,IK Sirius FK,Malmö FF,ik-sirius-fk,malm-ff,5,1,H,dc_best,2025-09-29,0.2889589415827857,0.23830253480117747,0.47273852361603697
199603-24-rosenborg,2025-10-05,NO-ELI,2025,1,Rosenborg,Sarpsborg 08,rosenborg,sarpsborg-08,2,3,A,dc_best,2025-09-29,0.5035391888199385,0.24544506108602504,0.2510157500940365
199603-24-str-msgodset,2025-10-05,NO-ELI,2025,1,Strømsgodset,KFUM,str-msgodset,kfum,1,1,D,dc_best,2025-09-29,0.24994929382872236,0.23878822328058383,0.5112624828906939
199603-24-fredrikstad,2025-10-05,NO-ELI,2025,1,Fredrikstad,HamKam,fredrikstad,hamkam,1,1,D,dc_best,2025-09-29,0.47495883391242855,0.2890562790306314,0.23598488705694004
6143020,2025-10-05,SW-DA,2025,1,Linköping FC,IF Brommapojkarna,link-ping-fc,if-brommapojkarna,4,1,H,dc_best,2025-09-29,0.211272368507688,0.1399460433563561,0.648781588135956
199603-24-viking,2025-10-05,NO-ELI,2025,1,Viking,Brann,viking,brann,3,0,H,dc_best,2025-09-29,0.5264597432730808,0.21412858039152136,0.2594116763353979
199603-24-bod-glimt,2025-10-05,NO-ELI,2025,1,Bodø/Glimt,Haugesund,bod-glimt,haugesund,2,0,H,dc_best,2025-09-29,0.9704007034846703,0.024100002956578766,0.0054992935587508856
6143022,2025-10-05,SW-DA,2025,1,Piteå IF DFF,Djurgården,pite-if-dff,djurg-rden,0,0,D,dc_best,2025-09-29,0.20337315367511433,0.1439471089534966,0.6526797373713891
6143019,2025-10-05,SW-DA,2025,1,IFK Norrköping FK,Växjö,ifk-norrk-ping-fk,v-xj,2,0,H,dc_best,2025-09-29,0.6204870005501852,0.15460565467021456,0.22490734477960028
6155175,2025-10-06,SW-ES,2025,1,Jönköpings Södra IF,Skövde AIK,j-nk-pings-s-dra-if,sk-vde-aik,1,0,H,dc_best,2025-10-06,0.6994882864518693,0.21364855541811725,0.08686315813001341
199294-23-brann-2,2025-10-06,NO-PN1,2025,1,Brann  2,Notodden,brann-2,notodden,2,1,H,dc_best,2025-10-06,0.4888661079058101,0.2967382218023063,0.21439567029188364
6144720,2025-10-06,SW-SE,2025,1,Landskrona BoIS,Varbergs BoIS FC,landskrona-bois,varbergs-bois-fc,2,1,H,dc_best,2025-10-06,0.3513101248425493,0.27343876033606174,0.37525111482138906
6144721,2025-10-06,SW-SE,2025,1,Sandvikens IF,Örgryte IS Fotboll,sandvikens-if,rgryte-is-fotboll,1,1,D,dc_best,2025-10-06,0.12707379806482055,0.1911442530921207,0.6817819488430588
3962237,2025-10-07,NL,2025,2,Åland United,Helsingin Palloseura,60532,60781,6,2,H,dc_best,2025-10-06,0.43056297671612137,0.177910458666851,0.3915265646170276
199295-23-alta,2025-10-08,NO-PN2,2025,1,Alta,Stjørdals-Blink,alta,stj-rdals-blink,1,4,A,dc_best,2025-10-06,0.45709521352998767,0.15701104985569955,0.3858937366143129
6155179,2025-10-10,SW-ES,2025,1,Ariana FC,Ängelholms FF,ariana-fc,ngelholms-ff,1,3,A,dc_best,2025-10-06,0.4081042007370884,0.3175100145468156,0.274385784716096
6155182,2025-10-10,SW-ES,2025,1,Husqvarna FF,IFK Skövde FK,husqvarna-ff,ifk-sk-vde-fk,1,2,A,dc_best,2025-10-06,0.5858524838194075,0.22922056463737897,0.18492695154321365
6155426,2025-10-10,SW-EN,2025,1,Örebro Syrianska IF,Enköpings SK FK,rebro-syrianska-if,enk-pings-sk-fk,1,1,D,dc_best,2025-10-06,0.28106918813446774,0.2683509376423467,0.4505798742231856
6143029,2025-10-11,SW-DA,2025,1,Malmö FF,Linköping FC,malm-ff,link-ping-fc,2,1,H,dc_best,2025-10-06,0.7722103792782088,0.12213273398342513,0.10565688673836612
199120-21-kil-hemne,2025-10-11,NO-1DK,2025,1,KIL/Hemne,Viking,kil-hemne,viking,1,1,D,dc_best,2025-10-06,0.27614759474097933,0.35436799732905383,0.3694844079299669
6155186,2025-10-11,SW-ES,2025,1,Skövde AIK,Lunds BK,sk-vde-aik,lunds-bk,1,0,H,dc_best,2025-10-06,0.2831237692098596,0.26587541936043285,0.4510008114297075
6143027,2025-10-11,SW-DA,2025,1,IF Brommapojkarna,Vittsjö GIK,if-brommapojkarna,vittsj-gik,2,3,A,dc_best,2025-10-06,0.43206886217009255,0.1755086795167129,0.39242245831319456
6143028,2025-10-11,SW-DA,2025,1,Kristianstads DFF,IFK Norrköping FK,kristianstads-dff,ifk-norrk-ping-fk,0,1,A,dc_best,2025-10-06,0.3494059152442504,0.24371428142744955,0.4068798033283001
6143025,2025-10-11,SW-DA,2025,1,BK Häcken FF,Hammarby,bk-h-cken-ff,hammarby,2,0,H,dc_best,2025-10-06,0.48441309599776106,0.18855036589248134,0.32703653810975764
3962250,2025-10-11,NL,2025,2,Åland United,PK-35 Vantaa,60532,60671,3,1,H,dc_best,2025-10-06,0.555727433262874,0.16964365939065568,0.27462890734647044
3962249,2025-10-11,NL,2025,2,Idrottsföreningen Kamraterna Vasa,Helsingin Palloseura,60691,60781,0,2,A,dc_best,2025-10-06,0.060195512299014854,0.0809324904491838,0.8588719972518014
6155184,2025-10-11,SW-ES,2025,1,Ljungskile SK Herrfotboll,Eskilsminne IF,ljungskile-sk-herrfotboll,eskilsminne-if,3,0,H,dc_best,2025-10-06,0.8188497233013381,0.12275452722750997,0.058395749471151975
6143026,2025-10-11,SW-DA,2025,1,FC Rosengård,Djurgården,fc-roseng-rd,djurg-rden,1,2,A,dc_best,2025-10-06,0.24919342344543494,0.1882655796348895,0.5625409969196756
6155185,2025-10-11,SW-ES,2025,1,Oskarshamns AIK,Jönköpings Södra IF,oskarshamns-aik,j-nk-pings-s-dra-if,0,0,D,dc_best,2025-10-06,0.11041755433034484,0.311011013352612,0.5785714323170431
199295-24-kjels-s,2025-10-11,NO-PN2,2025,1,Kjelsås,Ullensaker/Kisa,kjels-s,ullensaker-kisa,3,1,H,dc_best,2025-10-06,0.6118699193182484,0.13896386858156884,0.24916621210018286
199294-24-sandviken,2025-10-11,NO-PN1,2025,1,Sandviken,Jerv,sandviken,jerv,2,1,H,dc_best,2025-10-06,0.3841647127956865,0.31493130221551296,0.30090398498880055
6150122,2025-10-11,SW-EE,2025,1,BK Häcken,Sunnanå SK,bk-h-cken,sunnan-sk,1,1,D,dc_best,2025-10-06,0.5623636826408618,0.21238211299919246,0.2252542043599457
6150124,2025-10-11,SW-EE,2025,1,IK Uppsala Fotboll,IF Elfsborg,ik-uppsala-fotboll,if-elfsborg,1,0,H,dc_best,2025-10-06,0.6844643047410714,0.1511470288845015,0.16438866637442712
6150123,2025-10-11,SW-EE,2025,1,Bollstanäs SK,Eskilstuna United DFF,bollstan-s-sk,eskilstuna-united-dff,1,4,A,dc_best,2025-10-06,0.05755211480131528,0.09918615678649521,0.8432617284121895
6150125,2025-10-11,SW-EE,2025,1,Örebro SK FK,KIF Örebro DFF,rebro-sk-fk,kif-rebro-dff,2,3,A,dc_best,2025-10-06,0.18613448939534188,0.187790773936616,0.6260747366680421
6150126,2025-10-11,SW-EE,2025,1,Team TG FF,Jitex BK,team-tg-ff,jitex-bk,0,2,A,dc_best,2025-10-06,0.22990234438459506,0.15570060367111313,0.6143970519442918
6150127,2025-10-11,SW-EE,2025,1,Trelleborgs FF,Gamla Upsala SK,trelleborgs-ff,gamla-upsala-sk,3,0,H,dc_best,2025-10-06,0.8540806106673914,0.08236135406441364,0.06355803526819506
199294-24-sotra,2025-10-11,NO-PN1,2025,1,Sotra,Vard Haugesund,sotra,vard-haugesund,1,0,H,dc_best,2025-10-06,0.7333545167876081,0.21133376592651515,0.05531171728587676
199294-24-fk-eik-t-nsberg-871,2025-10-11,NO-PN1,2025,1,FK Eik Tønsberg 871,Fløy-Flekkerøy,fk-eik-t-nsberg-871,fl-y-flekker-y,2,0,H,dc_best,2025-10-06,0.7027004942343171,0.2218451635893896,0.07545434217629321
199118-23-lyn,2025-10-11,NO-TS,2025,1,Lyn,Kolbotn IL Elite,lyn,kolbotn-il-elite,2,2,D,dc_best,2025-10-06,0.5911946554576761,0.22114449922867002,0.1876608453136537
6155425,2025-10-11,SW-EN,2025,1,Stockholm Internazionale,IF Karlstad Fotboll,stockholm-internazionale,if-karlstad-fotboll,0,1,A,dc_best,2025-10-06,0.5242772765234851,0.2963829785846008,0.17933974489191412
6155424,2025-10-11,SW-EN,2025,1,Sollentuna FK,Assyriska FF,sollentuna-fk,assyriska-ff,2,1,H,dc_best,2025-10-06,0.36772969990483684,0.29165139525753425,0.34061890483762886
6155419,2025-10-11,SW-EN,2025,1,Athletic Eskilstuna,IFK Stocksund,athletic-eskilstuna,ifk-stocksund,3,4,A,dc_best,2025-10-06,0.6480867375950103,0.170250656084896,0.18166260632009368
6155422,2025-10-11,SW-EN,2025,1,IFK Haninge,Hammarby TFF Herrfotboll,ifk-haninge,hammarby-tff-herrfotboll,1,2,A,dc_best,2025-10-06,0.18914015837412518,0.2138012213324682,0.5970586202934067
6143024,2025-10-11,SW-DA,2025,1,AIK,Alingsås IF FF,aik,alings-s-if-ff,6,3,H,dc_best,2025-10-06,0.7202823897285879,0.1602396270188463,0.11947798325256576
199295-24-rana-fk,2025-10-11,NO-PN2,2025,1,Rana FK,Strindheim TF,rana-fk,strindheim-tf,2,1,H,dc_best,2025-10-06,0.6890529479356113,0.11845764004704633,0.19248941201734238
199295-24-eidsvold-tf,2025-10-11,NO-PN2,2025,1,Eidsvold TF,Asker,eidsvold-tf,asker,2,0,H,dc_best,2025-10-06,0.7714658884594598,0.09884375421513668,0.12969035732540338
6155181,2025-10-11,SW-ES,2025,1,FC Trollhättan,Torslanda IK,fc-trollh-ttan,torslanda-ik,4,0,H,dc_best,2025-10-06,0.5975674476156969,0.20920667114361882,0.19322588124068416
199295-24-levanger,2025-10-11,NO-PN2,2025,1,Levanger,Alta,levanger,alta,0,0,D,dc_best,2025-10-06,0.5413849668480264,0.14879302871413366,0.30982200443784
6155423,2025-10-11,SW-EN,2025,1,Karlbergs BK,Vasalund,karlbergs-bk,vasalund,0,0,D,dc_best,2025-10-06,0.3074644814769373,0.24735971232794104,0.44517580619512176
199120-21-ik-start-kvinner,2025-10-12,NO-1DK,2025,1,IK Start Kvinner,Fyllingsdalen,ik-start-kvinner,fyllingsdalen,1,1,D,dc_best,2025-10-06,0.30617106830947705,0.433912307263346,0.2599166244271769
6150128,2025-10-12,SW-EE,2025,1,Umeå IK FF,Mallbackens IF Sunne,ume-ik-ff,mallbackens-if-sunne,0,0,D,dc_best,2025-10-06,0.9371007782869428,0.041081839756344614,0.021817381956712605
199120-21-aafk-fortuna,2025-10-12,NO-1DK,2025,1,AaFK Fortuna,Åsane,aafk-fortuna,sane,2,0,H,dc_best,2025-10-06,0.646086625119596,0.27184546062353504,0.08206791425686893
199120-21-odds-ballklubb,2025-10-12,NO-1DK,2025,1,Odds Ballklubb,Arna-Bjørnar,odds-ballklubb,arna-bj-rnar,0,3,A,dc_best,2025-10-06,0.243459490958864,0.319634344964708,0.436906164076428
199120-21-molde,2025-10-12,NO-1DK,2025,1,Molde,Haugesund,molde,haugesund,2,1,H,dc_best,2025-10-06,0.3189399149137937,0.2843476769728392,0.396712408113367
199118-23-v-lerenga-fotball,2025-10-12,NO-TS,2025,1,Vålerenga Fotball,SK Brann,v-lerenga-fotball,sk-brann,2,4,A,dc_best,2025-10-06,0.23194955565550598,0.282868599329644,0.48518184501485
199118-23-rosenborg-bk,2025-10-12,NO-TS,2025,1,Rosenborg BK,Hønefoss BK,rosenborg-bk,h-nefoss-bk,8,0,H,dc_best,2025-10-06,0.785528082071211,0.15712582492828212,0.057346093000506845
199118-23-lsk-kvinner,2025-10-12,NO-TS,2025,1,LSK Kvinner,Bodø/Glimt,lsk-kvinner,bod-glimt,1,0,H,dc_best,2025-10-06,0.6837062926858145,0.16221567754808014,0.15407802976610532
199295-24-tromsdalen,2025-10-12,NO-PN2,2025,1,Tromsdalen,Strømmen,tromsdalen,str-mmen,0,1,A,dc_best,2025-10-06,0.33566277199485167,0.14506346228862607,0.5192737657165223
199295-24-h-nefoss-bk,2025-10-12,NO-PN2,2025,1,Hønefoss BK,Stjørdals-Blink,h-nefoss-bk,stj-rdals-blink,4,1,H,dc_best,2025-10-06,0.5828690380758493,0.1444236857709456,0.27270727615320506
199295-24-follo,2025-10-12,NO-PN2,2025,1,Follo,Grorud,follo,grorud,1,2,A,dc_best,2025-10-06,0.28491826872515225,0.13892369653858178,0.576158034736266
6155420,2025-10-12,SW-EN,2025,1,FC Arlanda,Team TG FF,fc-arlanda,team-tg-ff,4,3,H,dc_best,2025-10-06,0.7051037457250909,0.2101874418331501,0.08470881244175903
199120-21-hamkam,2025-10-12,NO-1DK,2025,1,HamKam,Tromsø IL,hamkam,troms-il,1,4,A,dc_best,2025-10-06,0.16413244558923243,0.3301023048401859,0.5057652495705817
199118-23-r-a-fotball-elite,2025-10-12,NO-TS,2025,1,Røa Fotball Elite,Stabæk,r-a-fotball-elite,stab-k,1,1,D,dc_best,2025-10-06,0.21269805901238947,0.3128753510986632,0.47442658988894737
6155421,2025-10-12,SW-EN,2025,1,Gefle IF FF,Nordic United FC,gefle-if-ff,nordic-united-fc,0,2,A,dc_best,2025-10-06,0.25782567115142113,0.33127221683735686,0.4109021120112221
6155180,2025-10-12,SW-ES,2025,1,FC Rosengård 1917,BK Olympic,fc-roseng-rd-1917,bk-olympic,1,3,A,dc_best,2025-10-06,0.3432338670252031,0.30873396554390425,0.3480321674308926
199294-24-sandnes-ulf,2025-10-12,NO-PN1,2025,1,Sandnes Ulf,Brattvåg,sandnes-ulf,brattv-g,2,2,D,dc_best,2025-10-06,0.7863979300820562,0.13289929884611074,0.08070277107183313
199294-24-notodden,2025-10-12,NO-PN1,2025,1,Notodden,Træff,notodden,tr-ff,4,3,H,dc_best,2025-10-06,0.3462930047132921,0.37770648115030947,0.2760005141363984
199294-24-pors,2025-10-12,NO-PN1,2025,1,Pors,Brann  2,pors,brann-2,2,1,H,dc_best,2025-10-06,0.6382417108016782,0.22474336199409944,0.13701492720422231
199294-24-arendal,2025-10-12,NO-PN1,2025,1,Arendal,Lysekloster,arendal,lysekloster,3,2,H,dc_best,2025-10-06,0.5268349866407079,0.31697444254177914,0.1561905708175129
6155183,2025-10-12,SW-ES,2025,1,Hässleholms IF,Norrby IF,h-ssleholms-if,norrby-if,1,0,H,dc_best,2025-10-06,0.3567851023588368,0.2785195448062169,0.36469535283494636
6143030,2025-10-12,SW-DA,2025,1,Växjö,Piteå IF DFF,v-xj,pite-if-dff,1,2,A,dc_best,2025-10-06,0.4598929283538386,0.1903782407098102,0.3497288309363512
3962251,2025-10-12,NL,2025,2,Helsingin Jalkapalloklubi,Kuopion Palloseura,60682,157420,3,2,H,dc_best,2025-10-06,0.6198808294677034,0.19969910936440766,0.18042006116788895
3973446,2025-10-16,VL,2025,2,Ilves,Kuopion Palloseura,60745,60756,1,1,D,dc_best,2025-10-13,0.33057766103223385,0.24809477482927036,0.4213275641384958
6155427,2025-10-17,SW-EN,2025,1,Assyriska FF,IFK Stocksund,assyriska-ff,ifk-stocksund,3,3,D,dc_best,2025-10-13,0.563745105328304,0.24234383838789517,0.1939110562838008
199422-26-lillestr-m,2025-10-17,NO-OBOS,2025,1,Lillestrøm,Lyn,lillestr-m,lyn,5,1,H,dc_best,2025-10-13,0.5990570667760111,0.2835012046199835,0.11744172860400544
6143035,2025-10-17,SW-DA,2025,1,Linköping FC,AIK,link-ping-fc,aik,1,4,A,dc_best,2025-10-13,0.2472601119817636,0.17714200447593334,0.5755978835423031
6155193,2025-10-17,SW-ES,2025,1,Lunds BK,Ängelholms FF,lunds-bk,ngelholms-ff,1,2,A,dc_best,2025-10-13,0.41679121770337846,0.28288322346117273,0.3003255588354488
6155191,2025-10-17,SW-ES,2025,1,IFK Skövde FK,FC Trollhättan,ifk-sk-vde-fk,fc-trollh-ttan,1,4,A,dc_best,2025-10-13,0.32446621120285046,0.23012176878120874,0.4454120200159409
199295-25-str-mmen,2025-10-18,NO-PN2,2025,1,Strømmen,Hønefoss BK,str-mmen,h-nefoss-bk,3,0,H,dc_best,2025-10-13,0.7859993775468097,0.10504870671100704,0.10895191574218333
6144726,2025-10-18,SW-SE,2025,1,Falkenbergs FF,Örgryte IS Fotboll,falkenbergs-ff,rgryte-is-fotboll,3,0,H,dc_best,2025-10-13,0.34067321565286346,0.24551462923687364,0.41381215511026287
199603-25-sarpsborg-08,2025-10-18,NO-ELI,2025,1,Sarpsborg 08,Bodø/Glimt,sarpsborg-08,bod-glimt,2,5,A,dc_best,2025-10-13,0.16968132201955238,0.1925328434508234,0.6377858345296243
3962252,2025-10-18,NL,2025,2,PK-35 Vantaa,Helsingin Jalkapalloklubi,60671,60682,1,2,A,dc_best,2025-10-13,0.12412062893186464,0.13546876436360492,0.7404106067045304
6144732,2025-10-18,SW-SE,2025,1,Västerås SK FK,GIF Sundsvall,v-ster-s-sk-fk,gif-sundsvall,2,1,H,dc_best,2025-10-13,0.7181669224473048,0.17305952780076622,0.108773549751929
3962253,2025-10-18,NL,2025,2,Kuopion Palloseura,Idrottsföreningen Kamraterna Vasa,157420,60691,6,0,H,dc_best,2025-10-13,0.9607207905342956,0.029146740713975633,0.010132468751728843
3962254,2025-10-18,NL,2025,2,Helsingin Palloseura,Åland United,60781,60532,2,1,H,dc_best,2025-10-13,0.5438253005770025,0.1675217551478169,0.2886529442751807
3960236,2025-10-18,M1L,2025,1,Järvenpään Palloseura,Jippo,60676,129811,1,1,D,dc_best,2025-10-13,0.28822138310213075,0.28420088139888483,0.42757773549898453
3960238,2025-10-18,M1L,2025,1,SJK Akatemia,Pallokerho-35,168874,50775,1,2,A,dc_best,2025-10-13,0.3393527451697511,0.264714888913418,0.3959323659168309
3960237,2025-10-18,M1L,2025,1,Ekenäs Idrottsförening,Helsingin Jalkapalloklubi,60495,60692,2,1,H,dc_best,2025-10-13,0.42910154546629853,0.2267365478673975,0.34416190666630403
6144731,2025-10-18,SW-SE,2025,1,Varbergs BoIS FC,Sandvikens IF,varbergs-bois-fc,sandvikens-if,0,0,D,dc_best,2025-10-13,0.6790014258865711,0.1924573418782459,0.12854123223518302
6144733,2025-10-18,SW-SE,2025,1,Östersund,IK Brage,stersund,ik-brage,1,0,H,dc_best,2025-10-13,0.374690213912642,0.2220864154293051,0.4032233706580529
3960240,2025-10-18,M1L,2025,1,TPS Juniorijalkapallo,FC Lahti,60971,60969,3,3,D,dc_best,2025-10-13,0.3272885424586858,0.2293351671376749,0.44337629040363924
3960239,2025-10-18,M1L,2025,1,Käpylän Pallo,Salon Palloilijat,60487,60690,1,2,A,dc_best,2025-10-13,0.5482259435377164,0.2239276915150431,0.2278463649472406
199294-25-lysekloster,2025-10-18,NO-PN1,2025,1,Lysekloster,Pors,lysekloster,pors,1,3,A,dc_best,2025-10-13,0.6239183685043975,0.2601020355554984,0.11597959594010414
6143365,2025-10-18,SW-AL,2025,1,BK Häcken,IK Sirius FK,bk-h-cken,ik-sirius-fk,1,1,D,dc_best,2025-10-13,0.37942270654698,0.20068181487043882,0.41989547858258125
199422-26-skeid,2025-10-18,NO-OBOS,2025,1,Skeid,Stabæk,skeid,stab-k,0,5,A,dc_best,2025-10-13,0.2510096546200191,0.32248346351255835,0.4265068818674226
199422-26-egersund,2025-10-18,NO-OBOS,2025,1,Egersund,Raufoss,egersund,raufoss,4,0,H,dc_best,2025-10-13,0.5753453325544317,0.2496597968524595,0.17499487059310886
199422-26-h-dd,2025-10-18,NO-OBOS,2025,1,Hødd,Åsane,h-dd,sane,3,3,D,dc_best,2025-10-13,0.37057294538116387,0.31315468847672734,0.3162723661421089
199422-26-mj-ndalen,2025-10-18,NO-OBOS,2025,1,Mjøndalen,Aalesund,mj-ndalen,aalesund,0,6,A,dc_best,2025-10-13,0.15249153791781772,0.22865552290052044,0.6188529391816618
199422-26-moss,2025-10-18,NO-OBOS,2025,1,Moss,Kongsvinger,moss,kongsvinger,2,4,A,dc_best,2025-10-13,0.18853063770063538,0.20349423220306098,0.6079751300963037
199422-26-odd,2025-10-18,NO-OBOS,2025,1,Odd,Ranheim TF,odd,ranheim-tf,1,1,D,dc_best,2025-10-13,0.4099991651555115,0.3263500368022995,0.26365079804218905
199422-26-sogndal,2025-10-18,NO-OBOS,2025,1,Sogndal,Start,sogndal,start,0,0,D,dc_best,2025-10-13,0.24361521988587292,0.2692855970953869,0.4870991830187402
6150134,2025-10-18,SW-EE,2025,1,Umeå IK FF,Jitex BK,ume-ik-ff,jitex-bk,3,3,D,dc_best,2025-10-13,0.7490953451124206,0.1378262393516045,0.11307841553597502
6150130,2025-10-18,SW-EE,2025,1,Gamla Upsala SK,IK Uppsala Fotboll,gamla-upsala-sk,ik-uppsala-fotboll,0,5,A,dc_best,2025-10-13,0.10785520976684063,0.13249637563957473,0.7596484145935847
6150135,2025-10-18,SW-EE,2025,1,Örebro SK FK,BK Häcken,rebro-sk-fk,bk-h-cken,3,0,H,dc_best,2025-10-13,0.5599424319591008,0.20896777525814952,0.2310897927827498
6150129,2025-10-18,SW-EE,2025,1,Eskilstuna United DFF,Trelleborgs FF,eskilstuna-united-dff,trelleborgs-ff,2,0,H,dc_best,2025-10-13,0.5217808705344207,0.22831375330272374,0.24990537616285557
6150132,2025-10-18,SW-EE,2025,1,Mallbackens IF Sunne,KIF Örebro DFF,mallbackens-if-sunne,kif-rebro-dff,2,5,A,dc_best,2025-10-13,0.04719173772560081,0.08750831342233413,0.8652999488520652
6150131,2025-10-18,SW-EE,2025,1,IF Elfsborg,Team TG FF,if-elfsborg,team-tg-ff,1,2,A,dc_best,2025-10-13,0.76759466651895,0.13512355489199235,0.09728177858905768
199603-25-bryne,2025-10-18,NO-ELI,2025,1,Bryne,Rosenborg,bryne,rosenborg,2,2,D,dc_best,2025-10-13,0.3657601072731109,0.2807197375131116,0.35352015521377744
6143366,2025-10-18,SW-AL,2025,1,IFK Norrköping FK,Malmö FF,ifk-norrk-ping-fk,malm-ff,0,2,A,dc_best,2025-10-13,0.2711519384334783,0.23190538913237707,0.4969426724341446
199295-25-strindheim-tf,2025-10-18,NO-PN2,2025,1,Strindheim TF,Follo,strindheim-tf,follo,2,0,H,dc_best,2025-10-13,0.44529978426675587,0.1842067792870869,0.3704934364461572
199603-25-brann,2025-10-18,NO-ELI,2025,1,Brann,Haugesund,brann,haugesund,4,1,H,dc_best,2025-10-13,0.8670484402756038,0.0962604855255464,0.036691074198849837
6144728,2025-10-18,SW-SE,2025,1,Kalmar FF,IK Oddevold,kalmar-ff,ik-oddevold,3,2,H,dc_best,2025-10-13,0.5223703064284881,0.30535167334394664,0.17227802022756525
3973473,2025-10-18,VL,2025,3,Vaasan Palloseura,Fotbollsföreningen JARO Jalkapalloseura,60901,60974,1,3,A,dc_best,2025-10-13,0.3925310929853374,0.28823406444749494,0.3192348425671677
6155188,2025-10-18,SW-ES,2025,1,Eskilsminne IF,Skövde AIK,eskilsminne-if,sk-vde-aik,4,0,H,dc_best,2025-10-13,0.39586921523634344,0.2708363904742719,0.3332943942893847
6155430,2025-10-18,SW-EN,2025,1,IF Karlstad Fotboll,Sollentuna FK,if-karlstad-fotboll,sollentuna-fk,1,1,D,dc_best,2025-10-13,0.7501720927672331,0.16025814835436383,0.08956975887840307
6155432,2025-10-18,SW-EN,2025,1,Stockholm Internazionale,Gefle IF FF,stockholm-internazionale,gefle-if-ff,2,0,H,dc_best,2025-10-13,0.5927714866520746,0.2982143451190557,0.1090141682288697
6143032,2025-10-18,SW-DA,2025,1,Djurgården,Malmö FF,djurg-rden,malm-ff,1,4,A,dc_best,2025-10-13,0.29916127208789123,0.20290575119200804,0.4979329767201007
3973475,2025-10-18,VL,2025,3,Football Club Haka,FC KTP Kotka,60561,60972,1,2,A,dc_best,2025-10-13,0.3891748005287591,0.2727621029861864,0.3380630964850545
6143031,2025-10-18,SW-DA,2025,1,Alingsås IF FF,Växjö,alings-s-if-ff,v-xj,3,3,D,dc_best,2025-10-13,0.1739352196372238,0.14181707867447854,0.6842477016882977
6155190,2025-10-18,SW-ES,2025,1,Hässleholms IF,Husqvarna FF,h-ssleholms-if,husqvarna-ff,1,0,H,dc_best,2025-10-13,0.6597230606173088,0.20466555027452799,0.13561138910816312
6155189,2025-10-18,SW-ES,2025,1,FC Rosengård 1917,Ariana FC,fc-roseng-rd-1917,ariana-fc,1,3,A,dc_best,2025-10-13,0.33340905331290294,0.31766823845244785,0.3489227082346492
6155194,2025-10-18,SW-ES,2025,1,Torslanda IK,Norrby IF,torslanda-ik,norrby-if,1,3,A,dc_best,2025-10-13,0.09776673304581501,0.16250439355156174,0.7397288734026233
199120-22-arna-bj-rnar,2025-10-18,NO-1DK,2025,1,Arna-Bjørnar,Molde,arna-bj-rnar,molde,3,2,H,dc_best,2025-10-13,0.3756555883735795,0.27593634887313995,0.3484080627532806
3973474,2025-10-18,VL,2025,3,IFK Mariehamn Fotboll,Oulun edustusjalkapallo AC Oulu,60759,60493,2,0,H,dc_best,2025-10-13,0.33594984968102487,0.2506876669878721,0.41336248333110304
199120-22-fyllingsdalen,2025-10-18,NO-1DK,2025,1,Fyllingsdalen,Odds Ballklubb,fyllingsdalen,odds-ballklubb,1,2,A,dc_best,2025-10-13,0.46100695385329354,0.35506249674890117,0.1839305493978054
199120-22-troms-il,2025-10-18,NO-1DK,2025,1,Tromsø IL,KIL/Hemne,troms-il,kil-hemne,3,0,H,dc_best,2025-10-13,0.6927370472004591,0.2025382987066907,0.10472465409285023
199120-22-viking,2025-10-18,NO-1DK,2025,1,Viking,AaFK Fortuna,viking,aafk-fortuna,0,5,A,dc_best,2025-10-13,0.07069455350394759,0.2600997582154529,0.6692056882805995
199120-22-sane,2025-10-18,NO-1DK,2025,1,Åsane,HamKam,sane,hamkam,4,0,H,dc_best,2025-10-13,0.7640306376553468,0.20282710053280129,0.033142261811851904
199294-25-sandnes-ulf,2025-10-18,NO-PN1,2025,1,Sandnes Ulf,Arendal,sandnes-ulf,arendal,4,1,H,dc_best,2025-10-13,0.6624437896851995,0.20425970553806866,0.1332965047767319
199294-25-notodden,2025-10-18,NO-PN1,2025,1,Notodden,FK Eik Tønsberg 871,notodden,fk-eik-t-nsberg-871,0,1,A,dc_best,2025-10-13,0.36510513069868755,0.3454409454480604,0.2894539238532522
199294-25-jerv,2025-10-18,NO-PN1,2025,1,Jerv,Vard Haugesund,jerv,vard-haugesund,2,1,H,dc_best,2025-10-13,0.6196491966111535,0.25663299099439135,0.12371781239445506
199120-22-haugesund,2025-10-18,NO-1DK,2025,1,Haugesund,IK Start Kvinner,haugesund,ik-start-kvinner,2,3,A,dc_best,2025-10-13,0.7609649652567099,0.2056955462690804,0.03333948847420982
6155187,2025-10-18,SW-ES,2025,1,BK Olympic,Oskarshamns AIK,bk-olympic,oskarshamns-aik,2,2,D,dc_best,2025-10-13,0.6084269843289083,0.24097523759137957,0.1505977780797121
199295-25-grorud,2025-10-19,NO-PN2,2025,1,Grorud,Rana FK,grorud,rana-fk,3,0,H,dc_best,2025-10-13,0.6917375427576804,0.14511098437214565,0.16315147287017395
199295-25-alta,2025-10-19,NO-PN2,2025,1,Alta,Eidsvold TF,alta,eidsvold-tf,3,5,A,dc_best,2025-10-13,0.4349905563558736,0.17483544988161875,0.3901739937625077
199295-25-ullensaker-kisa,2025-10-19,NO-PN2,2025,1,Ullensaker/Kisa,Tromsdalen,ullensaker-kisa,tromsdalen,3,6,A,dc_best,2025-10-13,0.4509936759404973,0.1771589038513792,0.3718474202081236
199295-25-stj-rdals-blink,2025-10-19,NO-PN2,2025,1,Stjørdals-Blink,Kjelsås,stj-rdals-blink,kjels-s,1,2,A,dc_best,2025-10-13,0.43714849177589205,0.1764534518791945,0.38639805634491337
199603-25-str-msgodset,2025-10-19,NO-ELI,2025,1,Strømsgodset,Fredrikstad,str-msgodset,fredrikstad,0,3,A,dc_best,2025-10-13,0.3571677041214077,0.2675330878667232,0.37529920801186917
199603-25-molde,2025-10-19,NO-ELI,2025,1,Molde,Sandefjord Fotball,molde,sandefjord-fotball,1,3,A,dc_best,2025-10-13,0.4703227585676131,0.2515655238278149,0.278111717604572
6143368,2025-10-19,SW-AL,2025,1,IFK Värnamo,IF Brommapojkarna,ifk-v-rnamo,if-brommapojkarna,1,1,D,dc_best,2025-10-13,0.2879012819102491,0.2096175484543748,0.5024811696353761
6143361,2025-10-19,SW-AL,2025,1,Hammarby,AIK,hammarby,aik,2,1,H,dc_best,2025-10-13,0.5345158402729331,0.2520391700486784,0.21344498967838857
6143363,2025-10-19,SW-AL,2025,1,GAIS,Djurgården,gais,djurg-rden,3,2,H,dc_best,2025-10-13,0.31806965917671054,0.28955797795447125,0.39237236286881827
6144727,2025-10-19,SW-SE,2025,1,Helsingborgs IF,Örebro,helsingborgs-if,rebro,3,2,H,dc_best,2025-10-13,0.5210607907592177,0.248328104181623,0.23061110505915933
6150133,2025-10-19,SW-EE,2025,1,Sunnanå SK,Bollstanäs SK,sunnan-sk,bollstan-s-sk,1,2,A,dc_best,2025-10-13,0.49353228559483775,0.24361417062621052,0.2628535437789518
199294-25-brattv-g,2025-10-19,NO-PN1,2025,1,Brattvåg,Sotra,brattv-g,sotra,2,0,H,dc_best,2025-10-13,0.404830273944009,0.30548984949095964,0.28967987656503136
199294-25-tr-ff,2025-10-19,NO-PN1,2025,1,Træff,Sandviken,tr-ff,sandviken,1,0,H,dc_best,2025-10-13,0.4572934180728039,0.31737907068887916,0.2253275112383169
199294-25-fl-y-flekker-y,2025-10-19,NO-PN1,2025,1,Fløy-Flekkerøy,Brann  2,fl-y-flekker-y,brann-2,1,1,D,dc_best,2025-10-13,0.3761384385546989,0.2895194186713534,0.33434214277394775
3973444,2025-10-19,VL,2025,2,Kuopion Palloseura,Helsingin Jalkapalloklubin Liiga-HJK,60756,60731,3,1,H,dc_best,2025-10-13,0.4120556713221408,0.22479188656769045,0.36315244211016884
6143362,2025-10-19,SW-AL,2025,1,IF Elfsborg,Östers IF,if-elfsborg,sters-if,5,1,H,dc_best,2025-10-13,0.4321108776352941,0.26690733692152663,0.30098178544317944
6144729,2025-10-19,SW-SE,2025,1,Landskrona BoIS,Umeå FC,landskrona-bois,ume-fc,1,3,A,dc_best,2025-10-13,0.6168026519088038,0.2387838494742985,0.14441349861689762
199295-25-asker,2025-10-19,NO-PN2,2025,1,Asker,Levanger,asker,levanger,1,2,A,dc_best,2025-10-13,0.3551273885758189,0.1950759433983923,0.4497966680257888
3973445,2025-10-19,VL,2025,2,IF Gnistan,SEINÄJOEN JALKAPALLOKERHO,60534,60970,3,4,A,dc_best,2025-10-13,0.19869195331697892,0.19295174271151808,0.6083563039715031
3974481,2025-10-19,M1,2025,2,JJK Jyväskylä,Jalkapalloseura Tampere United,144858,106945,5,0,H,dc_best,2025-10-13,0.40340044442049044,0.2644012998002435,0.33219825577926615
3974495,2025-10-19,M1,2025,3,Football Club International Turku,Rovaniemen Palloseura,60860,60973,1,6,A,dc_best,2025-10-13,0.6556553406557222,0.1614449208700691,0.18289973847420868
6144730,2025-10-19,SW-SE,2025,1,Utsikten,Trelleborgs FF,utsikten,trelleborgs-ff,3,1,H,dc_best,2025-10-13,0.6698023386141005,0.19587448241705052,0.13432317896884893
3974480,2025-10-19,M1,2025,2,KPV Juniorit,Kuopion Palloseura,60536,106331,1,3,A,dc_best,2025-10-13,0.5447574771286845,0.1966538586394119,0.2585886642319037
6143037,2025-10-19,SW-DA,2025,1,Vittsjö GIK,Hammarby,vittsj-gik,hammarby,0,2,A,dc_best,2025-10-13,0.09101455356543155,0.1045769156976774,0.8044085307368911
199118-24-stab-k,2025-10-19,NO-TS,2025,1,Stabæk,Vålerenga Fotball,stab-k,v-lerenga-fotball,0,4,A,dc_best,2025-10-13,0.19161733715428295,0.24819593400671194,0.5601867288390051
199118-24-r-a-fotball-elite,2025-10-19,NO-TS,2025,1,Røa Fotball Elite,LSK Kvinner,r-a-fotball-elite,lsk-kvinner,2,3,A,dc_best,2025-10-13,0.28451148993541875,0.25424235375869325,0.4612461563058881
199118-24-kolbotn-il-elite,2025-10-19,NO-TS,2025,1,Kolbotn IL Elite,SK Brann,kolbotn-il-elite,sk-brann,1,5,A,dc_best,2025-10-13,0.013332720467750176,0.04447095164950383,0.942196327882746
199118-24-h-nefoss-bk,2025-10-19,NO-TS,2025,1,Hønefoss BK,Lyn,h-nefoss-bk,lyn,2,2,D,dc_best,2025-10-13,0.30640731501327184,0.29511426412324554,0.3984784208634826
199118-24-bod-glimt,2025-10-19,NO-TS,2025,1,Bodø/Glimt,Rosenborg BK,bod-glimt,rosenborg-bk,0,1,A,dc_best,2025-10-13,0.06605927824301373,0.12881172772747818,0.8051289940295081
6155192,2025-10-19,SW-ES,2025,1,Jönköpings Södra IF,Ljungskile SK Herrfotboll,j-nk-pings-s-dra-if,ljungskile-sk-herrfotboll,1,3,A,dc_best,2025-10-13,0.35487775751644646,0.3199303733034449,0.3251918691801085
6155433,2025-10-19,SW-EN,2025,1,Team TG FF,Örebro Syrianska IF,team-tg-ff,rebro-syrianska-if,0,1,A,dc_best,2025-10-13,0.39349011273655626,0.2987882698578505,0.3077216174055933
6155434,2025-10-19,SW-EN,2025,1,Vasalund,Athletic Eskilstuna,vasalund,athletic-eskilstuna,4,2,H,dc_best,2025-10-13,0.7852426254291327,0.12454426728993868,0.09021310728092868
6155431,2025-10-19,SW-EN,2025,1,Nordic United FC,IFK Haninge,nordic-united-fc,ifk-haninge,6,0,H,dc_best,2025-10-13,0.8402337988670678,0.10850055856709218,0.05126564256583997
3973443,2025-10-19,VL,2025,2,Ilves,Football Club International Turku,60745,60987,1,2,A,dc_best,2025-10-13,0.34221805774895925,0.2742574016378387,0.383524540613202
6143033,2025-10-19,SW-DA,2025,1,IF Brommapojkarna,BK Häcken FF,if-brommapojkarna,bk-h-cken-ff,0,6,A,dc_best,2025-10-13,0.025125300567881627,0.03684931665616138,0.938025382775957
199603-25-kfum,2025-10-19,NO-ELI,2025,1,KFUM,Kristiansund,kfum,kristiansund,1,1,D,dc_best,2025-10-13,0.6903811353921839,0.1918070493366585,0.11781181527115753
199603-25-hamkam,2025-10-19,NO-ELI,2025,1,HamKam,Vålerenga,hamkam,v-lerenga,2,1,H,dc_best,2025-10-13,0.42725825296382475,0.24584559542087595,0.32689615161529934
199603-25-troms,2025-10-19,NO-ELI,2025,1,Tromsø,Viking,troms,viking,1,3,A,dc_best,2025-10-13,0.37977871484427383,0.25633529614966,0.3638859890060661
3974494,2025-10-19,M1,2025,3,FC Jazz Juniorit,Pallokerho Keski-Uusimaa,60521,60929,1,2,A,dc_best,2025-10-13,0.6039293961910362,0.1810016923528154,0.21506891145614832
3974496,2025-10-19,M1,2025,3,Espoon Palloseuran Jalkapallo,Atlantis FC Edustus,62296,60702,5,1,H,dc_best,2025-10-13,0.4925456330223936,0.21487348431725461,0.2925808826603517
3974479,2025-10-19,M1,2025,2,Mikkelin Palloilijat,Oulun Luistinseura,60494,106449,2,2,D,dc_best,2025-10-13,0.5385069923582307,0.21213304133777297,0.24935996630399623
6143036,2025-10-19,SW-DA,2025,1,Piteå IF DFF,Kristianstads DFF,pite-if-dff,kristianstads-dff,2,0,H,dc_best,2025-10-13,0.2222113851817008,0.20057516418897595,0.5772134506293233
6155428,2025-10-19,SW-EN,2025,1,Enköpings SK FK,FC Arlanda,enk-pings-sk-fk,fc-arlanda,1,3,A,dc_best,2025-10-13,0.500182267687208,0.255959363252881,0.24385836905991104
6143034,2025-10-19,SW-DA,2025,1,IFK Norrköping FK,FC Rosengård,ifk-norrk-ping-fk,fc-roseng-rd,1,0,H,dc_best,2025-10-13,0.6292405695163413,0.18414536789695085,0.1866140625867078
6155429,2025-10-20,SW-EN,2025,1,Hammarby TFF Herrfotboll,Karlbergs BK,hammarby-tff-herrfotboll,karlbergs-bk,1,1,D,dc_best,2025-10-20,0.6208468859122568,0.24533161498819778,0.13382149909954552
6143367,2025-10-20,SW-AL,2025,1,Degerfors IF,Halmstad,degerfors-if,halmstad,0,1,A,dc_best,2025-10-20,0.4251160943189494,0.3052277156301016,0.26965619005094904
6143364,2025-10-20,SW-AL,2025,1,IFK Göteborg,Mjällby AIF,ifk-g-teborg,mj-llby-aif,0,2,A,dc_best,2025-10-20,0.200406186950062,0.32382326296166675,0.47577055008827135
199422-27-stab-k,2025-10-22,NO-OBOS,2025,1,Stabæk,Åsane,stab-k,sane,2,0,H,dc_best,2025-10-20,0.514605852449122,0.2663103261412809,0.2190838214095971
199422-27-raufoss,2025-10-22,NO-OBOS,2025,1,Raufoss,Sogndal,raufoss,sogndal,1,3,A,dc_best,2025-10-20,0.29262757085064145,0.29107055152458056,0.41630187762477805
199422-27-kongsvinger,2025-10-22,NO-OBOS,2025,1,Kongsvinger,Hødd,kongsvinger,h-dd,3,0,H,dc_best,2025-10-20,0.6350139689390928,0.22004360742556148,0.14494242363534565
3973447,2025-10-22,VL,2025,2,Helsingin Jalkapalloklubin Liiga-HJK,SEINÄJOEN JALKAPALLOKERHO,60731,60970,3,4,A,dc_best,2025-10-20,0.4195706675910156,0.20183455013576945,0.3785947822732149
3973448,2025-10-22,VL,2025,2,Football Club International Turku,IF Gnistan,60987,60534,2,1,H,dc_best,2025-10-20,0.5970458792859848,0.22643992562549917,0.17651419508851607
199422-27-start,2025-10-22,NO-OBOS,2025,1,Start,Skeid,start,skeid,2,1,H,dc_best,2025-10-20,0.7530451567154542,0.1881648603328384,0.05878998295170737
199422-27-odd,2025-10-22,NO-OBOS,2025,1,Odd,Lillestrøm,odd,lillestr-m,1,7,A,dc_best,2025-10-20,0.07386950597036052,0.24125230046632962,0.6848781935633099
199422-27-ranheim-tf,2025-10-22,NO-OBOS,2025,1,Ranheim TF,Mjøndalen,ranheim-tf,mj-ndalen,3,0,H,dc_best,2025-10-20,0.6125951565531746,0.22474853272465944,0.16265631072216583
199422-27-egersund,2025-10-22,NO-OBOS,2025,1,Egersund,Moss,egersund,moss,2,0,H,dc_best,2025-10-20,0.7029028754726507,0.18998540119369164,0.10711172333365768
199422-27-aalesund,2025-10-22,NO-OBOS,2025,1,Aalesund,Lyn,aalesund,lyn,2,1,H,dc_best,2025-10-20,0.4209647558114163,0.32316696938597506,0.25586827480260865
6155442,2025-10-24,SW-EN,2025,1,Örebro Syrianska IF,IF Karlstad Fotboll,rebro-syrianska-if,if-karlstad-fotboll,1,2,A,dc_best,2025-10-20,0.14909479912098636,0.2625071788484425,0.5883980220305711
6144741,2025-10-24,SW-SE,2025,1,Örgryte IS Fotboll,Västerås SK FK,rgryte-is-fotboll,v-ster-s-sk-fk,0,2,A,dc_best,2025-10-20,0.46240067147207253,0.24280155121887417,0.29479777730905343
199422-28-lillestr-m,2025-10-25,NO-OBOS,2025,1,Lillestrøm,Ranheim TF,lillestr-m,ranheim-tf,2,1,H,dc_best,2025-10-20,0.841892748453407,0.12244701822368881,0.03566023332290417
6144739,2025-10-25,SW-SE,2025,1,Umeå FC,Varbergs BoIS FC,ume-fc,varbergs-bois-fc,2,2,D,dc_best,2025-10-20,0.27278192330027756,0.2664704659237819,0.4607476107759407
6144737,2025-10-25,SW-SE,2025,1,Sandvikens IF,Utsikten,sandvikens-if,utsikten,3,1,H,dc_best,2025-10-20,0.3112001936833274,0.26506260778971846,0.4237371985269541
6144736,2025-10-25,SW-SE,2025,1,IK Oddevold,Östersund,ik-oddevold,stersund,0,0,D,dc_best,2025-10-20,0.6788778859285851,0.20344279427284798,0.11767931979856695
6144735,2025-10-25,SW-SE,2025,1,IK Brage,Helsingborgs IF,ik-brage,helsingborgs-if,3,2,H,dc_best,2025-10-20,0.42973588062312806,0.2489415678776117,0.32132255149926037
6144734,2025-10-25,SW-SE,2025,1,GIF Sundsvall,Kalmar FF,gif-sundsvall,kalmar-ff,0,2,A,dc_best,2025-10-20,0.2307801572145954,0.28937021272500774,0.4798496300603969
199295-26-h-nefoss-bk,2025-10-25,NO-PN2,2025,1,Hønefoss BK,Asker,h-nefoss-bk,asker,3,1,H,dc_best,2025-10-20,0.8394676909739129,0.08412061654013128,0.07641169248595589
199295-26-kjels-s,2025-10-25,NO-PN2,2025,1,Kjelsås,Alta,kjels-s,alta,6,4,H,dc_best,2025-10-20,0.7739719598853347,0.10966110007211743,0.11636694004254772
199295-26-follo,2025-10-25,NO-PN2,2025,1,Follo,Strømmen,follo,str-mmen,1,2,A,dc_best,2025-10-20,0.12612777412981171,0.143084460269616,0.7307877656005722
199295-26-eidsvold-tf,2025-10-25,NO-PN2,2025,1,Eidsvold TF,Ullensaker/Kisa,eidsvold-tf,ullensaker-kisa,0,3,A,dc_best,2025-10-20,0.572523381535277,0.1567463145794981,0.270730303885225
199295-26-tromsdalen,2025-10-25,NO-PN2,2025,1,Tromsdalen,Grorud,tromsdalen,grorud,1,2,A,dc_best,2025-10-20,0.463463143346494,0.18548400726863962,0.35105284938486636
199295-26-rana-fk,2025-10-25,NO-PN2,2025,1,Rana FK,Stjørdals-Blink,rana-fk,stj-rdals-blink,1,0,H,dc_best,2025-10-20,0.4416036228710358,0.19239234296511656,0.3660040341638477
199422-28-lyn,2025-10-25,NO-OBOS,2025,1,Lyn,Kongsvinger,lyn,kongsvinger,0,1,A,dc_best,2025-10-20,0.4090024062429089,0.29323866194698445,0.29775893181010676
199295-26-levanger,2025-10-25,NO-PN2,2025,1,Levanger,Strindheim TF,levanger,strindheim-tf,1,3,A,dc_best,2025-10-20,0.596874682102406,0.17512059494873736,0.2280047229488566
6143370,2025-10-25,SW-AL,2025,1,Djurgården,IFK Värnamo,djurg-rden,ifk-v-rnamo,6,2,H,dc_best,2025-10-20,0.7539238968063671,0.14603759134649846,0.10003851184713461
6155196,2025-10-25,SW-ES,2025,1,FC Trollhättan,Jönköpings Södra IF,fc-trollh-ttan,j-nk-pings-s-dra-if,0,1,A,dc_best,2025-10-20,0.25708522450871896,0.27858273832013614,0.4643320371711449
3973449,2025-10-25,VL,2025,2,IF Gnistan,Ilves,60534,60745,1,3,A,dc_best,2025-10-20,0.19252822429327776,0.1989532620267633,0.608518513679959
199422-28-sane,2025-10-25,NO-OBOS,2025,1,Åsane,Start,sane,start,2,2,D,dc_best,2025-10-20,0.16228082898575238,0.2518411521909006,0.585878018823347
199422-28-sogndal,2025-10-25,NO-OBOS,2025,1,Sogndal,Egersund,sogndal,egersund,0,1,A,dc_best,2025-10-20,0.26004142465097413,0.3045180983863678,0.43544047696265803
6155197,2025-10-25,SW-ES,2025,1,Husqvarna FF,Torslanda IK,husqvarna-ff,torslanda-ik,5,0,H,dc_best,2025-10-20,0.5965888830422175,0.21927121846470943,0.18413989849307308
6155200,2025-10-25,SW-ES,2025,1,Oskarshamns AIK,Lunds BK,oskarshamns-aik,lunds-bk,2,2,D,dc_best,2025-10-20,0.2540760567715201,0.309777425831767,0.4361465173967129
6155198,2025-10-25,SW-ES,2025,1,Ljungskile SK Herrfotboll,FC Rosengård 1917,ljungskile-sk-herrfotboll,fc-roseng-rd-1917,2,0,H,dc_best,2025-10-20,0.8182306266654849,0.1238075193415034,0.0579618539930118
199422-28-moss,2025-10-25,NO-OBOS,2025,1,Moss,Aalesund,moss,aalesund,1,1,D,dc_best,2025-10-20,0.12189853763354076,0.19518992462428758,0.6829115377421717
199422-28-mj-ndalen,2025-10-25,NO-OBOS,2025,1,Mjøndalen,Odd,mj-ndalen,odd,1,1,D,dc_best,2025-10-20,0.18823776670304024,0.3043736255315699,0.50738860776539
199422-28-skeid,2025-10-25,NO-OBOS,2025,1,Skeid,Raufoss,skeid,raufoss,1,4,A,dc_best,2025-10-20,0.24441241010398468,0.3054013600360255,0.45018622985998985
199422-28-h-dd,2025-10-25,NO-OBOS,2025,1,Hødd,Stabæk,h-dd,stab-k,1,3,A,dc_best,2025-10-20,0.2633666446525973,0.3040043299573781,0.4326290253900247
6143372,2025-10-25,SW-AL,2025,1,Östers IF,Degerfors IF,sters-if,degerfors-if,1,2,A,dc_best,2025-10-20,0.4099231341409639,0.2872344820637785,0.3028423837952577
6155195,2025-10-25,SW-ES,2025,1,Ariana FC,BK Olympic,ariana-fc,bk-olympic,4,2,H,dc_best,2025-10-20,0.43280074590349543,0.25398542290790643,0.3132138311885981
6155201,2025-10-25,SW-ES,2025,1,Skövde AIK,Hässleholms IF,sk-vde-aik,h-ssleholms-if,0,1,A,dc_best,2025-10-20,0.1638859932476749,0.23284648779452854,0.6032675189577965
199294-26-vard-haugesund,2025-10-25,NO-PN1,2025,1,Vard Haugesund,Fløy-Flekkerøy,vard-haugesund,fl-y-flekker-y,4,1,H,dc_best,2025-10-20,0.6807288034747502,0.2255430062143659,0.09372819031088396
199294-26-sandviken,2025-10-25,NO-PN1,2025,1,Sandviken,Brattvåg,sandviken,brattv-g,2,4,A,dc_best,2025-10-20,0.3067063829806451,0.2713062667473324,0.42198735027202255
199294-26-brann-2,2025-10-25,NO-PN1,2025,1,Brann  2,Træff,brann-2,tr-ff,1,2,A,dc_best,2025-10-20,0.3697165719741077,0.31516553151084,0.3151178965150524
199294-26-pors,2025-10-25,NO-PN1,2025,1,Pors,Notodden,pors,notodden,2,2,D,dc_best,2025-10-20,0.6460046471259687,0.22337626719447903,0.13061908567955222
199294-26-fk-eik-t-nsberg-871,2025-10-25,NO-PN1,2025,1,FK Eik Tønsberg 871,Sandnes Ulf,fk-eik-t-nsberg-871,sandnes-ulf,3,1,H,dc_best,2025-10-20,0.2065077718962096,0.3025433892967017,0.4909488388070888
199294-26-arendal,2025-10-25,NO-PN1,2025,1,Arendal,Jerv,arendal,jerv,3,1,H,dc_best,2025-10-20,0.6419785865960016,0.2115596369510188,0.14646177645297964
199294-26-sotra,2025-10-25,NO-PN1,2025,1,Sotra,Lysekloster,sotra,lysekloster,2,3,A,dc_best,2025-10-20,0.5721436410613685,0.3034063531834501,0.12445000575518142
199603-26-sarpsborg-08,2025-10-25,NO-ELI,2025,1,Sarpsborg 08,KFUM,sarpsborg-08,kfum,2,1,H,dc_best,2025-10-20,0.3438760663491866,0.25350575045599993,0.4026181831948136
6155435,2025-10-25,SW-EN,2025,1,Athletic Eskilstuna,Stockholm Internazionale,athletic-eskilstuna,stockholm-internazionale,0,3,A,dc_best,2025-10-20,0.21394179011254252,0.26317365585085273,0.5228845540366048
6155440,2025-10-25,SW-EN,2025,1,Karlbergs BK,Assyriska FF,karlbergs-bk,assyriska-ff,2,3,A,dc_best,2025-10-20,0.4577674927761068,0.2967146771846833,0.24551783003920996
6155439,2025-10-25,SW-EN,2025,1,IFK Stocksund,Enköpings SK FK,ifk-stocksund,enk-pings-sk-fk,2,3,A,dc_best,2025-10-20,0.5126915678049839,0.20268468639761636,0.2846237457973998
6155441,2025-10-25,SW-EN,2025,1,Sollentuna FK,Nordic United FC,sollentuna-fk,nordic-united-fc,3,3,D,dc_best,2025-10-20,0.17790937809425025,0.24070367758999361,0.5813869443157562
199603-26-viking,2025-10-25,NO-ELI,2025,1,Viking,Bryne,viking,bryne,5,1,H,dc_best,2025-10-20,0.7669667348765871,0.14787510684778743,0.08515815827562556
6155437,2025-10-26,SW-EN,2025,1,Gefle IF FF,Hammarby TFF Herrfotboll,gefle-if-ff,hammarby-tff-herrfotboll,2,4,A,dc_best,2025-10-20,0.22608424821471673,0.3300413007572415,0.4438744510280418
6144738,2025-10-26,SW-SE,2025,1,Trelleborgs FF,Falkenbergs FF,trelleborgs-ff,falkenbergs-ff,1,1,D,dc_best,2025-10-20,0.17857902432984502,0.2204003310797389,0.6010206445904162
6155436,2025-10-26,SW-EN,2025,1,FC Arlanda,Vasalund,fc-arlanda,vasalund,4,1,H,dc_best,2025-10-20,0.2756616861888078,0.2560571289591312,0.46828118485206094
199603-26-bod-glimt,2025-10-26,NO-ELI,2025,1,Bodø/Glimt,Molde,bod-glimt,molde,4,1,H,dc_best,2025-10-20,0.7715353974118117,0.1463692495932382,0.08209535299495024
6155438,2025-10-26,SW-EN,2025,1,IFK Haninge,Team TG FF,ifk-haninge,team-tg-ff,3,2,H,dc_best,2025-10-20,0.6982727515714662,0.1690959363892001,0.1326313120393338
6143369,2025-10-26,SW-AL,2025,1,AIK,BK Häcken,aik,bk-h-cken,2,2,D,dc_best,2025-10-20,0.47750147068937177,0.2654608075893509,0.25703772172127737
199603-26-haugesund,2025-10-26,NO-ELI,2025,1,Haugesund,Tromsø,haugesund,troms,2,3,A,dc_best,2025-10-20,0.11023073281955299,0.2105831206831255,0.6791861464973216
199603-26-rosenborg,2025-10-26,NO-ELI,2025,1,Rosenborg,Brann,rosenborg,brann,2,3,A,dc_best,2025-10-20,0.32881748283290657,0.25117292817196835,0.42000958899512514
6143374,2025-10-26,SW-AL,2025,1,Mjällby AIF,IFK Norrköping FK,mj-llby-aif,ifk-norrk-ping-fk,2,1,H,dc_best,2025-10-20,0.7556219865633194,0.17152716882614408,0.0728508446105366
3973450,2025-10-26,VL,2025,2,Helsingin Jalkapalloklubin Liiga-HJK,Football Club International Turku,60731,60987,1,1,D,dc_best,2025-10-20,0.33764260078664426,0.25193604082690996,0.4104213583864457
199603-26-v-lerenga,2025-10-26,NO-ELI,2025,1,Vålerenga,Strømsgodset,v-lerenga,str-msgodset,2,1,H,dc_best,2025-10-20,0.6327154448305576,0.1883880403905488,0.1788965147788935
199603-26-sandefjord-fotball,2025-10-26,NO-ELI,2025,1,Sandefjord Fotball,Fredrikstad,sandefjord-fotball,fredrikstad,0,0,D,dc_best,2025-10-20,0.46358320436986716,0.2722030664046958,0.2642137292254371
199603-26-kristiansund,2025-10-26,NO-ELI,2025,1,Kristiansund,HamKam,kristiansund,hamkam,1,3,A,dc_best,2025-10-20,0.3514122475567519,0.2820345632972792,0.36655318914596896
6155202,2025-10-26,SW-ES,2025,1,Ängelholms FF,Eskilsminne IF,ngelholms-ff,eskilsminne-if,2,2,D,dc_best,2025-10-20,0.5279346392931445,0.24931025235367948,0.22275510835317608
6143376,2025-10-26,SW-AL,2025,1,Halmstad,IFK Göteborg,halmstad,ifk-g-teborg,0,3,A,dc_best,2025-10-20,0.18416016501352528,0.29213965795437036,0.5237001770321044
6144740,2025-10-26,SW-SE,2025,1,Örebro,Landskrona BoIS,rebro,landskrona-bois,1,2,A,dc_best,2025-10-20,0.5216943534204933,0.23672556217938193,0.24158008440012477
6155199,2025-10-26,SW-ES,2025,1,Norrby IF,IFK Skövde FK,norrby-if,ifk-sk-vde-fk,4,0,H,dc_best,2025-10-20,0.8158688792584076,0.12166070376918167,0.06247041697241074
6143375,2025-10-26,SW-AL,2025,1,IK Sirius FK,IF Elfsborg,ik-sirius-fk,if-elfsborg,4,0,H,dc_best,2025-10-20,0.46178636569542847,0.20431426538945743,0.33389936891511407
3973451,2025-10-27,VL,2025,2,SEINÄJOEN JALKAPALLOKERHO,Kuopion Palloseura,60970,60756,0,1,A,dc_best,2025-10-27,0.2912121936111572,0.23458473247052605,0.47420307391831684
6143371,2025-10-27,SW-AL,2025,1,IF Brommapojkarna,GAIS,if-brommapojkarna,gais,0,2,A,dc_best,2025-10-27,0.2844334859025968,0.26492555110125116,0.45064096299615203
6143373,2025-10-27,SW-AL,2025,1,Malmö FF,Hammarby,malm-ff,hammarby,1,3,A,dc_best,2025-10-27,0.3162475599141602,0.2606986036009891,0.42305383648485073
199603-23-brann,2025-10-29,NO-ELI,2025,1,Brann,Bodø/Glimt,brann,bod-glimt,1,2,A,dc_best,2025-10-27,0.2498800191385266,0.2234505486005568,0.5266694322609166
199603-19-rosenborg,2025-10-29,NO-ELI,2025,1,Rosenborg,Sandefjord Fotball,rosenborg,sandefjord-fotball,1,1,D,dc_best,2025-10-27,0.36926827966443465,0.263453401027305,0.36727831930826027
199422-24-mj-ndalen,2025-10-29,NO-OBOS,2025,1,Mjøndalen,Stabæk,mj-ndalen,stab-k,3,2,H,dc_best,2025-10-27,0.1439159082120938,0.2174389175813666,0.6386451742065397
3973452,2025-10-30,VL,2025,2,Football Club International Turku,SEINÄJOEN JALKAPALLOKERHO,60987,60970,2,2,D,dc_best,2025-10-27,0.4068504252697266,0.2648747165401984,0.328274858190075
3973454,2025-10-30,VL,2025,2,Kuopion Palloseura,IF Gnistan,60756,60534,1,1,D,dc_best,2025-10-27,0.6571377062246087,0.19472801239658027,0.14813428137881116
3973453,2025-10-30,VL,2025,2,Ilves,Helsingin Jalkapalloklubin Liiga-HJK,60745,60731,3,1,H,dc_best,2025-10-27,0.400651165554358,0.22014210748650737,0.3792067269591346
6150136,2025-10-31,SW-EE,2025,1,BK Häcken,IF Elfsborg,bk-h-cken,if-elfsborg,0,2,A,dc_best,2025-10-27,0.2866924149422889,0.23791466963758773,0.4753929154201233
6144743,2025-11-01,SW-SE,2025,1,Helsingborgs IF,GIF Sundsvall,helsingborgs-if,gif-sundsvall,1,1,D,dc_best,2025-10-27,0.48757594004717597,0.2755944691801822,0.23682959077264182
6155445,2025-11-01,SW-EN,2025,1,FC Arlanda,IF Karlstad Fotboll,fc-arlanda,if-karlstad-fotboll,3,5,A,dc_best,2025-10-27,0.3216196349520422,0.29241799503519567,0.38596237001276223
6144749,2025-11-01,SW-SE,2025,1,Östersund,Trelleborgs FF,stersund,trelleborgs-ff,2,0,H,dc_best,2025-10-27,0.5102386383663996,0.27294227933454135,0.216819082299059
6144742,2025-11-01,SW-SE,2025,1,Falkenbergs FF,Västerås SK FK,falkenbergs-ff,v-ster-s-sk-fk,0,1,A,dc_best,2025-10-27,0.34373560362401456,0.2496071574491739,0.4066572389268115
6144746,2025-11-01,SW-SE,2025,1,Varbergs BoIS FC,IK Brage,varbergs-bois-fc,ik-brage,1,2,A,dc_best,2025-10-27,0.5557017536675806,0.21324426128757593,0.2310539850448436
6144745,2025-11-01,SW-SE,2025,1,Umeå FC,Sandvikens IF,ume-fc,sandvikens-if,1,2,A,dc_best,2025-10-27,0.41011633365938027,0.2839245798884191,0.30595908645220055
6143381,2025-11-01,SW-AL,2025,1,IFK Norrköping FK,IK Sirius FK,ifk-norrk-ping-fk,ik-sirius-fk,1,2,A,dc_best,2025-10-27,0.28346790007957035,0.20167987427110046,0.5148522256493293
6155447,2025-11-01,SW-EN,2025,1,Karlbergs BK,Nordic United FC,karlbergs-bk,nordic-united-fc,1,4,A,dc_best,2025-10-27,0.23869674546069503,0.2762977246907738,0.4850055298485313
199603-27-molde,2025-11-01,NO-ELI,2025,1,Molde,Rosenborg,molde,rosenborg,4,2,H,dc_best,2025-10-27,0.450270786350618,0.25933400110039495,0.29039521254898704
199603-27-v-lerenga,2025-11-01,NO-ELI,2025,1,Vålerenga,Bodø/Glimt,v-lerenga,bod-glimt,3,1,H,dc_best,2025-10-27,0.14307171144263411,0.178052781763376,0.6788755067939899
6155208,2025-11-01,SW-ES,2025,1,Norrby IF,Husqvarna FF,norrby-if,husqvarna-ff,4,1,H,dc_best,2025-10-27,0.6926600485637373,0.17856783559784076,0.12877211583842202
6155207,2025-11-01,SW-ES,2025,1,Ljungskile SK Herrfotboll,Skövde AIK,ljungskile-sk-herrfotboll,sk-vde-aik,5,1,H,dc_best,2025-10-27,0.8619475809371872,0.09335137297490974,0.04470104608790319
6155204,2025-11-01,SW-ES,2025,1,FC Rosengård 1917,Hässleholms IF,fc-roseng-rd-1917,h-ssleholms-if,1,2,A,dc_best,2025-10-27,0.18152413918860827,0.28072871196384047,0.5377471488475513
6155210,2025-11-01,SW-ES,2025,1,Ängelholms FF,Oskarshamns AIK,ngelholms-ff,oskarshamns-aik,1,2,A,dc_best,2025-10-27,0.5815175587285751,0.24772051109174262,0.17076193017968216
6155206,2025-11-01,SW-ES,2025,1,Jönköpings Södra IF,Ariana FC,j-nk-pings-s-dra-if,ariana-fc,1,0,H,dc_best,2025-10-27,0.5168232394450553,0.2989335139658092,0.1842432465891355
6144748,2025-11-01,SW-SE,2025,1,Örgryte IS Fotboll,Kalmar FF,rgryte-is-fotboll,kalmar-ff,0,2,A,dc_best,2025-10-27,0.3480405406698973,0.3017574276401883,0.35020203168991443
6155205,2025-11-01,SW-ES,2025,1,IFK Skövde FK,Eskilsminne IF,ifk-sk-vde-fk,eskilsminne-if,1,3,A,dc_best,2025-10-27,0.3021185127971763,0.24677930973512635,0.45110217746769743
6143042,2025-11-01,SW-DA,2025,1,Kristianstads DFF,Djurgården,kristianstads-dff,djurg-rden,2,4,A,dc_best,2025-10-27,0.3975143727923052,0.21410023555721505,0.3883853916504797
6143038,2025-11-01,SW-DA,2025,1,AIK,Vittsjö GIK,aik,vittsj-gik,1,2,A,dc_best,2025-10-27,0.5222290026323017,0.18417343460950747,0.2935975627581908
199118-25-sk-brann,2025-11-01,NO-TS,2025,1,SK Brann,Rosenborg BK,sk-brann,rosenborg-bk,2,1,H,dc_best,2025-10-27,0.6437782510742047,0.21000650964540313,0.14621523928039212
199118-25-lyn,2025-11-01,NO-TS,2025,1,Lyn,Røa Fotball Elite,lyn,r-a-fotball-elite,4,2,H,dc_best,2025-10-27,0.5198334083742028,0.2510986863629173,0.22906790526287996
199422-29-aalesund,2025-11-01,NO-OBOS,2025,1,Aalesund,Åsane,aalesund,sane,3,0,H,dc_best,2025-10-27,0.6667382058389115,0.21171665447884958,0.12154513968223897
6143380,2025-11-01,SW-AL,2025,1,BK Häcken,Malmö FF,bk-h-cken,malm-ff,1,1,D,dc_best,2025-10-27,0.29373154881691865,0.24941583196440403,0.45685261921867726
6155450,2025-11-01,SW-EN,2025,1,Örebro Syrianska IF,Athletic Eskilstuna,rebro-syrianska-if,athletic-eskilstuna,2,4,A,dc_best,2025-10-27,0.3122851026468926,0.2585206540529138,0.4291942433001936
6143044,2025-11-01,SW-DA,2025,1,Växjö,IF Brommapojkarna,v-xj,if-brommapojkarna,2,0,H,dc_best,2025-10-27,0.4050519930637848,0.16692621652697323,0.4280217904092419
199422-29-start,2025-11-01,NO-OBOS,2025,1,Start,Moss,start,moss,2,1,H,dc_best,2025-10-27,0.6958636954218563,0.19321678598576117,0.1109195185923825
199422-29-odd,2025-11-01,NO-OBOS,2025,1,Odd,Sogndal,odd,sogndal,1,4,A,dc_best,2025-10-27,0.2964813344824744,0.3297129865417755,0.37380567897575007
6150137,2025-11-01,SW-EE,2025,1,Bollstanäs SK,Gamla Upsala SK,bollstan-s-sk,gamla-upsala-sk,2,1,H,dc_best,2025-10-27,0.39142633301193125,0.21719617519018095,0.39137749179788767
199422-29-egersund,2025-11-01,NO-OBOS,2025,1,Egersund,Hødd,egersund,h-dd,0,0,D,dc_best,2025-10-27,0.6597879941879895,0.2337721282606709,0.10643987755133966
6150138,2025-11-01,SW-EE,2025,1,IK Uppsala Fotboll,Umeå IK FF,ik-uppsala-fotboll,ume-ik-ff,2,0,H,dc_best,2025-10-27,0.47131149073363177,0.2378320178128197,0.29085649145354864
199422-29-ranheim-tf,2025-11-01,NO-OBOS,2025,1,Ranheim TF,Skeid,ranheim-tf,skeid,4,2,H,dc_best,2025-10-27,0.6341951185281419,0.2374919721267405,0.1283129093451175
6150140,2025-11-01,SW-EE,2025,1,KIF Örebro DFF,Eskilstuna United DFF,kif-rebro-dff,eskilstuna-united-dff,0,5,A,dc_best,2025-10-27,0.36404844178638096,0.2397025572912375,0.3962490009223816
199422-29-kongsvinger,2025-11-01,NO-OBOS,2025,1,Kongsvinger,Lillestrøm,kongsvinger,lillestr-m,0,2,A,dc_best,2025-10-27,0.12737345504248315,0.19964791352957026,0.6729786314279467
6150142,2025-11-01,SW-EE,2025,1,Trelleborgs FF,Mallbackens IF Sunne,trelleborgs-ff,mallbackens-if-sunne,4,1,H,dc_best,2025-10-27,0.8710558677778533,0.08576437378359371,0.043179758438553095
199118-25-v-lerenga-fotball,2025-11-02,NO-TS,2025,1,Vålerenga Fotball,LSK Kvinner,v-lerenga-fotball,lsk-kvinner,2,0,H,dc_best,2025-10-27,0.8594699136754087,0.08647391253795493,0.054056173786636366
6155448,2025-11-02,SW-EN,2025,1,Team TG FF,Sollentuna FK,team-tg-ff,sollentuna-fk,0,0,D,dc_best,2025-10-27,0.21907715817105286,0.23671451542384445,0.5442083264051026
6150141,2025-11-02,SW-EE,2025,1,Team TG FF,Örebro SK FK,team-tg-ff,rebro-sk-fk,0,1,A,dc_best,2025-10-27,0.1861866572888799,0.19417573069791152,0.6196376120132085
6143379,2025-11-02,SW-AL,2025,1,GAIS,Östers IF,gais,sters-if,1,1,D,dc_best,2025-10-27,0.6419235573059329,0.22080993338892024,0.13726650930514697
6143039,2025-11-02,SW-DA,2025,1,BK Häcken FF,Linköping FC,bk-h-cken-ff,link-ping-fc,4,0,H,dc_best,2025-10-27,0.9473125490803178,0.033328614600726704,0.019358836318955575
6143040,2025-11-02,SW-DA,2025,1,FC Rosengård,Alingsås IF FF,fc-roseng-rd,alings-s-if-ff,0,0,D,dc_best,2025-10-27,0.6314616258408134,0.1611731177317849,0.20736525642740172
6143041,2025-11-02,SW-DA,2025,1,Hammarby,IFK Norrköping FK,hammarby,ifk-norrk-ping-fk,4,0,H,dc_best,2025-10-27,0.5423037835448288,0.2162910049162704,0.24140521153890088
6143043,2025-11-02,SW-DA,2025,1,Malmö FF,Piteå IF DFF,malm-ff,pite-if-dff,1,2,A,dc_best,2025-10-27,0.6791988823739701,0.15860696544695177,0.1621941521790781
199118-25-h-nefoss-bk,2025-11-02,NO-TS,2025,1,Hønefoss BK,Bodø/Glimt,h-nefoss-bk,bod-glimt,3,2,H,dc_best,2025-10-27,0.3889069976872487,0.2881411818703231,0.3229518204424282
6155443,2025-11-02,SW-EN,2025,1,Assyriska FF,Gefle IF FF,assyriska-ff,gefle-if-ff,1,2,A,dc_best,2025-10-27,0.4907152299988536,0.29966158261509573,0.20962318738605068
6144747,2025-11-02,SW-SE,2025,1,Örebro,Utsikten,rebro,utsikten,2,1,H,dc_best,2025-10-27,0.457512029605936,0.2239500118865501,0.3185379585075139
6143377,2025-11-02,SW-AL,2025,1,Djurgården,IFK Göteborg,djurg-rden,ifk-g-teborg,0,0,D,dc_best,2025-10-27,0.5036493714120858,0.25128249029042027,0.24506813829749402
3973455,2025-11-02,VL,2025,2,Kuopion Palloseura,Football Club International Turku,60756,60987,3,2,H,dc_best,2025-10-27,0.36722931241444323,0.3100873659341967,0.3226833216513601
6150139,2025-11-02,SW-EE,2025,1,Jitex BK,Sunnanå SK,jitex-bk,sunnan-sk,4,3,H,dc_best,2025-10-27,0.6909545362958809,0.1652067055907924,0.14383875811332664
6143378,2025-11-02,SW-AL,2025,1,IF Elfsborg,AIK,if-elfsborg,aik,0,3,A,dc_best,2025-10-27,0.34401339199912895,0.2587069108738871,0.39727969712698397
6143382,2025-11-02,SW-AL,2025,1,Halmstad,IF Brommapojkarna,halmstad,if-brommapojkarna,0,0,D,dc_best,2025-10-27,0.2258510194337838,0.27161787187891784,0.5025311086872984
199603-27-troms,2025-11-02,NO-ELI,2025,1,Tromsø,Sarpsborg 08,troms,sarpsborg-08,4,0,H,dc_best,2025-10-27,0.5465236312379571,0.23137163123564597,0.22210473752639684
199603-27-kfum,2025-11-02,NO-ELI,2025,1,KFUM,Haugesund,kfum,haugesund,1,4,A,dc_best,2025-10-27,0.7846359832585974,0.15280324310063814,0.06256077364076448
199603-27-hamkam,2025-11-02,NO-ELI,2025,1,HamKam,Sandefjord Fotball,hamkam,sandefjord-fotball,3,1,H,dc_best,2025-10-27,0.3641101831593949,0.27908969790937305,0.3568001189312321
6155203,2025-11-02,SW-ES,2025,1,BK Olympic,FC Trollhättan,bk-olympic,fc-trollh-ttan,2,3,A,dc_best,2025-10-27,0.4691584596199345,0.20571941898170892,0.3251221213983566
6155209,2025-11-02,SW-ES,2025,1,Torslanda IK,Lunds BK,torslanda-ik,lunds-bk,3,1,H,dc_best,2025-10-27,0.2029893535711137,0.22630689351305408,0.5707037529158323
199603-27-str-msgodset,2025-11-02,NO-ELI,2025,1,Strømsgodset,Viking,str-msgodset,viking,1,2,A,dc_best,2025-10-27,0.11670908954677234,0.15542825624401266,0.727862654209215
199603-27-bryne,2025-11-02,NO-ELI,2025,1,Bryne,Brann,bryne,brann,2,1,H,dc_best,2025-10-27,0.2214774655970052,0.2378066890703749,0.54071584533262
199603-27-fredrikstad,2025-11-02,NO-ELI,2025,1,Fredrikstad,Kristiansund,fredrikstad,kristiansund,3,1,H,dc_best,2025-10-27,0.5790808138279642,0.2627087924260607,0.1582103937459751
199422-29-stab-k,2025-11-02,NO-OBOS,2025,1,Stabæk,Lyn,stab-k,lyn,1,5,A,dc_best,2025-10-27,0.3219225695879592,0.3238909379343328,0.354186492477708
199422-29-raufoss,2025-11-02,NO-OBOS,2025,1,Raufoss,Mjøndalen,raufoss,mj-ndalen,0,1,A,dc_best,2025-10-27,0.5775383524761794,0.22464734062484348,0.1978143068989772
6155449,2025-11-02,SW-EN,2025,1,Vasalund,IFK Haninge,vasalund,ifk-haninge,3,1,H,dc_best,2025-10-27,0.8431152132423682,0.09280080313686932,0.06408398362076252
6155444,2025-11-02,SW-EN,2025,1,Enköpings SK FK,Stockholm Internazionale,enk-pings-sk-fk,stockholm-internazionale,0,2,A,dc_best,2025-10-27,0.1814313013549141,0.28378999987283315,0.5347786987722527
6144744,2025-11-03,SW-SE,2025,1,Landskrona BoIS,IK Oddevold,landskrona-bois,ik-oddevold,2,2,D,dc_best,2025-11-03,0.30299799065300215,0.3068575086398469,0.390144500707151
6143384,2025-11-03,SW-AL,2025,1,IFK Värnamo,Mjällby AIF,ifk-v-rnamo,mj-llby-aif,0,5,A,dc_best,2025-11-03,0.06866551484307233,0.15681106011640755,0.7745234250405202
3973457,2025-11-03,VL,2025,2,IF Gnistan,Helsingin Jalkapalloklubin Liiga-HJK,60534,60731,2,2,D,dc_best,2025-11-03,0.20776512786897453,0.1786890663621451,0.6135458057688804
3973456,2025-11-03,VL,2025,2,Ilves,SEINÄJOEN JALKAPALLOKERHO,60745,60970,3,3,D,dc_best,2025-11-03,0.42619426983955744,0.22901514496317568,0.34479058519726685
6143383,2025-11-03,SW-AL,2025,1,Degerfors IF,Hammarby,degerfors-if,hammarby,1,1,D,dc_best,2025-11-03,0.11758692397073627,0.2044439093467974,0.6779691666824663
6155446,2025-11-03,SW-EN,2025,1,Hammarby TFF Herrfotboll,IFK Stocksund,hammarby-tff-herrfotboll,ifk-stocksund,4,1,H,dc_best,2025-11-03,0.7455797432781984,0.15828953603915089,0.09613072068265077
199118-26-lsk-kvinner,2025-11-07,NO-TS,2025,1,LSK Kvinner,Lyn,lsk-kvinner,lyn,4,0,H,dc_best,2025-11-03,0.5353055717478683,0.2055914685346763,0.2591029597174555
199118-26-bod-glimt,2025-11-07,NO-TS,2025,1,Bodø/Glimt,Kolbotn IL Elite,bod-glimt,kolbotn-il-elite,1,2,A,dc_best,2025-11-03,0.47642080739099546,0.238947255026511,0.2846319375824936
6143045,2025-11-07,SW-DA,2025,1,Alingsås IF FF,Hammarby,alings-s-if-ff,hammarby,0,3,A,dc_best,2025-11-03,0.013489106874460867,0.03202873817981445,0.9544821549457247
199118-26-rosenborg-bk,2025-11-07,NO-TS,2025,1,Rosenborg BK,Vålerenga Fotball,rosenborg-bk,v-lerenga-fotball,1,3,A,dc_best,2025-11-03,0.4047121955968449,0.25979964687884266,0.3354881575243126
199118-26-r-a-fotball-elite,2025-11-07,NO-TS,2025,1,Røa Fotball Elite,Hønefoss BK,r-a-fotball-elite,h-nefoss-bk,1,1,D,dc_best,2025-11-03,0.42473942986444524,0.2687050584780438,0.30655551165751105
199118-26-stab-k,2025-11-07,NO-TS,2025,1,Stabæk,SK Brann,stab-k,sk-brann,1,3,A,dc_best,2025-11-03,0.06430628889017716,0.15347364793822693,0.782220063171596
6155218,2025-11-08,SW-ES,2025,1,Skövde AIK,BK Olympic,sk-vde-aik,bk-olympic,3,2,H,dc_best,2025-11-03,0.3231465963994085,0.22462212805952475,0.45223127554106685
6155217,2025-11-08,SW-ES,2025,1,Oskarshamns AIK,Ljungskile SK Herrfotboll,oskarshamns-aik,ljungskile-sk-herrfotboll,2,1,H,dc_best,2025-11-03,0.10741964813890822,0.17505088364288307,0.7175294682182087
6155216,2025-11-08,SW-ES,2025,1,Lunds BK,IFK Skövde FK,lunds-bk,ifk-sk-vde-fk,1,0,H,dc_best,2025-11-03,0.6278293657136231,0.20538936165674015,0.16678127262963677
199603-28-sarpsborg-08,2025-11-08,NO-ELI,2025,1,Sarpsborg 08,Fredrikstad,sarpsborg-08,fredrikstad,0,2,A,dc_best,2025-11-03,0.3437923569576313,0.2819700215691651,0.3742376214732036
199603-28-viking,2025-11-08,NO-ELI,2025,1,Viking,HamKam,viking,hamkam,3,0,H,dc_best,2025-11-03,0.6901880860328031,0.1847651535646514,0.12504676040254548
6155215,2025-11-08,SW-ES,2025,1,Hässleholms IF,Ängelholms FF,h-ssleholms-if,ngelholms-ff,3,0,H,dc_best,2025-11-03,0.5812652187026442,0.24053589231729583,0.1781988889800598
6143046,2025-11-08,SW-DA,2025,1,Djurgården,BK Häcken FF,djurg-rden,bk-h-cken-ff,0,2,A,dc_best,2025-11-03,0.07428335128594492,0.10349035090296715,0.822226297811088
6143048,2025-11-08,SW-DA,2025,1,IFK Norrköping FK,Malmö FF,ifk-norrk-ping-fk,malm-ff,0,4,A,dc_best,2025-11-03,0.30439379365606645,0.2392260027606884,0.4563802035832452
6155212,2025-11-08,SW-ES,2025,1,Eskilsminne IF,Jönköpings Södra IF,eskilsminne-if,j-nk-pings-s-dra-if,4,2,H,dc_best,2025-11-03,0.21848363486536393,0.3084336535594613,0.4730827115751748
6155211,2025-11-08,SW-ES,2025,1,Ariana FC,Torslanda IK,ariana-fc,torslanda-ik,1,4,A,dc_best,2025-11-03,0.6881887217648209,0.18236820465279882,0.1294430735823803
6143050,2025-11-08,SW-DA,2025,1,Piteå IF DFF,FC Rosengård,pite-if-dff,fc-roseng-rd,0,1,A,dc_best,2025-11-03,0.45041865985830903,0.24073281925590093,0.30884852088579
6143047,2025-11-08,SW-DA,2025,1,IF Brommapojkarna,AIK,if-brommapojkarna,aik,3,0,H,dc_best,2025-11-03,0.22879625636482584,0.16610104753968535,0.6051026960954888
6155214,2025-11-08,SW-ES,2025,1,Husqvarna FF,FC Rosengård 1917,husqvarna-ff,fc-roseng-rd-1917,5,0,H,dc_best,2025-11-03,0.5206347019494623,0.25052286117332756,0.22884243687721004
6155213,2025-11-08,SW-ES,2025,1,FC Trollhättan,Norrby IF,fc-trollh-ttan,norrby-if,2,3,A,dc_best,2025-11-03,0.22354885178312334,0.200135632644725,0.5763155155721517
6150145,2025-11-08,SW-EE,2025,1,Gamla Upsala SK,Eskilstuna United DFF,gamla-upsala-sk,eskilstuna-united-dff,1,5,A,dc_best,2025-11-03,0.03126481333795865,0.06843637122940824,0.900298815432633
6144756,2025-11-08,SW-SE,2025,1,Utsikten,Umeå FC,utsikten,ume-fc,1,4,A,dc_best,2025-11-03,0.6398930271221379,0.1989748416555762,0.1611321312222859
6150148,2025-11-08,SW-EE,2025,1,Umeå IK FF,Trelleborgs FF,ume-ik-ff,trelleborgs-ff,3,2,H,dc_best,2025-11-03,0.4034552798150478,0.249080189305334,0.34746453087961826
6150144,2025-11-08,SW-EE,2025,1,Bollstanäs SK,KIF Örebro DFF,bollstan-s-sk,kif-rebro-dff,1,2,A,dc_best,2025-11-03,0.07108589460756944,0.10189626165856899,0.8270178437338614
6150147,2025-11-08,SW-EE,2025,1,Sunnanå SK,IF Elfsborg,sunnan-sk,if-elfsborg,1,2,A,dc_best,2025-11-03,0.21363925667841716,0.2322599231892883,0.5541008201322946
6150149,2025-11-08,SW-EE,2025,1,Örebro SK FK,IK Uppsala Fotboll,rebro-sk-fk,ik-uppsala-fotboll,1,0,H,dc_best,2025-11-03,0.18082249715428012,0.21224953055386653,0.6069279722918535
6150146,2025-11-08,SW-EE,2025,1,Mallbackens IF Sunne,Jitex BK,mallbackens-if-sunne,jitex-bk,0,4,A,dc_best,2025-11-03,0.1561642967278059,0.1470653965764015,0.6967703066957927
6150143,2025-11-08,SW-EE,2025,1,BK Häcken,Team TG FF,bk-h-cken,team-tg-ff,1,1,D,dc_best,2025-11-03,0.5050557623857803,0.23475970034357535,0.2601845372706443
199422-30-mj-ndalen,2025-11-08,NO-OBOS,2025,1,Mjøndalen,Egersund,mj-ndalen,egersund,1,2,A,dc_best,2025-11-03,0.1155036617704914,0.21891772601319637,0.6655786122163122
199422-30-moss,2025-11-08,NO-OBOS,2025,1,Moss,Raufoss,moss,raufoss,1,1,D,dc_best,2025-11-03,0.3667540815914475,0.25864316834249107,0.37460275006606153
199422-30-skeid,2025-11-08,NO-OBOS,2025,1,Skeid,Odd,skeid,odd,5,2,H,dc_best,2025-11-03,0.22826934545013716,0.2946887790465245,0.4770418755033384
199422-30-sogndal,2025-11-08,NO-OBOS,2025,1,Sogndal,Ranheim TF,sogndal,ranheim-tf,0,3,A,dc_best,2025-11-03,0.414309268464614,0.2679879688249918,0.31770276271039416
199422-30-sane,2025-11-08,NO-OBOS,2025,1,Åsane,Kongsvinger,sane,kongsvinger,0,0,D,dc_best,2025-11-03,0.15625710461039005,0.21084395818616644,0.6328989372034435
199422-30-lyn,2025-11-08,NO-OBOS,2025,1,Lyn,Start,lyn,start,0,3,A,dc_best,2025-11-03,0.36370383176142185,0.3098259891111359,0.3264701791274423
6144757,2025-11-08,SW-SE,2025,1,Västerås SK FK,Varbergs BoIS FC,v-ster-s-sk-fk,varbergs-bois-fc,4,1,H,dc_best,2025-11-03,0.7232663584783882,0.1739598220518927,0.10277381946971914
199422-30-h-dd,2025-11-08,NO-OBOS,2025,1,Hødd,Aalesund,h-dd,aalesund,0,0,D,dc_best,2025-11-03,0.12087077939053079,0.2296383642296978,0.6494908563797714
6144753,2025-11-08,SW-SE,2025,1,Kalmar FF,Falkenbergs FF,kalmar-ff,falkenbergs-ff,1,2,A,dc_best,2025-11-03,0.6135158309869077,0.23825948395341529,0.14822468505967712
6144754,2025-11-08,SW-SE,2025,1,Sandvikens IF,Östersund,sandvikens-if,stersund,5,0,H,dc_best,2025-11-03,0.4443279351087854,0.27985017552230546,0.27582188936890917
199422-30-lillestr-m,2025-11-08,NO-OBOS,2025,1,Lillestrøm,Stabæk,lillestr-m,stab-k,3,0,H,dc_best,2025-11-03,0.856590944437533,0.1045090823103,0.03889997325216689
6144752,2025-11-08,SW-SE,2025,1,IK Oddevold,Helsingborgs IF,ik-oddevold,helsingborgs-if,1,4,A,dc_best,2025-11-03,0.5114296321958186,0.28011262498057976,0.2084577428236017
6144751,2025-11-08,SW-SE,2025,1,IK Brage,Landskrona BoIS,ik-brage,landskrona-bois,4,1,H,dc_best,2025-11-03,0.5295889958601278,0.2286611179689214,0.24174988617095072
6144750,2025-11-08,SW-SE,2025,1,GIF Sundsvall,Örgryte IS Fotboll,gif-sundsvall,rgryte-is-fotboll,1,1,D,dc_best,2025-11-03,0.2956177981508367,0.2731710650455108,0.4312111368036525
6144755,2025-11-08,SW-SE,2025,1,Trelleborgs FF,Örebro,trelleborgs-ff,rebro,1,1,D,dc_best,2025-11-03,0.29758386811956666,0.25624073288851873,0.44617539899191466
6155452,2025-11-09,SW-EN,2025,1,Gefle IF FF,Örebro Syrianska IF,gefle-if-ff,rebro-syrianska-if,3,3,D,dc_best,2025-11-03,0.573073631925278,0.27673006896337954,0.15019629911134236
6155451,2025-11-09,SW-EN,2025,1,Athletic Eskilstuna,Team TG FF,athletic-eskilstuna,team-tg-ff,1,0,H,dc_best,2025-11-03,0.7599004698984315,0.14809325647453578,0.09200627362703277
199603-28-brann,2025-11-09,NO-ELI,2025,1,Brann,KFUM,brann,kfum,1,1,D,dc_best,2025-11-03,0.5618401963934597,0.23991270757444697,0.19824709603209328
199603-28-bod-glimt,2025-11-09,NO-ELI,2025,1,Bodø/Glimt,Bryne,bod-glimt,bryne,5,0,H,dc_best,2025-11-03,0.8367178324471538,0.11361596632564391,0.04966620122720225
3973459,2025-11-09,VL,2025,2,Helsingin Jalkapalloklubin Liiga-HJK,Kuopion Palloseura,60731,60756,0,2,A,dc_best,2025-11-03,0.27486042857556825,0.22699874286351512,0.4981408285609165
3973458,2025-11-09,VL,2025,2,Football Club International Turku,Ilves,60987,60745,2,0,H,dc_best,2025-11-03,0.34274605900670213,0.2786995983129115,0.3785543426803864
3973460,2025-11-09,VL,2025,2,SEINÄJOEN JALKAPALLOKERHO,IF Gnistan,60970,60534,3,0,H,dc_best,2025-11-03,0.5952367722300497,0.19135489453057594,0.21340833323937447
6143385,2025-11-09,SW-AL,2025,1,AIK,Halmstad,aik,halmstad,0,2,A,dc_best,2025-11-03,0.5845054121850808,0.28071495448342715,0.13477963333149215
6143386,2025-11-09,SW-AL,2025,1,Hammarby,IF Elfsborg,hammarby,if-elfsborg,3,0,H,dc_best,2025-11-03,0.7083711004761858,0.1719330015165508,0.11969589800726348
6143387,2025-11-09,SW-AL,2025,1,IF Brommapojkarna,Degerfors IF,if-brommapojkarna,degerfors-if,1,3,A,dc_best,2025-11-03,0.47902974212649285,0.2851499708618478,0.2358202870116593
6143388,2025-11-09,SW-AL,2025,1,IFK Göteborg,IFK Norrköping FK,ifk-g-teborg,ifk-norrk-ping-fk,2,0,H,dc_best,2025-11-03,0.5685198790453814,0.25732755720490746,0.17415256374971122
6143389,2025-11-09,SW-AL,2025,1,Östers IF,Djurgården,sters-if,djurg-rden,1,3,A,dc_best,2025-11-03,0.13612178648364776,0.2188589377305131,0.6450192757858392
6143390,2025-11-09,SW-AL,2025,1,Malmö FF,GAIS,malm-ff,gais,2,1,H,dc_best,2025-11-03,0.3051643911774513,0.301999980482791,0.3928356283397578
6155453,2025-11-09,SW-EN,2025,1,IF Karlstad Fotboll,Hammarby TFF Herrfotboll,if-karlstad-fotboll,hammarby-tff-herrfotboll,1,2,A,dc_best,2025-11-03,0.40734033384618307,0.2906112133287805,0.3020484528250364
6155454,2025-11-09,SW-EN,2025,1,IFK Haninge,Enköpings SK FK,ifk-haninge,enk-pings-sk-fk,0,0,D,dc_best,2025-11-03,0.3802635850496753,0.2171026713296846,0.4026337436206401
6143391,2025-11-09,SW-AL,2025,1,Mjällby AIF,BK Häcken,mj-llby-aif,bk-h-cken,1,0,H,dc_best,2025-11-03,0.6873929603146849,0.21586717759403046,0.0967398620912848
199603-28-haugesund,2025-11-09,NO-ELI,2025,1,Haugesund,Molde,haugesund,molde,0,2,A,dc_best,2025-11-03,0.21251299538245416,0.2320243393954103,0.5554626652221355
6155456,2025-11-09,SW-EN,2025,1,Nordic United FC,FC Arlanda,nordic-united-fc,fc-arlanda,3,2,H,dc_best,2025-11-03,0.7077652171014142,0.18643725291307467,0.10579752998551126
6155457,2025-11-09,SW-EN,2025,1,Sollentuna FK,Karlbergs BK,sollentuna-fk,karlbergs-bk,2,2,D,dc_best,2025-11-03,0.4165788557959621,0.26278355977527,0.32063758442876794
6155458,2025-11-09,SW-EN,2025,1,Stockholm Internazionale,Assyriska FF,stockholm-internazionale,assyriska-ff,0,1,A,dc_best,2025-11-03,0.6340771653418474,0.2679586071704033,0.09796422748774918
6155455,2025-11-09,SW-EN,2025,1,IFK Stocksund,Vasalund,ifk-stocksund,vasalund,1,7,A,dc_best,2025-11-03,0.24694832688132748,0.19883333415383103,0.5542183389648415
199603-28-rosenborg,2025-11-09,NO-ELI,2025,1,Rosenborg,Vålerenga,rosenborg,v-lerenga,1,0,H,dc_best,2025-11-03,0.40525143209349157,0.2465183623621626,0.3482302055443458
6143392,2025-11-09,SW-AL,2025,1,IK Sirius FK,IFK Värnamo,ik-sirius-fk,ifk-v-rnamo,3,1,H,dc_best,2025-11-03,0.6794195328797789,0.15654161499047609,0.16403885212974517
199603-28-kristiansund,2025-11-09,NO-ELI,2025,1,Kristiansund,Strømsgodset,kristiansund,str-msgodset,2,1,H,dc_best,2025-11-03,0.44706431375275374,0.2591365550802093,0.2937991311670371
6143051,2025-11-09,SW-DA,2025,1,Vittsjö GIK,Växjö,vittsj-gik,v-xj,1,2,A,dc_best,2025-11-03,0.44784572077265844,0.19963382970831908,0.35252044951902256
199603-28-sandefjord-fotball,2025-11-09,NO-ELI,2025,1,Sandefjord Fotball,Tromsø,sandefjord-fotball,troms,1,0,H,dc_best,2025-11-03,0.3699435810526948,0.28532071887982324,0.3447357000674819
6143049,2025-11-10,SW-DA,2025,1,Linköping FC,Kristianstads DFF,link-ping-fc,kristianstads-dff,2,2,D,dc_best,2025-11-10,0.20835897208433693,0.17994134052602043,0.6116996873896428
199118-27-lyn,2025-11-15,NO-TS,2025,1,Lyn,Stabæk,lyn,stab-k,0,3,A,dc_best,2025-11-10,0.34242936263045576,0.27722969528758,0.38034094208196434
6150156,2025-11-15,SW-EE,2025,1,Trelleborgs FF,Bollstanäs SK,trelleborgs-ff,bollstan-s-sk,3,1,H,dc_best,2025-11-10,0.8307974796214364,0.10571104386033815,0.06349147651822545
6150155,2025-11-15,SW-EE,2025,1,Team TG FF,Gamla Upsala SK,team-tg-ff,gamla-upsala-sk,2,2,D,dc_best,2025-11-10,0.39731097116959335,0.22394109500806728,0.3787479338223395
6150154,2025-11-15,SW-EE,2025,1,KIF Örebro DFF,Sunnanå SK,kif-rebro-dff,sunnan-sk,5,4,H,dc_best,2025-11-10,0.8297490557822593,0.10530262843700608,0.06494831578073473
199118-27-v-lerenga-fotball,2025-11-15,NO-TS,2025,1,Vålerenga Fotball,Røa Fotball Elite,v-lerenga-fotball,r-a-fotball-elite,1,0,H,dc_best,2025-11-10,0.9158502180709601,0.06377227480184525,0.020377507127194706
6150153,2025-11-15,SW-EE,2025,1,Jitex BK,Örebro SK FK,jitex-bk,rebro-sk-fk,1,4,A,dc_best,2025-11-10,0.40810547453218793,0.2123366223500531,0.3795579031177589
199118-27-h-nefoss-bk,2025-11-15,NO-TS,2025,1,Hønefoss BK,LSK Kvinner,h-nefoss-bk,lsk-kvinner,1,3,A,dc_best,2025-11-10,0.23838795733119877,0.2296254754543046,0.5319865672144967
199118-27-sk-brann,2025-11-15,NO-TS,2025,1,SK Brann,Bodø/Glimt,sk-brann,bod-glimt,8,0,H,dc_best,2025-11-10,0.965386363537505,0.02799951998855404,0.006614116473941107
6150152,2025-11-15,SW-EE,2025,1,IK Uppsala Fotboll,BK Häcken,ik-uppsala-fotboll,bk-h-cken,5,2,H,dc_best,2025-11-10,0.8204274971788268,0.11976516559411451,0.05980733722705876
6150151,2025-11-15,SW-EE,2025,1,IF Elfsborg,Umeå IK FF,if-elfsborg,ume-ik-ff,1,0,H,dc_best,2025-11-10,0.252720230928905,0.2329667229480064,0.5143130461230886
6150150,2025-11-15,SW-EE,2025,1,Eskilstuna United DFF,Mallbackens IF Sunne,eskilstuna-united-dff,mallbackens-if-sunne,3,0,H,dc_best,2025-11-10,0.9571461945497786,0.03222183801441552,0.01063196743580595
199118-27-kolbotn-il-elite,2025-11-15,NO-TS,2025,1,Kolbotn IL Elite,Rosenborg BK,kolbotn-il-elite,rosenborg-bk,2,4,A,dc_best,2025-11-10,0.07148262505033738,0.12995583411647585,0.7985615408331868
6143055,2025-11-16,SW-DA,2025,1,Hammarby,IF Brommapojkarna,hammarby,if-brommapojkarna,6,0,H,dc_best,2025-11-10,0.8816449103912627,0.06848993958194945,0.04986515002678778
6143054,2025-11-16,SW-DA,2025,1,FC Rosengård,Linköping FC,fc-roseng-rd,link-ping-fc,3,1,H,dc_best,2025-11-10,0.4472831191572006,0.21708619100571586,0.33563068983708355
6143052,2025-11-16,SW-DA,2025,1,AIK,IFK Norrköping FK,aik,ifk-norrk-ping-fk,1,2,A,dc_best,2025-11-10,0.3144305213687332,0.2157449947011805,0.46982448393008647
6143056,2025-11-16,SW-DA,2025,1,Kristianstads DFF,Alingsås IF FF,kristianstads-dff,alings-s-if-ff,7,1,H,dc_best,2025-11-10,0.7278860115549712,0.14640835896992602,0.1257056294751028
6143057,2025-11-16,SW-DA,2025,1,Malmö FF,Vittsjö GIK,malm-ff,vittsj-gik,3,1,H,dc_best,2025-11-10,0.7011716481950758,0.1496038842740811,0.14922446753084312
6143058,2025-11-16,SW-DA,2025,1,Växjö,Djurgården,v-xj,djurg-rden,0,3,A,dc_best,2025-11-10,0.23506427414281167,0.16839330424725177,0.5965424216099366
6143053,2025-11-16,SW-DA,2025,1,BK Häcken FF,Piteå IF DFF,bk-h-cken-ff,pite-if-dff,1,0,H,dc_best,2025-11-10,0.8717762728845739,0.08168287951528659,0.046540847600139434
199603-29-kfum,2025-11-21,NO-ELI,2025,1,KFUM,Bodø/Glimt,kfum,bod-glimt,1,2,A,dc_best,2025-11-17,0.1862494395309331,0.22382496621832498,0.589925594250742
199603-29-molde,2025-11-22,NO-ELI,2025,1,Molde,Brann,molde,brann,4,0,H,dc_best,2025-11-17,0.40567374094631214,0.24935001480034333,0.3449762442533446
199603-29-str-msgodset,2025-11-22,NO-ELI,2025,1,Strømsgodset,Sandefjord Fotball,str-msgodset,sandefjord-fotball,2,6,A,dc_best,2025-11-17,0.27014118096993456,0.2527157708066173,0.4771430482234482
199603-29-v-lerenga,2025-11-22,NO-ELI,2025,1,Vålerenga,Kristiansund,v-lerenga,kristiansund,3,0,H,dc_best,2025-11-17,0.6456397203756988,0.2004675080791929,0.15389277154510833
199603-29-troms,2025-11-22,NO-ELI,2025,1,Tromsø,Rosenborg,troms,rosenborg,1,0,H,dc_best,2025-11-17,0.5828045002567057,0.2378841355239276,0.1793113642193667
199603-29-bryne,2025-11-23,NO-ELI,2025,1,Bryne,Sarpsborg 08,bryne,sarpsborg-08,0,3,A,dc_best,2025-11-17,0.4208692055437022,0.24469674403959923,0.3344340504166986
199603-29-fredrikstad,2025-11-23,NO-ELI,2025,1,Fredrikstad,Viking,fredrikstad,viking,0,1,A,dc_best,2025-11-17,0.3054483546722255,0.27907461675737677,0.41547702857039787
199603-29-hamkam,2025-11-23,NO-ELI,2025,1,HamKam,Haugesund,hamkam,haugesund,5,0,H,dc_best,2025-11-17,0.7250023434846429,0.17518173502837897,0.09981592148697815
199603-30-brann,2025-11-30,NO-ELI,2025,1,Brann,HamKam,brann,hamkam,3,1,H,dc_best,2025-11-24,0.4871346542395685,0.23575749743892485,0.2771078483215067
199603-30-bod-glimt,2025-11-30,NO-ELI,2025,1,Bodø/Glimt,Fredrikstad,bod-glimt,fredrikstad,5,0,H,dc_best,2025-11-24,0.6703481427881994,0.20643557505638876,0.12321628215541182
199603-30-viking,2025-11-30,NO-ELI,2025,1,Viking,Vålerenga,viking,v-lerenga,5,1,H,dc_best,2025-11-24,0.7192712464850807,0.16133627760160016,0.11939247591331915
199603-30-sandefjord-fotball,2025-11-30,NO-ELI,2025,1,Sandefjord Fotball,KFUM,sandefjord-fotball,kfum,2,0,H,dc_best,2025-11-24,0.5493297494574945,0.23544071498209046,0.21522953556041505
199603-30-haugesund,2025-11-30,NO-ELI,2025,1,Haugesund,Bryne,haugesund,bryne,1,4,A,dc_best,2025-11-24,0.3292679071382625,0.258860486293379,0.41187160656835864
199603-30-kristiansund,2025-11-30,NO-ELI,2025,1,Kristiansund,Tromsø,kristiansund,troms,1,3,A,dc_best,2025-11-24,0.2109336030578174,0.25388386057480006,0.5351825363673826
199603-30-rosenborg,2025-11-30,NO-ELI,2025,1,Rosenborg,Strømsgodset,rosenborg,str-msgodset,6,0,H,dc_best,2025-11-24,0.6386607338716768,0.1935714127073337,0.16776785342098965
199603-30-sarpsborg-08,2025-11-30,NO-ELI,2025,1,Sarpsborg 08,Molde,sarpsborg-08,molde,1,0,H,dc_best,2025-11-24,0.3770769831094277,0.22930103065950574,0.3936219862310667
206092-1-hamkam,2026-03-14,NO-ELI,2026,1,HamKam,Viking,hamkam,viking,2,1,H,dc_best,2026-03-09,0.259693933966553,0.22252631713983692,0.5177797488936101
206092-1-molde,2026-03-14,NO-ELI,2026,1,Molde,Rosenborg,molde,rosenborg,2,0,H,dc_best,2026-03-09,0.5162030460901327,0.23402541397518867,0.24977153993467857
206092-1-kristiansund,2026-03-15,NO-ELI,2026,1,Kristiansund,Brann,kristiansund,brann,3,2,H,dc_best,2026-03-09,0.25967775679477634,0.22346659491225118,0.5168556482929725
206092-1-kfum,2026-03-15,NO-ELI,2026,1,KFUM,Start,kfum,start,2,0,H,dc_best,2026-03-09,0.45284218397113385,0.25865910120286595,0.28849871482600026
206092-1-v-lerenga,2026-03-15,NO-ELI,2026,1,Vålerenga,Sandefjord Fotball,v-lerenga,sandefjord-fotball,1,0,H,dc_best,2026-03-09,0.40517554585715176,0.2347973108299817,0.36002714331286656
206092-1-aalesund,2026-03-15,NO-ELI,2026,1,Aalesund,Lillestrøm,aalesund,lillestr-m,1,3,A,dc_best,2026-03-09,0.4912263066649336,0.23540618105867805,0.2733675122763884
206092-1-troms,2026-03-15,NO-ELI,2026,1,Tromsø,Fredrikstad,troms,fredrikstad,4,0,H,dc_best,2026-03-09,0.528143133314123,0.27275424364835565,0.1991026230375214
206119-1-molde,2026-03-20,NO-TS,2026,1,Molde,SK Brann,molde,sk-brann,0,5,A,dc_best,2026-03-16,0.07534923639511071,0.1331309326137775,0.7915198309911118
206119-1-bod-glimt,2026-03-20,NO-TS,2026,1,Bodø/Glimt,Hønefoss BK,bod-glimt,h-nefoss-bk,0,0,D,dc_best,2026-03-16,0.3912959247794984,0.263112789241077,0.3455912859794247
206119-1-lsk-kvinner,2026-03-21,NO-TS,2026,1,LSK Kvinner,Røa Fotball Elite,lsk-kvinner,r-a-fotball-elite,1,3,A,dc_best,2026-03-16,0.6507143857389137,0.19431510872145838,0.15497050553962796
206092-2-viking,2026-03-21,NO-ELI,2026,1,Viking,Molde,viking,molde,4,1,H,dc_best,2026-03-16,0.6728763051380886,0.17720938353316476,0.14991431132874672
206092-2-start,2026-03-21,NO-ELI,2026,1,Start,Aalesund,start,aalesund,1,1,D,dc_best,2026-03-16,0.5080821392583228,0.23136955491744396,0.2605483058242333
206119-1-rosenborg-bk,2026-03-21,NO-TS,2026,1,Rosenborg BK,Haugesund,rosenborg-bk,haugesund,1,1,D,dc_best,2026-03-16,0.6818932559557447,0.18134879796315959,0.13675794608109582
206107-1-grei,2026-03-21,NO-1DK,2026,1,Grei,Åsane,grei,sane,0,1,A,dc_best,2026-03-16,0.28649459391955806,0.3503639706579863,0.36314143542245564
206107-1-troms-il,2026-03-21,NO-1DK,2026,1,Tromsø IL,Frigg,troms-il,frigg,3,0,H,dc_best,2026-03-16,0.4465495850615944,0.28588576653956993,0.2675646483988357
206107-1-bryne,2026-03-21,NO-1DK,2026,1,Bryne,Viking,bryne,viking,0,4,A,dc_best,2026-03-16,0.5353699961843866,0.2998520881769161,0.16477791563869723
206107-1-arna-bj-rnar,2026-03-21,NO-1DK,2026,1,Arna-Bjørnar,Odds Ballklubb,arna-bj-rnar,odds-ballklubb,1,0,H,dc_best,2026-03-16,0.6512764430254043,0.24023815718278968,0.10848539979180609
206119-1-stab-k,2026-03-21,NO-TS,2026,1,Stabæk,Lyn,stab-k,lyn,0,1,A,dc_best,2026-03-16,0.5786028949666457,0.23228912393052722,0.18910798110282706
206119-1-v-lerenga-fotball,2026-03-21,NO-TS,2026,1,Vålerenga Fotball,AaFK Kvinner,v-lerenga-fotball,aafk-kvinner,0,2,A,dc_best,2026-03-16,0.7497317263580766,0.15709949460867473,0.0931687790332488
206107-1-klepp,2026-03-22,NO-1DK,2026,1,Klepp,Kolbotn IL Elite,klepp,kolbotn-il-elite,1,2,A,dc_best,2026-03-16,0.4008773174526686,0.3448836053396005,0.2542390772077309
206092-2-sandefjord-fotball,2026-03-22,NO-ELI,2026,1,Sandefjord Fotball,Sarpsborg 08,sandefjord-fotball,sarpsborg-08,0,2,A,dc_best,2026-03-16,0.6349407527436313,0.19078136475994759,0.17427788249642112
206092-2-fredrikstad,2026-03-22,NO-ELI,2026,1,Fredrikstad,KFUM,fredrikstad,kfum,3,1,H,dc_best,2026-03-16,0.422772777726058,0.28516354053847426,0.29206368173546776
206092-2-brann,2026-03-22,NO-ELI,2026,1,Brann,Tromsø,brann,troms,1,2,A,dc_best,2026-03-16,0.37862601226455295,0.23313414564579837,0.38823984208964857
206092-2-rosenborg,2026-03-22,NO-ELI,2026,1,Rosenborg,Vålerenga,rosenborg,v-lerenga,0,2,A,dc_best,2026-03-16,0.49818937967649696,0.22979835977033855,0.2720122605531645
206107-1-fyllingsdalen,2026-03-22,NO-1DK,2026,1,Fyllingsdalen,IK Start Kvinner,fyllingsdalen,ik-start-kvinner,1,3,A,dc_best,2026-03-16,0.35601392490468264,0.4068731812357422,0.23711289385957518
4038181,2026-03-28,NL,2026,1,Åland United,IF Gnistan,60532,35209545,6,1,H,dc_best,2026-03-23,0.6275112372068709,0.16643311680213105,0.20605564599099807
4038180,2026-03-28,NL,2026,1,Kuopion Palloseura,Helsingin Palloseura,157420,60781,0,0,D,dc_best,2026-03-23,0.7394803324387709,0.13079580819172565,0.12972385936950348
4038178,2026-03-28,NL,2026,1,Idrottsföreningen Kamraterna Vasa,Helsingin Jalkapalloklubi,60691,60682,0,3,A,dc_best,2026-03-23,0.023228375451549953,0.05028656670881041,0.9264850578396395
206107-2-ik-start-kvinner,2026-03-28,NO-1DK,2026,1,IK Start Kvinner,Bryne,ik-start-kvinner,bryne,2,0,H,dc_best,2026-03-23,0.8077060519716257,0.14337859783203952,0.048915350196334834
206107-2-viking,2026-03-28,NO-1DK,2026,1,Viking,Arna-Bjørnar,viking,arna-bj-rnar,0,0,D,dc_best,2026-03-23,0.27593999219456955,0.2568845856947572,0.4671754221106732
206107-2-sane,2026-03-28,NO-1DK,2026,1,Åsane,Klepp,sane,klepp,7,0,H,dc_best,2026-03-23,0.6649835002239046,0.22247190602515343,0.11254459375094195
4038179,2026-03-28,NL,2026,1,Ilves,PK-35 Vantaa,60776,60671,2,5,A,dc_best,2026-03-23,0.5207179273247782,0.18609025295137735,0.29319181972384445
6536337,2026-03-28,SW-EE,2026,1,Sandvikens IF,Gamla Upsala SK,sandvikens-if,gamla-upsala-sk,1,2,A,dc_best,2026-03-23,0.6612118039141079,0.16835984251127917,0.17042835357461303
6536332,2026-03-28,SW-EE,2026,1,BK Häcken,Trelleborgs FF,bk-h-cken,trelleborgs-ff,2,4,A,dc_best,2026-03-23,0.13668827131591405,0.16492589010216824,0.6983858385819178
6536338,2026-03-28,SW-EE,2026,1,Örebro SK FK,Enskede IK,rebro-sk-fk,enskede-ik,2,1,H,dc_best,2026-03-23,0.4904956404340468,0.231137197413054,0.2783671621528992
6536334,2026-03-28,SW-EE,2026,1,IFK Göteborg,Linköping FC,ifk-g-teborg,link-ping-fc,2,3,A,dc_best,2026-03-23,0.41990866627191986,0.22507370650456152,0.3550176272235187
206119-2-sk-brann,2026-03-28,NO-TS,2026,1,SK Brann,Rosenborg BK,sk-brann,rosenborg-bk,1,1,D,dc_best,2026-03-23,0.7001292486344735,0.17855187308020828,0.12131887828531829
206119-2-lyn,2026-03-28,NO-TS,2026,1,Lyn,LSK Kvinner,lyn,lsk-kvinner,1,1,D,dc_best,2026-03-23,0.3142154244340741,0.2266028588275005,0.4591817167384254
206119-2-h-nefoss-bk,2026-03-28,NO-TS,2026,1,Hønefoss BK,Molde,h-nefoss-bk,molde,3,1,H,dc_best,2026-03-23,0.346966122330132,0.2822873508104304,0.3707465268594377
206119-2-aafk-kvinner,2026-03-28,NO-TS,2026,1,AaFK Kvinner,Stabæk,aafk-kvinner,stab-k,2,2,D,dc_best,2026-03-23,0.6888419605184887,0.21785252017084117,0.09330551931067017
206119-2-r-a-fotball-elite,2026-03-28,NO-TS,2026,1,Røa Fotball Elite,Bodø/Glimt,r-a-fotball-elite,bod-glimt,1,1,D,dc_best,2026-03-23,0.5162551604570966,0.26299877437541,0.22074606516749337
206119-2-haugesund,2026-03-28,NO-TS,2026,1,Haugesund,Vålerenga Fotball,haugesund,v-lerenga-fotball,2,4,A,dc_best,2026-03-23,0.22900807095838713,0.2735749605673935,0.4974169684742194
6536336,2026-03-28,SW-EE,2026,1,KIF Örebro DFF,IF Elfsborg,kif-rebro-dff,if-elfsborg,0,3,A,dc_best,2026-03-23,0.5581097948877387,0.19858243351609906,0.2433077715961623
6536335,2026-03-28,SW-EE,2026,1,Jitex BK,Umeå IK FF,jitex-bk,ume-ik-ff,0,4,A,dc_best,2026-03-23,0.24229329160187912,0.18532857032541725,0.5723781380727038
6529542,2026-03-28,SW-DA,2026,1,AIK,IFK Norrköping FK,aik,ifk-norrk-ping-fk,1,0,H,dc_best,2026-03-23,0.31708218861873055,0.2128775543084116,0.4700402570728578
6529545,2026-03-28,SW-DA,2026,1,Eskilstuna United DFF,Vittsjö GIK,eskilstuna-united-dff,vittsj-gik,2,1,H,dc_best,2026-03-23,0.5023172004828315,0.1952754039047532,0.30240739561241525
6536333,2026-03-28,SW-EE,2026,1,Husqvarna FF,Alingsås IF FF,husqvarna-ff,alings-s-if-ff,2,1,H,dc_best,2026-03-23,0.41990866627191986,0.22507370650456152,0.3550176272235187
6529548,2026-03-29,SW-DA,2026,1,Piteå IF DFF,Kristianstads DFF,pite-if-dff,kristianstads-dff,2,3,A,dc_best,2026-03-23,0.3048006932339781,0.2105271706731775,0.4846721360928444
6529547,2026-03-29,SW-DA,2026,1,Malmö FF,IK Uppsala Fotboll,malm-ff,ik-uppsala-fotboll,3,0,H,dc_best,2026-03-23,0.6089268503197101,0.17472494171109582,0.21634820796919418
206107-2-frigg,2026-03-29,NO-1DK,2026,1,Frigg,Grei,frigg,grei,1,5,A,dc_best,2026-03-23,0.24932918230733012,0.3822544074823117,0.3684164102103582
206107-2-kolbotn-il-elite,2026-03-29,NO-1DK,2026,1,Kolbotn IL Elite,Fyllingsdalen,kolbotn-il-elite,fyllingsdalen,5,1,H,dc_best,2026-03-23,0.5937977903833033,0.2407595613222628,0.16544264829443397
6529546,2026-03-29,SW-DA,2026,1,Hammarby,Rosengård,hammarby,roseng-rd,3,1,H,dc_best,2026-03-23,0.7511832346512166,0.13323164826747508,0.11558511708130834
6529543,2026-03-29,SW-DA,2026,1,BK Häcken FF,IF Brommapojkarna,bk-h-cken-ff,if-brommapojkarna,3,2,H,dc_best,2026-03-23,0.9377377776804611,0.038679898846981885,0.023582323472557114
6529544,2026-03-29,SW-DA,2026,1,Djurgården,Växjö,djurg-rden,v-xj,2,1,H,dc_best,2026-03-23,0.6260700165992978,0.16349556405632196,0.21043441934438017
206107-2-odds-ballklubb,2026-03-29,NO-1DK,2026,1,Odds Ballklubb,Tromsø IL,odds-ballklubb,troms-il,0,1,A,dc_best,2026-03-23,0.243281483277082,0.26754580377281395,0.4891727129501041
206119-3-haugesund,2026-04-01,NO-TS,2026,1,Haugesund,AaFK Kvinner,haugesund,aafk-kvinner,3,1,H,dc_best,2026-03-30,0.2171599143974922,0.22195065609070055,0.5608894295118073
206119-3-bod-glimt,2026-04-01,NO-TS,2026,1,Bodø/Glimt,SK Brann,bod-glimt,sk-brann,1,4,A,dc_best,2026-03-30,0.009505403251743733,0.05136874679208313,0.9391258499561732
206119-3-lsk-kvinner,2026-04-01,NO-TS,2026,1,LSK Kvinner,Stabæk,lsk-kvinner,stab-k,0,3,A,dc_best,2026-03-30,0.3347841467047925,0.2921094237887017,0.37310642950650585
206119-3-molde,2026-04-01,NO-TS,2026,1,Molde,Lyn,molde,lyn,0,0,D,dc_best,2026-03-30,0.20670261594632608,0.25173178066812035,0.5415656033855536
206119-3-v-lerenga-fotball,2026-04-01,NO-TS,2026,1,Vålerenga Fotball,Røa Fotball Elite,v-lerenga-fotball,r-a-fotball-elite,4,0,H,dc_best,2026-03-30,0.7871118847274239,0.15139643258901989,0.061491682683556176
206119-3-rosenborg-bk,2026-04-01,NO-TS,2026,1,Rosenborg BK,Hønefoss BK,rosenborg-bk,h-nefoss-bk,2,0,H,dc_best,2026-03-30,0.7736896245584987,0.16586669836316464,0.06044367707833655
4038182,2026-04-02,NL,2026,1,Helsingin Jalkapalloklubi,Åland United,60682,60532,3,2,H,dc_best,2026-03-30,0.7969460863061315,0.13323592038975546,0.06981799330411297
4042990,2026-04-02,M1,2026,1,Jalkapalloseura Tampere United,FC Jazz Juniorit,106945,60521,4,0,H,dc_best,2026-03-30,0.38992434125426945,0.22697235822489506,0.38310330052083547
6535952,2026-04-03,SW-SE,2026,1,Helsingborgs IF,Östers IF,helsingborgs-if,sters-if,4,1,H,dc_best,2026-03-30,0.48679878023154843,0.2612336444915018,0.2519675752769498
6529553,2026-04-03,SW-DA,2026,1,Kristianstads DFF,Djurgården,kristianstads-dff,djurg-rden,4,1,H,dc_best,2026-03-30,0.38875105307235125,0.18178289692360278,0.42946605000404586
6529555,2026-04-03,SW-DA,2026,1,Växjö,Eskilstuna United DFF,v-xj,eskilstuna-united-dff,3,0,H,dc_best,2026-03-30,0.24517010451338878,0.16450813778801102,0.5903217576986003
6537705,2026-04-03,SW-EN,2026,1,FC Arlanda,Vasalund,fc-arlanda,vasalund,2,1,H,dc_best,2026-03-30,0.28287108925710186,0.22560512979530603,0.49152378094759214
6537704,2026-04-03,SW-EN,2026,1,FBK Karlstad,Gefle IF FF,fbk-karlstad,gefle-if-ff,2,1,H,dc_best,2026-03-30,0.4739833203287538,0.2710427346706257,0.2549739450006205
6537944,2026-04-03,SW-ES,2026,1,FC Trollhättan,Hässleholms IF,fc-trollh-ttan,h-ssleholms-if,3,4,A,dc_best,2026-03-30,0.2825406365001505,0.23856380402840505,0.47889555947144447
6536339,2026-04-03,SW-EE,2026,1,Alingsås IF FF,Jitex BK,alings-s-if-ff,jitex-bk,0,3,A,dc_best,2026-03-30,0.37528689748349253,0.19671495185385288,0.4279981506626547
6536341,2026-04-03,SW-EE,2026,1,IF Elfsborg,Örebro SK FK,if-elfsborg,rebro-sk-fk,2,0,H,dc_best,2026-03-30,0.40536209267187867,0.26462508386890127,0.33001282345922006
4038044,2026-04-03,M1L,2026,1,Pallokerho-35,Ekenäs Idrottsförening,50775,60495,4,2,H,dc_best,2026-03-30,0.43480237134849375,0.26796938634351164,0.2972282423079946
6537947,2026-04-03,SW-ES,2026,1,Ängelholms FF,Trelleborgs FF,ngelholms-ff,trelleborgs-ff,1,5,A,dc_best,2026-03-30,0.43556581738281686,0.24980142387772267,0.3146327587394605
6537941,2026-04-03,SW-ES,2026,1,Ariana FC Malmö,Kristianstad FC,ariana-fc-malm,kristianstad-fc,2,2,D,dc_best,2026-03-30,0.4527197063721976,0.2461822138062155,0.301098079821587
6537946,2026-04-03,SW-ES,2026,1,Utsikten,BK Olympic,utsikten,bk-olympic,1,3,A,dc_best,2026-03-30,0.5118684102748239,0.21506982845951358,0.2730617612656626
4038183,2026-04-03,NL,2026,1,Ilves,Idrottsföreningen Kamraterna Vasa,60776,60691,3,0,H,dc_best,2026-03-30,0.678582283979767,0.1752569079927491,0.14616080802748382
4036852,2026-04-04,VL,2026,1,Football Club International Turku,Vaasan Palloseura,60987,60901,0,0,D,dc_best,2026-03-30,0.5847156491229069,0.25151953485425677,0.1637648160228364
6536340,2026-04-04,SW-EE,2026,1,Gamla Upsala SK,Husqvarna FF,gamla-upsala-sk,husqvarna-ff,2,2,D,dc_best,2026-03-30,0.17499548488814473,0.17089090601120027,0.6541136091006551
6529835,2026-04-04,SW-AL,2026,1,Degerfors IF,IK Sirius FK,degerfors-if,ik-sirius-fk,0,3,A,dc_best,2026-03-30,0.2608646275711399,0.24023702936012825,0.498898343068732
6529830,2026-04-04,SW-AL,2026,1,Hammarby,Mjällby AIF,hammarby,mj-llby-aif,3,0,H,dc_best,2026-03-30,0.25585360986788924,0.313106646394485,0.4310397437376257
6535953,2026-04-04,SW-SE,2026,1,IFK Norrköping FK,IFK Värnamo,ifk-norrk-ping-fk,ifk-v-rnamo,6,0,H,dc_best,2026-03-30,0.45365395262611236,0.26449166089271875,0.2818543864811688
4038184,2026-04-04,NL,2026,1,IF Gnistan,Helsingin Palloseura,35209545,60781,1,2,A,dc_best,2026-03-30,0.13336748409916505,0.14643370132529618,0.7201988145755388
6537702,2026-04-04,SW-EN,2026,1,Athletic Eskilstuna,FC Järfälla,athletic-eskilstuna,fc-j-rf-lla,1,1,D,dc_best,2026-03-30,0.4053984451960465,0.23309398587672184,0.36150756892723174
6537708,2026-04-04,SW-EN,2026,1,Sollentuna FK,Karlbergs BK,sollentuna-fk,karlbergs-bk,0,1,A,dc_best,2026-03-30,0.4025713981655514,0.25678406122398717,0.3406445406104615
6537703,2026-04-04,SW-EN,2026,1,Enköpings SK FK,IFK Stocksund,enk-pings-sk-fk,ifk-stocksund,3,2,H,dc_best,2026-03-30,0.5460535436029323,0.20461238129255885,0.24933407510450872
6537943,2026-04-04,SW-ES,2026,1,Rosengård 1917,Lunds BK,roseng-rd-1917,lunds-bk,2,2,D,dc_best,2026-03-30,0.4725496452390535,0.252780406824833,0.27466994793611343
4038185,2026-04-04,NL,2026,1,Kuopion Palloseura,PK-35 Vantaa,157420,60671,3,1,H,dc_best,2026-03-30,0.7320978194768382,0.16848113928912253,0.09942104123403935
4036853,2026-04-04,VL,2026,1,Helsingin Jalkapalloklubin Liiga-HJK,SEINÄJOEN JALKAPALLOKERHO,60731,60970,3,0,H,dc_best,2026-03-30,0.3547951791977663,0.2017383241697283,0.4434664966325054
6537942,2026-04-04,SW-ES,2026,1,Eskilsminne IF,Laholms FK,eskilsminne-if,laholms-fk,1,0,H,dc_best,2026-03-30,0.45520446759606914,0.23586527581674127,0.3089302565871896
4036855,2026-04-04,VL,2026,1,Ilves,Kuopion Palloseura,60745,60756,1,3,A,dc_best,2026-03-30,0.29132515027517897,0.26170374654812883,0.4469711031766922
4036856,2026-04-04,VL,2026,1,Fotbollsföreningen JARO Jalkapalloseura,FC Lahti,60974,60969,0,1,A,dc_best,2026-03-30,0.30266846074844544,0.2611376274552012,0.43619391179635336
4036857,2026-04-04,VL,2026,1,IF Gnistan,Oulun edustusjalkapallo AC Oulu,60534,60493,1,5,A,dc_best,2026-03-30,0.4582068324374062,0.24713683483303767,0.2946563327295562
4042992,2026-04-04,M1,2026,1,Tampereen Pallo-Veikot,Vantaan Jalkapalloseura,60704,63440,3,1,H,dc_best,2026-03-30,0.4919501687848143,0.20968310478702765,0.29836672642815815
4042993,2026-04-04,M1,2026,1,Pallokerho Keski-Uusimaa,KPV Juniorit,60929,60536,2,2,D,dc_best,2026-03-30,0.4191078644115597,0.22026428231725084,0.3606278532711895
4042991,2026-04-04,M1,2026,1,Salon Palloilijat,Rovaniemen Palloseura,60690,60973,1,1,D,dc_best,2026-03-30,0.5087712433232601,0.2022667599407702,0.2889619967359699
6536342,2026-04-04,SW-EE,2026,1,Linköping FC,BK Häcken,link-ping-fc,bk-h-cken,3,0,H,dc_best,2026-03-30,0.6396952156786684,0.16614730418367724,0.19415748013765438
4036854,2026-04-04,VL,2026,1,IFK Mariehamn Fotboll,TPS Juniorijalkapallo,60759,60971,1,1,D,dc_best,2026-03-30,0.2631888072238448,0.24659657234975219,0.4902146204264029
6536344,2026-04-04,SW-EE,2026,1,Trelleborgs FF,Sandvikens IF,trelleborgs-ff,sandvikens-if,1,0,H,dc_best,2026-03-30,0.7718229171648638,0.1298409391584005,0.09833614367673561
206093-1-str-msgodset,2026-04-05,NO-OBOS,2026,1,Strømsgodset,Stabæk,str-msgodset,stab-k,2,1,H,dc_best,2026-03-30,0.4120303449332706,0.28100363396294237,0.3069660211037869
6529832,2026-04-05,SW-AL,2026,1,Örgryte IS Fotboll,Malmö FF,rgryte-is-fotboll,malm-ff,1,1,D,dc_best,2026-03-30,0.32967205728154125,0.2835114890524437,0.386816453666015
6529829,2026-04-05,SW-AL,2026,1,AIK,Halmstad,aik,halmstad,2,1,H,dc_best,2026-03-30,0.49616285794579584,0.30642463485562776,0.19741250719857634
6529549,2026-04-05,SW-DA,2026,1,Rosengård,AIK,roseng-rd,aik,1,2,A,dc_best,2026-03-30,0.41939630943528017,0.18594728748300354,0.3946564030817162
6529836,2026-04-05,SW-AL,2026,1,Kalmar FF,Västerås SK FK,kalmar-ff,v-ster-s-sk-fk,0,1,A,dc_best,2026-03-30,0.3776205407803237,0.283700286125437,0.33867917309423934
6529552,2026-04-05,SW-DA,2026,1,IK Uppsala Fotboll,Piteå IF DFF,ik-uppsala-fotboll,pite-if-dff,0,0,D,dc_best,2026-03-30,0.283210345164716,0.196236817890607,0.520552836944677
206007-1-sotra,2026-04-05,NO-PN1,2026,1,Sotra,Lysekloster,sotra,lysekloster,2,2,D,dc_best,2026-03-30,0.5317004966344784,0.30149044670141445,0.16680905666410714
6535957,2026-04-05,SW-SE,2026,1,Norrby IF,IK Brage,norrby-if,ik-brage,0,1,A,dc_best,2026-03-30,0.4751517842625215,0.2323693782790352,0.2924788374584434
4042994,2026-04-05,M1,2026,1,Football Club International Turku,JJK Jyväskylä,60860,144858,3,5,A,dc_best,2026-03-30,0.53519187155025,0.1980864393674039,0.26672168908234617
4042995,2026-04-05,M1,2026,1,Kuopion Palloseura,Oulun Luistinseura,106331,106449,2,4,A,dc_best,2026-03-30,0.35930844718223537,0.20870941095184523,0.4319821418659195
6537701,2026-04-05,SW-EN,2026,1,Assyriska FF,Stockholm Internazionale,assyriska-ff,stockholm-internazionale,1,2,A,dc_best,2026-03-30,0.22464107711405104,0.3402477819429739,0.4351111409429751
6537948,2026-04-05,SW-ES,2026,1,Åtvidabergs FF,Jönköpings Södra IF,tvidabergs-ff,j-nk-pings-s-dra-if,1,0,H,dc_best,2026-03-30,0.3146313508604713,0.29658857627990176,0.38878007285962696
206093-1-lyn,2026-04-06,NO-OBOS,2026,1,Lyn,Haugesund,lyn,haugesund,2,4,A,dc_best,2026-04-06,0.4343921951848224,0.30365520339564445,0.26195260141953314
206092-3-kristiansund,2026-04-06,NO-ELI,2026,1,Kristiansund,Bodø/Glimt,kristiansund,bod-glimt,0,3,A,dc_best,2026-04-06,0.1040960517599474,0.14141948438312632,0.7544844638569262
206092-3-molde,2026-04-06,NO-ELI,2026,1,Molde,Lillestrøm,molde,lillestr-m,0,1,A,dc_best,2026-04-06,0.3818052188951029,0.2335603158088061,0.3846344652960911
6529554,2026-04-06,SW-DA,2026,1,Vittsjö GIK,BK Häcken FF,vittsj-gik,bk-h-cken-ff,1,2,A,dc_best,2026-04-06,0.06899298894884073,0.08899932854643862,0.8420076825047207
6529550,2026-04-06,SW-DA,2026,1,IF Brommapojkarna,Hammarby,if-brommapojkarna,hammarby,0,3,A,dc_best,2026-04-06,0.0721687742263748,0.08236037060128294,0.8454708551723422
6529551,2026-04-06,SW-DA,2026,1,IFK Norrköping FK,Malmö FF,ifk-norrk-ping-fk,malm-ff,1,1,D,dc_best,2026-04-06,0.23676777086134326,0.19460843272362766,0.568623796415029
206092-3-sarpsborg-08,2026-04-06,NO-ELI,2026,1,Sarpsborg 08,Start,sarpsborg-08,start,1,1,D,dc_best,2026-04-06,0.6883919371855592,0.1933193208691602,0.1182887419452805
206092-3-troms,2026-04-06,NO-ELI,2026,1,Tromsø,Rosenborg,troms,rosenborg,2,0,H,dc_best,2026-04-06,0.697012265560587,0.18716527010625736,0.11582246433315563
206092-3-hamkam,2026-04-06,NO-ELI,2026,1,HamKam,Brann,hamkam,brann,1,5,A,dc_best,2026-04-06,0.5428159131065854,0.21708697968536964,0.24009710720804486
6535958,2026-04-06,SW-SE,2026,1,Varbergs BoIS FC,Östersund,varbergs-bois-fc,stersund,1,2,A,dc_best,2026-04-06,0.6009461328221789,0.22253856552618467,0.17651530165163648
6529833,2026-04-06,SW-AL,2026,1,BK Häcken,IF Brommapojkarna,bk-h-cken,if-brommapojkarna,2,2,D,dc_best,2026-04-06,0.4185601655817278,0.2720385245803311,0.30940130983794123
6529834,2026-04-06,SW-AL,2026,1,IF Elfsborg,IFK Göteborg,if-elfsborg,ifk-g-teborg,2,0,H,dc_best,2026-04-06,0.2178234005000541,0.2725051828591427,0.5096714166408032
6537707,2026-04-06,SW-EN,2026,1,IF Karlstad Fotboll,Piteå IF FF,if-karlstad-fotboll,pite-if-ff,2,1,H,dc_best,2026-04-06,0.5805635206992054,0.22662813349592364,0.1928083458048711
6537706,2026-04-06,SW-EN,2026,1,Hammarby TFF,Umeå FC,hammarby-tff,ume-fc,1,2,A,dc_best,2026-04-06,0.43568474303599136,0.26283917063193724,0.30147608633207135
6535959,2026-04-06,SW-SE,2026,1,Falkenbergs FF,Ljungskile SK Herrfotboll,falkenbergs-ff,ljungskile-sk-herrfotboll,1,1,D,dc_best,2026-04-06,0.6063136289930762,0.21649014645095635,0.17719622455596756
6535956,2026-04-06,SW-SE,2026,1,GIF Sundsvall,Nordic United FC,gif-sundsvall,nordic-united-fc,3,2,H,dc_best,2026-04-06,0.4407067877481774,0.27311335385736135,0.2861798583944612
206093-1-sane,2026-04-06,NO-OBOS,2026,1,Åsane,Moss,sane,moss,2,3,A,dc_best,2026-04-06,0.411227701062673,0.27851887608241516,0.3102534228549118
206093-1-odd,2026-04-06,NO-OBOS,2026,1,Odd,Sogndal,odd,sogndal,4,0,H,dc_best,2026-04-06,0.26191767795498266,0.29205363673453505,0.44602868531048234
6537945,2026-04-06,SW-ES,2026,1,Skövde AIK,Tvååkers IF,sk-vde-aik,tv-kers-if,0,0,D,dc_best,2026-04-06,0.3284132425707934,0.2269173740619476,0.444669383367259
6535954,2026-04-06,SW-SE,2026,1,Örebro,Landskrona BoIS,rebro,landskrona-bois,1,0,H,dc_best,2026-04-06,0.5006521114856044,0.2392799227760088,0.2600679657383869
6529831,2026-04-06,SW-AL,2026,1,GAIS,Djurgården,gais,djurg-rden,0,1,A,dc_best,2026-04-06,0.3131310352009626,0.28309093421586906,0.40377803058316825
206092-3-v-lerenga,2026-04-06,NO-ELI,2026,1,Vålerenga,Viking,v-lerenga,viking,0,1,A,dc_best,2026-04-06,0.31723956409315013,0.22942433042664864,0.4533361054802012
4038047,2026-04-06,M1L,2026,1,SJK Akatemia,Mikkelin Palloilijat,168874,60494,1,0,H,dc_best,2026-04-06,0.40209002851351294,0.23829448220882862,0.3596154892776584
206008-1-stj-rdals-blink,2026-04-06,NO-PN2,2026,1,Stjørdals-Blink,Levanger,stj-rdals-blink,levanger,1,2,A,dc_best,2026-04-06,0.58825615267787,0.1811431816236047,0.23060066569852533
206008-1-eidsvold-tf,2026-04-06,NO-PN2,2026,1,Eidsvold TF,Lørenskog,eidsvold-tf,l-renskog,0,0,D,dc_best,2026-04-06,0.4849053232898636,0.18157879706525742,0.33351587964487894
206008-1-kjels-s,2026-04-06,NO-PN2,2026,1,Kjelsås,Grorud,kjels-s,grorud,2,1,H,dc_best,2026-04-06,0.43069346276746123,0.18564263805943768,0.383663899173101
206008-1-junkeren,2026-04-06,NO-PN2,2026,1,Junkeren,Tromsdalen,junkeren,tromsdalen,1,1,D,dc_best,2026-04-06,0.39592031034649,0.18885988731655767,0.41521980233695244
4038046,2026-04-06,M1L,2026,1,Helsingin Jalkapalloklubi,Käpylän Pallo,60692,60487,1,2,A,dc_best,2026-04-06,0.5762539325529509,0.20089737681542819,0.222848690631621
206008-1-follo,2026-04-06,NO-PN2,2026,1,Follo,Hønefoss BK,follo,h-nefoss-bk,2,2,D,dc_best,2026-04-06,0.3233627186550232,0.18691427341928363,0.48972300792569323
206008-1-rana-fk,2026-04-06,NO-PN2,2026,1,Rana FK,Trygg/Lade,rana-fk,trygg-lade,1,0,H,dc_best,2026-04-06,0.443862015475446,0.202100620930722,0.354037363593832
6536343,2026-04-06,SW-EE,2026,1,Enskede IK,IFK Göteborg,enskede-ik,ifk-g-teborg,0,2,A,dc_best,2026-04-06,0.3292385557893692,0.1883736697209028,0.48238777448972797
206008-1-ullensaker-kisa,2026-04-06,NO-PN2,2026,1,Ullensaker/Kisa,Skeid,ullensaker-kisa,skeid,5,3,H,dc_best,2026-04-06,0.5480348985316464,0.16726458533272348,0.2847005161356301
206007-1-mj-ndalen,2026-04-06,NO-PN1,2026,1,Mjøndalen,Arendal,mj-ndalen,arendal,4,1,H,dc_best,2026-04-06,0.3519548116304698,0.27893968501054206,0.3691055033589882
6536345,2026-04-06,SW-EE,2026,1,Umeå IK FF,KIF Örebro DFF,ume-ik-ff,kif-rebro-dff,2,2,D,dc_best,2026-04-06,0.5513092547159573,0.19364227524182825,0.2550484700422145
206007-1-vidar,2026-04-06,NO-PN1,2026,1,Vidar,Jerv,vidar,jerv,1,3,A,dc_best,2026-04-06,0.45937152273399645,0.2830647722869458,0.25756370497905773
206007-1-tr-ff,2026-04-06,NO-PN1,2026,1,Træff,Brattvåg,tr-ff,brattv-g,2,0,H,dc_best,2026-04-06,0.3213636445810572,0.282328476580515,0.3963078788384278
206007-1-pors,2026-04-06,NO-PN1,2026,1,Pors,Kvik Halden,pors,kvik-halden,0,1,A,dc_best,2026-04-06,0.45430384208399494,0.27814481665949375,0.2675513412565115
206007-1-fk-eik-t-nsberg-871,2026-04-06,NO-PN1,2026,1,FK Eik Tønsberg 871,Notodden,fk-eik-t-nsberg-871,notodden,0,1,A,dc_best,2026-04-06,0.6039943817578931,0.27133115147412035,0.12467446676798656
206007-1-bjarg,2026-04-06,NO-PN1,2026,1,Bjarg,Sandviken,bjarg,sandviken,3,1,H,dc_best,2026-04-06,0.5569843679337537,0.2657840887578355,0.17723154330841076
4038045,2026-04-06,M1L,2026,1,Jippo,Järvenpään Palloseura,129811,60676,0,0,D,dc_best,2026-04-06,0.47962309468641223,0.2810998510869614,0.23927705422662648
206092-3-kfum,2026-04-07,NO-ELI,2026,1,KFUM,Sandefjord Fotball,kfum,sandefjord-fotball,1,2,A,dc_best,2026-04-06,0.4207288186103617,0.26820175225731674,0.31106942913232166
206093-1-kongsvinger,2026-04-07,NO-OBOS,2026,1,Kongsvinger,Bryne,kongsvinger,bryne,3,0,H,dc_best,2026-04-06,0.489443401121789,0.27394652221117605,0.23661007666703493
206092-3-aalesund,2026-04-07,NO-ELI,2026,1,Aalesund,Fredrikstad,aalesund,fredrikstad,2,3,A,dc_best,2026-04-06,0.3620918518048803,0.26343580584384513,0.3744723423512746
206093-1-h-dd,2026-04-07,NO-OBOS,2026,1,Hødd,Sandnes Ulf,h-dd,sandnes-ulf,2,1,H,dc_best,2026-04-06,0.2408584096644344,0.304373930914261,0.4547676594213047
6535955,2026-04-07,SW-SE,2026,1,IK Oddevold,Sandvikens IF,ik-oddevold,sandvikens-if,2,2,D,dc_best,2026-04-06,0.5223543018859064,0.2547780645959149,0.2228676335181786
6537712,2026-04-10,SW-EN,2026,1,Karlbergs BK,Enköpings SK FK,karlbergs-bk,enk-pings-sk-fk,1,3,A,dc_best,2026-04-06,0.4980968982084219,0.2544267123390055,0.24747638945257253
4036858,2026-04-10,VL,2026,1,TPS Juniorijalkapallo,FC Lahti,60971,60969,2,1,H,dc_best,2026-04-06,0.2088914407838986,0.3513777910918612,0.43973076812424033
4036859,2026-04-10,VL,2026,1,SEINÄJOEN JALKAPALLOKERHO,IFK Mariehamn Fotboll,60970,60759,3,0,H,dc_best,2026-04-06,0.571581274197336,0.2194533656700285,0.20896536013263556
4042996,2026-04-10,M1,2026,1,Kuopion Palloseura,JJK Jyväskylä,106331,144858,1,2,A,dc_best,2026-04-06,0.4833980375828902,0.20436537938427976,0.31223658303283003
4038049,2026-04-10,M1L,2026,1,FC KTP Kotka,Mikkelin Palloilijat,60972,60494,1,0,H,dc_best,2026-04-06,0.4183988991493007,0.24874067026136273,0.33286043058933656
4038048,2026-04-10,M1L,2026,1,Järvenpään Palloseura,Helsingin Jalkapalloklubi,60676,60692,1,0,H,dc_best,2026-04-06,0.3811511015197683,0.2525749108322176,0.366273987648014
4038050,2026-04-10,M1L,2026,1,Käpylän Pallo,SJK Akatemia,60487,168874,2,2,D,dc_best,2026-04-06,0.32780144332277306,0.21310406255933975,0.4590944941178871
4036860,2026-04-10,VL,2026,1,Vaasan Palloseura,Fotbollsföreningen JARO Jalkapalloseura,60901,60974,0,0,D,dc_best,2026-04-06,0.35409900404035616,0.3183763696680308,0.3275246262916131
6537950,2026-04-10,SW-ES,2026,1,Hässleholms IF,Rosengård 1917,h-ssleholms-if,roseng-rd-1917,1,1,D,dc_best,2026-04-06,0.698221537198714,0.15595059026285957,0.1458278725384263
6537711,2026-04-11,SW-EN,2026,1,IFK Stocksund,Hammarby TFF,ifk-stocksund,hammarby-tff,2,4,A,dc_best,2026-04-06,0.32866484344004326,0.21598265718024565,0.4553524993797112
6537709,2026-04-11,SW-EN,2026,1,FC Järfälla,Sollentuna FK,fc-j-rf-lla,sollentuna-fk,0,1,A,dc_best,2026-04-06,0.4903657425316894,0.2917252925830324,0.21790896488527825
4038052,2026-04-11,M1L,2026,1,Pallokerho-35,Football Club Haka,50775,60561,0,0,D,dc_best,2026-04-06,0.4955463278918459,0.2506481993251824,0.2538054727829717
4038051,2026-04-11,M1L,2026,1,Ekenäs Idrottsförening,Jippo,60495,129811,1,2,A,dc_best,2026-04-06,0.33281470554489956,0.2650927087845628,0.4020925856705376
6537710,2026-04-11,SW-EN,2026,1,Gefle IF FF,Athletic Eskilstuna,gefle-if-ff,athletic-eskilstuna,4,3,H,dc_best,2026-04-06,0.4466444722726167,0.24304315132721277,0.3103123764001705
6537949,2026-04-11,SW-ES,2026,1,BK Olympic,FC Trollhättan,bk-olympic,fc-trollh-ttan,1,2,A,dc_best,2026-04-06,0.484525665301337,0.1823964260290639,0.3330779086695991
4043001,2026-04-11,M1,2026,1,Rovaniemen Palloseura,Football Club International Turku,60973,60860,3,2,H,dc_best,2026-04-06,0.5725665641576873,0.17716390464629755,0.25026953119601525
4042999,2026-04-11,M1,2026,1,Salon Palloilijat,Jalkapalloseura Tampere United,60690,106945,2,0,H,dc_best,2026-04-06,0.4077331264868709,0.26684175558857776,0.3254251179245513
4042998,2026-04-11,M1,2026,1,FC Jazz Juniorit,Pallokerho Keski-Uusimaa,60521,60929,1,5,A,dc_best,2026-04-06,0.45628752143922346,0.2165842856368802,0.32712819292389633
4042997,2026-04-11,M1,2026,1,Oulun Luistinseura,Vantaan Jalkapalloseura,106449,63440,1,0,H,dc_best,2026-04-06,0.7891678181617583,0.12139147818431661,0.08944070365392512
6537956,2026-04-11,SW-ES,2026,1,Tvååkers IF,Eskilsminne IF,tv-kers-if,eskilsminne-if,1,0,H,dc_best,2026-04-06,0.45489078970793645,0.2258915381510805,0.319217672140983
6537955,2026-04-11,SW-ES,2026,1,Trelleborgs FF,Ariana FC Malmö,trelleborgs-ff,ariana-fc-malm,1,1,D,dc_best,2026-04-06,0.8787804990634835,0.06939861529459586,0.05182088564192046
206092-4-lillestr-m,2026-04-11,NO-ELI,2026,1,Lillestrøm,Start,lillestr-m,start,3,1,H,dc_best,2026-04-06,0.8224875371100326,0.12016081178617062,0.057351651103796863
206092-4-troms,2026-04-11,NO-ELI,2026,1,Tromsø,Kristiansund,troms,kristiansund,2,0,H,dc_best,2026-04-06,0.8037682426029727,0.12832002880326193,0.06791172859376536
6537953,2026-04-11,SW-ES,2026,1,Laholms FK,Ängelholms FF,laholms-fk,ngelholms-ff,1,1,D,dc_best,2026-04-06,0.4001211280397329,0.2773370460449086,0.32254182591535857
6537954,2026-04-11,SW-ES,2026,1,Lunds BK,Åtvidabergs FF,lunds-bk,tvidabergs-ff,2,0,H,dc_best,2026-04-06,0.2932525064879671,0.2620837300113901,0.4446637635006427
6537952,2026-04-11,SW-ES,2026,1,Kristianstad FC,Skövde AIK,kristianstad-fc,sk-vde-aik,0,0,D,dc_best,2026-04-06,0.6254442972380869,0.18274297335568018,0.19181272940623295
206092-4-viking,2026-04-11,NO-ELI,2026,1,Viking,Bodø/Glimt,viking,bod-glimt,5,0,H,dc_best,2026-04-06,0.4442442054147113,0.21467622373160905,0.34107957085367957
4043000,2026-04-11,M1,2026,1,Tampereen Pallo-Veikot,KPV Juniorit,60704,60536,0,0,D,dc_best,2026-04-06,0.5609820733219872,0.20496798452794823,0.23404994215006453
4036862,2026-04-11,VL,2026,1,Helsingin Jalkapalloklubin Liiga-HJK,Oulun edustusjalkapallo AC Oulu,60731,60493,0,1,A,dc_best,2026-04-06,0.5730498441259164,0.20549692316226445,0.22145323271181921
206093-2-haugesund,2026-04-11,NO-OBOS,2026,1,Haugesund,Strømsgodset,haugesund,str-msgodset,4,2,H,dc_best,2026-04-06,0.29912536179404364,0.303733185051584,0.39714145315437244
4036861,2026-04-11,VL,2026,1,Kuopion Palloseura,IF Gnistan,60756,60534,1,0,H,dc_best,2026-04-06,0.7318221536636829,0.16742503484534252,0.10075281149097474
206007-2-sandviken,2026-04-11,NO-PN1,2026,1,Sandviken,Sotra,sandviken,sotra,1,3,A,dc_best,2026-04-06,0.3022175465309697,0.31845260352508137,0.37932984994394897
206007-2-brattv-g,2026-04-11,NO-PN1,2026,1,Brattvåg,Pors,brattv-g,pors,2,1,H,dc_best,2026-04-06,0.7377349591852326,0.15991440815297828,0.1023506326617892
206007-2-lysekloster,2026-04-11,NO-PN1,2026,1,Lysekloster,Vidar,lysekloster,vidar,1,1,D,dc_best,2026-04-06,0.5610595669573398,0.26513921761704645,0.17380121542561375
206007-2-kvik-halden,2026-04-11,NO-PN1,2026,1,Kvik Halden,FK Eik Tønsberg 871,kvik-halden,fk-eik-t-nsberg-871,1,0,H,dc_best,2026-04-06,0.4319789591346135,0.3268979639374743,0.24112307692791213
6529838,2026-04-11,SW-AL,2026,1,IFK Göteborg,BK Häcken,ifk-g-teborg,bk-h-cken,0,2,A,dc_best,2026-04-06,0.4910645579861408,0.2862457211898155,0.22268972082404365
6529839,2026-04-11,SW-AL,2026,1,Mjällby AIF,Örgryte IS Fotboll,mj-llby-aif,rgryte-is-fotboll,0,2,A,dc_best,2026-04-06,0.5163401832821157,0.30316695295175056,0.18049286376613377
6529843,2026-04-11,SW-AL,2026,1,Västerås SK FK,IF Elfsborg,v-ster-s-sk-fk,if-elfsborg,2,2,D,dc_best,2026-04-06,0.5594339397099246,0.2662393161945446,0.17432674409553076
206093-2-str-mmen,2026-04-11,NO-OBOS,2026,1,Strømmen,Egersund,str-mmen,egersund,0,3,A,dc_best,2026-04-06,0.25798385117893596,0.31462344275008225,0.4273927060709818
206093-2-sogndal,2026-04-11,NO-OBOS,2026,1,Sogndal,Lyn,sogndal,lyn,0,3,A,dc_best,2026-04-06,0.2851221172071343,0.30364961270274077,0.41122827009012486
206093-2-sandnes-ulf,2026-04-11,NO-OBOS,2026,1,Sandnes Ulf,Odd,sandnes-ulf,odd,1,3,A,dc_best,2026-04-06,0.4971227409796859,0.28416028206200844,0.21871697695830566
206008-2-trygg-lade,2026-04-11,NO-PN2,2026,1,Trygg/Lade,Follo,trygg-lade,follo,2,2,D,dc_best,2026-04-06,0.6111930855493904,0.17353569525134177,0.21527121919926778
206008-2-levanger,2026-04-11,NO-PN2,2026,1,Levanger,Kjelsås,levanger,kjels-s,1,2,A,dc_best,2026-04-06,0.2972311401312979,0.18983887877001615,0.5129299810986859
6535963,2026-04-11,SW-SE,2026,1,Ljungskile SK Herrfotboll,IFK Norrköping FK,ljungskile-sk-herrfotboll,ifk-norrk-ping-fk,0,1,A,dc_best,2026-04-06,0.19763907670826839,0.2128852835199074,0.5894756397718243
206008-2-l-renskog,2026-04-11,NO-PN2,2026,1,Lørenskog,Stjørdals-Blink,l-renskog,stj-rdals-blink,2,1,H,dc_best,2026-04-06,0.5001679496901454,0.18256100238058245,0.3172710479292722
6535964,2026-04-11,SW-SE,2026,1,Östersund,Norrby IF,stersund,norrby-if,1,1,D,dc_best,2026-04-06,0.4152134794810556,0.32478121742236565,0.26000530309657877
6535966,2026-04-11,SW-SE,2026,1,Nordic United FC,Helsingborgs IF,nordic-united-fc,helsingborgs-if,3,1,H,dc_best,2026-04-06,0.39069635649791223,0.2601884320608771,0.34911521144121077
4036863,2026-04-11,VL,2026,1,Football Club International Turku,Ilves,60987,60745,2,1,H,dc_best,2026-04-06,0.3897288578789736,0.2864054644523964,0.32386567766863006
206008-2-grorud,2026-04-11,NO-PN2,2026,1,Grorud,Eidsvold TF,grorud,eidsvold-tf,0,0,D,dc_best,2026-04-06,0.7029900140759688,0.13903374420918027,0.15797624171485097
6535962,2026-04-11,SW-SE,2026,1,Östers IF,Örebro,sters-if,rebro,0,0,D,dc_best,2026-04-06,0.3435873428182008,0.21343066433350208,0.4429819928482971
6535965,2026-04-12,SW-SE,2026,1,Sandvikens IF,Varbergs BoIS FC,sandvikens-if,varbergs-bois-fc,2,2,D,dc_best,2026-04-06,0.43692775421169705,0.258043037785169,0.30502920800313393
206008-2-h-nefoss-bk,2026-04-12,NO-PN2,2026,1,Hønefoss BK,Rana FK,h-nefoss-bk,rana-fk,2,1,H,dc_best,2026-04-06,0.5942396731174258,0.17179830328955165,0.2339620235930227
6537714,2026-04-12,SW-EN,2026,1,Stockholm Internazionale,IF Karlstad Fotboll,stockholm-internazionale,if-karlstad-fotboll,0,1,A,dc_best,2026-04-06,0.48979277045737724,0.2922534998707688,0.21795372967185395
6537716,2026-04-12,SW-EN,2026,1,Vasalund,FBK Karlstad,vasalund,fbk-karlstad,1,3,A,dc_best,2026-04-06,0.5586321936278598,0.22099955863452372,0.22036824773761665
6537713,2026-04-12,SW-EN,2026,1,Piteå IF FF,Assyriska FF,pite-if-ff,assyriska-ff,0,2,A,dc_best,2026-04-06,0.4298245298788288,0.27400449823191403,0.2961709718892572
206007-2-notodden,2026-04-12,NO-PN1,2026,1,Notodden,Træff,notodden,tr-ff,1,2,A,dc_best,2026-04-06,0.36595124869979745,0.3256965716611722,0.3083521796390303
6529840,2026-04-12,SW-AL,2026,1,Malmö FF,GAIS,malm-ff,gais,3,1,H,dc_best,2026-04-06,0.33439460134414445,0.3003530092640938,0.3652523893917618
6529837,2026-04-12,SW-AL,2026,1,Djurgården,Kalmar FF,djurg-rden,kalmar-ff,3,2,H,dc_best,2026-04-06,0.6126671219569486,0.2507758068123205,0.13655707123073102
6537715,2026-04-12,SW-EN,2026,1,Umeå FC,FC Arlanda,ume-fc,fc-arlanda,0,1,A,dc_best,2026-04-06,0.4089324481712645,0.25643587246092203,0.3346316793678136
206092-4-rosenborg,2026-04-12,NO-ELI,2026,1,Rosenborg,Sarpsborg 08,rosenborg,sarpsborg-08,2,1,H,dc_best,2026-04-06,0.4334888097195094,0.245779207281761,0.32073198299872957
206007-2-jerv,2026-04-12,NO-PN1,2026,1,Jerv,Mjøndalen,jerv,mj-ndalen,1,0,H,dc_best,2026-04-06,0.5283303200112962,0.26681555646851984,0.20485412352018398
206093-2-stab-k,2026-04-12,NO-OBOS,2026,1,Stabæk,Åsane,stab-k,sane,4,0,H,dc_best,2026-04-06,0.4539497533762696,0.2765088490373087,0.2695413975864218
206093-2-moss,2026-04-12,NO-OBOS,2026,1,Moss,Hødd,moss,h-dd,1,0,H,dc_best,2026-04-06,0.3576936253056519,0.3003137924823498,0.34199258221199835
206093-2-bryne,2026-04-12,NO-OBOS,2026,1,Bryne,Ranheim TF,bryne,ranheim-tf,2,3,A,dc_best,2026-04-06,0.35151628358350373,0.28606094356690076,0.36242277284959556
6535967,2026-04-12,SW-SE,2026,1,IK Brage,IK Oddevold,ik-brage,ik-oddevold,3,4,A,dc_best,2026-04-06,0.47780537185488786,0.24125383769832567,0.2809407904467864
206008-2-tromsdalen,2026-04-12,NO-PN2,2026,1,Tromsdalen,Ullensaker/Kisa,tromsdalen,ullensaker-kisa,5,1,H,dc_best,2026-04-06,0.6033038877440561,0.15796841386686247,0.23872769838908148
206092-4-fredrikstad,2026-04-12,NO-ELI,2026,1,Fredrikstad,Vålerenga,fredrikstad,v-lerenga,1,1,D,dc_best,2026-04-06,0.4160342426959067,0.266633082272639,0.31733267503145435
206092-4-molde,2026-04-12,NO-ELI,2026,1,Molde,HamKam,molde,hamkam,4,1,H,dc_best,2026-04-06,0.4953769689490058,0.24320941504597057,0.2614136160050236
206092-4-aalesund,2026-04-12,NO-ELI,2026,1,Aalesund,KFUM,aalesund,kfum,2,2,D,dc_best,2026-04-06,0.3817563572477488,0.2585703992703011,0.35967324348195
206092-4-brann,2026-04-12,NO-ELI,2026,1,Brann,Sandefjord Fotball,brann,sandefjord-fotball,0,1,A,dc_best,2026-04-06,0.48994775741447155,0.23127499800836268,0.2787772445771659
6535960,2026-04-12,SW-SE,2026,1,Landskrona BoIS,Falkenbergs FF,landskrona-bois,falkenbergs-ff,1,2,A,dc_best,2026-04-06,0.2813256399315374,0.2548461396563664,0.4638282204120961
206007-2-arendal,2026-04-12,NO-PN1,2026,1,Arendal,Bjarg,arendal,bjarg,0,2,A,dc_best,2026-04-06,0.6605096852720866,0.21015914106288477,0.12933117366502855
206008-2-skeid,2026-04-12,NO-PN2,2026,1,Skeid,Junkeren,skeid,junkeren,1,0,H,dc_best,2026-04-06,0.5030340634309667,0.18269126619865333,0.3142746703703801
6529844,2026-04-12,SW-AL,2026,1,Halmstad,Degerfors IF,halmstad,degerfors-if,0,3,A,dc_best,2026-04-06,0.35122137857980146,0.3282143927688662,0.3205642286513324
6537951,2026-04-12,SW-ES,2026,1,Jönköpings Södra IF,Utsikten,j-nk-pings-s-dra-if,utsikten,1,2,A,dc_best,2026-04-06,0.702546576713432,0.1858667719162293,0.11158665137033863
6529841,2026-04-13,SW-AL,2026,1,IF Brommapojkarna,AIK,if-brommapojkarna,aik,2,2,D,dc_best,2026-04-13,0.295705529523029,0.26382130350217514,0.4404731669747959
6529842,2026-04-13,SW-AL,2026,1,IK Sirius FK,Hammarby,ik-sirius-fk,hammarby,2,0,H,dc_best,2026-04-13,0.2297979009594492,0.2107809194727054,0.5594211795678454
206093-2-raufoss,2026-04-13,NO-OBOS,2026,1,Raufoss,Kongsvinger,raufoss,kongsvinger,1,3,A,dc_best,2026-04-13,0.16650220982820033,0.2376038265499988,0.5958939636218009
6535961,2026-04-14,SW-SE,2026,1,IFK Värnamo,GIF Sundsvall,ifk-v-rnamo,gif-sundsvall,3,0,H,dc_best,2026-04-13,0.17760830515206255,0.20955831050938462,0.6128333843385529
206092-15-troms,2026-04-15,NO-ELI,2026,1,Tromsø,Lillestrøm,troms,lillestr-m,0,0,D,dc_best,2026-04-13,0.43528980558827923,0.26934928045347284,0.295360913958248
206092-1-sarpsborg-08,2026-04-15,NO-ELI,2026,1,Sarpsborg 08,Bodø/Glimt,sarpsborg-08,bod-glimt,1,1,D,dc_best,2026-04-13,0.2446209739703679,0.19495820331291408,0.5604208227167181
6529846,2026-04-17,SW-AL,2026,1,Djurgården,Malmö FF,djurg-rden,malm-ff,0,1,A,dc_best,2026-04-13,0.43758653252263885,0.24976370124934746,0.3126497662280137
6529850,2026-04-17,SW-AL,2026,1,Degerfors IF,IF Elfsborg,degerfors-if,if-elfsborg,0,1,A,dc_best,2026-04-13,0.3378100303581488,0.24773352823297232,0.41445644140887883
6537959,2026-04-17,SW-ES,2026,1,Hässleholms IF,BK Olympic,h-ssleholms-if,bk-olympic,4,0,H,dc_best,2026-04-13,0.6259518014511916,0.2033314037744438,0.1707167947743646
206093-3-ranheim-tf,2026-04-17,NO-OBOS,2026,1,Ranheim TF,Raufoss,ranheim-tf,raufoss,5,1,H,dc_best,2026-04-13,0.561242888964003,0.23567136155571106,0.20308574948028602
4057660,2026-04-17,M2,2026,1,Pallo-Pojat Juniorit,Pepo Lappeenranta,48924,61010,1,1,D,dc_best,2026-04-13,0.5093703357246551,0.20252713657679447,0.2881025276985505
4057662,2026-04-17,M2,2026,1,HIFK Soccer,Union Plaani,49735,61723,5,1,H,dc_best,2026-04-13,0.5237822740109835,0.18832795010821124,0.28788977588080517
4057840,2026-04-17,M2,2026,3,FC Vaajakoski,SJK Akatemia,60496,131834,0,2,A,dc_best,2026-04-13,0.44662928106210814,0.17872775765404741,0.37464296128384456
4057839,2026-04-17,M2,2026,3,Fotbollsföreningen JARO Jalkapalloseura,Idrottsföreningen Kraft,144364,60686,6,5,H,dc_best,2026-04-13,0.6181763314889017,0.1753047423111115,0.20651892619998688
4057750,2026-04-17,M2,2026,2,GrIFK - Fotboll,Espoon Palloseuran Jalkapallo,60549,62296,1,0,H,dc_best,2026-04-13,0.4982246070106663,0.19407310278158377,0.30770229020775003
4057749,2026-04-17,M2,2026,2,Nurmijärven Jalkapalloseura,Hämeenlinnan Jalkapalloseura,60537,35121579,2,4,A,dc_best,2026-04-13,0.3078421509601344,0.2064058353223311,0.4857520137175345
206008-3-follo,2026-04-18,NO-PN2,2026,1,Follo,Grorud,follo,grorud,2,3,A,dc_best,2026-04-13,0.2587105942036433,0.22328983010680564,0.5179995756895511
206008-3-skeid,2026-04-18,NO-PN2,2026,1,Skeid,Lørenskog,skeid,l-renskog,1,2,A,dc_best,2026-04-13,0.3657561205611844,0.24299121783054922,0.3912526616082664
4043002,2026-04-18,M1,2026,1,JJK Jyväskylä,Tampereen Pallo-Veikot,144858,60704,2,1,H,dc_best,2026-04-13,0.3643413849195457,0.26884305646677503,0.3668155586136792
206093-3-h-dd,2026-04-18,NO-OBOS,2026,1,Hødd,Haugesund,h-dd,haugesund,0,2,A,dc_best,2026-04-13,0.0760380577307224,0.12513517485979378,0.7988267674094839
6537718,2026-04-18,SW-EN,2026,1,Enköpings SK FK,FBK Karlstad,enk-pings-sk-fk,fbk-karlstad,2,1,H,dc_best,2026-04-13,0.19137006494080966,0.20447402807557782,0.6041559069836125
4038053,2026-04-18,M1L,2026,1,Jippo,FC KTP Kotka,129811,60972,0,0,D,dc_best,2026-04-13,0.3641823131854006,0.3404401514450312,0.2953775353695682
4043004,2026-04-18,M1,2026,1,Pallokerho Keski-Uusimaa,Rovaniemen Palloseura,60929,60973,0,2,A,dc_best,2026-04-13,0.4895132286660059,0.21293865867304942,0.29754811266094483
4043005,2026-04-18,M1,2026,1,Jalkapalloseura Tampere United,Kuopion Palloseura,106945,106331,4,0,H,dc_best,2026-04-13,0.43205732719890716,0.23197572368761535,0.3359669491134775
6529852,2026-04-18,SW-AL,2026,1,Halmstad,IFK Göteborg,halmstad,ifk-g-teborg,1,1,D,dc_best,2026-04-13,0.20233003744844102,0.3087636739069414,0.4889062886446176
6529851,2026-04-18,SW-AL,2026,1,IK Sirius FK,Västerås SK FK,ik-sirius-fk,v-ster-s-sk-fk,4,1,H,dc_best,2026-04-13,0.4199669935288315,0.251143150124616,0.32888985634655243
206093-3-kongsvinger,2026-04-18,NO-OBOS,2026,1,Kongsvinger,Moss,kongsvinger,moss,2,1,H,dc_best,2026-04-13,0.6561389407341678,0.20856961756599968,0.13529144169983254
206093-3-str-msgodset,2026-04-18,NO-OBOS,2026,1,Strømsgodset,Sogndal,str-msgodset,sogndal,3,0,H,dc_best,2026-04-13,0.5982068024937109,0.22980242704451492,0.1719907704617741
206008-3-ullensaker-kisa,2026-04-18,NO-PN2,2026,1,Ullensaker/Kisa,Hønefoss BK,ullensaker-kisa,h-nefoss-bk,0,3,A,dc_best,2026-04-13,0.4794237575696679,0.17078288724514104,0.3497933551851911
6535968,2026-04-18,SW-SE,2026,1,Landskrona BoIS,Ljungskile SK Herrfotboll,landskrona-bois,ljungskile-sk-herrfotboll,1,0,H,dc_best,2026-04-13,0.2904556479223814,0.34426404039228026,0.3652803116853384
6535974,2026-04-18,SW-SE,2026,1,Sandvikens IF,IFK Värnamo,sandvikens-if,ifk-v-rnamo,0,1,A,dc_best,2026-04-13,0.7708052905268268,0.13862529787901773,0.0905694115941555
6535975,2026-04-18,SW-SE,2026,1,Varbergs BoIS FC,Nordic United FC,varbergs-bois-fc,nordic-united-fc,4,1,H,dc_best,2026-04-13,0.3602355918099934,0.21539724369758032,0.4243671644924264
6529849,2026-04-18,SW-AL,2026,1,Mjällby AIF,IF Brommapojkarna,mj-llby-aif,if-brommapojkarna,3,0,H,dc_best,2026-04-13,0.5614392350188793,0.2497028812846899,0.18885788369643092
4057841,2026-04-18,M2,2026,3,Jalkapalloseura Hercules,Gamlakarleby Bollklubb,61004,60492,4,0,H,dc_best,2026-04-13,0.1796103146420655,0.16227095085372023,0.6581187345042143
4057661,2026-04-18,M2,2026,1,Helsingin Palloseura,Puistolan Urheilijat,49949,49973,1,3,A,dc_best,2026-04-13,0.4055981163808585,0.23796266805634414,0.3564392155627974
4057753,2026-04-18,M2,2026,2,Esbo Bollklubb,Ilves,63411,106905,2,2,D,dc_best,2026-04-13,0.26591523187889665,0.1825379187301264,0.551546849390977
4057752,2026-04-18,M2,2026,2,Pallo-Iirot,Musan Salama,107307,60696,4,0,H,dc_best,2026-04-13,0.4306992915140384,0.2057785383501062,0.36352217013585547
4057751,2026-04-18,M2,2026,2,FC Honka,Idrottsföreningen Kamraterna i Åbo,62416,60996,1,1,D,dc_best,2026-04-13,0.8905893173066995,0.06630893203843762,0.04310175065486275
4057659,2026-04-18,M2,2026,1,Atlantis FC Edustus,MYPA,60702,129934,0,2,A,dc_best,2026-04-13,0.639449604604695,0.15162466691229257,0.20892572848301239
6537719,2026-04-18,SW-EN,2026,1,FC Arlanda,Stockholm Internazionale,fc-arlanda,stockholm-internazionale,0,0,D,dc_best,2026-04-13,0.2631431040934462,0.2918671975036949,0.44498969840285907
6537720,2026-04-18,SW-EN,2026,1,Gefle IF FF,Sollentuna FK,gefle-if-ff,sollentuna-fk,1,2,A,dc_best,2026-04-13,0.44043607937249635,0.2458010724915265,0.3137628481359771
6537721,2026-04-18,SW-EN,2026,1,IF Karlstad Fotboll,FC Järfälla,if-karlstad-fotboll,fc-j-rf-lla,2,1,H,dc_best,2026-04-13,0.5902163244298645,0.26490872775249513,0.1448749478176404
4036865,2026-04-18,VL,2026,1,Fotbollsföreningen JARO Jalkapalloseura,Kuopion Palloseura,60974,60756,1,1,D,dc_best,2026-04-13,0.12559290509312163,0.2210670098845821,0.6533400850222962
6529847,2026-04-18,SW-AL,2026,1,Hammarby,Örgryte IS Fotboll,hammarby,rgryte-is-fotboll,8,1,H,dc_best,2026-04-13,0.36960853793168186,0.2849200089992565,0.34547145306906163
4036864,2026-04-18,VL,2026,1,IF Gnistan,Helsingin Jalkapalloklubin Liiga-HJK,60534,60731,0,3,A,dc_best,2026-04-13,0.16281160965621871,0.1716705017950175,0.6655178885487638
4043003,2026-04-18,M1,2026,1,Vantaan Jalkapalloseura,Salon Palloilijat,63440,60690,1,1,D,dc_best,2026-04-13,0.2400665714828975,0.2973332609632353,0.46260016755386724
6537962,2026-04-18,SW-ES,2026,1,Utsikten,FC Trollhättan,utsikten,fc-trollh-ttan,1,2,A,dc_best,2026-04-13,0.3662263926232736,0.2082421620583224,0.42553144531840403
6537957,2026-04-18,SW-ES,2026,1,Ariana FC Malmö,Rosengård 1917,ariana-fc-malm,roseng-rd-1917,1,1,D,dc_best,2026-04-13,0.46411764641878006,0.25601975985442543,0.27986259372679445
4036868,2026-04-18,VL,2026,1,Oulun edustusjalkapallo AC Oulu,Vaasan Palloseura,60493,60901,1,0,H,dc_best,2026-04-13,0.419982096481241,0.28659247025289764,0.29342543326586146
4036869,2026-04-18,VL,2026,1,IFK Mariehamn Fotboll,Ilves,60759,60745,2,2,D,dc_best,2026-04-13,0.16621193678970075,0.18583469553302717,0.6479533676772721
6537961,2026-04-18,SW-ES,2026,1,Trelleborgs FF,Tvååkers IF,trelleborgs-ff,tv-kers-if,4,1,H,dc_best,2026-04-13,0.5118706563314503,0.3097974430567253,0.17833190061182438
206007-3-arendal,2026-04-18,NO-PN1,2026,1,Arendal,Notodden,arendal,notodden,2,2,D,dc_best,2026-04-13,0.6731308758876564,0.18454284283356467,0.14232628127877883
206107-3-grei,2026-04-18,NO-1DK,2026,1,Grei,Viking,grei,viking,1,3,A,dc_best,2026-04-13,0.562512390616571,0.2511884496227059,0.1862991597607232
206092-5-bod-glimt,2026-04-18,NO-ELI,2026,1,Bodø/Glimt,Aalesund,bod-glimt,aalesund,3,0,H,dc_best,2026-04-13,0.9262380486062951,0.046097031595182525,0.027664919798522376
206092-5-sandefjord-fotball,2026-04-18,NO-ELI,2026,1,Sandefjord Fotball,Rosenborg,sandefjord-fotball,rosenborg,0,0,D,dc_best,2026-04-13,0.5883618086647323,0.2243430266832468,0.187295164652021
6537958,2026-04-18,SW-ES,2026,1,Eskilsminne IF,Jönköpings Södra IF,eskilsminne-if,j-nk-pings-s-dra-if,2,2,D,dc_best,2026-04-13,0.3492779114867908,0.31145545543241826,0.3392666330807909
206007-3-vidar,2026-04-18,NO-PN1,2026,1,Vidar,Sandviken,vidar,sandviken,0,1,A,dc_best,2026-04-13,0.498323716688329,0.24953424250957387,0.2521420408020972
206092-5-viking,2026-04-18,NO-ELI,2026,1,Viking,Brann,viking,brann,3,2,H,dc_best,2026-04-13,0.8004369367893269,0.11540319005647955,0.08415987315419364
6537960,2026-04-18,SW-ES,2026,1,Skövde AIK,Laholms FK,sk-vde-aik,laholms-fk,1,0,H,dc_best,2026-04-13,0.36058373373537467,0.3483910999391496,0.2910251663254758
206007-3-tr-ff,2026-04-18,NO-PN1,2026,1,Træff,Sotra,tr-ff,sotra,0,2,A,dc_best,2026-04-13,0.3742352447452611,0.29390695462250105,0.3318578006322378
206007-3-mj-ndalen,2026-04-18,NO-PN1,2026,1,Mjøndalen,Lysekloster,mj-ndalen,lysekloster,2,1,H,dc_best,2026-04-13,0.5862023859566016,0.25091311692119217,0.16288449712220637
206007-3-bjarg,2026-04-18,NO-PN1,2026,1,Bjarg,Kvik Halden,bjarg,kvik-halden,1,2,A,dc_best,2026-04-13,0.4400603325893877,0.36880380507504307,0.19113586233556934
206007-3-fk-eik-t-nsberg-871,2026-04-18,NO-PN1,2026,1,FK Eik Tønsberg 871,Brattvåg,fk-eik-t-nsberg-871,brattv-g,0,2,A,dc_best,2026-04-13,0.32933201672390955,0.2905677343289299,0.3801002489471605
206007-3-pors,2026-04-18,NO-PN1,2026,1,Pors,Jerv,pors,jerv,0,3,A,dc_best,2026-04-13,0.3169975281169793,0.26323175478570776,0.419770717097313
4036867,2026-04-18,VL,2026,1,TPS Juniorijalkapallo,SEINÄJOEN JALKAPALLOKERHO,60971,60970,2,0,H,dc_best,2026-04-13,0.2941624362439889,0.23012218898016312,0.47571537477584813
4036866,2026-04-18,VL,2026,1,FC Lahti,Football Club International Turku,60969,60987,0,2,A,dc_best,2026-04-13,0.2074090190504726,0.2822717337360707,0.5103192472134568
6537963,2026-04-19,SW-ES,2026,1,Ängelholms FF,Lunds BK,ngelholms-ff,lunds-bk,0,0,D,dc_best,2026-04-13,0.33206803450720446,0.2569866332955007,0.410945332197295
206008-3-kjels-s,2026-04-19,NO-PN2,2026,1,Kjelsås,Tromsdalen,kjels-s,tromsdalen,3,2,H,dc_best,2026-04-13,0.49123128075161937,0.19693981687776466,0.3118289023706159
6537723,2026-04-19,SW-EN,2026,1,Piteå IF FF,Hammarby TFF,pite-if-ff,hammarby-tff,1,4,A,dc_best,2026-04-13,0.2369710939151276,0.2195842423642111,0.5434446637206614
4038055,2026-04-19,M1L,2026,1,Ekenäs Idrottsförening,Helsingin Jalkapalloklubi,60495,60692,2,1,H,dc_best,2026-04-13,0.4619618191621387,0.21939672441240737,0.31864145642545394
6537964,2026-04-19,SW-ES,2026,1,Åtvidabergs FF,Kristianstad FC,tvidabergs-ff,kristianstad-fc,2,1,H,dc_best,2026-04-13,0.3158386529929389,0.3463037073551966,0.33785763965186455
206107-3-klepp,2026-04-19,NO-1DK,2026,1,Klepp,Odds Ballklubb,klepp,odds-ballklubb,1,2,A,dc_best,2026-04-13,0.24014859699388888,0.28980881215295323,0.4700425908531579
206107-3-fyllingsdalen,2026-04-19,NO-1DK,2026,1,Fyllingsdalen,Frigg,fyllingsdalen,frigg,2,0,H,dc_best,2026-04-13,0.6914198088006758,0.17712825899750745,0.13145193220181678
4057843,2026-04-19,M2,2026,3,Jakobstads Bollklubb,Äänekosken Huima,61766,35117343,2,0,H,dc_best,2026-04-13,0.5918218534957086,0.19920452630197077,0.2089736202023207
4057663,2026-04-19,M2,2026,1,Lahden Reipas,Football Club Kiffen 08,61562,60554,3,2,H,dc_best,2026-04-13,0.6241142072359604,0.1546012829145908,0.2212845098494487
4057842,2026-04-19,M2,2026,3,Vaasan Palloseura,Tornion Pallo-47,169909,60666,1,1,D,dc_best,2026-04-13,0.9413708874886623,0.03602406562999132,0.02260504688134645
6537724,2026-04-19,SW-EN,2026,1,Vasalund,Umeå FC,vasalund,ume-fc,3,1,H,dc_best,2026-04-13,0.48118804925268865,0.2614760518228354,0.25733589892447595
6537717,2026-04-19,SW-EN,2026,1,Assyriska FF,Karlbergs BK,assyriska-ff,karlbergs-bk,3,4,A,dc_best,2026-04-13,0.4651715338506145,0.2552863470392423,0.27954211911014315
206107-3-bryne,2026-04-19,NO-1DK,2026,1,Bryne,Åsane,bryne,sane,0,0,D,dc_best,2026-04-13,0.02158236250319277,0.0865667455017809,0.8918508919950263
6535969,2026-04-19,SW-SE,2026,1,Helsingborgs IF,Östersund,helsingborgs-if,stersund,2,1,H,dc_best,2026-04-13,0.6075841251083756,0.22285173863366153,0.16956413625796293
6529848,2026-04-19,SW-AL,2026,1,BK Häcken,GAIS,bk-h-cken,gais,2,1,H,dc_best,2026-04-13,0.339023771835894,0.26827215779421604,0.3927040703698901
6529845,2026-04-19,SW-AL,2026,1,AIK,Kalmar FF,aik,kalmar-ff,1,0,H,dc_best,2026-04-13,0.4552153160748307,0.26146339173038174,0.2833212921947876
4043006,2026-04-19,M1,2026,1,Football Club International Turku,Oulun Luistinseura,60860,106449,1,1,D,dc_best,2026-04-13,0.21584660498619934,0.1730314789019827,0.611121916111818
206092-5-start,2026-04-19,NO-ELI,2026,1,Start,Molde,start,molde,1,1,D,dc_best,2026-04-13,0.2793613347006976,0.26259887223800005,0.45803979306130244
206092-5-sarpsborg-08,2026-04-19,NO-ELI,2026,1,Sarpsborg 08,Tromsø,sarpsborg-08,troms,0,1,A,dc_best,2026-04-13,0.280422285488327,0.24762517076043392,0.4719525437512391
206092-5-kristiansund,2026-04-19,NO-ELI,2026,1,Kristiansund,Fredrikstad,kristiansund,fredrikstad,2,0,H,dc_best,2026-04-13,0.31419439684338074,0.24823558983419247,0.4375700133224268
206092-5-hamkam,2026-04-19,NO-ELI,2026,1,HamKam,KFUM,hamkam,kfum,4,0,H,dc_best,2026-04-13,0.48401093530577305,0.22394930817199327,0.29203975652223374
206092-5-v-lerenga,2026-04-19,NO-ELI,2026,1,Vålerenga,Lillestrøm,v-lerenga,lillestr-m,0,2,A,dc_best,2026-04-13,0.3085948952054118,0.25858338056905616,0.43282172422553206
6535973,2026-04-19,SW-SE,2026,1,Norrby IF,Falkenbergs FF,norrby-if,falkenbergs-ff,2,2,D,dc_best,2026-04-13,0.22444821094208983,0.3170766117102486,0.4584751773476615
206093-3-odd,2026-04-19,NO-OBOS,2026,1,Odd,Stabæk,odd,stab-k,2,2,D,dc_best,2026-04-13,0.3557038459952431,0.26989723524694836,0.3743989187578085
206093-3-sane,2026-04-19,NO-OBOS,2026,1,Åsane,Strømmen,sane,str-mmen,4,5,A,dc_best,2026-04-13,0.4850345700448785,0.263458094174725,0.2515073357803965
4038056,2026-04-19,M1L,2026,1,SJK Akatemia,Pallokerho-35,168874,50775,0,1,A,dc_best,2026-04-13,0.3188541646436582,0.2506401145210565,0.4305057208352852
4038054,2026-04-19,M1L,2026,1,Mikkelin Palloilijat,Käpylän Pallo,60494,60487,0,1,A,dc_best,2026-04-13,0.3240883902350026,0.2955803946467234,0.38033121511827406
206008-3-rana-fk,2026-04-19,NO-PN2,2026,1,Rana FK,Levanger,rana-fk,levanger,2,3,A,dc_best,2026-04-13,0.48383142292712944,0.25230716672504827,0.2638614103478224
206008-3-junkeren,2026-04-19,NO-PN2,2026,1,Junkeren,Trygg/Lade,junkeren,trygg-lade,3,2,H,dc_best,2026-04-13,0.4788747835699901,0.28666886086923865,0.23445635556077116
206008-3-eidsvold-tf,2026-04-19,NO-PN2,2026,1,Eidsvold TF,Stjørdals-Blink,eidsvold-tf,stj-rdals-blink,3,0,H,dc_best,2026-04-13,0.5325160933314743,0.2100304296635474,0.2574534770049782
206107-3-troms-il,2026-04-19,NO-1DK,2026,1,Tromsø IL,IK Start Kvinner,troms-il,ik-start-kvinner,0,0,D,dc_best,2026-04-13,0.45857265520211066,0.2914602373722159,0.24996710742567352
206093-3-egersund,2026-04-19,NO-OBOS,2026,1,Egersund,Bryne,egersund,bryne,1,0,H,dc_best,2026-04-13,0.7358996689327353,0.1802306709056107,0.08386966016165401
206093-3-lyn,2026-04-20,NO-OBOS,2026,1,Lyn,Sandnes Ulf,lyn,sandnes-ulf,0,2,A,dc_best,2026-04-20,0.7845275791895919,0.1407623264609013,0.07471009434950668
4043007,2026-04-20,M1,2026,1,KPV Juniorit,FC Jazz Juniorit,60536,60521,0,2,A,dc_best,2026-04-20,0.6601175378562324,0.194493053516241,0.1453894086275266
6537722,2026-04-20,SW-EN,2026,1,IFK Stocksund,Athletic Eskilstuna,ifk-stocksund,athletic-eskilstuna,4,4,D,dc_best,2026-04-20,0.3689985399036466,0.17624485694595948,0.454756603150394
6535972,2026-04-20,SW-SE,2026,1,GIF Sundsvall,IK Brage,gif-sundsvall,ik-brage,1,2,A,dc_best,2026-04-20,0.42214106995079365,0.2292022255805199,0.3486567044686865
6535971,2026-04-20,SW-SE,2026,1,IK Oddevold,Östers IF,ik-oddevold,sters-if,1,2,A,dc_best,2026-04-20,0.7223050979622982,0.17084281291527642,0.1068520891224254
4038057,2026-04-21,M1L,2026,1,Football Club Haka,Järvenpään Palloseura,60561,60676,5,0,H,dc_best,2026-04-20,0.3744120150338356,0.35405444492429256,0.2715335400418719
6535970,2026-04-21,SW-SE,2026,1,Örebro,IFK Norrköping FK,rebro,ifk-norrk-ping-fk,2,1,H,dc_best,2026-04-20,0.07280704881070633,0.13213659404963315,0.7950563571396605
4036930,2026-04-22,VL,2026,1,Kuopion Palloseura,Oulun edustusjalkapallo AC Oulu,60756,60493,3,2,H,dc_best,2026-04-20,0.5344058896176167,0.2475208050291658,0.2180733053532176
6529859,2026-04-22,SW-AL,2026,1,Västerås SK FK,BK Häcken,v-ster-s-sk-fk,bk-h-cken,3,3,D,dc_best,2026-04-20,0.319964380434222,0.2198081170745079,0.4602275024912701
6529855,2026-04-22,SW-AL,2026,1,Örgryte IS Fotboll,IF Brommapojkarna,rgryte-is-fotboll,if-brommapojkarna,1,2,A,dc_best,2026-04-20,0.4721698807310841,0.1921318694527444,0.3356982498161716
4057844,2026-04-22,M2,2026,3,SJK Akatemia,Fotbollsföreningen JARO Jalkapalloseura,131834,144364,3,4,A,dc_best,2026-04-20,0.8278323474004405,0.07445906681003771,0.09770858578952187
6529857,2026-04-22,SW-AL,2026,1,IF Elfsborg,Djurgården,if-elfsborg,djurg-rden,2,1,H,dc_best,2026-04-20,0.26099803123340265,0.2181191797560557,0.5208827890105417
6529853,2026-04-22,SW-AL,2026,1,Hammarby,Halmstad,hammarby,halmstad,1,1,D,dc_best,2026-04-20,0.8542388009009406,0.09854242572598963,0.04721877337306984
6529858,2026-04-23,SW-AL,2026,1,Degerfors IF,AIK,degerfors-if,aik,2,1,H,dc_best,2026-04-20,0.30861324323283723,0.2685230368896604,0.4228637198775025
6529860,2026-04-23,SW-AL,2026,1,Kalmar FF,IFK Göteborg,kalmar-ff,ifk-g-teborg,1,1,D,dc_best,2026-04-20,0.2952728109300676,0.30068678218154665,0.40404040688838583
6529854,2026-04-23,SW-AL,2026,1,GAIS,Mjällby AIF,gais,mj-llby-aif,0,0,D,dc_best,2026-04-20,0.2673164549623306,0.2793083759948687,0.45337516904280073
6529856,2026-04-23,SW-AL,2026,1,Malmö FF,IK Sirius FK,malm-ff,ik-sirius-fk,2,3,A,dc_best,2026-04-20,0.3662728386238137,0.23485006304823475,0.39887709832795154
4038186,2026-04-24,NL,2026,1,PK-35 Vantaa,IF Gnistan,60671,35209545,2,3,A,dc_best,2026-04-20,0.8485129098894385,0.0925274911751231,0.0589595989354384
4043009,2026-04-24,M1,2026,1,Salon Palloilijat,Football Club International Turku,60690,60860,2,3,A,dc_best,2026-04-20,0.6217152186807814,0.21132235391183693,0.16696242740738168
4043010,2026-04-24,M1,2026,1,Jalkapalloseura Tampere United,Vantaan Jalkapalloseura,106945,63440,0,4,A,dc_best,2026-04-20,0.5452664569432265,0.26386970091191264,0.1908638421448609
4043008,2026-04-24,M1,2026,1,Kuopion Palloseura,Tampereen Pallo-Veikot,106331,60704,3,0,H,dc_best,2026-04-20,0.33629119509096783,0.2587917504966166,0.40491705441241566
4038058,2026-04-24,M1L,2026,1,Pallokerho-35,FC KTP Kotka,50775,60972,0,1,A,dc_best,2026-04-20,0.36153224908101694,0.35760055381609834,0.2808671971028848
4036872,2026-04-24,VL,2026,1,SEINÄJOEN JALKAPALLOKERHO,Fotbollsföreningen JARO Jalkapalloseura,60970,60974,1,1,D,dc_best,2026-04-20,0.537036251117342,0.22950783665648147,0.2334559122261766
4036870,2026-04-24,VL,2026,1,TPS Juniorijalkapallo,IF Gnistan,60971,60534,1,1,D,dc_best,2026-04-20,0.6713324727469672,0.19922719466882827,0.12944033258420465
206008-4-grorud,2026-04-24,NO-PN2,2026,1,Grorud,Skeid,grorud,skeid,1,0,H,dc_best,2026-04-20,0.7724200586998384,0.12206342866710368,0.10551651263305795
4057758,2026-04-24,M2,2026,2,Nurmijärven Jalkapalloseura,GrIFK - Fotboll,60537,60549,0,1,A,dc_best,2026-04-20,0.3387388512477856,0.2051107082703367,0.4561504404818778
4057755,2026-04-24,M2,2026,2,Musan Salama,FC Honka,60696,62416,0,6,A,dc_best,2026-04-20,0.10009135017015075,0.1265155730040877,0.7733930768257615
4057664,2026-04-24,M2,2026,1,Lahden Reipas,Helsingin Palloseura,61562,49949,2,2,D,dc_best,2026-04-20,0.733658648376062,0.13645342753698392,0.1298879240869541
4036871,2026-04-24,VL,2026,1,Vaasan Palloseura,Ilves,60901,60745,3,2,H,dc_best,2026-04-20,0.2385725337396099,0.25671203691676486,0.5047154293436253
6537726,2026-04-24,SW-EN,2026,1,Enköpings SK FK,FC Arlanda,enk-pings-sk-fk,fc-arlanda,1,7,A,dc_best,2026-04-20,0.35320817402593857,0.2540856578351123,0.3927061681389492
4038059,2026-04-24,M1L,2026,1,Helsingin Jalkapalloklubi,Mikkelin Palloilijat,60692,60494,0,1,A,dc_best,2026-04-20,0.47980186375477685,0.3199797570704832,0.20021837917474
4057754,2026-04-24,M2,2026,2,Idrottsföreningen Kamraterna i Åbo,Esbo Bollklubb,60996,63411,3,0,H,dc_best,2026-04-20,0.6490462057292286,0.19265886164999343,0.15829493262077804
6535980,2026-04-24,SW-SE,2026,1,Ljungskile SK Herrfotboll,Helsingborgs IF,ljungskile-sk-herrfotboll,helsingborgs-if,4,1,H,dc_best,2026-04-20,0.3854077268086,0.3312124060214339,0.28337986716996605
206119-4-aafk-kvinner,2026-04-24,NO-TS,2026,1,AaFK Kvinner,Rosenborg BK,aafk-kvinner,rosenborg-bk,1,0,H,dc_best,2026-04-20,0.22854600496859193,0.2870317091223472,0.48442228590906095
6536346,2026-04-24,SW-EE,2026,1,Alingsås IF FF,IFK Göteborg,alings-s-if-ff,ifk-g-teborg,1,1,D,dc_best,2026-04-20,0.11015554222311816,0.1465865526513355,0.7432579051255463
6537967,2026-04-24,SW-ES,2026,1,FC Trollhättan,Skövde AIK,fc-trollh-ttan,sk-vde-aik,1,1,D,dc_best,2026-04-20,0.5806300390461271,0.23028830013502355,0.1890816608188494
6536348,2026-04-25,SW-EE,2026,1,Husqvarna FF,Örebro SK FK,husqvarna-ff,rebro-sk-fk,0,1,A,dc_best,2026-04-20,0.2722977521146591,0.21303069789540655,0.5146715499899344
6535982,2026-04-25,SW-SE,2026,1,Nordic United FC,Sandvikens IF,nordic-united-fc,sandvikens-if,2,1,H,dc_best,2026-04-20,0.5070369102914257,0.20200893040967607,0.2909541592988983
6535981,2026-04-25,SW-SE,2026,1,Falkenbergs FF,GIF Sundsvall,falkenbergs-ff,gif-sundsvall,1,0,H,dc_best,2026-04-20,0.6643955708903228,0.19084150836246655,0.14476292074721075
6535978,2026-04-25,SW-SE,2026,1,Östers IF,Östersund,sters-if,stersund,1,0,H,dc_best,2026-04-20,0.3563152420243783,0.28085854056839626,0.36282621740722537
206008-4-stj-rdals-blink,2026-04-25,NO-PN2,2026,1,Stjørdals-Blink,Follo,stj-rdals-blink,follo,1,2,A,dc_best,2026-04-20,0.5042805565167855,0.2022226245806208,0.29349681890259377
206008-4-junkeren,2026-04-25,NO-PN2,2026,1,Junkeren,Eidsvold TF,junkeren,eidsvold-tf,0,1,A,dc_best,2026-04-20,0.3607438341097808,0.26447255679909193,0.3747836090911274
206008-4-l-renskog,2026-04-25,NO-PN2,2026,1,Lørenskog,Ullensaker/Kisa,l-renskog,ullensaker-kisa,5,1,H,dc_best,2026-04-20,0.6376703966984126,0.1842725318067329,0.17805707149485445
206008-4-trygg-lade,2026-04-25,NO-PN2,2026,1,Trygg/Lade,Kjelsås,trygg-lade,kjels-s,1,3,A,dc_best,2026-04-20,0.22123222068439996,0.1700434162847039,0.6087243630308963
206008-4-tromsdalen,2026-04-25,NO-PN2,2026,1,Tromsdalen,Rana FK,tromsdalen,rana-fk,2,1,H,dc_best,2026-04-20,0.6728885426364708,0.17069856286724405,0.1564128944962851
4057848,2026-04-25,M2,2026,3,FC Vaajakoski,Jalkapalloseura Hercules,60496,61004,3,5,A,dc_best,2026-04-20,0.4985114131978487,0.2019635401220206,0.29952504668013075
4057667,2026-04-25,M2,2026,1,Puistolan Urheilijat,Union Plaani,49973,61723,3,1,H,dc_best,2026-04-20,0.8094202614050618,0.1107109562738421,0.07986878232109618
4057668,2026-04-25,M2,2026,1,Football Club Kiffen 08,Pallo-Pojat Juniorit,60554,48924,0,4,A,dc_best,2026-04-20,0.5133822826510018,0.20799911262895,0.27861860472004824
4057666,2026-04-25,M2,2026,1,Pepo Lappeenranta,Atlantis FC Edustus,61010,60702,4,1,H,dc_best,2026-04-20,0.7558534951964895,0.1617446661416129,0.08240183866189765
4057665,2026-04-25,M2,2026,1,MYPA,HIFK Soccer,129934,49735,0,1,A,dc_best,2026-04-20,0.3034058005754204,0.17296094855211816,0.5236332508724615
4057756,2026-04-25,M2,2026,2,Espoon Palloseuran Jalkapallo,Ilves,62296,106905,1,1,D,dc_best,2026-04-20,0.23349528485427026,0.23987863355815342,0.5266260815875764
4057757,2026-04-25,M2,2026,2,Hämeenlinnan Jalkapalloseura,Pallo-Iirot,35121579,107307,2,0,H,dc_best,2026-04-20,0.5856890813292376,0.19743501212786954,0.21687590654289296
4057845,2026-04-25,M2,2026,3,Äänekosken Huima,Vaasan Palloseura,35117343,169909,4,4,D,dc_best,2026-04-20,0.1490931270788664,0.1831461596856668,0.6677607132354669
4057846,2026-04-25,M2,2026,3,Gamlakarleby Bollklubb,Tornion Pallo-47,60492,60666,0,2,A,dc_best,2026-04-20,0.6241063232458034,0.16939789166152303,0.20649578509267352
4057847,2026-04-25,M2,2026,3,Idrottsföreningen Kraft,Jakobstads Bollklubb,60686,61766,0,1,A,dc_best,2026-04-20,0.2997366004184829,0.23187602160594006,0.468387377975577
206119-4-stab-k,2026-04-25,NO-TS,2026,1,Stabæk,Vålerenga Fotball,stab-k,v-lerenga-fotball,0,0,D,dc_best,2026-04-20,0.13706615660091725,0.25676315979652337,0.6061706836025594
206119-4-r-a-fotball-elite,2026-04-25,NO-TS,2026,1,Røa Fotball Elite,SK Brann,r-a-fotball-elite,sk-brann,0,2,A,dc_best,2026-04-20,0.01747846989769497,0.0740377453558716,0.9084837847464334
206119-4-lyn,2026-04-25,NO-TS,2026,1,Lyn,Bodø/Glimt,lyn,bod-glimt,9,0,H,dc_best,2026-04-20,0.4415747858267295,0.3240882317419387,0.23433698243133189
206119-4-lsk-kvinner,2026-04-25,NO-TS,2026,1,LSK Kvinner,Molde,lsk-kvinner,molde,1,3,A,dc_best,2026-04-20,0.5986022206361656,0.2368873597274484,0.16451041963638602
206119-4-h-nefoss-bk,2026-04-25,NO-TS,2026,1,Hønefoss BK,Haugesund,h-nefoss-bk,haugesund,2,3,A,dc_best,2026-04-20,0.09422776115612477,0.17316193707946392,0.7326103017644114
6535979,2026-04-25,SW-SE,2026,1,Örebro,Norrby IF,rebro,norrby-if,1,1,D,dc_best,2026-04-20,0.4722470905490151,0.2839613344701238,0.24379157498086115
206093-4-sogndal,2026-04-25,NO-OBOS,2026,1,Sogndal,Åsane,sogndal,sane,2,0,H,dc_best,2026-04-20,0.43294109026830163,0.25883443702428127,0.30822447270741704
206093-4-str-mmen,2026-04-25,NO-OBOS,2026,1,Strømmen,Kongsvinger,str-mmen,kongsvinger,2,2,D,dc_best,2026-04-20,0.1500232026312802,0.1402862583569682,0.7096905390117516
206093-4-bryne,2026-04-25,NO-OBOS,2026,1,Bryne,Odd,bryne,odd,1,2,A,dc_best,2026-04-20,0.24104788954447665,0.275653124447423,0.48329898600810034
6537969,2026-04-25,SW-ES,2026,1,Laholms FK,Trelleborgs FF,laholms-fk,trelleborgs-ff,0,4,A,dc_best,2026-04-20,0.07686050645673584,0.1733190926665942,0.74982040087667
6529559,2026-04-25,SW-DA,2026,1,IK Uppsala Fotboll,Rosengård,ik-uppsala-fotboll,roseng-rd,1,1,D,dc_best,2026-04-20,0.29500509746231185,0.26139844847990124,0.4435964540577869
6529560,2026-04-25,SW-DA,2026,1,Kristianstads DFF,Växjö,kristianstads-dff,v-xj,1,0,H,dc_best,2026-04-20,0.6413369469019272,0.1605259475871214,0.1981371055109514
6529557,2026-04-25,SW-DA,2026,1,Djurgården,IFK Norrköping FK,djurg-rden,ifk-norrk-ping-fk,1,1,D,dc_best,2026-04-20,0.40191540423671135,0.232935843733874,0.36514875202941466
6537966,2026-04-25,SW-ES,2026,1,Rosengård 1917,Eskilsminne IF,roseng-rd-1917,eskilsminne-if,0,3,A,dc_best,2026-04-20,0.561797364414064,0.23886025822657694,0.19934237735935906
206107-4-viking,2026-04-25,NO-1DK,2026,1,Viking,Klepp,viking,klepp,5,0,H,dc_best,2026-04-20,0.8894652048611147,0.08164357340996654,0.0288912217289188
206107-4-kolbotn-il-elite,2026-04-25,NO-1DK,2026,1,Kolbotn IL Elite,Tromsø IL,kolbotn-il-elite,troms-il,0,3,A,dc_best,2026-04-20,0.4662380783680556,0.28625573708035296,0.24750618455159148
206107-4-frigg,2026-04-25,NO-1DK,2026,1,Frigg,Arna-Bjørnar,frigg,arna-bj-rnar,0,3,A,dc_best,2026-04-20,0.02993839823111868,0.13473163823673492,0.8353299635321465
206107-4-ik-start-kvinner,2026-04-25,NO-1DK,2026,1,IK Start Kvinner,Åsane,ik-start-kvinner,sane,2,2,D,dc_best,2026-04-20,0.2194233176070047,0.3842679391990538,0.3963087431939416
4036873,2026-04-25,VL,2026,1,FC Lahti,Oulun edustusjalkapallo AC Oulu,60969,60493,2,1,H,dc_best,2026-04-20,0.27089512151612266,0.2715474967682765,0.4575573817156008
4036874,2026-04-25,VL,2026,1,Football Club International Turku,IFK Mariehamn Fotboll,60987,60759,1,0,H,dc_best,2026-04-20,0.6456927294712648,0.21222246461092983,0.14208480591780545
6537727,2026-04-25,SW-EN,2026,1,FBK Karlstad,IFK Stocksund,fbk-karlstad,ifk-stocksund,1,0,H,dc_best,2026-04-20,0.7116060476598539,0.15190554125876082,0.13648841108138524
6537970,2026-04-25,SW-ES,2026,1,Lunds BK,Tvååkers IF,lunds-bk,tv-kers-if,1,0,H,dc_best,2026-04-20,0.42481777952265165,0.34993616639521385,0.2252460540821345
206007-4-lysekloster,2026-04-25,NO-PN1,2026,1,Lysekloster,FK Eik Tønsberg 871,lysekloster,fk-eik-t-nsberg-871,3,1,H,dc_best,2026-04-20,0.5122465983722699,0.28685055762824846,0.20090284399948155
206007-4-sandviken,2026-04-25,NO-PN1,2026,1,Sandviken,Pors,sandviken,pors,0,1,A,dc_best,2026-04-20,0.47452478529435976,0.24913706348110184,0.27633815122453853
206007-4-notodden,2026-04-25,NO-PN1,2026,1,Notodden,Bjarg,notodden,bjarg,0,1,A,dc_best,2026-04-20,0.205361244482869,0.23166355312522485,0.5629752023919062
206007-4-sotra,2026-04-25,NO-PN1,2026,1,Sotra,Mjøndalen,sotra,mj-ndalen,4,0,H,dc_best,2026-04-20,0.42319695668721635,0.280043968546325,0.2967590747664587
206007-4-kvik-halden,2026-04-25,NO-PN1,2026,1,Kvik Halden,Arendal,kvik-halden,arendal,3,1,H,dc_best,2026-04-20,0.6356225334752711,0.22484162883470307,0.13953583769002587
206092-6-fredrikstad,2026-04-25,NO-ELI,2026,1,Fredrikstad,Viking,fredrikstad,viking,1,2,A,dc_best,2026-04-20,0.17447019867135985,0.2186434486507372,0.6068863526779029
206092-6-rosenborg,2026-04-25,NO-ELI,2026,1,Rosenborg,Brann,rosenborg,brann,1,1,D,dc_best,2026-04-20,0.3894208308848398,0.2537241120542987,0.3568550570608615
4038189,2026-04-25,NL,2026,1,Idrottsföreningen Kamraterna Vasa,Kuopion Palloseura,60691,157420,1,2,A,dc_best,2026-04-20,0.030978583704149312,0.12396928942274556,0.8450521268731052
4038188,2026-04-25,NL,2026,1,Helsingin Jalkapalloklubi,Ilves,60682,60776,2,1,H,dc_best,2026-04-20,0.9651866799483908,0.02622749269619696,0.008585827355412325
4038187,2026-04-25,NL,2026,1,Helsingin Palloseura,Åland United,60781,60532,1,0,H,dc_best,2026-04-20,0.4976449514282387,0.21566926891962623,0.2866857796521351
6536350,2026-04-25,SW-EE,2026,1,Sandvikens IF,KIF Örebro DFF,sandvikens-if,kif-rebro-dff,1,5,A,dc_best,2026-04-20,0.16433837215029395,0.18114329776116656,0.6545183300885395
6537971,2026-04-25,SW-ES,2026,1,Ängelholms FF,Hässleholms IF,ngelholms-ff,h-ssleholms-if,1,1,D,dc_best,2026-04-20,0.18017225199233614,0.2518318890680917,0.5679958589395723
6537731,2026-04-25,SW-EN,2026,1,Sollentuna FK,Assyriska FF,sollentuna-fk,assyriska-ff,0,0,D,dc_best,2026-04-20,0.3681446539406799,0.25570548986124814,0.37614985619807195
6537972,2026-04-25,SW-ES,2026,1,Åtvidabergs FF,Ariana FC Malmö,tvidabergs-ff,ariana-fc-malm,3,0,H,dc_best,2026-04-20,0.3068235178082237,0.3425389868980332,0.35063749529374316
4038061,2026-04-25,M1L,2026,1,Järvenpään Palloseura,Ekenäs Idrottsförening,60676,60495,3,0,H,dc_best,2026-04-20,0.4326794424126573,0.22231825913046543,0.3450022984568772
4043013,2026-04-25,M1,2026,1,Rovaniemen Palloseura,KPV Juniorit,60973,60536,7,0,H,dc_best,2026-04-20,0.4716573891673143,0.26432214274545757,0.2640204680872282
4043012,2026-04-25,M1,2026,1,FC Jazz Juniorit,JJK Jyväskylä,60521,144858,0,2,A,dc_best,2026-04-20,0.26523907881601005,0.2214455445965703,0.5133153765874197
6536352,2026-04-25,SW-EE,2026,1,Umeå IK FF,BK Häcken,ume-ik-ff,bk-h-cken,4,1,H,dc_best,2026-04-20,0.7791588673769941,0.13057133277399208,0.09026979984901379
4038062,2026-04-25,M1L,2026,1,Football Club Haka,Käpylän Pallo,60561,60487,2,2,D,dc_best,2026-04-20,0.483101977846026,0.26981700088363264,0.24708102127034132
6536349,2026-04-25,SW-EE,2026,1,Linköping FC,Jitex BK,link-ping-fc,jitex-bk,1,1,D,dc_best,2026-04-20,0.6771176020418439,0.1472084041185147,0.17567399383964136
4043011,2026-04-25,M1,2026,1,Oulun Luistinseura,Pallokerho Keski-Uusimaa,106449,60929,2,0,H,dc_best,2026-04-20,0.6686389061681134,0.1923509774752938,0.13901011635659283
4038060,2026-04-25,M1L,2026,1,Jippo,SJK Akatemia,129811,168874,1,0,H,dc_best,2026-04-20,0.4870394451028758,0.2651944809379119,0.24776607395921232
206093-4-sandnes-ulf,2026-04-26,NO-OBOS,2026,1,Sandnes Ulf,Strømsgodset,sandnes-ulf,str-msgodset,1,1,D,dc_best,2026-04-20,0.08570758100894958,0.14099941196990773,0.7732930070211426
4036875,2026-04-26,VL,2026,1,Kuopion Palloseura,Helsingin Jalkapalloklubin Liiga-HJK,60756,60731,1,1,D,dc_best,2026-04-20,0.44065436508827377,0.24985123941239235,0.309494395499334
206107-4-odds-ballklubb,2026-04-26,NO-1DK,2026,1,Odds Ballklubb,Bryne,odds-ballklubb,bryne,1,1,D,dc_best,2026-04-20,0.49426371374324596,0.37288097221596844,0.1328553140407856
206107-4-grei,2026-04-26,NO-1DK,2026,1,Grei,Fyllingsdalen,grei,fyllingsdalen,3,1,H,dc_best,2026-04-20,0.5482828611099291,0.2545334022094021,0.19718373668066888
6529561,2026-04-26,SW-DA,2026,1,Malmö FF,IF Brommapojkarna,malm-ff,if-brommapojkarna,2,0,H,dc_best,2026-04-20,0.7973788007926422,0.10810886442646976,0.09451233478088814
6529562,2026-04-26,SW-DA,2026,1,Piteå IF DFF,Vittsjö GIK,pite-if-dff,vittsj-gik,1,0,H,dc_best,2026-04-20,0.4256055354367021,0.2336268298013692,0.34076763476192884
6536347,2026-04-26,SW-EE,2026,1,Gamla Upsala SK,IF Elfsborg,gamla-upsala-sk,if-elfsborg,0,2,A,dc_best,2026-04-20,0.12385857237608167,0.15372105270124853,0.7224203749226698
206092-6-troms,2026-04-26,NO-ELI,2026,1,Tromsø,Sandefjord Fotball,troms,sandefjord-fotball,3,1,H,dc_best,2026-04-20,0.578619630824332,0.28137242960415815,0.1400079395715099
206007-4-jerv,2026-04-26,NO-PN1,2026,1,Jerv,Træff,jerv,tr-ff,1,1,D,dc_best,2026-04-20,0.5718581101551354,0.23974238971810938,0.18839950012675521
206008-4-h-nefoss-bk,2026-04-26,NO-PN2,2026,1,Hønefoss BK,Levanger,h-nefoss-bk,levanger,0,1,A,dc_best,2026-04-20,0.6386190805290369,0.17416538453132202,0.18721553493964108
6536351,2026-04-26,SW-EE,2026,1,Trelleborgs FF,Enskede IK,trelleborgs-ff,enskede-ik,1,3,A,dc_best,2026-04-20,0.7333605270564386,0.1535209363706584,0.11311853657290294
206093-4-stab-k,2026-04-26,NO-OBOS,2026,1,Stabæk,Haugesund,stab-k,haugesund,3,2,H,dc_best,2026-04-20,0.15696500624647214,0.1657303097869159,0.6773046839666119
206093-4-raufoss,2026-04-26,NO-OBOS,2026,1,Raufoss,Hødd,raufoss,h-dd,1,1,D,dc_best,2026-04-20,0.36190527927794236,0.3165769631918325,0.3215177575302252
206093-4-moss,2026-04-26,NO-OBOS,2026,1,Moss,Lyn,moss,lyn,2,1,H,dc_best,2026-04-20,0.21668574234214472,0.25147848646491566,0.5318357711929397
6535977,2026-04-26,SW-SE,2026,1,IFK Värnamo,IK Oddevold,ifk-v-rnamo,ik-oddevold,3,1,H,dc_best,2026-04-20,0.5051145861348151,0.2306448497771527,0.2642405640880323
6535983,2026-04-26,SW-SE,2026,1,IK Brage,Varbergs BoIS FC,ik-brage,varbergs-bois-fc,2,2,D,dc_best,2026-04-20,0.5301459228739378,0.20121613292035678,0.26863794420570547
6529863,2026-04-26,SW-AL,2026,1,IFK Göteborg,GAIS,ifk-g-teborg,gais,2,2,D,dc_best,2026-04-20,0.34158871887390063,0.2871421991379384,0.371269081988161
6529867,2026-04-26,SW-AL,2026,1,IF Brommapojkarna,Västerås SK FK,if-brommapojkarna,v-ster-s-sk-fk,1,2,A,dc_best,2026-04-20,0.43097173290784474,0.21861960127310961,0.3504086658190457
6529862,2026-04-26,SW-AL,2026,1,Djurgården,Hammarby,djurg-rden,hammarby,1,1,D,dc_best,2026-04-20,0.2901058755135618,0.21738360273081014,0.4925105217556281
206092-6-molde,2026-04-26,NO-ELI,2026,1,Molde,Vålerenga,molde,v-lerenga,5,1,H,dc_best,2026-04-20,0.5220632097175315,0.25649610431633885,0.22144068596612962
206092-6-hamkam,2026-04-26,NO-ELI,2026,1,HamKam,Start,hamkam,start,2,1,H,dc_best,2026-04-20,0.5934445641773711,0.23268988257412895,0.17386555324849992
206092-6-kfum,2026-04-26,NO-ELI,2026,1,KFUM,Sarpsborg 08,kfum,sarpsborg-08,1,0,H,dc_best,2026-04-20,0.39627537067739693,0.26819436008169817,0.3355302692409049
206092-6-lillestr-m,2026-04-26,NO-ELI,2026,1,Lillestrøm,Bodø/Glimt,lillestr-m,bod-glimt,0,2,A,dc_best,2026-04-20,0.5814885017179985,0.25007958069769703,0.16843191758430448
206007-4-brattv-g,2026-04-26,NO-PN1,2026,1,Brattvåg,Vidar,brattv-g,vidar,3,0,H,dc_best,2026-04-20,0.7216010456598093,0.1789938733374158,0.09940508100277493
6537965,2026-04-26,SW-ES,2026,1,BK Olympic,Jönköpings Södra IF,bk-olympic,j-nk-pings-s-dra-if,3,1,H,dc_best,2026-04-20,0.32943362380878344,0.2854897929326728,0.3850765832585437
206092-6-aalesund,2026-04-26,NO-ELI,2026,1,Aalesund,Kristiansund,aalesund,kristiansund,1,1,D,dc_best,2026-04-20,0.5054677707354066,0.23080171965016738,0.26373050961442607
6537725,2026-04-26,SW-EN,2026,1,Athletic Eskilstuna,IF Karlstad Fotboll,athletic-eskilstuna,if-karlstad-fotboll,0,2,A,dc_best,2026-04-20,0.20189208281590493,0.1807052224579096,0.6174026947261856
6537968,2026-04-26,SW-ES,2026,1,Kristianstad FC,Utsikten,kristianstad-fc,utsikten,4,1,H,dc_best,2026-04-20,0.4988452257914252,0.2622964732207109,0.23885830098786398
6537732,2026-04-26,SW-EN,2026,1,Stockholm Internazionale,Umeå FC,stockholm-internazionale,ume-fc,3,0,H,dc_best,2026-04-20,0.5218597275973912,0.32140944353858686,0.1567308288640219
6537728,2026-04-26,SW-EN,2026,1,FC Järfälla,Piteå IF FF,fc-j-rf-lla,pite-if-ff,1,0,H,dc_best,2026-04-20,0.4757258412188256,0.31008842175315365,0.21418573702802077
6537730,2026-04-26,SW-EN,2026,1,Karlbergs BK,Gefle IF FF,karlbergs-bk,gefle-if-ff,3,2,H,dc_best,2026-04-20,0.4594666982074217,0.2295970066768209,0.3109362951157575
6537729,2026-04-27,SW-EN,2026,1,Hammarby TFF,Vasalund,hammarby-tff,vasalund,2,2,D,dc_best,2026-04-27,0.3188719531289318,0.18595307581590592,0.4951749710551624
6529868,2026-04-27,SW-AL,2026,1,Kalmar FF,IF Elfsborg,kalmar-ff,if-elfsborg,2,1,H,dc_best,2026-04-27,0.25247900836889725,0.2832329947370228,0.46428799689408007
6529866,2026-04-27,SW-AL,2026,1,Mjällby AIF,Halmstad,mj-llby-aif,halmstad,2,0,H,dc_best,2026-04-27,0.6213073076716102,0.26758414010292075,0.111108552225469
6529865,2026-04-27,SW-AL,2026,1,BK Häcken,IK Sirius FK,bk-h-cken,ik-sirius-fk,2,2,D,dc_best,2026-04-27,0.2502751952871477,0.20365958217921018,0.5460652225336422
6529864,2026-04-27,SW-AL,2026,1,Örgryte IS Fotboll,Degerfors IF,rgryte-is-fotboll,degerfors-if,1,1,D,dc_best,2026-04-27,0.32199884309762344,0.23985534077885437,0.43814581612352227
6529861,2026-04-27,SW-AL,2026,1,AIK,Malmö FF,aik,malm-ff,0,1,A,dc_best,2026-04-27,0.3102384365022484,0.27810749856021466,0.411654064937537
206093-4-egersund,2026-04-27,NO-OBOS,2026,1,Egersund,Ranheim TF,egersund,ranheim-tf,3,0,H,dc_best,2026-04-27,0.49080196470769216,0.2941781456161365,0.21501988967617136
206119-14-sk-brann,2026-04-28,NO-TS,2026,1,SK Brann,Haugesund,sk-brann,haugesund,2,0,H,dc_best,2026-04-27,0.8139935316808917,0.11793907328211656,0.06806739503699184
6535976,2026-04-28,SW-SE,2026,1,IFK Norrköping FK,Landskrona BoIS,ifk-norrk-ping-fk,landskrona-bois,1,3,A,dc_best,2026-04-27,0.8598295286528932,0.09566520486184904,0.044505266485257815
206119-14-v-lerenga-fotball,2026-04-29,NO-TS,2026,1,Vålerenga Fotball,Stabæk,v-lerenga-fotball,stab-k,3,1,H,dc_best,2026-04-27,0.6092023749407747,0.27340735495080587,0.11739027010841935
4036931,2026-04-29,VL,2026,1,Football Club International Turku,Helsingin Jalkapalloklubin Liiga-HJK,60987,60731,1,1,D,dc_best,2026-04-27,0.40216281782272445,0.29225916117447853,0.3055780210027971
206119-14-rosenborg-bk,2026-04-29,NO-TS,2026,1,Rosenborg BK,Molde,rosenborg-bk,molde,1,0,H,dc_best,2026-04-27,0.7583009585776,0.17864349445732128,0.06305554696507865
206092-17-troms,2026-04-29,NO-ELI,2026,1,Tromsø,Brann,troms,brann,0,5,A,dc_best,2026-04-27,0.6553970797621734,0.20757479795648628,0.13702812228134031
206092-18-bod-glimt,2026-04-30,NO-ELI,2026,1,Bodø/Glimt,Start,bod-glimt,start,5,0,H,dc_best,2026-04-27,0.8559077888496907,0.104822432441036,0.039269778709273374
206093-5-kongsvinger,2026-05-01,NO-OBOS,2026,1,Kongsvinger,Egersund,kongsvinger,egersund,2,1,H,dc_best,2026-04-27,0.325395189066064,0.3493552054790815,0.32524960545485454
206093-5-lyn,2026-05-01,NO-OBOS,2026,1,Lyn,Stabæk,lyn,stab-k,0,4,A,dc_best,2026-04-27,0.3670654838438648,0.28942797965565886,0.34350653650047636
206093-5-odd,2026-05-01,NO-OBOS,2026,1,Odd,Raufoss,odd,raufoss,1,0,H,dc_best,2026-04-27,0.6243619767398969,0.22063335908925563,0.15500466417084754
206093-5-str-msgodset,2026-05-01,NO-OBOS,2026,1,Strømsgodset,Strømmen,str-msgodset,str-mmen,3,0,H,dc_best,2026-04-27,0.6802483520500419,0.16002940763198342,0.15972224031797483
206093-5-ranheim-tf,2026-05-01,NO-OBOS,2026,1,Ranheim TF,Moss,ranheim-tf,moss,4,0,H,dc_best,2026-04-27,0.6008740954499047,0.21509776383254525,0.1840281407175502
206107-5-arna-bj-rnar,2026-05-01,NO-1DK,2026,1,Arna-Bjørnar,Fyllingsdalen,arna-bj-rnar,fyllingsdalen,2,1,H,dc_best,2026-04-27,0.7591261945966583,0.18205782839094795,0.05881597701239373
206093-5-haugesund,2026-05-01,NO-OBOS,2026,1,Haugesund,Sandnes Ulf,haugesund,sandnes-ulf,2,0,H,dc_best,2026-04-27,0.7063801966953138,0.16457617174211678,0.12904363156256937
6537737,2026-05-01,SW-EN,2026,1,IFK Stocksund,Vasalund,ifk-stocksund,vasalund,2,2,D,dc_best,2026-04-27,0.15812019624073054,0.14226746531391066,0.6996123384453588
206092-7-viking,2026-05-01,NO-ELI,2026,1,Viking,Rosenborg,viking,rosenborg,3,0,H,dc_best,2026-04-27,0.8013793330920108,0.13580748333714238,0.06281318357084668
206093-5-h-dd,2026-05-01,NO-OBOS,2026,1,Hødd,Åsane,h-dd,sane,1,0,H,dc_best,2026-04-27,0.42725669450336445,0.3192144243570851,0.2535288811395505
206093-5-bryne,2026-05-01,NO-OBOS,2026,1,Bryne,Sogndal,bryne,sogndal,3,3,D,dc_best,2026-04-27,0.32582696786040316,0.32324450731028764,0.35092852482930925
6537975,2026-05-01,SW-ES,2026,1,Hässleholms IF,Lunds BK,h-ssleholms-if,lunds-bk,0,1,A,dc_best,2026-04-27,0.5382090566101138,0.28678727563697487,0.17500366775291135
6536356,2026-05-01,SW-EE,2026,1,Jitex BK,Husqvarna FF,jitex-bk,husqvarna-ff,1,1,D,dc_best,2026-04-27,0.4731866464947526,0.2143183301316333,0.3124950233736141
6537973,2026-05-01,SW-ES,2026,1,Eskilsminne IF,Ängelholms FF,eskilsminne-if,ngelholms-ff,0,6,A,dc_best,2026-04-27,0.5076819665416474,0.26675086782027907,0.2255671656380736
6536359,2026-05-01,SW-EE,2026,1,Örebro SK FK,Sandvikens IF,rebro-sk-fk,sandvikens-if,1,1,D,dc_best,2026-04-27,0.6605568982496667,0.2067885324949559,0.1326545692553775
6535988,2026-05-02,SW-SE,2026,1,GIF Sundsvall,IK Oddevold,gif-sundsvall,ik-oddevold,1,3,A,dc_best,2026-04-27,0.41584398833526326,0.2475754023040298,0.336580609360707
6535989,2026-05-02,SW-SE,2026,1,Sandvikens IF,Norrby IF,sandvikens-if,norrby-if,2,2,D,dc_best,2026-04-27,0.4428207713907486,0.2741931511829004,0.282986077426351
6535990,2026-05-02,SW-SE,2026,1,Varbergs BoIS FC,Örebro,varbergs-bois-fc,rebro,0,0,D,dc_best,2026-04-27,0.4972458195560755,0.2331305125079949,0.26962366793592957
6535986,2026-05-02,SW-SE,2026,1,Ljungskile SK Herrfotboll,Nordic United FC,ljungskile-sk-herrfotboll,nordic-united-fc,0,2,A,dc_best,2026-04-27,0.7071278433457726,0.16181841332512029,0.13105374332910713
6537977,2026-05-02,SW-ES,2026,1,Skövde AIK,Åtvidabergs FF,sk-vde-aik,tvidabergs-ff,0,0,D,dc_best,2026-04-27,0.2056492566933206,0.32676227074371156,0.4675884725629678
4036876,2026-05-02,VL,2026,1,SEINÄJOEN JALKAPALLOKERHO,Ilves,60970,60745,1,1,D,dc_best,2026-04-27,0.43011612676830013,0.20693115177484023,0.3629527214568597
4043016,2026-05-02,M1,2026,1,Tampereen Pallo-Veikot,FC Jazz Juniorit,60704,60521,0,2,A,dc_best,2026-04-27,0.4781701993479928,0.2688428675626026,0.25298693308940456
6536353,2026-05-02,SW-EE,2026,1,BK Häcken,Alingsås IF FF,bk-h-cken,alings-s-if-ff,0,1,A,dc_best,2026-04-27,0.3759076816356187,0.24848104991728084,0.3756112684471005
6537974,2026-05-02,SW-ES,2026,1,FC Trollhättan,Rosengård 1917,fc-trollh-ttan,roseng-rd-1917,0,2,A,dc_best,2026-04-27,0.5792107446136809,0.22497606491775482,0.1958131904685642
6537980,2026-05-02,SW-ES,2026,1,Utsikten,Ariana FC Malmö,utsikten,ariana-fc-malm,0,3,A,dc_best,2026-04-27,0.28214514385681555,0.2953734551509827,0.4224814009922017
6536358,2026-05-02,SW-EE,2026,1,Enskede IK,Umeå IK FF,enskede-ik,ume-ik-ff,1,1,D,dc_best,2026-04-27,0.16871655957555048,0.19007736018049634,0.6412060802439532
6536355,2026-05-02,SW-EE,2026,1,IFK Göteborg,Gamla Upsala SK,ifk-g-teborg,gamla-upsala-sk,2,1,H,dc_best,2026-04-27,0.6181286772495543,0.189018543210674,0.1928527795397717
4043014,2026-05-02,M1,2026,1,Football Club International Turku,Jalkapalloseura Tampere United,60860,106945,0,2,A,dc_best,2026-04-27,0.56932228712953,0.19360935776557722,0.23706835510489277
6536354,2026-05-02,SW-EE,2026,1,IF Elfsborg,Linköping FC,if-elfsborg,link-ping-fc,0,0,D,dc_best,2026-04-27,0.3873559295764674,0.2783183003342482,0.33432577008928444
6529566,2026-05-02,SW-DA,2026,1,IF Brommapojkarna,Kristianstads DFF,if-brommapojkarna,kristianstads-dff,3,2,H,dc_best,2026-04-27,0.21296134389919938,0.1679528655338492,0.6190857905669515
206007-5-kvik-halden,2026-05-02,NO-PN1,2026,1,Kvik Halden,Brattvåg,kvik-halden,brattv-g,0,2,A,dc_best,2026-04-27,0.5698280889512742,0.23451836391843645,0.1956535471302894
6529564,2026-05-02,SW-DA,2026,1,Rosengård,Malmö FF,roseng-rd,malm-ff,0,1,A,dc_best,2026-04-27,0.14269373406474473,0.16561322996670588,0.6916930359685494
6529568,2026-05-02,SW-DA,2026,1,Vittsjö GIK,AIK,vittsj-gik,aik,1,0,H,dc_best,2026-04-27,0.3202080740817562,0.22613758432357484,0.45365434159466883
4036879,2026-05-02,VL,2026,1,Oulun edustusjalkapallo AC Oulu,Kuopion Palloseura,60493,60756,2,0,H,dc_best,2026-04-27,0.20619619131300806,0.24121871122528457,0.5525850974617074
4036877,2026-05-02,VL,2026,1,Fotbollsföreningen JARO Jalkapalloseura,TPS Juniorijalkapallo,60974,60971,2,2,D,dc_best,2026-04-27,0.21370837581613017,0.3263979522833456,0.45989367190052427
6537979,2026-05-02,SW-ES,2026,1,Tvååkers IF,Laholms FK,tv-kers-if,laholms-fk,1,2,A,dc_best,2026-04-27,0.4622206911032825,0.4034100511430312,0.1343692577536863
4043015,2026-05-02,M1,2026,1,JJK Jyväskylä,Rovaniemen Palloseura,144858,60973,3,3,D,dc_best,2026-04-27,0.39107207365585395,0.24658443660772064,0.3623434897364254
4043018,2026-05-02,M1,2026,1,KPV Juniorit,Oulun Luistinseura,60536,106449,0,4,A,dc_best,2026-04-27,0.14255497749954124,0.2199747760271347,0.6374702464733241
4038066,2026-05-02,M1L,2026,1,Käpylän Pallo,Jippo,60487,129811,0,2,A,dc_best,2026-04-27,0.31676915270909717,0.2376640762505359,0.4455667710403669
206119-5-v-lerenga-fotball,2026-05-02,NO-TS,2026,1,Vålerenga Fotball,LSK Kvinner,v-lerenga-fotball,lsk-kvinner,3,2,H,dc_best,2026-04-27,0.8645089070748134,0.10036634407386809,0.03512474885131852
4036878,2026-05-02,VL,2026,1,IFK Mariehamn Fotboll,Vaasan Palloseura,60759,60901,0,1,A,dc_best,2026-04-27,0.2801934575140547,0.3033388003381138,0.41646774214783167
4038190,2026-05-02,NL,2026,1,IF Gnistan,Idrottsföreningen Kamraterna Vasa,35209545,60691,6,0,H,dc_best,2026-04-27,0.827371947076303,0.10192008905651533,0.07070796386718174
6537978,2026-05-02,SW-ES,2026,1,Trelleborgs FF,BK Olympic,trelleborgs-ff,bk-olympic,2,1,H,dc_best,2026-04-27,0.9028773662940345,0.0606558276827727,0.03646680602319286
6537976,2026-05-02,SW-ES,2026,1,Jönköpings Södra IF,Kristianstad FC,j-nk-pings-s-dra-if,kristianstad-fc,3,0,H,dc_best,2026-04-27,0.37307559113339683,0.30434080338542374,0.3225836054811796
6529875,2026-05-02,SW-AL,2026,1,IK Sirius FK,Kalmar FF,ik-sirius-fk,kalmar-ff,3,2,H,dc_best,2026-04-27,0.7305567119683501,0.17153392097451578,0.09790936705713404
6529874,2026-05-02,SW-AL,2026,1,Degerfors IF,BK Häcken,degerfors-if,bk-h-cken,1,1,D,dc_best,2026-04-27,0.32957738968217154,0.25931506964824963,0.4111075406695788
206092-7-brann,2026-05-02,NO-ELI,2026,1,Brann,Fredrikstad,brann,fredrikstad,3,1,H,dc_best,2026-04-27,0.6343719274937372,0.20363874287459321,0.16198932963166968
4038191,2026-05-02,NL,2026,1,Kuopion Palloseura,Helsingin Jalkapalloklubi,157420,60682,2,1,H,dc_best,2026-04-27,0.3819445783741768,0.24189878153209474,0.37615664009372846
206008-5-skeid,2026-05-02,NO-PN2,2026,1,Skeid,Eidsvold TF,skeid,eidsvold-tf,1,2,A,dc_best,2026-04-27,0.3244870974749081,0.21114516186622356,0.46436774065886843
4043019,2026-05-02,M1,2026,1,Vantaan Jalkapalloseura,Kuopion Palloseura,63440,106331,0,0,D,dc_best,2026-04-27,0.6492433189242826,0.18802707992334214,0.1627296011523753
206008-5-ullensaker-kisa,2026-05-02,NO-PN2,2026,1,Ullensaker/Kisa,Stjørdals-Blink,ullensaker-kisa,stj-rdals-blink,2,3,A,dc_best,2026-04-27,0.5403170849687414,0.16225730523430656,0.29742560979695193
4043017,2026-05-02,M1,2026,1,Pallokerho Keski-Uusimaa,Salon Palloilijat,60929,60690,2,0,H,dc_best,2026-04-27,0.37573187885027953,0.2794302323292686,0.3448378888204519
6537736,2026-05-02,SW-EN,2026,1,IF Karlstad Fotboll,Hammarby TFF,if-karlstad-fotboll,hammarby-tff,0,2,A,dc_best,2026-04-27,0.5763752046073113,0.20014176881790316,0.2234830265747855
6537735,2026-05-02,SW-EN,2026,1,Gefle IF FF,Enköpings SK FK,gefle-if-ff,enk-pings-sk-fk,2,1,H,dc_best,2026-04-27,0.4115523206827214,0.21585664566914833,0.37259103364813034
6537734,2026-05-02,SW-EN,2026,1,Athletic Eskilstuna,FBK Karlstad,athletic-eskilstuna,fbk-karlstad,0,2,A,dc_best,2026-04-27,0.2276787602149139,0.23095111396636253,0.5413701258187236
206008-5-kjels-s,2026-05-02,NO-PN2,2026,1,Kjelsås,Lørenskog,kjels-s,l-renskog,4,1,H,dc_best,2026-04-27,0.4113959665369997,0.20103687126473324,0.38756716219826703
4038064,2026-05-02,M1L,2026,1,Järvenpään Palloseura,Pallokerho-35,60676,50775,1,0,H,dc_best,2026-04-27,0.3074131292029353,0.2565276191157008,0.4360592516813639
4057672,2026-05-02,M2,2026,1,Helsingin Palloseura,Pepo Lappeenranta,49949,61010,1,2,A,dc_best,2026-04-27,0.3015845800640186,0.21530241005317688,0.4831130098828046
4057671,2026-05-02,M2,2026,1,Football Club Kiffen 08,Atlantis FC Edustus,60554,60702,4,1,H,dc_best,2026-04-27,0.7080234201850715,0.15063622434510915,0.14134035546981932
4057762,2026-05-02,M2,2026,2,Hämeenlinnan Jalkapalloseura,FC Honka,35121579,62416,0,2,A,dc_best,2026-04-27,0.14912287305267308,0.15671997149596734,0.6941571554513596
4057760,2026-05-02,M2,2026,2,Pallo-Iirot,Espoon Palloseuran Jalkapallo,107307,62296,2,1,H,dc_best,2026-04-27,0.4238709314266801,0.2649362810840741,0.3111927874892458
4057759,2026-05-02,M2,2026,2,GrIFK - Fotboll,Musan Salama,60549,60696,1,1,D,dc_best,2026-04-27,0.6699673547525203,0.16576892703770837,0.1642637182097714
4057669,2026-05-02,M2,2026,1,Union Plaani,MYPA,61723,129934,1,3,A,dc_best,2026-04-27,0.37012973619603584,0.17620715869047635,0.45366310511348795
4057849,2026-05-02,M2,2026,3,Jalkapalloseura Hercules,Äänekosken Huima,61004,35117343,2,1,H,dc_best,2026-04-27,0.4744521666633441,0.1582130146167833,0.3673348187198726
206007-5-bjarg,2026-05-02,NO-PN1,2026,1,Bjarg,Lysekloster,bjarg,lysekloster,2,2,D,dc_best,2026-04-27,0.5969012616048004,0.23121569246402182,0.1718830459311779
206007-5-fk-eik-t-nsberg-871,2026-05-02,NO-PN1,2026,1,FK Eik Tønsberg 871,Jerv,fk-eik-t-nsberg-871,jerv,2,3,A,dc_best,2026-04-27,0.25383227149904614,0.27727331527916244,0.46889441322179154
4038063,2026-05-02,M1L,2026,1,Mikkelin Palloilijat,Football Club Haka,60494,60561,1,0,H,dc_best,2026-04-27,0.16098018528506933,0.2904506367423999,0.5485691779725308
4038065,2026-05-02,M1L,2026,1,Helsingin Jalkapalloklubi,SJK Akatemia,60692,168874,1,1,D,dc_best,2026-04-27,0.3814959526498829,0.2187982279010586,0.3997058194490586
206119-5-r-a-fotball-elite,2026-05-02,NO-TS,2026,1,Røa Fotball Elite,Rosenborg BK,r-a-fotball-elite,rosenborg-bk,0,1,A,dc_best,2026-04-27,0.08910506899142166,0.24867695337758378,0.6622179776309945
206119-5-molde,2026-05-02,NO-TS,2026,1,Molde,AaFK Kvinner,molde,aafk-kvinner,2,3,A,dc_best,2026-04-27,0.12968201391905798,0.23715529333929272,0.6331626927416494
206008-5-rana-fk,2026-05-02,NO-PN2,2026,1,Rana FK,Grorud,rana-fk,grorud,0,0,D,dc_best,2026-04-27,0.2767738403777133,0.2085358207354547,0.514690338886832
206107-5-ik-start-kvinner,2026-05-02,NO-1DK,2026,1,IK Start Kvinner,Odds Ballklubb,ik-start-kvinner,odds-ballklubb,2,1,H,dc_best,2026-04-27,0.5333420677118005,0.3435611057729691,0.12309682651523049
206107-5-troms-il,2026-05-02,NO-1DK,2026,1,Tromsø IL,Viking,troms-il,viking,1,2,A,dc_best,2026-04-27,0.43101178219128555,0.31360598257829264,0.2553822352304219
206119-5-haugesund,2026-05-02,NO-TS,2026,1,Haugesund,Lyn,haugesund,lyn,0,3,A,dc_best,2026-04-27,0.6263310864638947,0.18408213405932947,0.18958677947677577
206107-5-klepp,2026-05-03,NO-1DK,2026,1,Klepp,Grei,klepp,grei,5,4,H,dc_best,2026-04-27,0.059731956167460284,0.1406081087625028,0.799659935070037
4057673,2026-05-03,M2,2026,1,HIFK Soccer,Lahden Reipas,49735,61562,2,1,H,dc_best,2026-04-27,0.6776705657973603,0.1569960091578735,0.16533342504476625
6537738,2026-05-03,SW-EN,2026,1,Piteå IF FF,FC Arlanda,pite-if-ff,fc-arlanda,1,2,A,dc_best,2026-04-27,0.07157344251656174,0.14919066586678148,0.7792358916166569
206007-5-arendal,2026-05-03,NO-PN1,2026,1,Arendal,Sandviken,arendal,sandviken,0,0,D,dc_best,2026-04-27,0.6301235404763256,0.18717972829487936,0.18269673122879518
206119-5-bod-glimt,2026-05-03,NO-TS,2026,1,Bodø/Glimt,Stabæk,bod-glimt,stab-k,0,4,A,dc_best,2026-04-27,0.09550991029774984,0.23570500220901885,0.6687850874932313
206119-5-sk-brann,2026-05-03,NO-TS,2026,1,SK Brann,Hønefoss BK,sk-brann,h-nefoss-bk,6,0,H,dc_best,2026-04-27,0.9258755423796997,0.06266826836191136,0.01145618925838896
6529569,2026-05-03,SW-DA,2026,1,Växjö,Piteå IF DFF,v-xj,pite-if-dff,1,2,A,dc_best,2026-04-27,0.39748423180434267,0.24287785322376712,0.35963791497189024
6529567,2026-05-03,SW-DA,2026,1,IFK Norrköping FK,Eskilstuna United DFF,ifk-norrk-ping-fk,eskilstuna-united-dff,0,2,A,dc_best,2026-04-27,0.6256233939034073,0.20364900526280166,0.17072760083379102
206007-5-tr-ff,2026-05-03,NO-PN1,2026,1,Træff,Mjøndalen,tr-ff,mj-ndalen,2,2,D,dc_best,2026-04-27,0.459436244087536,0.2689973874915558,0.2715663684209082
6529872,2026-05-03,SW-AL,2026,1,Malmö FF,Mjällby AIF,malm-ff,mj-llby-aif,2,3,A,dc_best,2026-04-27,0.3092841328656005,0.3218352205376679,0.36888064659673153
4038192,2026-05-03,NL,2026,1,Helsingin Palloseura,PK-35 Vantaa,60781,60671,2,0,H,dc_best,2026-04-27,0.6455195160822238,0.16382624344802907,0.1906542404697471
6537740,2026-05-03,SW-EN,2026,1,Umeå FC,Karlbergs BK,ume-fc,karlbergs-bk,2,1,H,dc_best,2026-04-27,0.2567902041237637,0.25185569473969965,0.4913541011365367
4038193,2026-05-03,NL,2026,1,Åland United,Ilves,60532,60776,4,1,H,dc_best,2026-04-27,0.7395149929141719,0.13128609692636187,0.1291989101594663
4057670,2026-05-03,M2,2026,1,Pallo-Pojat Juniorit,Puistolan Urheilijat,48924,49973,0,0,D,dc_best,2026-04-27,0.43885182546610113,0.22437648737245272,0.33677168716144623
4057761,2026-05-03,M2,2026,2,Esbo Bollklubb,Nurmijärven Jalkapalloseura,63411,60537,3,1,H,dc_best,2026-04-27,0.6468135762822946,0.1650693362358665,0.18811708748183886
206007-5-vidar,2026-05-03,NO-PN1,2026,1,Vidar,Notodden,vidar,notodden,0,5,A,dc_best,2026-04-27,0.29464690468903265,0.29962642601467443,0.405726669296293
4057851,2026-05-03,M2,2026,3,Tornion Pallo-47,SJK Akatemia,60666,131834,2,2,D,dc_best,2026-04-27,0.43607960205932816,0.18551932013191993,0.3784010778087518
4038067,2026-05-03,M1L,2026,1,Ekenäs Idrottsförening,FC KTP Kotka,60495,60972,5,2,H,dc_best,2026-04-27,0.19884546571650275,0.22654348897789633,0.5746110453056009
6529870,2026-05-03,SW-AL,2026,1,Hammarby,Västerås SK FK,hammarby,v-ster-s-sk-fk,3,0,H,dc_best,2026-04-27,0.7206704661364738,0.15706032680534446,0.12226920705818181
6529873,2026-05-03,SW-AL,2026,1,IF Elfsborg,AIK,if-elfsborg,aik,1,1,D,dc_best,2026-04-27,0.4128802986542659,0.2675077915733324,0.31961190977240184
4057850,2026-05-03,M2,2026,3,Fotbollsföreningen JARO Jalkapalloseura,FC Vaajakoski,144364,60496,1,0,H,dc_best,2026-04-27,0.8476556442612566,0.07095352489270498,0.08139083084603846
206107-5-sane,2026-05-03,NO-1DK,2026,1,Åsane,Kolbotn IL Elite,sane,kolbotn-il-elite,2,1,H,dc_best,2026-04-27,0.7349360862686366,0.1904377927698022,0.07462612096156124
206107-5-bryne,2026-05-03,NO-1DK,2026,1,Bryne,Frigg,bryne,frigg,2,0,H,dc_best,2026-04-27,0.558127941158409,0.3324023853816553,0.10946967345993566
206007-5-pors,2026-05-03,NO-PN1,2026,1,Pors,Sotra,pors,sotra,0,0,D,dc_best,2026-04-27,0.1835198144550292,0.2305621127711349,0.5859180727738359
206008-5-follo,2026-05-03,NO-PN2,2026,1,Follo,Junkeren,follo,junkeren,2,0,H,dc_best,2026-04-27,0.47231995848339425,0.2106482471802243,0.3170317943363814
206008-5-h-nefoss-bk,2026-05-03,NO-PN2,2026,1,Hønefoss BK,Trygg/Lade,h-nefoss-bk,trygg-lade,3,1,H,dc_best,2026-04-27,0.7454739676223033,0.1235269310844812,0.13099910129321554
6535987,2026-05-03,SW-SE,2026,1,Östersund,IFK Värnamo,stersund,ifk-v-rnamo,3,2,H,dc_best,2026-04-27,0.31914770079705934,0.24296550589094743,0.4378867933119933
6529871,2026-05-03,SW-AL,2026,1,GAIS,Örgryte IS Fotboll,gais,rgryte-is-fotboll,4,0,H,dc_best,2026-04-27,0.6005494071144768,0.20747089477284036,0.1919796981126829
206008-5-levanger,2026-05-03,NO-PN2,2026,1,Levanger,Tromsdalen,levanger,tromsdalen,2,3,A,dc_best,2026-04-27,0.35906584380576023,0.19718532249299373,0.44374883370124607
6535985,2026-05-03,SW-SE,2026,1,Helsingborgs IF,IK Brage,helsingborgs-if,ik-brage,2,0,H,dc_best,2026-04-27,0.5331768661686465,0.18970919792035965,0.27711393591099387
6537739,2026-05-03,SW-EN,2026,1,Stockholm Internazionale,Sollentuna FK,stockholm-internazionale,sollentuna-fk,1,1,D,dc_best,2026-04-27,0.5613955363735814,0.29395434828728656,0.14465011533913208
4057852,2026-05-03,M2,2026,3,Vaasan Palloseura,Idrottsföreningen Kraft,169909,60686,2,2,D,dc_best,2026-04-27,0.7882054175339419,0.11014142832447597,0.1016531541415822
206092-7-v-lerenga,2026-05-03,NO-ELI,2026,1,Vålerenga,KFUM,v-lerenga,kfum,2,2,D,dc_best,2026-04-27,0.5518945935051276,0.24315302543459807,0.2049523810602744
206092-7-start,2026-05-03,NO-ELI,2026,1,Start,Tromsø,start,troms,1,1,D,dc_best,2026-04-27,0.16087598533589437,0.27776049355497856,0.5613635211091271
206092-7-sandefjord-fotball,2026-05-03,NO-ELI,2026,1,Sandefjord Fotball,Aalesund,sandefjord-fotball,aalesund,1,0,H,dc_best,2026-04-27,0.7151941797682422,0.17857800605906032,0.1062278141726976
206092-7-kristiansund,2026-05-03,NO-ELI,2026,1,Kristiansund,HamKam,kristiansund,hamkam,1,1,D,dc_best,2026-04-27,0.3695022826648832,0.24928105588510407,0.3812166614500127
206092-7-lillestr-m,2026-05-03,NO-ELI,2026,1,Lillestrøm,Sarpsborg 08,lillestr-m,sarpsborg-08,4,0,H,dc_best,2026-04-27,0.6829881090309832,0.22067981382707144,0.09633207714194537
6537733,2026-05-03,SW-EN,2026,1,Assyriska FF,FC Järfälla,assyriska-ff,fc-j-rf-lla,3,3,D,dc_best,2026-04-27,0.4249263061891678,0.321299731892386,0.25377396191844626
6536357,2026-05-03,SW-EE,2026,1,KIF Örebro DFF,Trelleborgs FF,kif-rebro-dff,trelleborgs-ff,2,1,H,dc_best,2026-04-27,0.445193755729521,0.19750812075911534,0.3572981235113637
4057853,2026-05-04,M2,2026,3,Jakobstads Bollklubb,Gamlakarleby Bollklubb,61766,60492,1,2,A,dc_best,2026-05-04,0.621404646431776,0.2247583093249727,0.15383704424325137
206092-7-bod-glimt,2026-05-04,NO-ELI,2026,1,Bodø/Glimt,Molde,bod-glimt,molde,0,1,A,dc_best,2026-05-04,0.7471375680990268,0.15430296372370594,0.0985594681772674
4036880,2026-05-04,VL,2026,1,Helsingin Jalkapalloklubin Liiga-HJK,FC Lahti,60731,60969,1,0,H,dc_best,2026-05-04,0.5069551718186512,0.2659425529232791,0.22710227525806964
6529869,2026-05-04,SW-AL,2026,1,Djurgården,IFK Göteborg,djurg-rden,ifk-g-teborg,6,0,H,dc_best,2026-05-04,0.5410905692967584,0.2688527121359056,0.19005671856733614
6529876,2026-05-04,SW-AL,2026,1,Halmstad,IF Brommapojkarna,halmstad,if-brommapojkarna,1,3,A,dc_best,2026-05-04,0.31419248823580215,0.2963058631250937,0.3895016486391041
6535984,2026-05-04,SW-SE,2026,1,Landskrona BoIS,Östers IF,landskrona-bois,sters-if,2,2,D,dc_best,2026-05-04,0.46478188331721343,0.2820341673014949,0.25318394938129185
4057763,2026-05-05,M2,2026,2,Ilves,Idrottsföreningen Kamraterna i Åbo,106905,60996,1,2,A,dc_best,2026-05-04,0.2722007216736485,0.22967699268275307,0.4981222856435984
4036881,2026-05-05,VL,2026,1,IF Gnistan,Football Club International Turku,60534,60987,2,0,H,dc_best,2026-05-04,0.12387179802828102,0.22778010536544646,0.6483480966062726
6535991,2026-05-05,SW-SE,2026,1,Falkenbergs FF,IFK Norrköping FK,falkenbergs-ff,ifk-norrk-ping-fk,1,0,H,dc_best,2026-05-04,0.4945368739957058,0.216747687766105,0.28871543823818935
206093-1-egersund,2026-05-06,NO-OBOS,2026,1,Egersund,Raufoss,egersund,raufoss,2,1,H,dc_best,2026-05-04,0.7367116986066184,0.19226322764055764,0.07102507375282396
6529565,2026-05-06,SW-DA,2026,1,Hammarby,IK Uppsala Fotboll,hammarby,ik-uppsala-fotboll,3,0,H,dc_best,2026-05-04,0.834632840286377,0.11049457465115976,0.054872585062463244
6529563,2026-05-06,SW-DA,2026,1,BK Häcken FF,Djurgården,bk-h-cken-ff,djurg-rden,3,0,H,dc_best,2026-05-04,0.7883624245617514,0.11134280514052812,0.10029477029772031
4038068,2026-05-07,M1L,2026,1,Pallokerho-35,Mikkelin Palloilijat,50775,60494,3,1,H,dc_best,2026-05-04,0.3969665578386332,0.38816084346542634,0.21487259869594055
4057854,2026-05-07,M2,2026,3,SJK Akatemia,Äänekosken Huima,131834,35117343,0,1,A,dc_best,2026-05-04,0.6117566361715963,0.16127379313799264,0.22696957069041113
6536362,2026-05-07,SW-EE,2026,1,IF Elfsborg,Jitex BK,if-elfsborg,jitex-bk,2,0,H,dc_best,2026-05-04,0.5389034511319692,0.25121081814631696,0.20988573072171374
206092-8-hamkam,2026-05-08,NO-ELI,2026,1,HamKam,Vålerenga,hamkam,v-lerenga,1,0,H,dc_best,2026-05-04,0.5428134029650474,0.23032966775510696,0.22685692927984558
4036883,2026-05-08,VL,2026,1,TPS Juniorijalkapallo,Helsingin Jalkapalloklubin Liiga-HJK,60971,60731,1,0,H,dc_best,2026-05-04,0.30974838768211516,0.27441763085628057,0.4158339814616043
4036882,2026-05-08,VL,2026,1,Ilves,Oulun edustusjalkapallo AC Oulu,60745,60493,1,0,H,dc_best,2026-05-04,0.3780310645930011,0.23452849873908252,0.3874404366679164
4036884,2026-05-08,VL,2026,1,Kuopion Palloseura,SEINÄJOEN JALKAPALLOKERHO,60756,60970,0,0,D,dc_best,2026-05-04,0.48033180665116076,0.2625289700204696,0.25713922332836964
4038069,2026-05-08,M1L,2026,1,Football Club Haka,Ekenäs Idrottsförening,60561,60495,4,3,H,dc_best,2026-05-04,0.7119186733971088,0.13606611196078963,0.1520152146421016
6537741,2026-05-08,SW-EN,2026,1,Enköpings SK FK,Athletic Eskilstuna,enk-pings-sk-fk,athletic-eskilstuna,2,1,H,dc_best,2026-05-04,0.4485167674298522,0.19810121420692905,0.35338201836321875
4057675,2026-05-08,M2,2026,1,Atlantis FC Edustus,Union Plaani,60702,61723,5,1,H,dc_best,2026-05-04,0.3980345926561001,0.20265185109981523,0.39931355624408477
4057765,2026-05-08,M2,2026,2,FC Honka,Ilves,62416,106905,2,2,D,dc_best,2026-05-04,0.8308432404007626,0.10011224164324582,0.06904451795599159
4057855,2026-05-08,M2,2026,3,Vaasan Palloseura,Jakobstads Bollklubb,169909,61766,2,1,H,dc_best,2026-05-04,0.4477538150015008,0.2385473262364639,0.3136988587620353
6536363,2026-05-08,SW-EE,2026,1,Linköping FC,KIF Örebro DFF,link-ping-fc,kif-rebro-dff,3,2,H,dc_best,2026-05-04,0.365767408302684,0.24793630329995148,0.3862962883973645
6537981,2026-05-08,SW-ES,2026,1,Ariana FC Malmö,Hässleholms IF,ariana-fc-malm,h-ssleholms-if,3,2,H,dc_best,2026-05-04,0.24059728849041848,0.29258400180890176,0.4668187097006798
206093-6-ranheim-tf,2026-05-08,NO-OBOS,2026,1,Ranheim TF,Kongsvinger,ranheim-tf,kongsvinger,1,1,D,dc_best,2026-05-04,0.3794421682942779,0.25034553074956184,0.3702123009561602
206119-6-sk-brann,2026-05-08,NO-TS,2026,1,SK Brann,Stabæk,sk-brann,stab-k,1,0,H,dc_best,2026-05-04,0.7498434557418351,0.18902358463124683,0.061132959626918074
206119-6-h-nefoss-bk,2026-05-08,NO-TS,2026,1,Hønefoss BK,Vålerenga Fotball,h-nefoss-bk,v-lerenga-fotball,0,3,A,dc_best,2026-05-04,0.05292225749070757,0.131250903631587,0.8158268388777055
4057674,2026-05-08,M2,2026,1,Lahden Reipas,Puistolan Urheilijat,61562,49973,3,1,H,dc_best,2026-05-04,0.41000075129118807,0.2101237766470689,0.3798754720617431
206119-6-molde,2026-05-08,NO-TS,2026,1,Molde,Røa Fotball Elite,molde,r-a-fotball-elite,4,0,H,dc_best,2026-05-04,0.46864284092724245,0.30584557685933095,0.22551158221342663
206119-6-lsk-kvinner,2026-05-08,NO-TS,2026,1,LSK Kvinner,Haugesund,lsk-kvinner,haugesund,2,1,H,dc_best,2026-05-04,0.2985466360389758,0.2284864248624121,0.47296693909861204
6535998,2026-05-08,SW-SE,2026,1,Varbergs BoIS FC,IFK Värnamo,varbergs-bois-fc,ifk-v-rnamo,3,2,H,dc_best,2026-05-04,0.5336189495312383,0.20730545840289008,0.25907559206587166
6529880,2026-05-08,SW-AL,2026,1,IF Elfsborg,IF Brommapojkarna,if-elfsborg,if-brommapojkarna,2,0,H,dc_best,2026-05-04,0.5108335639425517,0.2430181348468234,0.2461483012106248
6535992,2026-05-08,SW-SE,2026,1,Örebro,IK Brage,rebro,ik-brage,0,3,A,dc_best,2026-05-04,0.4837975892040755,0.24109435602607548,0.27510805476984906
206119-6-rosenborg-bk,2026-05-08,NO-TS,2026,1,Rosenborg BK,Bodø/Glimt,rosenborg-bk,bod-glimt,3,0,H,dc_best,2026-05-04,0.8912996195978637,0.090643292202709,0.018057088199427283
206119-6-aafk-kvinner,2026-05-08,NO-TS,2026,1,AaFK Kvinner,Lyn,aafk-kvinner,lyn,1,0,H,dc_best,2026-05-04,0.5036681479373561,0.252680578858146,0.24365127320449795
6537744,2026-05-09,SW-EN,2026,1,Hammarby TFF,Assyriska FF,hammarby-tff,assyriska-ff,4,0,H,dc_best,2026-05-04,0.6079709407976182,0.1936337936871637,0.1983952655152182
4038195,2026-05-09,NL,2026,1,PK-35 Vantaa,Åland United,60671,60532,0,5,A,dc_best,2026-05-04,0.3889892677108788,0.18615836065548882,0.4248523716336323
4038194,2026-05-09,NL,2026,1,Ilves,Kuopion Palloseura,60776,157420,2,3,A,dc_best,2026-05-04,0.19363620787272792,0.18688922738999078,0.6194745647372812
4038196,2026-05-09,NL,2026,1,Helsingin Jalkapalloklubi,IF Gnistan,60682,35209545,5,0,H,dc_best,2026-05-04,0.8323988274461165,0.09245850534734679,0.07514266720653671
6537742,2026-05-09,SW-EN,2026,1,FBK Karlstad,FC Järfälla,fbk-karlstad,fc-j-rf-lla,2,0,H,dc_best,2026-05-04,0.5386130255085583,0.2932620121621003,0.16812496232934154
206007-6-notodden,2026-05-09,NO-PN1,2026,1,Notodden,Kvik Halden,notodden,kvik-halden,1,1,D,dc_best,2026-05-04,0.26833156421191495,0.3021866736737992,0.4294817621142859
206007-6-lysekloster,2026-05-09,NO-PN1,2026,1,Lysekloster,Pors,lysekloster,pors,1,2,A,dc_best,2026-05-04,0.5374562661215166,0.2589912031328128,0.20355253074567042
4038071,2026-05-09,M1L,2026,1,SJK Akatemia,Järvenpään Palloseura,168874,60676,0,2,A,dc_best,2026-05-04,0.45640140430767695,0.21917331067000406,0.32442528502231893
6536366,2026-05-09,SW-EE,2026,1,Örebro SK FK,BK Häcken,rebro-sk-fk,bk-h-cken,2,1,H,dc_best,2026-05-04,0.62928074882197,0.2226476342679185,0.1480716169101114
6536360,2026-05-09,SW-EE,2026,1,Gamla Upsala SK,Umeå IK FF,gamla-upsala-sk,ume-ik-ff,2,3,A,dc_best,2026-05-04,0.06540602043479697,0.12291147458510716,0.8116825049800959
4057858,2026-05-09,M2,2026,3,Jalkapalloseura Hercules,Tornion Pallo-47,61004,60666,1,2,A,dc_best,2026-05-04,0.5239754836438454,0.17714267877169781,0.2988818375844569
4057857,2026-05-09,M2,2026,3,FC Vaajakoski,Idrottsföreningen Kraft,60496,60686,4,5,A,dc_best,2026-05-04,0.36150175327013323,0.20603778830512123,0.4324604584247457
6529878,2026-05-09,SW-AL,2026,1,IFK Göteborg,Hammarby,ifk-g-teborg,hammarby,0,1,A,dc_best,2026-05-04,0.16699833228652425,0.24845996443112173,0.5845417032823541
6537745,2026-05-09,SW-EN,2026,1,IFK Stocksund,Stockholm Internazionale,ifk-stocksund,stockholm-internazionale,1,6,A,dc_best,2026-05-04,0.12993851642438278,0.20227294776068752,0.6677885358149298
4057677,2026-05-09,M2,2026,1,Pepo Lappeenranta,Football Club Kiffen 08,61010,60554,2,1,H,dc_best,2026-05-04,0.6886613527930273,0.15409114995304488,0.1572474972539278
6535994,2026-05-09,SW-SE,2026,1,Östersund,Falkenbergs FF,stersund,falkenbergs-ff,2,2,D,dc_best,2026-05-04,0.2793805470380433,0.2477699038011808,0.4728495491607759
6537747,2026-05-09,SW-EN,2026,1,Umeå FC,Gefle IF FF,ume-fc,gefle-if-ff,2,2,D,dc_best,2026-05-04,0.3724827127369722,0.26558612840470763,0.3619311588583201
4043022,2026-05-09,M1,2026,1,Jalkapalloseura Tampere United,Pallokerho Keski-Uusimaa,106945,60929,0,0,D,dc_best,2026-05-04,0.41046525872905487,0.2759111112135267,0.3136236300574185
4043020,2026-05-09,M1,2026,1,Salon Palloilijat,KPV Juniorit,60690,60536,6,0,H,dc_best,2026-05-04,0.5573513753997684,0.2679568491919397,0.1746917754082918
4043021,2026-05-09,M1,2026,1,Rovaniemen Palloseura,Tampereen Pallo-Veikot,60973,60704,1,0,H,dc_best,2026-05-04,0.7663577311825671,0.16041100509060438,0.07323126372682831
4036885,2026-05-09,VL,2026,1,Football Club International Turku,Fotbollsföreningen JARO Jalkapalloseura,60987,60974,2,0,H,dc_best,2026-05-04,0.5408113852217207,0.2937450050358205,0.16544360974245878
4036886,2026-05-09,VL,2026,1,Vaasan Palloseura,IF Gnistan,60901,60534,1,1,D,dc_best,2026-05-04,0.4798401227950452,0.2889242923689905,0.2312355848359645
206107-6-viking,2026-05-09,NO-1DK,2026,1,Viking,IK Start Kvinner,viking,ik-start-kvinner,3,4,A,dc_best,2026-05-04,0.4645587001846118,0.3237623610046112,0.21167893881077696
6537743,2026-05-09,SW-EN,2026,1,FC Arlanda,Sollentuna FK,fc-arlanda,sollentuna-fk,1,1,D,dc_best,2026-05-04,0.5349439434089256,0.2511945518994747,0.2138615046915998
206107-6-odds-ballklubb,2026-05-09,NO-1DK,2026,1,Odds Ballklubb,Åsane,odds-ballklubb,sane,2,2,D,dc_best,2026-05-04,0.1277534141146483,0.32651514326575276,0.5457314426195989
6537984,2026-05-09,SW-ES,2026,1,Rosengård 1917,Tvååkers IF,roseng-rd-1917,tv-kers-if,0,1,A,dc_best,2026-05-04,0.4730923447632416,0.3235381807234115,0.20336947451334697
6535995,2026-05-09,SW-SE,2026,1,GIF Sundsvall,IFK Norrköping FK,gif-sundsvall,ifk-norrk-ping-fk,1,3,A,dc_best,2026-05-04,0.25001629108133894,0.22176708813229434,0.5282166207863668
4043023,2026-05-09,M1,2026,1,Kuopion Palloseura,FC Jazz Juniorit,106331,60521,1,2,A,dc_best,2026-05-04,0.5242583823895998,0.23473073144666304,0.24101088616373717
4038072,2026-05-09,M1L,2026,1,Jippo,Helsingin Jalkapalloklubi,129811,60692,1,1,D,dc_best,2026-05-04,0.573303144386718,0.25837282572073256,0.16832402989254946
4038070,2026-05-09,M1L,2026,1,FC KTP Kotka,Käpylän Pallo,60972,60487,2,1,H,dc_best,2026-05-04,0.534825510218286,0.18388316601180152,0.2812913237699125
4043024,2026-05-09,M1,2026,1,Vantaan Jalkapalloseura,Football Club International Turku,63440,60860,3,2,H,dc_best,2026-05-04,0.5231419871166068,0.24863231498775518,0.228225697895638
6537983,2026-05-09,SW-ES,2026,1,Eskilsminne IF,Utsikten,eskilsminne-if,utsikten,4,0,H,dc_best,2026-05-04,0.6632662320602419,0.18922270505430389,0.1475110628854542
6537746,2026-05-09,SW-EN,2026,1,Karlbergs BK,IF Karlstad Fotboll,karlbergs-bk,if-karlstad-fotboll,0,0,D,dc_best,2026-05-04,0.2389459995468651,0.23567934166759963,0.5253746587855354
4057766,2026-05-09,M2,2026,2,Nurmijärven Jalkapalloseura,Espoon Palloseuran Jalkapallo,60537,62296,1,2,A,dc_best,2026-05-04,0.33340558988448354,0.24379313392098267,0.4228012761945338
4057764,2026-05-09,M2,2026,2,Musan Salama,Hämeenlinnan Jalkapalloseura,60696,35121579,0,2,A,dc_best,2026-05-04,0.23974443273352736,0.20560386148921286,0.5546517057772599
4057856,2026-05-09,M2,2026,3,Gamlakarleby Bollklubb,Fotbollsföreningen JARO Jalkapalloseura,60492,144364,0,2,A,dc_best,2026-05-04,0.37292188290320794,0.1846292389468364,0.4424488781499557
6537987,2026-05-09,SW-ES,2026,1,Skövde AIK,Ängelholms FF,sk-vde-aik,ngelholms-ff,1,1,D,dc_best,2026-05-04,0.24133143741445973,0.3023524272144738,0.45631613537106647
6537986,2026-05-09,SW-ES,2026,1,FC Trollhättan,Lunds BK,fc-trollh-ttan,lunds-bk,1,1,D,dc_best,2026-05-04,0.2725366815458216,0.27677006831608103,0.4506932501380974
206107-6-frigg,2026-05-09,NO-1DK,2026,1,Frigg,Klepp,frigg,klepp,3,2,H,dc_best,2026-05-04,0.1948120005289034,0.25033185287749077,0.5548561465936059
206107-6-kolbotn-il-elite,2026-05-09,NO-1DK,2026,1,Kolbotn IL Elite,Bryne,kolbotn-il-elite,bryne,0,1,A,dc_best,2026-05-04,0.550824905142846,0.30577077904467964,0.14340431581247437
206107-6-grei,2026-05-09,NO-1DK,2026,1,Grei,Arna-Bjørnar,grei,arna-bj-rnar,2,4,A,dc_best,2026-05-04,0.17977372651438445,0.2252719856501379,0.5949542878354777
6529883,2026-05-09,SW-AL,2026,1,Västerås SK FK,GAIS,v-ster-s-sk-fk,gais,0,1,A,dc_best,2026-05-04,0.30208829437712637,0.2590130644961359,0.4388986411267378
206107-6-fyllingsdalen,2026-05-09,NO-1DK,2026,1,Fyllingsdalen,Tromsø IL,fyllingsdalen,troms-il,1,7,A,dc_best,2026-05-04,0.16586260040727052,0.2734436848782591,0.5606937147144705
206008-6-junkeren,2026-05-09,NO-PN2,2026,1,Junkeren,Kjelsås,junkeren,kjels-s,2,3,A,dc_best,2026-05-04,0.17798232761662952,0.18542196345891546,0.636595708924455
206008-6-eidsvold-tf,2026-05-09,NO-PN2,2026,1,Eidsvold TF,Follo,eidsvold-tf,follo,4,1,H,dc_best,2026-05-04,0.588892183374111,0.1987871362618819,0.21232068036400706
6529573,2026-05-09,SW-DA,2026,1,Kristianstads DFF,IFK Norrköping FK,kristianstads-dff,ifk-norrk-ping-fk,2,2,D,dc_best,2026-05-04,0.5109800433977094,0.2029440380665002,0.2860759185357905
6529576,2026-05-09,SW-DA,2026,1,Växjö,AIK,v-xj,aik,3,3,D,dc_best,2026-05-04,0.3830290184887651,0.20487194719327473,0.41209903431796013
6529571,2026-05-09,SW-DA,2026,1,IF Brommapojkarna,Eskilstuna United DFF,if-brommapojkarna,eskilstuna-united-dff,0,1,A,dc_best,2026-05-04,0.37734151818314776,0.18633419928875689,0.4363242825280954
6535993,2026-05-09,SW-SE,2026,1,IK Oddevold,Landskrona BoIS,ik-oddevold,landskrona-bois,1,1,D,dc_best,2026-05-04,0.49665146254220877,0.2306346111716472,0.2727139262861441
206008-6-stj-rdals-blink,2026-05-09,NO-PN2,2026,1,Stjørdals-Blink,Skeid,stj-rdals-blink,skeid,0,1,A,dc_best,2026-05-04,0.568878205851367,0.18708775083574666,0.2440340433128864
6536365,2026-05-09,SW-EE,2026,1,Trelleborgs FF,Alingsås IF FF,trelleborgs-ff,alings-s-if-ff,1,0,H,dc_best,2026-05-04,0.5853894723318274,0.2479202452146846,0.1666902824534881
6537982,2026-05-09,SW-ES,2026,1,BK Olympic,Kristianstad FC,bk-olympic,kristianstad-fc,2,0,H,dc_best,2026-05-04,0.4987037030494707,0.22183749247266943,0.2794588044778599
6535997,2026-05-09,SW-SE,2026,1,Sandvikens IF,Ljungskile SK Herrfotboll,sandvikens-if,ljungskile-sk-herrfotboll,1,0,H,dc_best,2026-05-04,0.4045860334423295,0.2932131046102337,0.30220086194743684
4057676,2026-05-09,M2,2026,1,Pallo-Pojat Juniorit,HIFK Soccer,48924,49735,1,1,D,dc_best,2026-05-04,0.34823190940618426,0.27472487483147084,0.37704321576234484
4057767,2026-05-09,M2,2026,2,Pallo-Iirot,Esbo Bollklubb,107307,63411,1,0,H,dc_best,2026-05-04,0.4648070810819711,0.2142782048561535,0.32091471406187544
4057768,2026-05-09,M2,2026,2,Idrottsföreningen Kamraterna i Åbo,GrIFK - Fotboll,60996,60549,3,1,H,dc_best,2026-05-04,0.7418622281119707,0.16823643234423458,0.08990133954379476
4043025,2026-05-09,M1,2026,1,Oulun Luistinseura,JJK Jyväskylä,106449,144858,2,1,H,dc_best,2026-05-04,0.6331563246063643,0.21774418983420618,0.14909948555942956
206092-8-sarpsborg-08,2026-05-09,NO-ELI,2026,1,Sarpsborg 08,Fredrikstad,sarpsborg-08,fredrikstad,2,1,H,dc_best,2026-05-04,0.457537829057263,0.27956363735029943,0.26289853359243776
6535999,2026-05-09,SW-SE,2026,1,Nordic United FC,Östers IF,nordic-united-fc,sters-if,4,2,H,dc_best,2026-05-04,0.5426842922632137,0.22103934932630312,0.23627635841048317
6529881,2026-05-09,SW-AL,2026,1,Degerfors IF,Mjällby AIF,degerfors-if,mj-llby-aif,1,4,A,dc_best,2026-05-04,0.18489464166278297,0.29774703714731027,0.5173583211899069
4057678,2026-05-09,M2,2026,1,MYPA,Helsingin Palloseura,129934,49949,1,3,A,dc_best,2026-05-04,0.5294372997718397,0.2003271287489691,0.27023557147919125
6535996,2026-05-09,SW-SE,2026,1,Norrby IF,Helsingborgs IF,norrby-if,helsingborgs-if,3,3,D,dc_best,2026-05-04,0.42494899512268614,0.2422072360626691,0.33284376881464484
6536361,2026-05-09,SW-EE,2026,1,Husqvarna FF,Enskede IK,husqvarna-ff,enskede-ik,0,1,A,dc_best,2026-05-04,0.24785251247285336,0.27622557183590357,0.4759219156912432
6529877,2026-05-10,SW-AL,2026,1,AIK,Djurgården,aik,djurg-rden,2,4,A,dc_best,2026-05-04,0.2708332778316316,0.29020937157083293,0.43895735059753543
206007-6-sotra,2026-05-10,NO-PN1,2026,1,Sotra,FK Eik Tønsberg 871,sotra,fk-eik-t-nsberg-871,6,0,H,dc_best,2026-05-04,0.701146118755593,0.20927169530145648,0.08958218594295064
206007-6-brattv-g,2026-05-10,NO-PN1,2026,1,Brattvåg,Arendal,brattv-g,arendal,2,0,H,dc_best,2026-05-04,0.6710364383091946,0.1815455924717081,0.14741796921909742
6529884,2026-05-10,SW-AL,2026,1,Kalmar FF,Halmstad,kalmar-ff,halmstad,2,0,H,dc_best,2026-05-04,0.4926054834062988,0.2921338004540208,0.21526071613968037
6529572,2026-05-10,SW-DA,2026,1,IK Uppsala Fotboll,Vittsjö GIK,ik-uppsala-fotboll,vittsj-gik,3,0,H,dc_best,2026-05-04,0.3136000649612009,0.2638343685483414,0.4225655664904577
6529575,2026-05-10,SW-DA,2026,1,Piteå IF DFF,Rosengård,pite-if-dff,roseng-rd,2,1,H,dc_best,2026-05-04,0.4681616851370791,0.23279352917444238,0.2990447856884785
206007-6-mj-ndalen,2026-05-10,NO-PN1,2026,1,Mjøndalen,Vidar,mj-ndalen,vidar,2,0,H,dc_best,2026-05-04,0.8086234594781667,0.1389158899883286,0.052460650533504585
206007-6-sandviken,2026-05-10,NO-PN1,2026,1,Sandviken,Træff,sandviken,tr-ff,4,2,H,dc_best,2026-05-04,0.26577764691088573,0.3063825388811949,0.4278398142079195
206007-6-jerv,2026-05-10,NO-PN1,2026,1,Jerv,Bjarg,jerv,bjarg,3,1,H,dc_best,2026-05-04,0.3849599066280301,0.27272371750753444,0.34231637586443536
6529879,2026-05-10,SW-AL,2026,1,BK Häcken,Malmö FF,bk-h-cken,malm-ff,3,2,H,dc_best,2026-05-04,0.3575302709100118,0.25369653431393685,0.3887731947760513
4038197,2026-05-10,NL,2026,1,Idrottsföreningen Kamraterna Vasa,Helsingin Palloseura,60691,60781,2,3,A,dc_best,2026-05-04,0.06766482449720455,0.13144708632204397,0.8008880891807514
6537988,2026-05-10,SW-ES,2026,1,Åtvidabergs FF,Trelleborgs FF,tvidabergs-ff,trelleborgs-ff,1,2,A,dc_best,2026-05-04,0.2222788518268269,0.2766186101499727,0.5011025380232005
206093-6-str-mmen,2026-05-10,NO-OBOS,2026,1,Strømmen,Hødd,str-mmen,h-dd,1,2,A,dc_best,2026-05-04,0.4603673641887206,0.25751220306770584,0.2821204327435737
206008-6-tromsdalen,2026-05-10,NO-PN2,2026,1,Tromsdalen,Hønefoss BK,tromsdalen,h-nefoss-bk,0,3,A,dc_best,2026-05-04,0.5531638582087663,0.18203936085812256,0.2647967809331111
206008-6-grorud,2026-05-10,NO-PN2,2026,1,Grorud,Levanger,grorud,levanger,2,3,A,dc_best,2026-05-04,0.6129658818201067,0.2011346806865046,0.1858994374933886
206008-6-trygg-lade,2026-05-10,NO-PN2,2026,1,Trygg/Lade,Ullensaker/Kisa,trygg-lade,ullensaker-kisa,4,2,H,dc_best,2026-05-04,0.43663944918105857,0.17347687927810024,0.38988367154084114
6536364,2026-05-10,SW-EE,2026,1,Sandvikens IF,IFK Göteborg,sandvikens-if,ifk-g-teborg,0,5,A,dc_best,2026-05-04,0.139941071673933,0.20682051851031433,0.6532384098157527
206008-6-l-renskog,2026-05-10,NO-PN2,2026,1,Lørenskog,Rana FK,l-renskog,rana-fk,1,2,A,dc_best,2026-05-04,0.5891286846652615,0.2109351984298222,0.19993611690491644
6537985,2026-05-10,SW-ES,2026,1,Jönköpings Södra IF,Laholms FK,j-nk-pings-s-dra-if,laholms-fk,2,1,H,dc_best,2026-05-04,0.5398550776700141,0.30488675549846955,0.15525816683151641
206092-8-troms,2026-05-10,NO-ELI,2026,1,Tromsø,Molde,troms,molde,2,0,H,dc_best,2026-05-04,0.5108199903457022,0.258080999913364,0.23109900974093373
206092-8-kfum,2026-05-10,NO-ELI,2026,1,KFUM,Viking,kfum,viking,0,2,A,dc_best,2026-05-04,0.1389823508907547,0.19760688942424087,0.6634107596850044
206092-8-rosenborg,2026-05-10,NO-ELI,2026,1,Rosenborg,Lillestrøm,rosenborg,lillestr-m,2,0,H,dc_best,2026-05-04,0.16548621134912034,0.2946040815720334,0.5399097070788463
206092-8-sandefjord-fotball,2026-05-10,NO-ELI,2026,1,Sandefjord Fotball,Kristiansund,sandefjord-fotball,kristiansund,2,0,H,dc_best,2026-05-04,0.6231264488978363,0.24366680711750652,0.1332067439846571
206093-6-raufoss,2026-05-10,NO-OBOS,2026,1,Raufoss,Lyn,raufoss,lyn,0,1,A,dc_best,2026-05-04,0.2826029155663756,0.27503090856815576,0.44236617586546867
206093-6-sandnes-ulf,2026-05-10,NO-OBOS,2026,1,Sandnes Ulf,Stabæk,sandnes-ulf,stab-k,0,1,A,dc_best,2026-05-04,0.26092111689627917,0.2775481315734836,0.46153075153023726
6537748,2026-05-10,SW-EN,2026,1,Vasalund,Piteå IF FF,vasalund,pite-if-ff,1,2,A,dc_best,2026-05-04,0.7509728105422764,0.15817780052265384,0.09084938893506986
4036887,2026-05-10,VL,2026,1,FC Lahti,IFK Mariehamn Fotboll,60969,60759,1,1,D,dc_best,2026-05-04,0.4959576440752827,0.29207123492723513,0.2119711209974821
206093-6-sogndal,2026-05-10,NO-OBOS,2026,1,Sogndal,Haugesund,sogndal,haugesund,5,1,H,dc_best,2026-05-04,0.11010523063322222,0.14450086658648925,0.7453939027802885
206093-6-moss,2026-05-10,NO-OBOS,2026,1,Moss,Bryne,moss,bryne,2,3,A,dc_best,2026-05-04,0.47490244720979774,0.24651629402203953,0.27858125876816275
206093-6-sane,2026-05-10,NO-OBOS,2026,1,Åsane,Strømsgodset,sane,str-msgodset,0,3,A,dc_best,2026-05-04,0.10904271822350446,0.19904750549531885,0.6919097762811767
6529574,2026-05-11,SW-DA,2026,1,Malmö FF,BK Häcken FF,malm-ff,bk-h-cken-ff,1,2,A,dc_best,2026-05-11,0.3180103649795998,0.20186011222231728,0.4801295227980831
6529882,2026-05-11,SW-AL,2026,1,IK Sirius FK,Örgryte IS Fotboll,ik-sirius-fk,rgryte-is-fotboll,2,0,H,dc_best,2026-05-11,0.877317171780865,0.07521462012207727,0.0474682080970578
206093-6-egersund,2026-05-11,NO-OBOS,2026,1,Egersund,Odd,egersund,odd,0,1,A,dc_best,2026-05-11,0.5397474105145224,0.2721349554788822,0.18811763400659554
6536003,2026-05-12,SW-SE,2026,1,IFK Värnamo,Örebro,ifk-v-rnamo,rebro,0,1,A,dc_best,2026-05-11,0.5132538528121166,0.2229598299224662,0.26378631726541735
6536000,2026-05-12,SW-SE,2026,1,Landskrona BoIS,Norrby IF,landskrona-bois,norrby-if,1,1,D,dc_best,2026-05-11,0.4931928725174616,0.22615357401016004,0.28065355347237836
6529570,2026-05-12,SW-DA,2026,1,Djurgården,Hammarby,djurg-rden,hammarby,0,2,A,dc_best,2026-05-11,0.12276196728017283,0.1273263048314132,0.749911727888414
6536006,2026-05-13,SW-SE,2026,1,Falkenbergs FF,Varbergs BoIS FC,falkenbergs-ff,varbergs-bois-fc,0,3,A,dc_best,2026-05-11,0.5690350262268966,0.2169662455331962,0.21399872823990715
6536007,2026-05-13,SW-SE,2026,1,IK Brage,Östersund,ik-brage,stersund,2,4,A,dc_best,2026-05-11,0.6091836708827153,0.19339511541891383,0.19742121369837098
6536004,2026-05-13,SW-SE,2026,1,Östers IF,Sandvikens IF,sters-if,sandvikens-if,1,0,H,dc_best,2026-05-11,0.4553785145990603,0.24515060732081895,0.2994708780801208
6537995,2026-05-13,SW-ES,2026,1,Utsikten,Skövde AIK,utsikten,sk-vde-aik,2,3,A,dc_best,2026-05-11,0.16942197642178972,0.27620069783359663,0.5543773257446137
6536002,2026-05-13,SW-SE,2026,1,IFK Norrköping FK,Nordic United FC,ifk-norrk-ping-fk,nordic-united-fc,1,1,D,dc_best,2026-05-11,0.6253920959942278,0.16352569981691933,0.21108220418885293
6537992,2026-05-13,SW-ES,2026,1,Laholms FK,Lunds BK,laholms-fk,lunds-bk,4,3,H,dc_best,2026-05-11,0.17843751962178997,0.3187689906312256,0.5027934897469845
6537755,2026-05-13,SW-EN,2026,1,Stockholm Internazionale,Athletic Eskilstuna,stockholm-internazionale,athletic-eskilstuna,0,2,A,dc_best,2026-05-11,0.7464827673046684,0.1691842458028664,0.08433298689246521
6537754,2026-05-13,SW-EN,2026,1,Sollentuna FK,Hammarby TFF,sollentuna-fk,hammarby-tff,0,2,A,dc_best,2026-05-11,0.1659038323484682,0.23435851711722136,0.5997376505343105
6537751,2026-05-13,SW-EN,2026,1,FC Järfälla,Enköpings SK FK,fc-j-rf-lla,enk-pings-sk-fk,0,3,A,dc_best,2026-05-11,0.3448780226510524,0.2644878197907758,0.39063415755817177
6537750,2026-05-13,SW-EN,2026,1,FC Arlanda,Karlbergs BK,fc-arlanda,karlbergs-bk,1,1,D,dc_best,2026-05-11,0.5547060939439997,0.22828213268792663,0.21701177336807376
6537990,2026-05-13,SW-ES,2026,1,Hässleholms IF,Eskilsminne IF,h-ssleholms-if,eskilsminne-if,1,3,A,dc_best,2026-05-11,0.6225434046445535,0.21087490068992926,0.16658169466551723
6537991,2026-05-13,SW-ES,2026,1,Kristianstad FC,Rosengård 1917,kristianstad-fc,roseng-rd-1917,1,2,A,dc_best,2026-05-11,0.3226811796529318,0.3110925997761855,0.36622622057088283
6536001,2026-05-13,SW-SE,2026,1,Helsingborgs IF,IK Oddevold,helsingborgs-if,ik-oddevold,2,2,D,dc_best,2026-05-11,0.5220879245973866,0.20463058751320112,0.2732814878894123
206007-7-tr-ff,2026-05-14,NO-PN1,2026,1,Træff,Lysekloster,tr-ff,lysekloster,4,0,H,dc_best,2026-05-11,0.44443029559298375,0.2637741245342136,0.2917955798728028
6537756,2026-05-14,SW-EN,2026,1,Vasalund,Gefle IF FF,vasalund,gefle-if-ff,1,0,H,dc_best,2026-05-11,0.5564229936637892,0.20511059898102366,0.2384664073551871
6537753,2026-05-14,SW-EN,2026,1,Piteå IF FF,FBK Karlstad,pite-if-ff,fbk-karlstad,1,5,A,dc_best,2026-05-11,0.11881460558560723,0.2816158397956615,0.5995695546187313
6537749,2026-05-14,SW-EN,2026,1,Assyriska FF,Umeå FC,assyriska-ff,ume-fc,1,5,A,dc_best,2026-05-11,0.38461206553412597,0.26943526615064955,0.3459526683152246
6537752,2026-05-14,SW-EN,2026,1,IF Karlstad Fotboll,IFK Stocksund,if-karlstad-fotboll,ifk-stocksund,1,0,H,dc_best,2026-05-11,0.7084006183971373,0.1670985823640794,0.12450079923878331
6536005,2026-05-14,SW-SE,2026,1,Ljungskile SK Herrfotboll,GIF Sundsvall,ljungskile-sk-herrfotboll,gif-sundsvall,1,0,H,dc_best,2026-05-11,0.48365860725941096,0.29431766901260265,0.22202372372798646
206007-7-bjarg,2026-05-14,NO-PN1,2026,1,Bjarg,Brattvåg,bjarg,brattv-g,2,6,A,dc_best,2026-05-11,0.3360244649302573,0.2759870485266481,0.3879884865430946
6537994,2026-05-14,SW-ES,2026,1,Tvååkers IF,BK Olympic,tv-kers-if,bk-olympic,1,0,H,dc_best,2026-05-11,0.3203781252229481,0.3164710694446269,0.363150805332425
6537996,2026-05-14,SW-ES,2026,1,Ängelholms FF,Åtvidabergs FF,ngelholms-ff,tvidabergs-ff,2,2,D,dc_best,2026-05-11,0.33944324513507823,0.31741720513354554,0.34313954973137617
6537993,2026-05-14,SW-ES,2026,1,Trelleborgs FF,Jönköpings Södra IF,trelleborgs-ff,j-nk-pings-s-dra-if,1,1,D,dc_best,2026-05-11,0.737810517833447,0.16989684020533138,0.09229264196122168
6537989,2026-05-14,SW-ES,2026,1,FC Trollhättan,Ariana FC Malmö,fc-trollh-ttan,ariana-fc-malm,0,2,A,dc_best,2026-05-11,0.3426615927871132,0.24398965926151428,0.41334874795137244
206008-7-tromsdalen,2026-05-14,NO-PN2,2026,1,Tromsdalen,Grorud,tromsdalen,grorud,0,2,A,dc_best,2026-05-11,0.4290586772024987,0.2119964857224817,0.3589448370750197
206008-7-h-nefoss-bk,2026-05-14,NO-PN2,2026,1,Hønefoss BK,Stjørdals-Blink,h-nefoss-bk,stj-rdals-blink,3,2,H,dc_best,2026-05-11,0.7059365887980757,0.1537401610720501,0.14032325012987423
206007-7-vidar,2026-05-14,NO-PN1,2026,1,Vidar,Sotra,vidar,sotra,1,3,A,dc_best,2026-05-11,0.027271849281476176,0.11632311473957585,0.856405035978948
206119-7-lyn,2026-05-15,NO-TS,2026,1,Lyn,Røa Fotball Elite,lyn,r-a-fotball-elite,0,0,D,dc_best,2026-05-11,0.7091793636759192,0.2039557867178712,0.0868648496062097
6529580,2026-05-15,SW-DA,2026,1,Rosengård,Kristianstads DFF,roseng-rd,kristianstads-dff,2,2,D,dc_best,2026-05-11,0.30864831110325736,0.18002727684597333,0.5113244120507694
206107-7-viking,2026-05-15,NO-1DK,2026,1,Viking,Frigg,viking,frigg,3,0,H,dc_best,2026-05-11,0.8944605947855977,0.08373229357574347,0.021807111638658956
206119-7-stab-k,2026-05-15,NO-TS,2026,1,Stabæk,Rosenborg BK,stab-k,rosenborg-bk,1,2,A,dc_best,2026-05-11,0.25908515142031846,0.3678703369913648,0.37304451158831675
206107-7-ik-start-kvinner,2026-05-15,NO-1DK,2026,1,IK Start Kvinner,Kolbotn IL Elite,ik-start-kvinner,kolbotn-il-elite,2,1,H,dc_best,2026-05-11,0.6060800670236411,0.24845911201766857,0.14546082095869037
206119-7-aafk-kvinner,2026-05-15,NO-TS,2026,1,AaFK Kvinner,Hønefoss BK,aafk-kvinner,h-nefoss-bk,2,0,H,dc_best,2026-05-11,0.8273459649901163,0.12733818072022463,0.04531585428965903
206008-7-ullensaker-kisa,2026-05-15,NO-PN2,2026,1,Ullensaker/Kisa,Eidsvold TF,ullensaker-kisa,eidsvold-tf,2,5,A,dc_best,2026-05-11,0.24215613690466692,0.16880952241578354,0.5890343406795496
206107-7-odds-ballklubb,2026-05-15,NO-1DK,2026,1,Odds Ballklubb,Fyllingsdalen,odds-ballklubb,fyllingsdalen,2,1,H,dc_best,2026-05-11,0.5311511379279871,0.27606817396777256,0.1927806881042403
206119-7-haugesund,2026-05-15,NO-TS,2026,1,Haugesund,SK Brann,haugesund,sk-brann,0,7,A,dc_best,2026-05-11,0.05105850581434065,0.12803061755173933,0.82091087663392
206119-7-bod-glimt,2026-05-15,NO-TS,2026,1,Bodø/Glimt,LSK Kvinner,bod-glimt,lsk-kvinner,0,6,A,dc_best,2026-05-11,0.13346616844918255,0.18374783510571271,0.6827859964451048
6536367,2026-05-15,SW-EE,2026,1,Alingsås IF FF,IF Elfsborg,alings-s-if-ff,if-elfsborg,0,1,A,dc_best,2026-05-11,0.09996881980470564,0.2892760395923749,0.6107551406029195
6536368,2026-05-15,SW-EE,2026,1,BK Häcken,Husqvarna FF,bk-h-cken,husqvarna-ff,1,2,A,dc_best,2026-05-11,0.2252288341135347,0.259400218284047,0.5153709476024184
206119-7-v-lerenga-fotball,2026-05-15,NO-TS,2026,1,Vålerenga Fotball,Molde,v-lerenga-fotball,molde,1,2,A,dc_best,2026-05-11,0.7504684002238613,0.15467179092132924,0.09485980885480955
206093-7-sandnes-ulf,2026-05-15,NO-OBOS,2026,1,Sandnes Ulf,Egersund,sandnes-ulf,egersund,4,2,H,dc_best,2026-05-11,0.1662476873226654,0.3144404615212432,0.5193118511560914
206092-9-bod-glimt,2026-05-16,NO-ELI,2026,1,Bodø/Glimt,Tromsø,bod-glimt,troms,5,0,H,dc_best,2026-05-11,0.6386273637224231,0.2079377117238768,0.15343492455370014
6536015,2026-05-16,SW-SE,2026,1,IK Brage,IFK Norrköping FK,ik-brage,ifk-norrk-ping-fk,0,0,D,dc_best,2026-05-11,0.3952626245808393,0.20999910702358962,0.39473826839557113
6537764,2026-05-16,SW-EN,2026,1,Karlbergs BK,FC Järfälla,karlbergs-bk,fc-j-rf-lla,1,3,A,dc_best,2026-05-11,0.4673725796793293,0.26672715006394015,0.26590027025673063
6537761,2026-05-16,SW-EN,2026,1,Hammarby TFF,Stockholm Internazionale,hammarby-tff,stockholm-internazionale,3,1,H,dc_best,2026-05-11,0.3419252455363724,0.2983610710979042,0.3597136833657234
4038076,2026-05-16,M1L,2026,1,Järvenpään Palloseura,FC KTP Kotka,60676,60972,0,1,A,dc_best,2026-05-11,0.4565257737583792,0.25171156836298886,0.291762657878632
206008-7-rana-fk,2026-05-16,NO-PN2,2026,1,Rana FK,Junkeren,rana-fk,junkeren,1,2,A,dc_best,2026-05-11,0.5344385912672571,0.23818204515113925,0.2273793635816036
4043026,2026-05-16,M1,2026,1,FC Jazz Juniorit,Rovaniemen Palloseura,60521,60973,2,1,H,dc_best,2026-05-11,0.2285213352714443,0.23084857014102633,0.5406300945875293
206008-7-follo,2026-05-16,NO-PN2,2026,1,Follo,Lørenskog,follo,l-renskog,0,1,A,dc_best,2026-05-11,0.366663408510378,0.20516531027307894,0.4281712812165431
206008-7-kjels-s,2026-05-16,NO-PN2,2026,1,Kjelsås,Skeid,kjels-s,skeid,1,0,H,dc_best,2026-05-11,0.761924223315581,0.12700124397897183,0.11107453270544723
6529887,2026-05-16,SW-AL,2026,1,GAIS,Degerfors IF,gais,degerfors-if,1,1,D,dc_best,2026-05-11,0.5786633442029885,0.25063445448400207,0.1707022013130095
6529892,2026-05-16,SW-AL,2026,1,Halmstad,IF Elfsborg,halmstad,if-elfsborg,1,1,D,dc_best,2026-05-11,0.19662003145049883,0.2625414661759029,0.5408385023735983
4043027,2026-05-16,M1,2026,1,Tampereen Pallo-Veikot,Oulun Luistinseura,60704,106449,2,2,D,dc_best,2026-05-11,0.09077276678369099,0.25533286413960243,0.6538943690767066
206092-9-v-lerenga,2026-05-16,NO-ELI,2026,1,Vålerenga,Sarpsborg 08,v-lerenga,sarpsborg-08,3,2,H,dc_best,2026-05-11,0.5255794518421325,0.23840873210774144,0.2360118160501261
4043029,2026-05-16,M1,2026,1,KPV Juniorit,Jalkapalloseura Tampere United,60536,106945,0,6,A,dc_best,2026-05-11,0.19278044092144406,0.26106112556262207,0.546158433515934
206008-7-levanger,2026-05-16,NO-PN2,2026,1,Levanger,Trygg/Lade,levanger,trygg-lade,3,0,H,dc_best,2026-05-11,0.6267211965881775,0.1661513038698202,0.2071274995420023
4043030,2026-05-16,M1,2026,1,JJK Jyväskylä,Salon Palloilijat,144858,60690,2,2,D,dc_best,2026-05-11,0.3804222489037108,0.2691119879992871,0.350465763097002
206092-9-rosenborg,2026-05-16,NO-ELI,2026,1,Rosenborg,Aalesund,rosenborg,aalesund,2,3,A,dc_best,2026-05-11,0.660266590658093,0.205910156320099,0.133823253021808
6536372,2026-05-16,SW-EE,2026,1,KIF Örebro DFF,Enskede IK,kif-rebro-dff,enskede-ik,4,3,H,dc_best,2026-05-11,0.41910219307446694,0.22909829079599245,0.35179951612954075
6536369,2026-05-16,SW-EE,2026,1,Gamla Upsala SK,Linköping FC,gamla-upsala-sk,link-ping-fc,0,2,A,dc_best,2026-05-11,0.08651662708647283,0.1423871649807248,0.7710962079328023
6536370,2026-05-16,SW-EE,2026,1,IFK Göteborg,Örebro SK FK,ifk-g-teborg,rebro-sk-fk,2,1,H,dc_best,2026-05-11,0.490800231917177,0.24795629940147265,0.2612434686813503
4057770,2026-05-16,M2,2026,2,GrIFK - Fotboll,FC Honka,60549,62416,1,5,A,dc_best,2026-05-11,0.08806947641480854,0.12051912450737272,0.7914113990778188
4057859,2026-05-16,M2,2026,3,Äänekosken Huima,FC Vaajakoski,35117343,60496,4,2,H,dc_best,2026-05-11,0.598879467255091,0.17395614806596785,0.22716438467894112
4057769,2026-05-16,M2,2026,2,Espoon Palloseuran Jalkapallo,Musan Salama,62296,60696,6,1,H,dc_best,2026-05-11,0.5702643293701413,0.21081512328754679,0.21892054734231203
4057682,2026-05-16,M2,2026,1,MYPA,Lahden Reipas,129934,61562,0,5,A,dc_best,2026-05-11,0.2599241085773667,0.16207088009705653,0.5780050113255768
4057680,2026-05-16,M2,2026,1,Puistolan Urheilijat,Pepo Lappeenranta,49973,61010,1,2,A,dc_best,2026-05-11,0.3937041406225408,0.23496398582942582,0.37133187354803354
4057681,2026-05-16,M2,2026,1,Helsingin Palloseura,Atlantis FC Edustus,49949,60702,4,3,H,dc_best,2026-05-11,0.6957009580338711,0.14869348262036114,0.15560555934576775
4057860,2026-05-16,M2,2026,3,Tornion Pallo-47,Fotbollsföreningen JARO Jalkapalloseura,60666,144364,3,1,H,dc_best,2026-05-11,0.33961579530673586,0.17827152202347293,0.48211268266979135
206092-9-viking,2026-05-16,NO-ELI,2026,1,Viking,Start,viking,start,6,3,H,dc_best,2026-05-11,0.9177742238655415,0.06085310744351875,0.02137266869093962
4057861,2026-05-16,M2,2026,3,Jakobstads Bollklubb,Jalkapalloseura Hercules,61766,61004,3,0,H,dc_best,2026-05-11,0.5965658839245772,0.1911469796496499,0.21228713642577285
206007-7-kvik-halden,2026-05-16,NO-PN1,2026,1,Kvik Halden,Sandviken,kvik-halden,sandviken,0,0,D,dc_best,2026-05-11,0.579054782626918,0.2718154465581551,0.14912977081492695
206007-7-fk-eik-t-nsberg-871,2026-05-16,NO-PN1,2026,1,FK Eik Tønsberg 871,Mjøndalen,fk-eik-t-nsberg-871,mj-ndalen,1,2,A,dc_best,2026-05-11,0.2550833770802919,0.2837727703737145,0.46114385254599355
206007-7-arendal,2026-05-16,NO-PN1,2026,1,Arendal,Jerv,arendal,jerv,1,2,A,dc_best,2026-05-11,0.30128038289357917,0.24666542087400423,0.4520541962324167
206007-7-pors,2026-05-16,NO-PN1,2026,1,Pors,Notodden,pors,notodden,1,2,A,dc_best,2026-05-11,0.4323014236469069,0.29237247374321423,0.27532610260987883
6536371,2026-05-16,SW-EE,2026,1,Jitex BK,Trelleborgs FF,jitex-bk,trelleborgs-ff,4,1,H,dc_best,2026-05-11,0.25532671280279107,0.21199062420715428,0.5326826629900547
6536373,2026-05-16,SW-EE,2026,1,Umeå IK FF,Sandvikens IF,ume-ik-ff,sandvikens-if,2,0,H,dc_best,2026-05-11,0.8356560423936202,0.11288697728088792,0.05145698032549186
4057679,2026-05-16,M2,2026,1,Union Plaani,Pallo-Pojat Juniorit,61723,48924,2,2,D,dc_best,2026-05-11,0.059110824086258354,0.08389152063975958,0.856997655273982
206093-7-stab-k,2026-05-16,NO-OBOS,2026,1,Stabæk,Raufoss,stab-k,raufoss,1,2,A,dc_best,2026-05-11,0.7301498251997786,0.1703227169946941,0.09952745780552728
206107-7-troms-il,2026-05-16,NO-1DK,2026,1,Tromsø IL,Grei,troms-il,grei,1,1,D,dc_best,2026-05-11,0.8121214797200413,0.11240266006154494,0.07547586021841377
206107-7-sane,2026-05-16,NO-1DK,2026,1,Åsane,Arna-Bjørnar,sane,arna-bj-rnar,2,1,H,dc_best,2026-05-11,0.40733901419558904,0.3092533256858033,0.28340766011860763
4036888,2026-05-16,VL,2026,1,Helsingin Jalkapalloklubin Liiga-HJK,Ilves,60731,60745,2,2,D,dc_best,2026-05-11,0.5068816368206756,0.2310420309670228,0.2620763322123017
206092-9-molde,2026-05-16,NO-ELI,2026,1,Molde,Kristiansund,molde,kristiansund,1,0,H,dc_best,2026-05-11,0.7710253482948888,0.14776622354946034,0.08120842815565094
206092-9-lillestr-m,2026-05-16,NO-ELI,2026,1,Lillestrøm,Sandefjord Fotball,lillestr-m,sandefjord-fotball,3,1,H,dc_best,2026-05-11,0.5994273080632135,0.2538704898436544,0.14670220209313206
206092-9-fredrikstad,2026-05-16,NO-ELI,2026,1,Fredrikstad,HamKam,fredrikstad,hamkam,2,1,H,dc_best,2026-05-11,0.45226117653791165,0.24480225556478255,0.3029365678973057
4036889,2026-05-16,VL,2026,1,IFK Mariehamn Fotboll,Kuopion Palloseura,60759,60756,1,1,D,dc_best,2026-05-11,0.15143536389205228,0.2510331846556201,0.5975314514523278
4036891,2026-05-16,VL,2026,1,SEINÄJOEN JALKAPALLOKERHO,Football Club International Turku,60970,60987,1,3,A,dc_best,2026-05-11,0.31268483549650805,0.30221650424786506,0.385098660255627
206093-7-str-msgodset,2026-05-16,NO-OBOS,2026,1,Strømsgodset,Ranheim TF,str-msgodset,ranheim-tf,5,4,H,dc_best,2026-05-11,0.5191856748384143,0.2471891378223001,0.23362518733928558
4036892,2026-05-16,VL,2026,1,Oulun edustusjalkapallo AC Oulu,TPS Juniorijalkapallo,60493,60971,1,0,H,dc_best,2026-05-11,0.30258670272848603,0.30763894633818534,0.3897743509333285
206092-9-brann,2026-05-16,NO-ELI,2026,1,Brann,KFUM,brann,kfum,2,1,H,dc_best,2026-05-11,0.789637133018164,0.12619983315597294,0.08416303382586306
4036890,2026-05-16,VL,2026,1,IF Gnistan,Fotbollsföreningen JARO Jalkapalloseura,60534,60974,5,0,H,dc_best,2026-05-11,0.3824540473978443,0.2719478598942044,0.3455980927079514
206093-7-odd,2026-05-16,NO-OBOS,2026,1,Odd,Moss,odd,moss,2,3,A,dc_best,2026-05-11,0.6059908371789677,0.213820011204673,0.18018915161635926
206093-7-lyn,2026-05-16,NO-OBOS,2026,1,Lyn,Kongsvinger,lyn,kongsvinger,0,3,A,dc_best,2026-05-11,0.24261575293036025,0.2665516014713161,0.4908326455983237
206093-7-haugesund,2026-05-16,NO-OBOS,2026,1,Haugesund,Åsane,haugesund,sane,1,1,D,dc_best,2026-05-11,0.823589759393332,0.1008871363300754,0.07552310427659267
206093-7-h-dd,2026-05-16,NO-OBOS,2026,1,Hødd,Sogndal,h-dd,sogndal,2,2,D,dc_best,2026-05-11,0.3208464648000858,0.299036719875452,0.38011681532446223
206093-7-bryne,2026-05-16,NO-OBOS,2026,1,Bryne,Strømmen,bryne,str-mmen,4,2,H,dc_best,2026-05-11,0.5490112426854192,0.17863002628421049,0.27235873103037034
6537762,2026-05-17,SW-EN,2026,1,IF Karlstad Fotboll,Vasalund,if-karlstad-fotboll,vasalund,5,0,H,dc_best,2026-05-11,0.45104598322532263,0.2643289445944761,0.28462507218020133
4057862,2026-05-17,M2,2026,3,Idrottsföreningen Kraft,Gamlakarleby Bollklubb,60686,60492,6,2,H,dc_best,2026-05-11,0.5464291005078965,0.17899008274269612,0.2745808167494074
4038074,2026-05-17,M1L,2026,1,Käpylän Pallo,Pallokerho-35,60487,50775,0,0,D,dc_best,2026-05-11,0.29018290917108186,0.21812704565991564,0.49169004516900255
4038073,2026-05-17,M1L,2026,1,Ekenäs Idrottsförening,SJK Akatemia,60495,168874,3,0,H,dc_best,2026-05-11,0.562869960470722,0.17289115359398266,0.2642388859352954
4038199,2026-05-17,NL,2026,1,PK-35 Vantaa,Idrottsföreningen Kamraterna Vasa,60671,60691,2,1,H,dc_best,2026-05-11,0.8587944966674628,0.08601110864147335,0.055194394691063874
6537760,2026-05-17,SW-EN,2026,1,Gefle IF FF,Assyriska FF,gefle-if-ff,assyriska-ff,0,0,D,dc_best,2026-05-11,0.3883991834697275,0.23833699378434992,0.37326382274592257
4038075,2026-05-17,M1L,2026,1,Mikkelin Palloilijat,Jippo,60494,129811,1,3,A,dc_best,2026-05-11,0.20982913447462387,0.3797888972202733,0.41038196830510293
4038198,2026-05-17,NL,2026,1,IF Gnistan,Ilves,35209545,60776,2,3,A,dc_best,2026-05-11,0.6427514409675678,0.14846564273806284,0.20878291629436932
6537759,2026-05-17,SW-EN,2026,1,FBK Karlstad,Umeå FC,fbk-karlstad,ume-fc,1,1,D,dc_best,2026-05-11,0.5463284501074501,0.2975096169381132,0.15616193295443664
6537763,2026-05-17,SW-EN,2026,1,IFK Stocksund,Piteå IF FF,ifk-stocksund,pite-if-ff,2,3,A,dc_best,2026-05-11,0.4294634795267227,0.232324738928412,0.33821178154486525
6537758,2026-05-17,SW-EN,2026,1,Enköpings SK FK,Sollentuna FK,enk-pings-sk-fk,sollentuna-fk,1,0,H,dc_best,2026-05-11,0.31775071879111116,0.27541106884516264,0.40683821236372614
4038200,2026-05-17,NL,2026,1,Åland United,Kuopion Palloseura,60532,157420,1,6,A,dc_best,2026-05-11,0.4961566063564445,0.20825056255187452,0.29559283109168105
6536009,2026-05-17,SW-SE,2026,1,IFK Värnamo,Norrby IF,ifk-v-rnamo,norrby-if,2,2,D,dc_best,2026-05-11,0.5119386014563938,0.19048880007481947,0.2975725984687868
4057773,2026-05-17,M2,2026,2,Esbo Bollklubb,Hämeenlinnan Jalkapalloseura,63411,35121579,2,3,A,dc_best,2026-05-11,0.29914670882594824,0.23784006195484986,0.4630132292192018
6536010,2026-05-17,SW-SE,2026,1,Östers IF,Ljungskile SK Herrfotboll,sters-if,ljungskile-sk-herrfotboll,1,4,A,dc_best,2026-05-11,0.428400860906083,0.28764072610490127,0.28395841298901575
6536014,2026-05-17,SW-SE,2026,1,Nordic United FC,Falkenbergs FF,nordic-united-fc,falkenbergs-ff,1,4,A,dc_best,2026-05-11,0.41617096585703883,0.2066370992130614,0.37719193492989983
6536012,2026-05-17,SW-SE,2026,1,Östersund,Sandvikens IF,stersund,sandvikens-if,2,1,H,dc_best,2026-05-11,0.42482076294260523,0.25722090430385225,0.3179583327535425
6529577,2026-05-17,SW-DA,2026,1,AIK,Piteå IF DFF,aik,pite-if-dff,2,1,H,dc_best,2026-05-11,0.4306661722705566,0.2056182304782438,0.3637155972511997
6529579,2026-05-17,SW-DA,2026,1,Eskilstuna United DFF,IK Uppsala Fotboll,eskilstuna-united-dff,ik-uppsala-fotboll,1,0,H,dc_best,2026-05-11,0.4697006848351848,0.2526132226911924,0.27768609247362297
6529582,2026-05-17,SW-DA,2026,1,IFK Norrköping FK,IF Brommapojkarna,ifk-norrk-ping-fk,if-brommapojkarna,3,0,H,dc_best,2026-05-11,0.544586049128506,0.1791913991069753,0.2762225517645188
6529583,2026-05-17,SW-DA,2026,1,Vittsjö GIK,Djurgården,vittsj-gik,djurg-rden,1,0,H,dc_best,2026-05-11,0.3299779429466688,0.19292617490739533,0.4770958821459359
4038201,2026-05-17,NL,2026,1,Helsingin Palloseura,Helsingin Jalkapalloklubi,60781,60682,1,2,A,dc_best,2026-05-11,0.29388357741367077,0.232194711624308,0.4739217109620213
4043031,2026-05-17,M1,2026,1,Football Club International Turku,Kuopion Palloseura,60860,106331,4,2,H,dc_best,2026-05-11,0.5266155453009954,0.20316799182317952,0.2702164628758252
6538003,2026-05-17,SW-ES,2026,1,Trelleborgs FF,FC Trollhättan,trelleborgs-ff,fc-trollh-ttan,2,2,D,dc_best,2026-05-11,0.854219590144242,0.0932442993328994,0.052536110522858545
6529886,2026-05-17,SW-AL,2026,1,Hammarby,Malmö FF,hammarby,malm-ff,4,1,H,dc_best,2026-05-11,0.6215876222429267,0.21194136063279606,0.1664710171242773
6529891,2026-05-17,SW-AL,2026,1,Västerås SK FK,AIK,v-ster-s-sk-fk,aik,1,1,D,dc_best,2026-05-11,0.39307986423406455,0.2532786617567159,0.3536414740092196
6529889,2026-05-17,SW-AL,2026,1,Mjällby AIF,BK Häcken,mj-llby-aif,bk-h-cken,0,1,A,dc_best,2026-05-11,0.6050202140807011,0.21430066355686914,0.1806791223624299
6537999,2026-05-17,SW-ES,2026,1,Eskilsminne IF,Skövde AIK,eskilsminne-if,sk-vde-aik,1,1,D,dc_best,2026-05-11,0.4410578149573831,0.2954308897720646,0.2635112952705524
6537998,2026-05-17,SW-ES,2026,1,BK Olympic,Åtvidabergs FF,bk-olympic,tvidabergs-ff,2,3,A,dc_best,2026-05-11,0.2849677408122723,0.29869922699488105,0.41633303219284673
4057772,2026-05-17,M2,2026,2,Ilves,Pallo-Iirot,106905,107307,3,2,H,dc_best,2026-05-11,0.6713437058061398,0.16054234505911397,0.1681139491347462
6538000,2026-05-17,SW-ES,2026,1,Jönköpings Södra IF,Hässleholms IF,j-nk-pings-s-dra-if,h-ssleholms-if,2,0,H,dc_best,2026-05-11,0.2885840988583423,0.29777915166222996,0.41363674947942775
6538002,2026-05-17,SW-ES,2026,1,Lunds BK,Utsikten,lunds-bk,utsikten,5,0,H,dc_best,2026-05-11,0.800576125760076,0.1484931353773913,0.050930738862532576
6529890,2026-05-17,SW-AL,2026,1,IF Brommapojkarna,Kalmar FF,if-brommapojkarna,kalmar-ff,1,0,H,dc_best,2026-05-11,0.35415600859678814,0.25957632172641915,0.3862676696767927
4057683,2026-05-18,M2,2026,1,HIFK Soccer,Football Club Kiffen 08,49735,60554,3,3,D,dc_best,2026-05-18,0.6648419402208144,0.16971164524637045,0.16544641453281508
4057771,2026-05-18,M2,2026,2,Idrottsföreningen Kamraterna i Åbo,Nurmijärven Jalkapalloseura,60996,60537,4,1,H,dc_best,2026-05-18,0.9208039808372729,0.051855412823006146,0.027340606339720984
4036893,2026-05-18,VL,2026,1,FC Lahti,Vaasan Palloseura,60969,60901,1,1,D,dc_best,2026-05-18,0.3250748086022793,0.3702756930190146,0.30464949837870614
4057863,2026-05-18,M2,2026,3,SJK Akatemia,Vaasan Palloseura,131834,169909,3,2,H,dc_best,2026-05-18,0.2863394907877975,0.1705201984640858,0.5431403107481168
4038077,2026-05-18,M1L,2026,1,Football Club Haka,Helsingin Jalkapalloklubi,60561,60692,1,1,D,dc_best,2026-05-18,0.6549384382630203,0.17534227097792948,0.16971929075905012
6538001,2026-05-18,SW-ES,2026,1,Laholms FK,Rosengård 1917,laholms-fk,roseng-rd-1917,1,3,A,dc_best,2026-05-18,0.35565927016086446,0.28275026299261513,0.3615904668465204
6537757,2026-05-18,SW-EN,2026,1,Athletic Eskilstuna,FC Arlanda,athletic-eskilstuna,fc-arlanda,0,0,D,dc_best,2026-05-18,0.19097562579893226,0.1980950965479987,0.610929277653069
6529885,2026-05-18,SW-AL,2026,1,Djurgården,IK Sirius FK,djurg-rden,ik-sirius-fk,2,3,A,dc_best,2026-05-18,0.5139215438501337,0.2045922211557503,0.28148623499411596
6537997,2026-05-18,SW-ES,2026,1,Ariana FC Malmö,Tvååkers IF,ariana-fc-malm,tv-kers-if,0,1,A,dc_best,2026-05-18,0.43500088826199257,0.35140475823586836,0.21359435350213904
6538004,2026-05-18,SW-ES,2026,1,Ängelholms FF,Kristianstad FC,ngelholms-ff,kristianstad-fc,0,1,A,dc_best,2026-05-18,0.641952986053568,0.21253790996860822,0.1455091039778238
6536011,2026-05-18,SW-SE,2026,1,IK Oddevold,Örebro,ik-oddevold,rebro,4,1,H,dc_best,2026-05-18,0.4515115893579083,0.26075654333370957,0.2877318673083823
6536013,2026-05-18,SW-SE,2026,1,GIF Sundsvall,Landskrona BoIS,gif-sundsvall,landskrona-bois,2,1,H,dc_best,2026-05-18,0.3011216121149717,0.2685033507146984,0.4303750371703298
6529888,2026-05-19,SW-AL,2026,1,Örgryte IS Fotboll,IFK Göteborg,rgryte-is-fotboll,ifk-g-teborg,2,3,A,dc_best,2026-05-18,0.3005261993088448,0.2662425186064819,0.4332312820846734
6536008,2026-05-19,SW-SE,2026,1,Helsingborgs IF,Varbergs BoIS FC,helsingborgs-if,varbergs-bois-fc,1,3,A,dc_best,2026-05-18,0.38846561249354483,0.22220604914728162,0.38932833835917363
6529944,2026-05-20,SW-AL,2026,1,GAIS,Hammarby,gais,hammarby,2,0,H,dc_best,2026-05-18,0.22807642056183172,0.2601853481682961,0.5117382312698722
4036937,2026-05-20,VL,2026,1,Kuopion Palloseura,Fotbollsföreningen JARO Jalkapalloseura,60756,60974,3,0,H,dc_best,2026-05-18,0.6811305113408106,0.2158362443894829,0.10303324426970649
206093-8-sane,2026-05-20,NO-OBOS,2026,1,Åsane,Sandnes Ulf,sane,sandnes-ulf,2,0,H,dc_best,2026-05-18,0.22771049032784654,0.2480422636342661,0.5242472460378874
6529581,2026-05-20,SW-DA,2026,1,Hammarby,Malmö FF,hammarby,malm-ff,2,1,H,dc_best,2026-05-18,0.6401628600864377,0.1635972661588493,0.19623987375471302
4036936,2026-05-20,VL,2026,1,Ilves,Football Club International Turku,60745,60987,1,3,A,dc_best,2026-05-18,0.31420813834602596,0.279111802055065,0.4066800595989092
206093-8-moss,2026-05-20,NO-OBOS,2026,1,Moss,Strømsgodset,moss,str-msgodset,1,1,D,dc_best,2026-05-18,0.17862382231181873,0.17924595196476478,0.6421302257234166
206093-8-str-mmen,2026-05-20,NO-OBOS,2026,1,Strømmen,Haugesund,str-mmen,haugesund,0,7,A,dc_best,2026-05-18,0.21927882039522675,0.15391511053862836,0.626806069066145
206093-8-sogndal,2026-05-20,NO-OBOS,2026,1,Sogndal,Stabæk,sogndal,stab-k,2,2,D,dc_best,2026-05-18,0.2930015508561072,0.22142295132263953,0.48557549782125337
206093-8-raufoss,2026-05-20,NO-OBOS,2026,1,Raufoss,Bryne,raufoss,bryne,3,0,H,dc_best,2026-05-18,0.3295577781253602,0.2330303584509349,0.43741186342370486
206092-8-aalesund,2026-05-20,NO-ELI,2026,1,Aalesund,Brann,aalesund,brann,2,1,H,dc_best,2026-05-18,0.28693022423755216,0.2010958374355497,0.5119739383268981
6529578,2026-05-20,SW-DA,2026,1,BK Häcken FF,Växjö,bk-h-cken-ff,v-xj,4,2,H,dc_best,2026-05-18,0.8998853638000921,0.05374001606653331,0.046374620133374636
206092-8-start,2026-05-20,NO-ELI,2026,1,Start,Bodø/Glimt,start,bod-glimt,1,4,A,dc_best,2026-05-18,0.11806220747701784,0.15290295687613373,0.7290348356468483
206092-2-lillestr-m,2026-05-20,NO-ELI,2026,1,Lillestrøm,Kristiansund,lillestr-m,kristiansund,1,2,A,dc_best,2026-05-18,0.8024604887412172,0.13855774274857738,0.05898176851020547
206093-8-egersund,2026-05-20,NO-OBOS,2026,1,Egersund,Lyn,egersund,lyn,0,0,D,dc_best,2026-05-18,0.5597812220255572,0.2512785849208216,0.1889401930536212
206093-8-kongsvinger,2026-05-20,NO-OBOS,2026,1,Kongsvinger,Odd,kongsvinger,odd,4,2,H,dc_best,2026-05-18,0.5485202687001705,0.24103233334856772,0.21044739795126177
206093-8-ranheim-tf,2026-05-20,NO-OBOS,2026,1,Ranheim TF,Hødd,ranheim-tf,h-dd,3,2,H,dc_best,2026-05-18,0.619742044872039,0.20985118495479174,0.17040677017316924
4057864,2026-05-21,M2,2026,3,Fotbollsföreningen JARO Jalkapalloseura,Vaasan Palloseura,144364,169909,2,1,H,dc_best,2026-05-18,0.3129212375481731,0.17099314879661148,0.5160856136552154
6529946,2026-05-21,SW-AL,2026,1,IF Elfsborg,Mjällby AIF,if-elfsborg,mj-llby-aif,1,1,D,dc_best,2026-05-18,0.24912998766212496,0.2730108618140075,0.4778591505238676
4038205,2026-05-21,NL,2026,1,Idrottsföreningen Kamraterna Vasa,Åland United,60691,60532,0,2,A,dc_best,2026-05-18,0.05549049140602596,0.08462583598213354,0.8598836726118405
4057686,2026-05-22,M2,2026,1,Atlantis FC Edustus,Puistolan Urheilijat,60702,49973,8,0,H,dc_best,2026-05-18,0.23867171061517933,0.17635701993807654,0.5849712694467442
4057685,2026-05-22,M2,2026,1,Pallo-Pojat Juniorit,Lahden Reipas,48924,61562,3,0,H,dc_best,2026-05-18,0.3941208767500587,0.1956844601892642,0.4101946630606771
6536380,2026-05-22,SW-EE,2026,1,Örebro SK FK,KIF Örebro DFF,rebro-sk-fk,kif-rebro-dff,0,3,A,dc_best,2026-05-18,0.27864706833365416,0.20835291474438725,0.5130000169219586
4057684,2026-05-22,M2,2026,1,HIFK Soccer,Helsingin Palloseura,49735,49949,0,2,A,dc_best,2026-05-18,0.652729693006623,0.17719462407560505,0.17007568291777195
4057775,2026-05-22,M2,2026,2,FC Honka,Espoon Palloseuran Jalkapallo,62416,62296,2,1,H,dc_best,2026-05-18,0.8054361230026712,0.10829842509654117,0.08626545190078758
6536376,2026-05-22,SW-EE,2026,1,Jitex BK,IFK Göteborg,jitex-bk,ifk-g-teborg,0,3,A,dc_best,2026-05-18,0.2229453373334403,0.18118416949895932,0.5958704931676004
4038078,2026-05-22,M1L,2026,1,Järvenpään Palloseura,Mikkelin Palloilijat,60676,60494,0,2,A,dc_best,2026-05-18,0.552389198265792,0.2528340782666967,0.1947767234675113
6529893,2026-05-22,SW-AL,2026,1,Djurgården,IF Brommapojkarna,djurg-rden,if-brommapojkarna,1,2,A,dc_best,2026-05-18,0.7443355707008558,0.14937604446620165,0.10628838483294269
6529589,2026-05-22,SW-DA,2026,1,Piteå IF DFF,Djurgården,pite-if-dff,djurg-rden,0,1,A,dc_best,2026-05-18,0.45468972646781625,0.19730895320749087,0.3480013203246929
4043032,2026-05-22,M1,2026,1,Jalkapalloseura Tampere United,JJK Jyväskylä,106945,144858,1,0,H,dc_best,2026-05-18,0.4517808065456014,0.2635425357352124,0.28467665771918627
6538008,2026-05-22,SW-ES,2026,1,Lunds BK,Eskilsminne IF,lunds-bk,eskilsminne-if,4,2,H,dc_best,2026-05-18,0.5002050320754158,0.25766909791786063,0.24212587000672353
4036894,2026-05-22,VL,2026,1,Vaasan Palloseura,Helsingin Jalkapalloklubin Liiga-HJK,60901,60731,2,1,H,dc_best,2026-05-18,0.2512136625803233,0.3071328679168122,0.4416534695028646
4038203,2026-05-22,NL,2026,1,Kuopion Palloseura,IF Gnistan,157420,35209545,2,1,H,dc_best,2026-05-18,0.8810472386882665,0.07047946196362016,0.04847329934811319
6538007,2026-05-22,SW-ES,2026,1,Kristianstad FC,Hässleholms IF,kristianstad-fc,h-ssleholms-if,1,3,A,dc_best,2026-05-18,0.1993479030913517,0.24602230983371842,0.5546297870749299
4038079,2026-05-22,M1L,2026,1,SJK Akatemia,Football Club Haka,168874,60561,0,1,A,dc_best,2026-05-18,0.22688782391128431,0.19557325374277335,0.5775389223459424
4038202,2026-05-22,NL,2026,1,Ilves,Helsingin Palloseura,60776,60781,1,0,H,dc_best,2026-05-18,0.3021268539197409,0.20592747294789301,0.49194567313236603
6536018,2026-05-23,SW-SE,2026,1,IK Oddevold,Östersund,ik-oddevold,stersund,1,0,H,dc_best,2026-05-18,0.467896329008759,0.22161206314473003,0.3104916078465111
6536377,2026-05-23,SW-EE,2026,1,Linköping FC,Sandvikens IF,link-ping-fc,sandvikens-if,1,0,H,dc_best,2026-05-18,0.8152798243510828,0.13729708614813851,0.047423089500778684
6536375,2026-05-23,SW-EE,2026,1,BK Häcken,IF Elfsborg,bk-h-cken,if-elfsborg,0,1,A,dc_best,2026-05-18,0.06890697810075871,0.16388462822976482,0.7672083936694765
6536022,2026-05-23,SW-SE,2026,1,Falkenbergs FF,IFK Värnamo,falkenbergs-ff,ifk-v-rnamo,3,1,H,dc_best,2026-05-18,0.6515534223244477,0.17449524436127628,0.173951333314276
6536023,2026-05-23,SW-SE,2026,1,Nordic United FC,IK Brage,nordic-united-fc,ik-brage,1,0,H,dc_best,2026-05-18,0.4674535150071357,0.188455263311968,0.34409122168089634
6536019,2026-05-23,SW-SE,2026,1,Norrby IF,Ljungskile SK Herrfotboll,norrby-if,ljungskile-sk-herrfotboll,2,1,H,dc_best,2026-05-18,0.35307007690606024,0.2669525234981528,0.37997739959578697
206107-7-bryne,2026-05-23,NO-1DK,2026,1,Bryne,Klepp,bryne,klepp,1,2,A,dc_best,2026-05-18,0.6384594035919016,0.2288464994806,0.13269409692749834
6536378,2026-05-23,SW-EE,2026,1,Enskede IK,Gamla Upsala SK,enskede-ik,gamla-upsala-sk,4,1,H,dc_best,2026-05-18,0.6288649386593833,0.18990838532609639,0.18122667601452033
6536374,2026-05-23,SW-EE,2026,1,Alingsås IF FF,Umeå IK FF,alings-s-if-ff,ume-ik-ff,2,0,H,dc_best,2026-05-18,0.11068606440380152,0.24051923850341608,0.6487946970927824
6536379,2026-05-23,SW-EE,2026,1,Trelleborgs FF,Husqvarna FF,trelleborgs-ff,husqvarna-ff,3,0,H,dc_best,2026-05-18,0.43944138080361944,0.2702307286450492,0.29032789055133146
4057866,2026-05-23,M2,2026,3,Tornion Pallo-47,Äänekosken Huima,60666,35117343,4,4,D,dc_best,2026-05-18,0.48169033962703445,0.1864147625463811,0.33189489782658443
4036895,2026-05-23,VL,2026,1,Football Club International Turku,TPS Juniorijalkapallo,60987,60971,2,1,H,dc_best,2026-05-18,0.4296977362596819,0.34853387021925586,0.22176839352106228
4036899,2026-05-23,VL,2026,1,SEINÄJOEN JALKAPALLOKERHO,Oulun edustusjalkapallo AC Oulu,60970,60493,0,1,A,dc_best,2026-05-18,0.3823892924924569,0.27080806309045613,0.34680264441708697
4036897,2026-05-23,VL,2026,1,Ilves,IF Gnistan,60745,60534,2,0,H,dc_best,2026-05-18,0.5677062798904744,0.20071889177358826,0.23157482833593745
4036896,2026-05-23,VL,2026,1,Kuopion Palloseura,FC Lahti,60756,60969,2,1,H,dc_best,2026-05-18,0.5473145645353664,0.29690676339042094,0.15577867207421275
4057774,2026-05-23,M2,2026,2,Musan Salama,Ilves,60696,106905,3,4,A,dc_best,2026-05-18,0.10689780716370557,0.11267162467055228,0.7804305681657422
4057865,2026-05-23,M2,2026,3,Gamlakarleby Bollklubb,SJK Akatemia,60492,131834,4,0,H,dc_best,2026-05-18,0.3554554982380226,0.18919747096424788,0.4553470307977295
4057776,2026-05-23,M2,2026,2,Pallo-Iirot,Nurmijärven Jalkapalloseura,107307,60537,5,0,H,dc_best,2026-05-18,0.701756380258196,0.14810362005393685,0.1501399996878672
4036898,2026-05-23,VL,2026,1,Fotbollsföreningen JARO Jalkapalloseura,IFK Mariehamn Fotboll,60974,60759,3,0,H,dc_best,2026-05-18,0.36264781172349386,0.29868877084346196,0.3386634174330441
4057688,2026-05-23,M2,2026,1,Football Club Kiffen 08,MYPA,60554,129934,3,1,H,dc_best,2026-05-18,0.6279817688356234,0.16028256960148796,0.21173566156288876
4057868,2026-05-23,M2,2026,3,Jalkapalloseura Hercules,Idrottsföreningen Kraft,61004,60686,1,2,A,dc_best,2026-05-18,0.3569064654135099,0.16296299246852622,0.48013054211796385
4057777,2026-05-23,M2,2026,2,Hämeenlinnan Jalkapalloseura,Idrottsföreningen Kamraterna i Åbo,35121579,60996,1,1,D,dc_best,2026-05-18,0.25506641705863553,0.21815203152526144,0.5267815514161032
4057687,2026-05-23,M2,2026,1,Pepo Lappeenranta,Union Plaani,61010,61723,1,1,D,dc_best,2026-05-18,0.9111625587951269,0.05369193230623865,0.03514550889863454
4057867,2026-05-23,M2,2026,3,FC Vaajakoski,Jakobstads Bollklubb,60496,61766,3,2,H,dc_best,2026-05-18,0.20834524725658005,0.19028439577691458,0.6013703569665054
4038204,2026-05-23,NL,2026,1,Helsingin Jalkapalloklubi,PK-35 Vantaa,60682,60671,5,0,H,dc_best,2026-05-18,0.8737609484037739,0.0798676631898163,0.046371388406409746
6529584,2026-05-23,SW-DA,2026,1,AIK,Malmö FF,aik,malm-ff,2,2,D,dc_best,2026-05-18,0.25755637189503244,0.16411053295184674,0.5783330951531208
206007-8-fk-eik-t-nsberg-871,2026-05-23,NO-PN1,2026,1,FK Eik Tønsberg 871,Vidar,fk-eik-t-nsberg-871,vidar,3,1,H,dc_best,2026-05-18,0.5901161698208499,0.26672582425652885,0.14315800592262126
4038081,2026-05-23,M1L,2026,1,Jippo,Pallokerho-35,129811,50775,0,1,A,dc_best,2026-05-18,0.41557703969792625,0.33197460262190964,0.25244835768016416
4038080,2026-05-23,M1L,2026,1,Ekenäs Idrottsförening,Käpylän Pallo,60495,60487,1,0,H,dc_best,2026-05-18,0.6255838923812466,0.15459679074551044,0.21981931687324308
4038082,2026-05-23,M1L,2026,1,Helsingin Jalkapalloklubi,FC KTP Kotka,60692,60972,0,1,A,dc_best,2026-05-18,0.3250441281049984,0.26061332013822197,0.4143425517567796
6538010,2026-05-23,SW-ES,2026,1,Tvååkers IF,FC Trollhättan,tv-kers-if,fc-trollh-ttan,1,1,D,dc_best,2026-05-18,0.36614648222028306,0.3396766619156446,0.2941768558640723
6538005,2026-05-23,SW-ES,2026,1,Rosengård 1917,BK Olympic,roseng-rd-1917,bk-olympic,2,1,H,dc_best,2026-05-18,0.4229667807920747,0.272364336250126,0.30466888295779915
6538011,2026-05-23,SW-ES,2026,1,Utsikten,Trelleborgs FF,utsikten,trelleborgs-ff,0,0,D,dc_best,2026-05-18,0.013787707385108948,0.03706350286275775,0.9491487897521333
6538009,2026-05-23,SW-ES,2026,1,Skövde AIK,Ariana FC Malmö,sk-vde-aik,ariana-fc-malm,0,4,A,dc_best,2026-05-18,0.25962492605092996,0.3202959598718309,0.42007911407723925
4043034,2026-05-23,M1,2026,1,Vantaan Jalkapalloseura,KPV Juniorit,63440,60536,5,0,H,dc_best,2026-05-18,0.8043453889454798,0.14034620436779094,0.0553084066867291
4043033,2026-05-23,M1,2026,1,Salon Palloilijat,Tampereen Pallo-Veikot,60690,60704,4,2,H,dc_best,2026-05-18,0.6560295624415707,0.23515431870043926,0.10881611885799007
6537766,2026-05-23,SW-EN,2026,1,Enköpings SK FK,Hammarby TFF,enk-pings-sk-fk,hammarby-tff,0,1,A,dc_best,2026-05-18,0.10624391922280561,0.15243575121262967,0.7413203295645647
6529899,2026-05-23,SW-AL,2026,1,Kalmar FF,Degerfors IF,kalmar-ff,degerfors-if,2,1,H,dc_best,2026-05-18,0.44053276601259794,0.28167689932982004,0.2777903346575822
6529900,2026-05-23,SW-AL,2026,1,Halmstad,Örgryte IS Fotboll,halmstad,rgryte-is-fotboll,2,0,H,dc_best,2026-05-18,0.4057077004459626,0.2812831967257874,0.31300910282825
6537769,2026-05-23,SW-EN,2026,1,IFK Stocksund,Assyriska FF,ifk-stocksund,assyriska-ff,3,3,D,dc_best,2026-05-18,0.3437222651805027,0.20746405591387654,0.44881367890562074
6537768,2026-05-23,SW-EN,2026,1,FC Järfälla,Gefle IF FF,fc-j-rf-lla,gefle-if-ff,4,0,H,dc_best,2026-05-18,0.3015984745896224,0.28008897058202786,0.41831255482834984
6537767,2026-05-23,SW-EN,2026,1,FBK Karlstad,FC Arlanda,fbk-karlstad,fc-arlanda,0,0,D,dc_best,2026-05-18,0.44650565330346953,0.2948892677853185,0.25860507891121204
6537771,2026-05-23,SW-EN,2026,1,Stockholm Internazionale,Karlbergs BK,stockholm-internazionale,karlbergs-bk,2,1,H,dc_best,2026-05-18,0.5415155178114998,0.2597167686013696,0.19876771358713055
206008-8-skeid,2026-05-23,NO-PN2,2026,1,Skeid,Follo,skeid,follo,2,0,H,dc_best,2026-05-18,0.43556186468232083,0.22473269650111938,0.33970543881655985
206007-8-jerv,2026-05-23,NO-PN1,2026,1,Jerv,Kvik Halden,jerv,kvik-halden,2,1,H,dc_best,2026-05-18,0.43727069073977476,0.3271655047771493,0.2355638044830759
206007-8-mj-ndalen,2026-05-23,NO-PN1,2026,1,Mjøndalen,Sandviken,mj-ndalen,sandviken,4,0,H,dc_best,2026-05-18,0.5253972685979326,0.26574631610257377,0.20885641529949373
206008-8-grorud,2026-05-23,NO-PN2,2026,1,Grorud,Hønefoss BK,grorud,h-nefoss-bk,3,2,H,dc_best,2026-05-18,0.48729128079275363,0.20689843976430267,0.30581027944294376
206008-8-stj-rdals-blink,2026-05-23,NO-PN2,2026,1,Stjørdals-Blink,Kjelsås,stj-rdals-blink,kjels-s,1,1,D,dc_best,2026-05-18,0.21416625131930667,0.16013097122200307,0.6257027774586903
6529587,2026-05-23,SW-DA,2026,1,IF Brommapojkarna,IK Uppsala Fotboll,if-brommapojkarna,ik-uppsala-fotboll,4,2,H,dc_best,2026-05-18,0.41718105293336816,0.1899391579500935,0.3928797891165384
6529588,2026-05-23,SW-DA,2026,1,Kristianstads DFF,Hammarby,kristianstads-dff,hammarby,0,1,A,dc_best,2026-05-18,0.14085044748889325,0.11635888631793256,0.7427906661931742
6529586,2026-05-23,SW-DA,2026,1,Eskilstuna United DFF,Rosengård,eskilstuna-united-dff,roseng-rd,0,3,A,dc_best,2026-05-18,0.5594974669119402,0.19411380959626962,0.24638872349179017
4043037,2026-05-24,M1,2026,1,Football Club International Turku,Pallokerho Keski-Uusimaa,60860,60929,2,1,H,dc_best,2026-05-18,0.42949364540100515,0.2317836363374803,0.3387227182615147
4057778,2026-05-24,M2,2026,2,Esbo Bollklubb,GrIFK - Fotboll,63411,60549,1,0,H,dc_best,2026-05-18,0.5005157028751188,0.20204635346040672,0.29743794366447457
6529585,2026-05-24,SW-DA,2026,1,BK Häcken FF,IFK Norrköping FK,bk-h-cken-ff,ifk-norrk-ping-fk,2,0,H,dc_best,2026-05-18,0.7720444016321146,0.11477473453485058,0.11318086383303481
4043036,2026-05-24,M1,2026,1,Oulun Luistinseura,FC Jazz Juniorit,106449,60521,1,2,A,dc_best,2026-05-18,0.6954061235305334,0.193853828896903,0.11074004757256367
6538012,2026-05-24,SW-ES,2026,1,Åtvidabergs FF,Laholms FK,tvidabergs-ff,laholms-fk,3,1,H,dc_best,2026-05-18,0.6133605719561274,0.22262304146588419,0.16401638657798848
4043035,2026-05-24,M1,2026,1,Kuopion Palloseura,Rovaniemen Palloseura,106331,60973,0,1,A,dc_best,2026-05-18,0.260054553725551,0.23137532701653502,0.5085701192579141
206092-10-kristiansund,2026-05-24,NO-ELI,2026,1,Kristiansund,Viking,kristiansund,viking,1,2,A,dc_best,2026-05-18,0.12493513662216355,0.16745805431209182,0.7076068090657447
206092-10-bod-glimt,2026-05-24,NO-ELI,2026,1,Bodø/Glimt,Brann,bod-glimt,brann,3,1,H,dc_best,2026-05-18,0.7600205355030129,0.1339838497476843,0.1059956147493029
6536020,2026-05-24,SW-SE,2026,1,Sandvikens IF,Landskrona BoIS,sandvikens-if,landskrona-bois,0,1,A,dc_best,2026-05-18,0.3687069436837822,0.27441750160903816,0.35687555470717963
6538006,2026-05-24,SW-ES,2026,1,Jönköpings Södra IF,Ängelholms FF,j-nk-pings-s-dra-if,ngelholms-ff,3,0,H,dc_best,2026-05-18,0.41027002294760107,0.30381161381655314,0.28591836323584574
6529590,2026-05-24,SW-DA,2026,1,Växjö,Vittsjö GIK,v-xj,vittsj-gik,0,2,A,dc_best,2026-05-18,0.5244950041848156,0.16592583312052614,0.3095791626946581
6536021,2026-05-24,SW-SE,2026,1,Varbergs BoIS FC,GIF Sundsvall,varbergs-bois-fc,gif-sundsvall,1,0,H,dc_best,2026-05-18,0.6478928321488501,0.19873571177352697,0.15337145607762306
6529894,2026-05-24,SW-AL,2026,1,Hammarby,AIK,hammarby,aik,1,2,A,dc_best,2026-05-18,0.7336213870682975,0.16860623644498102,0.09777237648672157
6529898,2026-05-24,SW-AL,2026,1,IK Sirius FK,GAIS,ik-sirius-fk,gais,2,1,H,dc_best,2026-05-18,0.5206432033409247,0.2347048772320473,0.24465191942702796
206008-8-trygg-lade,2026-05-24,NO-PN2,2026,1,Trygg/Lade,Tromsdalen,trygg-lade,tromsdalen,1,2,A,dc_best,2026-05-18,0.2621036881865873,0.17361178191499707,0.5642845298984157
206007-8-tr-ff,2026-05-24,NO-PN1,2026,1,Træff,Pors,tr-ff,pors,3,3,D,dc_best,2026-05-18,0.5469205166668814,0.2591142645780223,0.19396521875509645
6537772,2026-05-24,SW-EN,2026,1,Umeå FC,IF Karlstad Fotboll,ume-fc,if-karlstad-fotboll,0,2,A,dc_best,2026-05-18,0.22131767252129791,0.27163177575377867,0.5070505517249235
6537770,2026-05-24,SW-EN,2026,1,Sollentuna FK,Piteå IF FF,sollentuna-fk,pite-if-ff,2,2,D,dc_best,2026-05-18,0.4345718641148678,0.2940308466649015,0.2713972892202307
6537765,2026-05-24,SW-EN,2026,1,Athletic Eskilstuna,Vasalund,athletic-eskilstuna,vasalund,0,3,A,dc_best,2026-05-18,0.27193480507238393,0.2004058312210705,0.5276593637065455
6529896,2026-05-24,SW-AL,2026,1,Malmö FF,Västerås SK FK,malm-ff,v-ster-s-sk-fk,2,3,A,dc_best,2026-05-18,0.575878701926695,0.20964637097464944,0.21447492709865562
206093-9-odd,2026-05-25,NO-OBOS,2026,1,Odd,Ranheim TF,odd,ranheim-tf,3,1,H,dc_best,2026-05-25,0.36316284715769664,0.2172243870894421,0.4196127657528612
206093-9-sandnes-ulf,2026-05-25,NO-OBOS,2026,1,Sandnes Ulf,Sogndal,sandnes-ulf,sogndal,2,0,H,dc_best,2026-05-25,0.3560130120795322,0.2624736012674727,0.3815133866529953
206093-9-stab-k,2026-05-25,NO-OBOS,2026,1,Stabæk,Kongsvinger,stab-k,kongsvinger,2,0,H,dc_best,2026-05-25,0.3247442729418257,0.252779749209881,0.42247597784829327
206093-9-str-msgodset,2026-05-25,NO-OBOS,2026,1,Strømsgodset,Bryne,str-msgodset,bryne,1,0,H,dc_best,2026-05-25,0.7381957916941071,0.1541118949469291,0.10769231335896388
206093-9-sane,2026-05-25,NO-OBOS,2026,1,Åsane,Raufoss,sane,raufoss,3,0,H,dc_best,2026-05-25,0.3265922477665078,0.2831277640537503,0.390279988179742
206092-10-start,2026-05-25,NO-ELI,2026,1,Start,Vålerenga,start,v-lerenga,2,0,H,dc_best,2026-05-25,0.4192768593829152,0.22490853798748697,0.3558146026295978
206092-10-hamkam,2026-05-25,NO-ELI,2026,1,HamKam,Lillestrøm,hamkam,lillestr-m,2,0,H,dc_best,2026-05-25,0.32924527516304575,0.25114012933635177,0.4196145955006024
206092-10-sandefjord-fotball,2026-05-25,NO-ELI,2026,1,Sandefjord Fotball,Fredrikstad,sandefjord-fotball,fredrikstad,1,1,D,dc_best,2026-05-25,0.556873784110555,0.24022597715438476,0.20290023873506013
206092-10-sarpsborg-08,2026-05-25,NO-ELI,2026,1,Sarpsborg 08,Molde,sarpsborg-08,molde,2,1,H,dc_best,2026-05-25,0.31892036325909556,0.2503235064356611,0.43075613030524335
206092-10-troms,2026-05-25,NO-ELI,2026,1,Tromsø,Aalesund,troms,aalesund,1,1,D,dc_best,2026-05-25,0.6593802071190911,0.1890308911983112,0.15158890168259775
206008-8-l-renskog,2026-05-25,NO-PN2,2026,1,Lørenskog,Levanger,l-renskog,levanger,1,0,H,dc_best,2026-05-25,0.4701382714950807,0.2156787668401011,0.31418296166481824
206093-9-haugesund,2026-05-25,NO-OBOS,2026,1,Haugesund,Moss,haugesund,moss,3,1,H,dc_best,2026-05-25,0.691125926775001,0.15956806268185592,0.14930601054314319
206008-8-junkeren,2026-05-25,NO-PN2,2026,1,Junkeren,Ullensaker/Kisa,junkeren,ullensaker-kisa,3,0,H,dc_best,2026-05-25,0.5547290331749113,0.16888323817653214,0.2763877286485567
206008-8-eidsvold-tf,2026-05-25,NO-PN2,2026,1,Eidsvold TF,Rana FK,eidsvold-tf,rana-fk,4,1,H,dc_best,2026-05-25,0.6218538789437066,0.1963228284858947,0.18182329257039875
206093-9-h-dd,2026-05-25,NO-OBOS,2026,1,Hødd,Egersund,h-dd,egersund,3,1,H,dc_best,2026-05-25,0.22342129909327818,0.3215049701520888,0.45507373075463303
206092-10-kfum,2026-05-25,NO-ELI,2026,1,KFUM,Rosenborg,kfum,rosenborg,2,0,H,dc_best,2026-05-25,0.4493522724092271,0.264392661834465,0.28625506575630794
206093-9-lyn,2026-05-25,NO-OBOS,2026,1,Lyn,Strømmen,lyn,str-mmen,1,0,H,dc_best,2026-05-25,0.6934700775013156,0.16980431538922403,0.13672560710946036
206107-3-arna-bj-rnar,2026-05-25,NO-1DK,2026,1,Arna-Bjørnar,Kolbotn IL Elite,arna-bj-rnar,kolbotn-il-elite,1,1,D,dc_best,2026-05-25,0.6247869161287761,0.2460920429164594,0.1291210409547645
206007-8-lysekloster,2026-05-25,NO-PN1,2026,1,Lysekloster,Arendal,lysekloster,arendal,1,1,D,dc_best,2026-05-25,0.4595534706385497,0.2560473942121327,0.28439913514931764
206007-8-brattv-g,2026-05-25,NO-PN1,2026,1,Brattvåg,Notodden,brattv-g,notodden,2,0,H,dc_best,2026-05-25,0.701474617096543,0.18246426732894422,0.11606111557451293
6529895,2026-05-25,SW-AL,2026,1,IFK Göteborg,Mjällby AIF,ifk-g-teborg,mj-llby-aif,1,1,D,dc_best,2026-05-25,0.1866359679014387,0.25977414979620167,0.5535898823023597
6529897,2026-05-25,SW-AL,2026,1,IF Elfsborg,BK Häcken,if-elfsborg,bk-h-cken,1,1,D,dc_best,2026-05-25,0.3722336389694709,0.24962512179119706,0.378141239239332
6536016,2026-05-25,SW-SE,2026,1,IFK Norrköping FK,Östers IF,ifk-norrk-ping-fk,sters-if,2,0,H,dc_best,2026-05-25,0.6745515129196532,0.17804277821467748,0.1474057088656694
206007-8-sotra,2026-05-25,NO-PN1,2026,1,Sotra,Bjarg,sotra,bjarg,1,2,A,dc_best,2026-05-25,0.8008147890678499,0.12841654238665987,0.07076866854549028
206119-8-stab-k,2026-05-26,NO-TS,2026,1,Stabæk,Haugesund,stab-k,haugesund,3,0,H,dc_best,2026-05-25,0.5552785000952216,0.25158406880678424,0.19313743109799414
206119-8-r-a-fotball-elite,2026-05-26,NO-TS,2026,1,Røa Fotball Elite,AaFK Kvinner,r-a-fotball-elite,aafk-kvinner,2,3,A,dc_best,2026-05-25,0.07815052143485124,0.22931465553951108,0.6925348230256377
206119-8-molde,2026-05-26,NO-TS,2026,1,Molde,Rosenborg BK,molde,rosenborg-bk,2,3,A,dc_best,2026-05-25,0.21220603975186592,0.2886399443745288,0.49915401587360525
206119-8-lsk-kvinner,2026-05-26,NO-TS,2026,1,LSK Kvinner,Hønefoss BK,lsk-kvinner,h-nefoss-bk,3,2,H,dc_best,2026-05-25,0.6428125477668061,0.20850524364860182,0.14868220858459208
206119-8-sk-brann,2026-05-26,NO-TS,2026,1,SK Brann,Lyn,sk-brann,lyn,4,0,H,dc_best,2026-05-25,0.802181455589087,0.15227408854671967,0.0455444558641933
206119-8-v-lerenga-fotball,2026-05-26,NO-TS,2026,1,Vålerenga Fotball,Bodø/Glimt,v-lerenga-fotball,bod-glimt,7,1,H,dc_best,2026-05-25,0.9593340556888481,0.033332711726699674,0.0073332325844522785
6536017,2026-05-26,SW-SE,2026,1,Örebro,Helsingborgs IF,rebro,helsingborgs-if,1,2,A,dc_best,2026-05-25,0.36677292234231124,0.23078644657823635,0.4024406310794525
6529556,2026-05-27,SW-DA,2026,1,AIK,BK Häcken FF,aik,bk-h-cken-ff,2,1,H,dc_best,2026-05-25,0.1492280283371677,0.1076124948361323,0.7431594768267001
4038088,2026-05-27,M1L,2026,1,Helsingin Jalkapalloklubi,Pallokerho-35,60692,50775,0,1,A,dc_best,2026-05-25,0.26706094866401,0.2568756194223406,0.47606343191364947
4057870,2026-05-27,M2,2026,3,Vaasan Palloseura,FC Vaajakoski,169909,60496,2,2,D,dc_best,2026-05-25,0.8213287451692479,0.09275810642081156,0.08591314840994058
6529558,2026-05-27,SW-DA,2026,1,Eskilstuna United DFF,Hammarby,eskilstuna-united-dff,hammarby,0,1,A,dc_best,2026-05-25,0.10099678329282194,0.1231274648304073,0.7758757518767708
4057869,2026-05-27,M2,2026,3,SJK Akatemia,Jalkapalloseura Hercules,131834,61004,3,0,H,dc_best,2026-05-25,0.5875530629918514,0.17153926417890344,0.24090767282924522
4043038,2026-05-28,M1,2026,1,FC Jazz Juniorit,Salon Palloilijat,60521,60690,1,2,A,dc_best,2026-05-25,0.30286680578160746,0.22688494993196573,0.47024824428642675
4043086,2026-05-28,M1,2026,1,JJK Jyväskylä,Oulun Luistinseura,144858,106449,1,0,H,dc_best,2026-05-25,0.3217349436297821,0.24797656278292818,0.4302884935872898
4057872,2026-05-29,M2,2026,3,Äänekosken Huima,Gamlakarleby Bollklubb,35117343,60492,1,2,A,dc_best,2026-05-25,0.5798011423514177,0.1681289096576188,0.2520699479909636
4057780,2026-05-29,M2,2026,2,GrIFK - Fotboll,Pallo-Iirot,60549,107307,1,1,D,dc_best,2026-05-25,0.29164647143109124,0.21952349268243804,0.48883003588647084
4057691,2026-05-29,M2,2026,1,Puistolan Urheilijat,HIFK Soccer,49973,49735,0,2,A,dc_best,2026-05-25,0.357164146648097,0.21842055490257425,0.4244152984493288
4057689,2026-05-29,M2,2026,1,MYPA,Pepo Lappeenranta,129934,61010,0,0,D,dc_best,2026-05-25,0.252063846073269,0.19812239373028653,0.5498137601964446
4057779,2026-05-29,M2,2026,2,Espoon Palloseuran Jalkapallo,Esbo Bollklubb,62296,63411,2,2,D,dc_best,2026-05-25,0.6462624625553897,0.186322299831023,0.1674152376135874
4057782,2026-05-29,M2,2026,2,Idrottsföreningen Kamraterna i Åbo,Musan Salama,60996,60696,4,2,H,dc_best,2026-05-25,0.910695263326384,0.05700037607270941,0.032304360600906634
4057871,2026-05-29,M2,2026,3,Jakobstads Bollklubb,Fotbollsföreningen JARO Jalkapalloseura,61766,144364,0,3,A,dc_best,2026-05-25,0.495152529448108,0.21510549428761183,0.2897419762642801
4057690,2026-05-29,M2,2026,1,Union Plaani,Football Club Kiffen 08,61723,60554,0,2,A,dc_best,2026-05-25,0.2211176960499119,0.15964374034929357,0.6192385636007947
4057781,2026-05-29,M2,2026,2,Nurmijärven Jalkapalloseura,FC Honka,60537,62416,0,2,A,dc_best,2026-05-25,0.029476338952272165,0.048596003393252415,0.9219276576544754
206092-11-brann,2026-05-29,NO-ELI,2026,1,Brann,Sarpsborg 08,brann,sarpsborg-08,1,2,A,dc_best,2026-05-25,0.734326413536604,0.14717004557936922,0.11850354088402686
4038209,2026-05-29,NL,2026,1,Helsingin Palloseura,Kuopion Palloseura,60781,157420,3,2,H,dc_best,2026-05-25,0.29945936839904064,0.2103852540309478,0.4901553775700116
4057783,2026-05-29,M2,2026,2,Ilves,Hämeenlinnan Jalkapalloseura,106905,35121579,0,0,D,dc_best,2026-05-25,0.5440870820364604,0.1889523835223415,0.26696053444119805
206092-11-fredrikstad,2026-05-29,NO-ELI,2026,1,Fredrikstad,Start,fredrikstad,start,2,1,H,dc_best,2026-05-25,0.6151889832481915,0.19781589151421014,0.18699512523759845
206092-11-kfum,2026-05-29,NO-ELI,2026,1,KFUM,Tromsø,kfum,troms,0,0,D,dc_best,2026-05-25,0.330879862615324,0.26571431418914604,0.40340582319553
206092-11-rosenborg,2026-05-29,NO-ELI,2026,1,Rosenborg,Bodø/Glimt,rosenborg,bod-glimt,2,2,D,dc_best,2026-05-25,0.16207705828101457,0.1994855538666352,0.6384373878523503
206092-11-v-lerenga,2026-05-29,NO-ELI,2026,1,Vålerenga,Kristiansund,v-lerenga,kristiansund,3,1,H,dc_best,2026-05-25,0.5583967581146345,0.2278419789627781,0.21376126292258746
206092-11-aalesund,2026-05-29,NO-ELI,2026,1,Aalesund,HamKam,aalesund,hamkam,2,2,D,dc_best,2026-05-25,0.4720467675682139,0.22264232021832778,0.3053109122134584
6536381,2026-05-29,SW-EE,2026,1,Gamla Upsala SK,Örebro SK FK,gamla-upsala-sk,rebro-sk-fk,1,1,D,dc_best,2026-05-25,0.2187724071097638,0.22047691966823024,0.560750673222006
6529903,2026-05-29,SW-AL,2026,1,Örgryte IS Fotboll,IF Elfsborg,rgryte-is-fotboll,if-elfsborg,2,2,D,dc_best,2026-05-25,0.16692017391874878,0.20488180186162247,0.6281980242196288
4043041,2026-05-29,M1,2026,1,KPV Juniorit,Football Club International Turku,60536,60860,4,2,H,dc_best,2026-05-25,0.11154355811682397,0.12770941363043753,0.7607470282527384
4043040,2026-05-29,M1,2026,1,Pallokerho Keski-Uusimaa,Kuopion Palloseura,60929,106331,3,0,H,dc_best,2026-05-25,0.5149396460646485,0.24514702515028783,0.23991332878506363
4038206,2026-05-29,NL,2026,1,Helsingin Jalkapalloklubi,Idrottsföreningen Kamraterna Vasa,60682,60691,4,0,H,dc_best,2026-05-25,0.9754529038032048,0.017657229767137746,0.006889866429657356
206119-9-h-nefoss-bk,2026-05-29,NO-TS,2026,1,Hønefoss BK,Stabæk,h-nefoss-bk,stab-k,1,2,A,dc_best,2026-05-25,0.11725027515069633,0.25513265871625096,0.6276170661330528
4043039,2026-05-29,M1,2026,1,Tampereen Pallo-Veikot,Jalkapalloseura Tampere United,60704,106945,0,3,A,dc_best,2026-05-25,0.19779567394473246,0.2607393473433237,0.5414649787119439
4038083,2026-05-29,M1L,2026,1,FC KTP Kotka,SJK Akatemia,60972,168874,1,0,H,dc_best,2026-05-25,0.572365835920947,0.21550239491190143,0.2121317691671516
4038084,2026-05-29,M1L,2026,1,Football Club Haka,Jippo,60561,129811,2,1,H,dc_best,2026-05-25,0.41397506209138246,0.24714804474223365,0.3388768931663839
4038085,2026-05-29,M1L,2026,1,Käpylän Pallo,Järvenpään Palloseura,60487,60676,2,1,H,dc_best,2026-05-25,0.3921311231220201,0.21595638642879944,0.3919124904491805
6538015,2026-05-30,SW-ES,2026,1,Eskilsminne IF,Trelleborgs FF,eskilsminne-if,trelleborgs-ff,2,3,A,dc_best,2026-05-25,0.19524365822293696,0.21229282480264575,0.5924635169744173
6536385,2026-05-30,SW-EE,2026,1,KIF Örebro DFF,Alingsås IF FF,kif-rebro-dff,alings-s-if-ff,2,0,H,dc_best,2026-05-25,0.5925650349366981,0.21165699940400612,0.1957779656592957
206008-9-follo,2026-05-30,NO-PN2,2026,1,Follo,Ullensaker/Kisa,follo,ullensaker-kisa,1,2,A,dc_best,2026-05-25,0.5385785354362969,0.16700028548890974,0.29442117907479337
206008-9-kjels-s,2026-05-30,NO-PN2,2026,1,Kjelsås,Eidsvold TF,kjels-s,eidsvold-tf,0,4,A,dc_best,2026-05-25,0.49770892016723983,0.19797510534099652,0.3043159744917637
6529902,2026-05-30,SW-AL,2026,1,GAIS,Kalmar FF,gais,kalmar-ff,3,0,H,dc_best,2026-05-25,0.4962875066246676,0.28597564152414245,0.21773685185118993
206107-8-grei,2026-05-30,NO-1DK,2026,1,Grei,Bryne,grei,bryne,0,2,A,dc_best,2026-05-25,0.46421408707019834,0.31286067238030985,0.2229252405494918
6529591,2026-05-30,SW-DA,2026,1,Djurgården,Eskilstuna United DFF,djurg-rden,eskilstuna-united-dff,0,0,D,dc_best,2026-05-25,0.5139000825928068,0.18739860550675158,0.2987013119004416
6529593,2026-05-30,SW-DA,2026,1,IFK Norrköping FK,Piteå IF DFF,ifk-norrk-ping-fk,pite-if-dff,1,2,A,dc_best,2026-05-25,0.49146243156216557,0.2051967423796256,0.30334082605820883
6529594,2026-05-30,SW-DA,2026,1,IK Uppsala Fotboll,AIK,ik-uppsala-fotboll,aik,2,2,D,dc_best,2026-05-25,0.3321285782986222,0.1617927919493034,0.5060786297520744
6536383,2026-05-30,SW-EE,2026,1,IF Elfsborg,Enskede IK,if-elfsborg,enskede-ik,3,0,H,dc_best,2026-05-25,0.4665993398475076,0.2853096155316071,0.24809104462088524
206007-9-bjarg,2026-05-30,NO-PN1,2026,1,Bjarg,FK Eik Tønsberg 871,bjarg,fk-eik-t-nsberg-871,2,0,H,dc_best,2026-05-25,0.6098349132858488,0.20603265542637256,0.18413243128777873
206007-9-vidar,2026-05-30,NO-PN1,2026,1,Vidar,Træff,vidar,tr-ff,1,1,D,dc_best,2026-05-25,0.10341873027413295,0.1876992407559443,0.7088820289699227
206092-11-molde,2026-05-30,NO-ELI,2026,1,Molde,Sandefjord Fotball,molde,sandefjord-fotball,2,1,H,dc_best,2026-05-25,0.5630292909256343,0.24131104701317693,0.19565966206118876
206093-10-moss,2026-05-30,NO-OBOS,2026,1,Moss,Stabæk,moss,stab-k,2,2,D,dc_best,2026-05-25,0.2526265879108322,0.22866462033205337,0.5187087917571145
206093-10-odd,2026-05-30,NO-OBOS,2026,1,Odd,Lyn,odd,lyn,3,0,H,dc_best,2026-05-25,0.4733096676662617,0.2679627916356535,0.25872754069808473
4036901,2026-05-30,VL,2026,1,Kuopion Palloseura,Football Club International Turku,60756,60987,1,1,D,dc_best,2026-05-25,0.37231037651250926,0.31920562522463725,0.30848399826285344
4036904,2026-05-30,VL,2026,1,FC Lahti,Ilves,60969,60745,5,0,H,dc_best,2026-05-25,0.2982284021904059,0.2795950800072827,0.42217651780231136
4036903,2026-05-30,VL,2026,1,IF Gnistan,SEINÄJOEN JALKAPALLOKERHO,60534,60970,3,2,H,dc_best,2026-05-25,0.38325962727391816,0.2530755539554847,0.3636648187705971
4036902,2026-05-30,VL,2026,1,TPS Juniorijalkapallo,Vaasan Palloseura,60971,60901,1,0,H,dc_best,2026-05-25,0.41872500281730807,0.3425720500600287,0.23870294712266316
4036900,2026-05-30,VL,2026,1,Helsingin Jalkapalloklubin Liiga-HJK,IFK Mariehamn Fotboll,60731,60759,1,0,H,dc_best,2026-05-25,0.7166603021188067,0.18481333338408154,0.0985263644971118
6538020,2026-05-30,SW-ES,2026,1,Tvååkers IF,Kristianstad FC,tv-kers-if,kristianstad-fc,1,2,A,dc_best,2026-05-25,0.43696495223624576,0.3577564270781605,0.2052786206855936
6538018,2026-05-30,SW-ES,2026,1,Hässleholms IF,Utsikten,h-ssleholms-if,utsikten,3,0,H,dc_best,2026-05-25,0.8355558375721593,0.1139439590309883,0.050500203396852295
6529901,2026-05-30,SW-AL,2026,1,AIK,IK Sirius FK,aik,ik-sirius-fk,0,3,A,dc_best,2026-05-25,0.2644375303194562,0.22807742663569672,0.5074850430448472
6538013,2026-05-30,SW-ES,2026,1,Ariana FC Malmö,Laholms FK,ariana-fc-malm,laholms-fk,4,2,H,dc_best,2026-05-25,0.7239175596847014,0.1657462636546712,0.1103361766606274
6538017,2026-05-30,SW-ES,2026,1,FC Trollhättan,Åtvidabergs FF,fc-trollh-ttan,tvidabergs-ff,3,3,D,dc_best,2026-05-25,0.2660617305614889,0.2513688753207676,0.4825693941177436
6536387,2026-05-30,SW-EE,2026,1,Umeå IK FF,Trelleborgs FF,ume-ik-ff,trelleborgs-ff,0,2,A,dc_best,2026-05-25,0.4655850723138194,0.23380399938334503,0.30061092830283564
6536386,2026-05-30,SW-EE,2026,1,Sandvikens IF,Jitex BK,sandvikens-if,jitex-bk,0,0,D,dc_best,2026-05-25,0.11876892060170045,0.1693741544961719,0.7118569249021276
206107-8-fyllingsdalen,2026-05-30,NO-1DK,2026,1,Fyllingsdalen,Viking,fyllingsdalen,viking,1,5,A,dc_best,2026-05-25,0.1064276030381783,0.17238871516435542,0.7211836817974663
206119-9-rosenborg-bk,2026-05-30,NO-TS,2026,1,Rosenborg BK,LSK Kvinner,rosenborg-bk,lsk-kvinner,0,1,A,dc_best,2026-05-25,0.6437870524055126,0.22536710266222063,0.13084584493226692
6529906,2026-05-30,SW-AL,2026,1,Malmö FF,Halmstad,malm-ff,halmstad,5,2,H,dc_best,2026-05-25,0.6331562815400179,0.21467374655061974,0.15216997190936216
6536384,2026-05-30,SW-EE,2026,1,IFK Göteborg,BK Häcken,ifk-g-teborg,bk-h-cken,2,1,H,dc_best,2026-05-25,0.8679017024831881,0.0874263673866395,0.04467193013017227
206119-9-haugesund,2026-05-30,NO-TS,2026,1,Haugesund,Røa Fotball Elite,haugesund,r-a-fotball-elite,2,1,H,dc_best,2026-05-25,0.5137482740554041,0.2734093232162494,0.21284240272834637
6537776,2026-05-30,SW-EN,2026,1,IF Karlstad Fotboll,Sollentuna FK,if-karlstad-fotboll,sollentuna-fk,0,0,D,dc_best,2026-05-25,0.5813285933632029,0.2874757674095419,0.13119563922725525
206119-9-aafk-kvinner,2026-05-30,NO-TS,2026,1,AaFK Kvinner,SK Brann,aafk-kvinner,sk-brann,1,2,A,dc_best,2026-05-25,0.1051604209134763,0.24175991072735473,0.6530796683591691
6536027,2026-05-30,SW-SE,2026,1,Östers IF,Norrby IF,sters-if,norrby-if,2,1,H,dc_best,2026-05-25,0.3278922417743009,0.20596987888146626,0.4661378793442329
6536030,2026-05-30,SW-SE,2026,1,GIF Sundsvall,Sandvikens IF,gif-sundsvall,sandvikens-if,0,3,A,dc_best,2026-05-25,0.38634145785519214,0.26338554520240237,0.3502729969424054
6536031,2026-05-30,SW-SE,2026,1,Falkenbergs FF,IK Oddevold,falkenbergs-ff,ik-oddevold,2,1,H,dc_best,2026-05-25,0.5519571865796208,0.197228822207934,0.2508139912124453
6536024,2026-05-30,SW-SE,2026,1,Landskrona BoIS,IK Brage,landskrona-bois,ik-brage,2,2,D,dc_best,2026-05-25,0.42233576298696296,0.22766582646481706,0.34999841054822
6536028,2026-05-30,SW-SE,2026,1,Ljungskile SK Herrfotboll,Varbergs BoIS FC,ljungskile-sk-herrfotboll,varbergs-bois-fc,1,3,A,dc_best,2026-05-25,0.36515583044999667,0.24898644299729114,0.3858577265527122
6537775,2026-05-30,SW-EN,2026,1,Hammarby TFF,Athletic Eskilstuna,hammarby-tff,athletic-eskilstuna,1,2,A,dc_best,2026-05-25,0.779732025713896,0.14371739047418883,0.07655058381191522
206093-10-kongsvinger,2026-05-31,NO-OBOS,2026,1,Kongsvinger,Åsane,kongsvinger,sane,3,1,H,dc_best,2026-05-25,0.7625386400043903,0.15779033376979035,0.0796710262258194
206093-10-egersund,2026-05-31,NO-OBOS,2026,1,Egersund,Strømsgodset,egersund,str-msgodset,0,5,A,dc_best,2026-05-25,0.3509494439339215,0.2952820665294164,0.353768489536662
206093-10-ranheim-tf,2026-05-31,NO-OBOS,2026,1,Ranheim TF,Sandnes Ulf,ranheim-tf,sandnes-ulf,5,1,H,dc_best,2026-05-25,0.6222814291377858,0.19906586358646497,0.17865270727574917
206093-10-raufoss,2026-05-31,NO-OBOS,2026,1,Raufoss,Haugesund,raufoss,haugesund,3,4,A,dc_best,2026-05-25,0.20814386994282752,0.20570408425579212,0.5861520458013804
206093-10-str-mmen,2026-05-31,NO-OBOS,2026,1,Strømmen,Sogndal,str-mmen,sogndal,2,3,A,dc_best,2026-05-25,0.17448168128036182,0.15642223516599507,0.6690960835536433
6536026,2026-05-31,SW-SE,2026,1,IFK Värnamo,Nordic United FC,ifk-v-rnamo,nordic-united-fc,0,2,A,dc_best,2026-05-25,0.3806833242968046,0.18464677610954078,0.4346698995936546
206007-9-pors,2026-05-31,NO-PN1,2026,1,Pors,Mjøndalen,pors,mj-ndalen,1,0,H,dc_best,2026-05-25,0.3002327904816801,0.2704779519319647,0.4292892575863553
206007-9-arendal,2026-05-31,NO-PN1,2026,1,Arendal,Sotra,arendal,sotra,1,1,D,dc_best,2026-05-25,0.1605770358981006,0.22482653236188258,0.6145964317400169
206007-9-notodden,2026-05-31,NO-PN1,2026,1,Notodden,Jerv,notodden,jerv,0,0,D,dc_best,2026-05-25,0.2997627148889894,0.26596684542659516,0.4342704396844156
206093-10-bryne,2026-05-31,NO-OBOS,2026,1,Bryne,Hødd,bryne,h-dd,1,0,H,dc_best,2026-05-25,0.3662370641925559,0.27599375740222987,0.35776917840521416
6536029,2026-05-31,SW-SE,2026,1,Östersund,Örebro,stersund,rebro,3,2,H,dc_best,2026-05-25,0.4809288691176024,0.24457795111511527,0.2744931797672823
6536025,2026-05-31,SW-SE,2026,1,Helsingborgs IF,IFK Norrköping FK,helsingborgs-if,ifk-norrk-ping-fk,0,2,A,dc_best,2026-05-25,0.33662327820758564,0.22353636527081477,0.4398403565215996
6537777,2026-05-31,SW-EN,2026,1,Karlbergs BK,FBK Karlstad,karlbergs-bk,fbk-karlstad,1,1,D,dc_best,2026-05-25,0.13134483431720148,0.2428427280125972,0.6258124376702013
6537779,2026-05-31,SW-EN,2026,1,Umeå FC,IFK Stocksund,ume-fc,ifk-stocksund,2,2,D,dc_best,2026-05-25,0.5907886999138474,0.18397425915448248,0.22523704093167002
206008-9-tromsdalen,2026-05-31,NO-PN2,2026,1,Tromsdalen,Skeid,tromsdalen,skeid,2,0,H,dc_best,2026-05-25,0.5179514070017112,0.22102504416722318,0.26102354883106565
206008-9-rana-fk,2026-05-31,NO-PN2,2026,1,Rana FK,Stjørdals-Blink,rana-fk,stj-rdals-blink,3,2,H,dc_best,2026-05-25,0.468541784184336,0.22726526089909704,0.304192954916567
206008-9-levanger,2026-05-31,NO-PN2,2026,1,Levanger,Junkeren,levanger,junkeren,3,0,H,dc_best,2026-05-25,0.591213817963221,0.1918487347059336,0.21693744733084552
206008-9-h-nefoss-bk,2026-05-31,NO-PN2,2026,1,Hønefoss BK,Lørenskog,h-nefoss-bk,l-renskog,1,1,D,dc_best,2026-05-25,0.5153643534095735,0.20104868382264562,0.28358696276778095
206008-9-grorud,2026-05-31,NO-PN2,2026,1,Grorud,Trygg/Lade,grorud,trygg-lade,2,1,H,dc_best,2026-05-25,0.7789124259271551,0.12404785226756067,0.09703972180528428
206007-9-sandviken,2026-05-31,NO-PN1,2026,1,Sandviken,Brattvåg,sandviken,brattv-g,1,0,H,dc_best,2026-05-25,0.15906151638732716,0.22257652273728787,0.618361960875385
6537778,2026-05-31,SW-EN,2026,1,Piteå IF FF,Stockholm Internazionale,pite-if-ff,stockholm-internazionale,2,2,D,dc_best,2026-05-25,0.12315698619488637,0.212523490257899,0.6643195235472147
206107-8-arna-bj-rnar,2026-05-31,NO-1DK,2026,1,Arna-Bjørnar,Tromsø IL,arna-bj-rnar,troms-il,1,3,A,dc_best,2026-05-25,0.363913770990665,0.29917697725000214,0.33690925175933295
206107-8-frigg,2026-05-31,NO-1DK,2026,1,Frigg,Åsane,frigg,sane,0,1,A,dc_best,2026-05-25,0.02304975767948886,0.11040486486696291,0.8665453774535483
6529596,2026-05-31,SW-DA,2026,1,Malmö FF,Växjö,malm-ff,v-xj,3,0,H,dc_best,2026-05-25,0.7728003509842465,0.09860285980610214,0.1285967892096514
6529595,2026-05-31,SW-DA,2026,1,Kristianstads DFF,BK Häcken FF,kristianstads-dff,bk-h-cken-ff,0,3,A,dc_best,2026-05-25,0.18046596309432505,0.1201585250154688,0.6993755118902062
6529597,2026-05-31,SW-DA,2026,1,Vittsjö GIK,Hammarby,vittsj-gik,hammarby,1,2,A,dc_best,2026-05-25,0.10397193185920656,0.1130642175428577,0.7829638505979357
206107-8-klepp,2026-05-31,NO-1DK,2026,1,Klepp,IK Start Kvinner,klepp,ik-start-kvinner,0,2,A,dc_best,2026-05-25,0.07709529220804405,0.11466211364394896,0.8082425941480069
206107-8-kolbotn-il-elite,2026-05-31,NO-1DK,2026,1,Kolbotn IL Elite,Odds Ballklubb,kolbotn-il-elite,odds-ballklubb,1,1,D,dc_best,2026-05-25,0.33497068007202907,0.34458988658162465,0.3204394333463464
6536382,2026-05-31,SW-EE,2026,1,Husqvarna FF,Linköping FC,husqvarna-ff,link-ping-fc,1,3,A,dc_best,2026-05-25,0.12390116408684665,0.24322119128147726,0.6328776446316761
6529592,2026-05-31,SW-DA,2026,1,Rosengård,IF Brommapojkarna,roseng-rd,if-brommapojkarna,1,2,A,dc_best,2026-05-25,0.6113945727602071,0.14146753156239775,0.24713789567739505
206007-9-kvik-halden,2026-05-31,NO-PN1,2026,1,Kvik Halden,Lysekloster,kvik-halden,lysekloster,4,0,H,dc_best,2026-05-25,0.49307817580885493,0.3059123064406078,0.20100951775053733
6529907,2026-05-31,SW-AL,2026,1,Degerfors IF,IF Brommapojkarna,degerfors-if,if-brommapojkarna,2,2,D,dc_best,2026-05-25,0.3522244022391945,0.26393800750679286,0.3838375902540127
4038087,2026-05-31,M1L,2026,1,Mikkelin Palloilijat,Ekenäs Idrottsförening,60494,60495,1,0,H,dc_best,2026-05-25,0.35955279931449613,0.18556251250008843,0.45488468818541544
4038086,2026-05-31,M1L,2026,1,Pallokerho-35,Helsingin Jalkapalloklubi,50775,60692,1,1,D,dc_best,2026-05-25,0.5469495660909176,0.239983703358373,0.21306673055070932
4057873,2026-05-31,M2,2026,3,Idrottsföreningen Kraft,Tornion Pallo-47,60686,60666,1,2,A,dc_best,2026-05-25,0.6185362115381171,0.14687085605341993,0.234592932408463
4057692,2026-05-31,M2,2026,1,Helsingin Palloseura,Pallo-Pojat Juniorit,49949,48924,2,2,D,dc_best,2026-05-25,0.38170818722374567,0.2295442741642345,0.3887475386120198
6529908,2026-05-31,SW-AL,2026,1,Västerås SK FK,IFK Göteborg,v-ster-s-sk-fk,ifk-g-teborg,4,5,A,dc_best,2026-05-25,0.5112510726666609,0.2344370463832919,0.25431188095004714
4038207,2026-05-31,NL,2026,1,IF Gnistan,Åland United,35209545,60532,1,4,A,dc_best,2026-05-25,0.3014823250538425,0.16036897146388832,0.5381487034822693
4038208,2026-05-31,NL,2026,1,PK-35 Vantaa,Ilves,60671,60776,0,2,A,dc_best,2026-05-25,0.3970115650571796,0.1780346297623215,0.424953805180499
4036905,2026-05-31,VL,2026,1,Oulun edustusjalkapallo AC Oulu,Fotbollsföreningen JARO Jalkapalloseura,60493,60974,2,1,H,dc_best,2026-05-25,0.6329376650749708,0.23399538886456128,0.1330669460604679
4057693,2026-05-31,M2,2026,1,Lahden Reipas,Atlantis FC Edustus,61562,60702,1,0,H,dc_best,2026-05-25,0.6445192068067988,0.1362158580036692,0.219264935189532
206119-9-lyn,2026-05-31,NO-TS,2026,1,Lyn,Vålerenga Fotball,lyn,v-lerenga-fotball,2,0,H,dc_best,2026-05-25,0.20071211881524875,0.2634378274278923,0.5358500537568589
6529904,2026-05-31,SW-AL,2026,1,BK Häcken,Hammarby,bk-h-cken,hammarby,3,2,H,dc_best,2026-05-25,0.2820848511426388,0.23336249413601523,0.48455265472134595
6538019,2026-06-01,SW-ES,2026,1,Skövde AIK,Jönköpings Södra IF,sk-vde-aik,j-nk-pings-s-dra-if,1,0,H,dc_best,2026-06-01,0.185431465384066,0.3139255475877207,0.5006429870282133
6537774,2026-06-01,SW-EN,2026,1,FC Arlanda,Gefle IF FF,fc-arlanda,gefle-if-ff,2,3,A,dc_best,2026-06-01,0.5760100398596202,0.25464814995648605,0.16934181018389385
6538016,2026-06-02,SW-ES,2026,1,Rosengård 1917,Ängelholms FF,roseng-rd-1917,ngelholms-ff,1,2,A,dc_best,2026-06-01,0.46295292104874103,0.28292895089715403,0.25411812805410494
4043043,2026-06-02,M1,2026,1,Rovaniemen Palloseura,Oulun Luistinseura,60973,106449,1,1,D,dc_best,2026-06-01,0.4090466176467297,0.2540780711760106,0.3368753111772598
6537773,2026-06-02,SW-EN,2026,1,Assyriska FF,Enköpings SK FK,assyriska-ff,enk-pings-sk-fk,4,2,H,dc_best,2026-06-01,0.2633009864809557,0.2404910455702466,0.4962079679487978
4043042,2026-06-02,M1,2026,1,JJK Jyväskylä,Vantaan Jalkapalloseura,144858,63440,2,2,D,dc_best,2026-06-01,0.35362775714206,0.26564973536649866,0.38072250749144126
6538014,2026-06-03,SW-ES,2026,1,BK Olympic,Lunds BK,bk-olympic,lunds-bk,1,3,A,dc_best,2026-06-01,0.2696788516204476,0.23836415044431494,0.49195699793523745
6537780,2026-06-03,SW-EN,2026,1,Vasalund,FC Järfälla,vasalund,fc-j-rf-lla,3,1,H,dc_best,2026-06-01,0.41598919795704276,0.2589245242578481,0.3250862777851092
6538024,2026-06-04,SW-ES,2026,1,Laholms FK,Hässleholms IF,laholms-fk,h-ssleholms-if,1,2,A,dc_best,2026-06-01,0.1944109959312126,0.20532302034737274,0.6002659837214146
4057786,2026-06-04,M2,2026,2,Idrottsföreningen Kamraterna i Åbo,Pallo-Iirot,60996,107307,2,0,H,dc_best,2026-06-01,0.6457285981108252,0.18855356102945425,0.16571784085972066
6537781,2026-06-04,SW-EN,2026,1,Athletic Eskilstuna,Karlbergs BK,athletic-eskilstuna,karlbergs-bk,3,2,H,dc_best,2026-06-01,0.3366411398119768,0.24313620144864628,0.420222658739377
4057694,2026-06-04,M2,2026,1,Pepo Lappeenranta,Lahden Reipas,61010,61562,2,1,H,dc_best,2026-06-01,0.44770408648232374,0.23218400397596953,0.3201119095417067
4057784,2026-06-05,M2,2026,2,Musan Salama,Nurmijärven Jalkapalloseura,60696,60537,0,0,D,dc_best,2026-06-01,0.5934950598334312,0.1739596402268384,0.23254529993973042
4057874,2026-06-05,M2,2026,3,Jalkapalloseura Hercules,Vaasan Palloseura,61004,169909,1,5,A,dc_best,2026-06-01,0.23650184237136418,0.1846169614065139,0.578881196222122
4043044,2026-06-05,M1,2026,1,Kuopion Palloseura,KPV Juniorit,106331,60536,4,1,H,dc_best,2026-06-01,0.6646749936340083,0.1745974996521697,0.160727506713822
4038090,2026-06-05,M1L,2026,1,Football Club Haka,Järvenpään Palloseura,60561,60676,1,2,A,dc_best,2026-06-01,0.6363001073690904,0.17129964312077756,0.19240024951013207
4038089,2026-06-05,M1L,2026,1,Käpylän Pallo,FC KTP Kotka,60487,60972,1,2,A,dc_best,2026-06-01,0.31758116069690573,0.22006931285140574,0.46234952645168853
6537782,2026-06-05,SW-EN,2026,1,FBK Karlstad,IF Karlstad Fotboll,fbk-karlstad,if-karlstad-fotboll,2,3,A,dc_best,2026-06-01,0.287777297583119,0.3889685796973623,0.32325412271951864
4057878,2026-06-06,M2,2026,3,SJK Akatemia,Idrottsföreningen Kraft,131834,60686,0,4,A,dc_best,2026-06-01,0.4855600295708653,0.17919314563399902,0.33524682479513573
4057785,2026-06-06,M2,2026,2,FC Honka,Esbo Bollklubb,62416,63411,4,1,H,dc_best,2026-06-01,0.8502361402514821,0.09565848373960799,0.05410537600890987
4057695,2026-06-06,M2,2026,1,Union Plaani,Helsingin Palloseura,61723,49949,0,2,A,dc_best,2026-06-01,0.16419979453378925,0.1648908688302736,0.6709093366359372
4057696,2026-06-06,M2,2026,1,Atlantis FC Edustus,HIFK Soccer,60702,49735,3,2,H,dc_best,2026-06-01,0.41013405729855906,0.20553007024000472,0.3843358724614363
4057875,2026-06-06,M2,2026,3,Äänekosken Huima,Fotbollsföreningen JARO Jalkapalloseura,35117343,144364,7,1,H,dc_best,2026-06-01,0.28754510827196095,0.1812311859772982,0.5312237057507408
4057876,2026-06-06,M2,2026,3,Gamlakarleby Bollklubb,FC Vaajakoski,60492,60496,0,1,A,dc_best,2026-06-01,0.6032898623073892,0.17328401706392976,0.22342612062868103
4043046,2026-06-06,M1,2026,1,FC Jazz Juniorit,Vantaan Jalkapalloseura,60521,63440,1,1,D,dc_best,2026-06-01,0.27164998321910144,0.25192078076611546,0.4764292360147832
4057787,2026-06-06,M2,2026,2,Hämeenlinnan Jalkapalloseura,Espoon Palloseuran Jalkapallo,35121579,62296,1,3,A,dc_best,2026-06-01,0.5076378901130136,0.24480782733252532,0.2475542825544611
4057697,2026-06-06,M2,2026,1,MYPA,Pallo-Pojat Juniorit,129934,48924,1,3,A,dc_best,2026-06-01,0.20592522483880799,0.2065667977569916,0.5875079774042004
4038091,2026-06-06,M1L,2026,1,Ekenäs Idrottsförening,Mikkelin Palloilijat,60495,60494,1,0,H,dc_best,2026-06-01,0.5061045366199176,0.18848265745768486,0.3054128059223975
4057877,2026-06-06,M2,2026,3,Tornion Pallo-47,Jakobstads Bollklubb,60666,61766,1,1,D,dc_best,2026-06-01,0.4613158276008056,0.23132958628855285,0.3073545861106416
6538022,2026-06-06,SW-ES,2026,1,Jönköpings Södra IF,FC Trollhättan,j-nk-pings-s-dra-if,fc-trollh-ttan,4,1,H,dc_best,2026-06-01,0.550777885534415,0.24961023815217878,0.19961187631340632
4043049,2026-06-06,M1,2026,1,JJK Jyväskylä,Pallokerho Keski-Uusimaa,144858,60929,1,3,A,dc_best,2026-06-01,0.46610299014858025,0.2534623462471777,0.2804346636042421
4043045,2026-06-06,M1,2026,1,Tampereen Pallo-Veikot,Football Club International Turku,60704,60860,1,1,D,dc_best,2026-06-01,0.27518508724536317,0.20595637846721773,0.5188585342874192
4043048,2026-06-06,M1,2026,1,Oulun Luistinseura,Salon Palloilijat,106449,60690,5,0,H,dc_best,2026-06-01,0.480692597306281,0.23695548634251212,0.28235191635120704
6537785,2026-06-06,SW-EN,2026,1,Gefle IF FF,Hammarby TFF,gefle-if-ff,hammarby-tff,0,4,A,dc_best,2026-06-01,0.08611749610165148,0.17375350171632584,0.7401290021820228
4043047,2026-06-06,M1,2026,1,Rovaniemen Palloseura,Jalkapalloseura Tampere United,60973,106945,0,1,A,dc_best,2026-06-01,0.41850725598549354,0.2608820772727441,0.3206106667417624
6538025,2026-06-07,SW-ES,2026,1,Trelleborgs FF,Skövde AIK,trelleborgs-ff,sk-vde-aik,4,0,H,dc_best,2026-06-01,0.7047635558956026,0.19897566059780739,0.09626078350659015
6538028,2026-06-07,SW-ES,2026,1,Åtvidabergs FF,Tvååkers IF,tvidabergs-ff,tv-kers-if,2,2,D,dc_best,2026-06-01,0.4802886083229757,0.3179951110721501,0.20171628060487418
6537786,2026-06-07,SW-EN,2026,1,Piteå IF FF,Enköpings SK FK,pite-if-ff,enk-pings-sk-fk,0,2,A,dc_best,2026-06-01,0.25612712950367655,0.227370334203725,0.5165025362925986
6537783,2026-06-07,SW-EN,2026,1,FC Arlanda,Assyriska FF,fc-arlanda,assyriska-ff,2,0,H,dc_best,2026-06-01,0.584664060805961,0.24226264228642538,0.17307329690761364
206093-1-ranheim-tf,2026-06-07,NO-OBOS,2026,1,Ranheim TF,Strømmen,ranheim-tf,str-mmen,2,2,D,dc_best,2026-06-01,0.9063199361087388,0.05508033970596343,0.03859972418529783
6538021,2026-06-07,SW-ES,2026,1,Ariana FC Malmö,Eskilsminne IF,ariana-fc-malm,eskilsminne-if,2,1,H,dc_best,2026-06-01,0.6056664894441134,0.19712093411546117,0.19721257644042545
6537787,2026-06-07,SW-EN,2026,1,Sollentuna FK,Umeå FC,sollentuna-fk,ume-fc,1,1,D,dc_best,2026-06-01,0.2835224073790351,0.3133856321454226,0.4030919604755424
6538023,2026-06-07,SW-ES,2026,1,Kristianstad FC,Lunds BK,kristianstad-fc,lunds-bk,1,1,D,dc_best,2026-06-01,0.2362453944907616,0.25433380444929066,0.5094208010599478
6537788,2026-06-08,SW-EN,2026,1,Stockholm Internazionale,Vasalund,stockholm-internazionale,vasalund,4,1,H,dc_best,2026-06-08,0.406971033519711,0.2855934945733337,0.3074354719069553
6537784,2026-06-08,SW-EN,2026,1,FC Järfälla,IFK Stocksund,fc-j-rf-lla,ifk-stocksund,1,6,A,dc_best,2026-06-08,0.4672875553639152,0.22354309533262845,0.30916934930345646
4038043,2026-06-08,M1L,2026,1,FC KTP Kotka,Football Club Haka,60972,60561,0,2,A,dc_best,2026-06-08,0.43147080409279703,0.21165815415848174,0.35687104174872125
4057698,2026-06-08,M2,2026,1,Football Club Kiffen 08,Puistolan Urheilijat,60554,49973,2,0,H,dc_best,2026-06-08,0.6465228630015419,0.17622301816332997,0.17725411883512812
6538027,2026-06-08,SW-ES,2026,1,Ängelholms FF,BK Olympic,ngelholms-ff,bk-olympic,1,1,D,dc_best,2026-06-08,0.5020243548491907,0.23432832652150531,0.263647318629304
6538026,2026-06-08,SW-ES,2026,1,Utsikten,Rosengård 1917,utsikten,roseng-rd-1917,0,1,A,dc_best,2026-06-08,0.11913246144384312,0.2080134120341598,0.672854126521997
4038092,2026-06-09,M1L,2026,1,SJK Akatemia,Jippo,168874,129811,0,0,D,dc_best,2026-06-08,0.24411006047372263,0.23401829210349,0.5218716474227874
6536039,2026-06-09,SW-SE,2026,1,IK Brage,Ljungskile SK Herrfotboll,ik-brage,ljungskile-sk-herrfotboll,2,2,D,dc_best,2026-06-08,0.4566756852651729,0.22252763540508655,0.32079667932974054
6536033,2026-06-09,SW-SE,2026,1,Östers IF,IFK Värnamo,sters-if,ifk-v-rnamo,3,0,H,dc_best,2026-06-08,0.4419402236612297,0.2077602046715852,0.3502995716671852
6536035,2026-06-09,SW-SE,2026,1,IK Oddevold,IFK Norrköping FK,ik-oddevold,ifk-norrk-ping-fk,1,2,A,dc_best,2026-06-08,0.28691750230021323,0.23869694252291068,0.47438555517687614
6536036,2026-06-09,SW-SE,2026,1,Sandvikens IF,Falkenbergs FF,sandvikens-if,falkenbergs-ff,4,2,H,dc_best,2026-06-08,0.28418846019542576,0.23288225639948473,0.48292928340508967
6536038,2026-06-09,SW-SE,2026,1,Nordic United FC,Östersund,nordic-united-fc,stersund,1,1,D,dc_best,2026-06-08,0.5304071666370991,0.1950875950111716,0.2745052383517294
6536037,2026-06-10,SW-SE,2026,1,Varbergs BoIS FC,Norrby IF,varbergs-bois-fc,norrby-if,2,0,H,dc_best,2026-06-08,0.612594771977521,0.18416524996005637,0.2032399780624227
6536034,2026-06-10,SW-SE,2026,1,Örebro,GIF Sundsvall,rebro,gif-sundsvall,0,1,A,dc_best,2026-06-08,0.46984095257361236,0.2512700822197025,0.27888896520668516
6536032,2026-06-11,SW-SE,2026,1,Helsingborgs IF,Landskrona BoIS,helsingborgs-if,landskrona-bois,0,3,A,dc_best,2026-06-08,0.4574018852862265,0.21717563900554301,0.3254224757082305
4043050,2026-06-11,M1,2026,1,Jalkapalloseura Tampere United,Oulun Luistinseura,106945,106449,3,0,H,dc_best,2026-06-08,0.38389447389039283,0.2968959989743253,0.31920952713528195
4057699,2026-06-11,M2,2026,1,Pallo-Pojat Juniorit,Atlantis FC Edustus,48924,60702,3,3,D,dc_best,2026-06-08,0.6016179200249036,0.17968767465582158,0.21869440531927486
6538033,2026-06-12,SW-ES,2026,1,Lunds BK,Ariana FC Malmö,lunds-bk,ariana-fc-malm,1,4,A,dc_best,2026-06-08,0.39784205961498076,0.26617741061299965,0.3359805297720197
4038210,2026-06-12,NL,2026,1,PK-35 Vantaa,Kuopion Palloseura,60671,157420,1,2,A,dc_best,2026-06-08,0.12800730466340987,0.1301957969850873,0.7417968983515029
4057789,2026-06-12,M2,2026,2,GrIFK - Fotboll,Hämeenlinnan Jalkapalloseura,60549,35121579,2,2,D,dc_best,2026-06-08,0.24290127239761888,0.2595603769370945,0.4975383506652866
4057880,2026-06-12,M2,2026,3,Jakobstads Bollklubb,SJK Akatemia,61766,131834,3,0,H,dc_best,2026-06-08,0.5361843221811202,0.23722733160869428,0.22658834621018548
4057703,2026-06-12,M2,2026,1,Helsingin Palloseura,Football Club Kiffen 08,49949,60554,1,2,A,dc_best,2026-06-08,0.49825831205654403,0.2053687552264852,0.2963729327169708
4038211,2026-06-12,NL,2026,1,Åland United,Helsingin Jalkapalloklubi,60532,60682,2,3,A,dc_best,2026-06-08,0.2417879460264618,0.17589117776104804,0.5823208762124903
4057791,2026-06-12,M2,2026,2,Esbo Bollklubb,Musan Salama,63411,60696,0,2,A,dc_best,2026-06-08,0.6690202474618493,0.16858682557530505,0.1623929269628457
4038093,2026-06-12,M1L,2026,1,FC KTP Kotka,Ekenäs Idrottsförening,60972,60495,5,1,H,dc_best,2026-06-08,0.5243364043957074,0.18296427185596517,0.29269932374832747
4038094,2026-06-12,M1L,2026,1,Järvenpään Palloseura,Pallokerho-35,60676,50775,0,5,A,dc_best,2026-06-08,0.3005102124712665,0.2599484986372188,0.4395412888915147
6537796,2026-06-12,SW-EN,2026,1,Umeå FC,Piteå IF FF,ume-fc,pite-if-ff,2,0,H,dc_best,2026-06-08,0.51351178923329,0.2515913473745777,0.2348968633921322
4043053,2026-06-12,M1,2026,1,Football Club International Turku,FC Jazz Juniorit,60860,60521,1,1,D,dc_best,2026-06-08,0.4826831682046042,0.20766307983090712,0.30965375196448863
4043052,2026-06-12,M1,2026,1,Salon Palloilijat,Kuopion Palloseura,60690,106331,4,3,H,dc_best,2026-06-08,0.6332513565520802,0.1848670786585414,0.18188156478937836
6529603,2026-06-12,SW-DA,2026,1,Vittsjö GIK,Kristianstads DFF,vittsj-gik,kristianstads-dff,1,1,D,dc_best,2026-06-08,0.3649115163332388,0.17172529327981625,0.4633631903869449
206008-10-follo,2026-06-12,NO-PN2,2026,1,Follo,Kjelsås,follo,kjels-s,1,4,A,dc_best,2026-06-08,0.23830338495433911,0.1818125650637266,0.5798840499819343
4038095,2026-06-13,M1L,2026,1,Jippo,Käpylän Pallo,129811,60487,3,0,H,dc_best,2026-06-08,0.5882512260711666,0.19283608411863795,0.21891268981019532
4036909,2026-06-13,VL,2026,1,Vaasan Palloseura,Kuopion Palloseura,60901,60756,1,1,D,dc_best,2026-06-08,0.26343456939310084,0.33202958039271246,0.40453585021418675
4036906,2026-06-13,VL,2026,1,Ilves,TPS Juniorijalkapallo,60745,60971,1,0,H,dc_best,2026-06-08,0.3605773830232878,0.2804004915090618,0.3590221254676504
4036907,2026-06-13,VL,2026,1,Football Club International Turku,Oulun edustusjalkapallo AC Oulu,60987,60493,0,0,D,dc_best,2026-06-08,0.49731918873998004,0.29459761665535483,0.2080831946046652
4057702,2026-06-13,M2,2026,1,HIFK Soccer,Pepo Lappeenranta,49735,61010,2,1,H,dc_best,2026-06-08,0.41189308667008,0.269107263419362,0.31899964991055807
4057700,2026-06-13,M2,2026,1,Lahden Reipas,Union Plaani,61562,61723,4,2,H,dc_best,2026-06-08,0.8677129343869016,0.08544130712516818,0.04684575848793029
6537793,2026-06-13,SW-EN,2026,1,IFK Stocksund,Sollentuna FK,ifk-stocksund,sollentuna-fk,3,3,D,dc_best,2026-06-08,0.28973319715644996,0.2649940430033264,0.44527275984022363
4057792,2026-06-13,M2,2026,2,Pallo-Iirot,FC Honka,107307,62416,1,5,A,dc_best,2026-06-08,0.16302483990713434,0.1903865293868234,0.6465886307060423
6538035,2026-06-13,SW-ES,2026,1,Ängelholms FF,Utsikten,ngelholms-ff,utsikten,4,2,H,dc_best,2026-06-08,0.768807876138756,0.15384566510704004,0.077346458754204
4057701,2026-06-13,M2,2026,1,Puistolan Urheilijat,MYPA,49973,129934,1,1,D,dc_best,2026-06-08,0.5212737840023072,0.21618938849835956,0.26253682749933327
4038212,2026-06-13,NL,2026,1,Helsingin Palloseura,IF Gnistan,60781,35209545,4,0,H,dc_best,2026-06-08,0.7096441004309852,0.13836198650585393,0.1519939130631609
4043054,2026-06-13,M1,2026,1,KPV Juniorit,JJK Jyväskylä,60536,144858,2,3,A,dc_best,2026-06-08,0.1551498434678794,0.17370958350361937,0.6711405730285012
4043051,2026-06-13,M1,2026,1,Vantaan Jalkapalloseura,Rovaniemen Palloseura,63440,60973,0,2,A,dc_best,2026-06-08,0.4668182978163739,0.27074409224392415,0.2624376099397019
206119-10-v-lerenga-fotball,2026-06-13,NO-TS,2026,1,Vålerenga Fotball,SK Brann,v-lerenga-fotball,sk-brann,0,3,A,dc_best,2026-06-08,0.12752493811175464,0.19996926164802833,0.672505800240217
206119-10-stab-k,2026-06-13,NO-TS,2026,1,Stabæk,Molde,stab-k,molde,2,1,H,dc_best,2026-06-08,0.4584045392327639,0.25646206879653655,0.28513339197069965
206119-10-r-a-fotball-elite,2026-06-13,NO-TS,2026,1,Røa Fotball Elite,Hønefoss BK,r-a-fotball-elite,h-nefoss-bk,1,1,D,dc_best,2026-06-08,0.39711482462874437,0.29766418687639673,0.30522098849485885
206119-10-lyn,2026-06-13,NO-TS,2026,1,Lyn,Rosenborg BK,lyn,rosenborg-bk,4,4,D,dc_best,2026-06-08,0.26415447597415925,0.31570901067346574,0.42013651335237506
206119-10-lsk-kvinner,2026-06-13,NO-TS,2026,1,LSK Kvinner,AaFK Kvinner,lsk-kvinner,aafk-kvinner,0,3,A,dc_best,2026-06-08,0.24787138458206873,0.21992442555460018,0.5322041898633312
206119-10-haugesund,2026-06-13,NO-TS,2026,1,Haugesund,Bodø/Glimt,haugesund,bod-glimt,2,1,H,dc_best,2026-06-08,0.7890487719349553,0.1267534969496633,0.08419773111538147
4057793,2026-06-13,M2,2026,2,Nurmijärven Jalkapalloseura,Ilves,60537,106905,1,7,A,dc_best,2026-06-08,0.10692084371534781,0.146393257978695,0.7466858983059572
6538031,2026-06-13,SW-ES,2026,1,FC Trollhättan,Kristianstad FC,fc-trollh-ttan,kristianstad-fc,1,1,D,dc_best,2026-06-08,0.453781450657068,0.24105781322315817,0.30516073611977385
6538036,2026-06-13,SW-ES,2026,1,Åtvidabergs FF,Eskilsminne IF,tvidabergs-ff,eskilsminne-if,4,0,H,dc_best,2026-06-08,0.5637706188304213,0.20384597328082518,0.23238340788875347
6538029,2026-06-13,SW-ES,2026,1,BK Olympic,Laholms FK,bk-olympic,laholms-fk,3,2,H,dc_best,2026-06-08,0.5343740149499947,0.2062830610573575,0.2593429239926479
6529604,2026-06-13,SW-DA,2026,1,Växjö,IK Uppsala Fotboll,v-xj,ik-uppsala-fotboll,4,0,H,dc_best,2026-06-08,0.4562244910044358,0.1669651224780015,0.37681038651756277
6529601,2026-06-13,SW-DA,2026,1,Hammarby,BK Häcken FF,hammarby,bk-h-cken-ff,0,1,A,dc_best,2026-06-08,0.4958126058774715,0.18401554386158175,0.3201718502609468
6529599,2026-06-13,SW-DA,2026,1,Eskilstuna United DFF,Malmö FF,eskilstuna-united-dff,malm-ff,1,1,D,dc_best,2026-06-08,0.20598534333076662,0.22134308770595007,0.5726715689632833
6529598,2026-06-13,SW-DA,2026,1,AIK,Djurgården,aik,djurg-rden,3,0,H,dc_best,2026-06-08,0.5361587003139847,0.16844507002083547,0.2953962296651799
6538034,2026-06-13,SW-ES,2026,1,Tvååkers IF,Jönköpings Södra IF,tv-kers-if,j-nk-pings-s-dra-if,2,1,H,dc_best,2026-06-08,0.24794984447105706,0.3624198789588865,0.3896302765700564
6537792,2026-06-13,SW-EN,2026,1,IF Karlstad Fotboll,Gefle IF FF,if-karlstad-fotboll,gefle-if-ff,2,0,H,dc_best,2026-06-08,0.6763322265638988,0.21916046269459033,0.10450731074151093
4057790,2026-06-13,M2,2026,2,Espoon Palloseuran Jalkapallo,Idrottsföreningen Kamraterna i Åbo,62296,60996,1,2,A,dc_best,2026-06-08,0.3221277246972297,0.24115247005772553,0.43671980524504483
6537791,2026-06-13,SW-EN,2026,1,FC Järfälla,FC Arlanda,fc-j-rf-lla,fc-arlanda,2,3,A,dc_best,2026-06-08,0.21283304722603588,0.282904271133278,0.5042626816406862
206008-10-ullensaker-kisa,2026-06-13,NO-PN2,2026,1,Ullensaker/Kisa,Grorud,ullensaker-kisa,grorud,2,1,H,dc_best,2026-06-08,0.18996850946749927,0.1513845793190174,0.6586469112134834
6536392,2026-06-13,SW-EE,2026,1,Sandvikens IF,Husqvarna FF,sandvikens-if,husqvarna-ff,3,4,A,dc_best,2026-06-08,0.21619627880072162,0.3231854248164445,0.4606182963828338
6536389,2026-06-13,SW-EE,2026,1,IF Elfsborg,IFK Göteborg,if-elfsborg,ifk-g-teborg,1,1,D,dc_best,2026-06-08,0.3939725378262501,0.32166346407793683,0.28436399809581303
4036910,2026-06-13,VL,2026,1,FC Lahti,SEINÄJOEN JALKAPALLOKERHO,60969,60970,2,3,A,dc_best,2026-06-08,0.537945230277488,0.24879834829354613,0.21325642142896595
4036911,2026-06-13,VL,2026,1,IFK Mariehamn Fotboll,IF Gnistan,60759,60534,0,3,A,dc_best,2026-06-08,0.3067021276418682,0.26908612315074115,0.42421174920739063
6536388,2026-06-13,SW-EE,2026,1,Alingsås IF FF,Gamla Upsala SK,alings-s-if-ff,gamla-upsala-sk,0,0,D,dc_best,2026-06-08,0.4301401945368338,0.3074801245504798,0.2623796809126863
206107-9-sane,2026-06-13,NO-1DK,2026,1,Åsane,Fyllingsdalen,sane,fyllingsdalen,1,0,H,dc_best,2026-06-08,0.8037280135377298,0.14367997099990948,0.05259201546236072
4036908,2026-06-13,VL,2026,1,Fotbollsföreningen JARO Jalkapalloseura,Helsingin Jalkapalloklubin Liiga-HJK,60974,60731,2,5,A,dc_best,2026-06-08,0.2278815424196184,0.2562777509048227,0.5158407066755589
206007-10-vidar,2026-06-13,NO-PN1,2026,1,Vidar,Pors,vidar,pors,1,1,D,dc_best,2026-06-08,0.16217164824872682,0.26705781375464405,0.5707705379966292
206107-9-odds-ballklubb,2026-06-13,NO-1DK,2026,1,Odds Ballklubb,Viking,odds-ballklubb,viking,3,3,D,dc_best,2026-06-08,0.1628290191694036,0.27164821343204876,0.5655227673985477
206007-10-mj-ndalen,2026-06-13,NO-PN1,2026,1,Mjøndalen,Kvik Halden,mj-ndalen,kvik-halden,3,3,D,dc_best,2026-06-08,0.35485048940555913,0.33471493094294186,0.310434579651499
6529600,2026-06-13,SW-DA,2026,1,Rosengård,IFK Norrköping FK,roseng-rd,ifk-norrk-ping-fk,1,1,D,dc_best,2026-06-08,0.42244955835694775,0.18711233946721892,0.3904381021758333
6529602,2026-06-13,SW-DA,2026,1,Piteå IF DFF,IF Brommapojkarna,pite-if-dff,if-brommapojkarna,1,2,A,dc_best,2026-06-08,0.5243402703867389,0.16209660723566,0.3135631223776011
206007-10-fk-eik-t-nsberg-871,2026-06-13,NO-PN1,2026,1,FK Eik Tønsberg 871,Arendal,fk-eik-t-nsberg-871,arendal,0,0,D,dc_best,2026-06-08,0.31391502117059167,0.2875717515139388,0.39851322731546956
206107-9-ik-start-kvinner,2026-06-14,NO-1DK,2026,1,IK Start Kvinner,Grei,ik-start-kvinner,grei,4,2,H,dc_best,2026-06-08,0.6095020400891953,0.23196479294297653,0.1585331669678282
4038213,2026-06-14,NL,2026,1,Idrottsföreningen Kamraterna Vasa,Ilves,60691,60776,0,3,A,dc_best,2026-06-08,0.11887020130085088,0.1440316465015697,0.7370981521975795
6536394,2026-06-14,SW-EE,2026,1,Umeå IK FF,Linköping FC,ume-ik-ff,link-ping-fc,1,2,A,dc_best,2026-06-08,0.26522073248199163,0.2782887053626505,0.456490562155358
6538032,2026-06-14,SW-ES,2026,1,Hässleholms IF,Trelleborgs FF,h-ssleholms-if,trelleborgs-ff,0,2,A,dc_best,2026-06-08,0.274621530827726,0.25549117208387007,0.46988729708840393
6538030,2026-06-14,SW-ES,2026,1,Rosengård 1917,Skövde AIK,roseng-rd-1917,sk-vde-aik,3,0,H,dc_best,2026-06-08,0.5184382805455918,0.2912073364069416,0.1903543830474666
6536393,2026-06-14,SW-EE,2026,1,Trelleborgs FF,Örebro SK FK,trelleborgs-ff,rebro-sk-fk,2,1,H,dc_best,2026-06-08,0.4868206160323456,0.27014338727788617,0.24303599668976825
4057882,2026-06-14,M2,2026,3,FC Vaajakoski,Tornion Pallo-47,60496,60666,3,2,H,dc_best,2026-06-08,0.38389436794526516,0.20257092942316193,0.4135347026315729
4057881,2026-06-14,M2,2026,3,Fotbollsföreningen JARO Jalkapalloseura,Jalkapalloseura Hercules,144364,61004,2,1,H,dc_best,2026-06-08,0.7379997704786121,0.13100289970232926,0.1309973298190586
4057883,2026-06-14,M2,2026,3,Idrottsföreningen Kraft,Äänekosken Huima,60686,35117343,1,3,A,dc_best,2026-06-08,0.5016376191706574,0.16708036253729347,0.3312820182920492
4057879,2026-06-14,M2,2026,3,Vaasan Palloseura,Gamlakarleby Bollklubb,169909,60492,3,4,A,dc_best,2026-06-08,0.6829661043575443,0.16653071968706612,0.15050317595538965
206093-11-sogndal,2026-06-14,NO-OBOS,2026,1,Sogndal,Moss,sogndal,moss,2,4,A,dc_best,2026-06-08,0.49341573615307294,0.21306364255342514,0.2935206212935019
6536390,2026-06-14,SW-EE,2026,1,Jitex BK,Enskede IK,jitex-bk,enskede-ik,1,2,A,dc_best,2026-06-08,0.3303427343380448,0.22276652057297439,0.4468907450889809
6536391,2026-06-14,SW-EE,2026,1,KIF Örebro DFF,BK Häcken,kif-rebro-dff,bk-h-cken,3,0,H,dc_best,2026-06-08,0.8458211126479298,0.093488060458897,0.060690826893173226
6536046,2026-06-14,SW-SE,2026,1,Sandvikens IF,IK Brage,sandvikens-if,ik-brage,3,2,H,dc_best,2026-06-08,0.398166549770145,0.22783256199747742,0.37400088823237765
4038096,2026-06-14,M1L,2026,1,Mikkelin Palloilijat,Helsingin Jalkapalloklubi,60494,60692,2,2,D,dc_best,2026-06-08,0.40721496211994856,0.2650900701925826,0.32769496768746875
206093-11-sane,2026-06-14,NO-OBOS,2026,1,Åsane,Odd,sane,odd,2,1,H,dc_best,2026-06-08,0.2654459817345819,0.23124833247061474,0.5033056857948035
4043055,2026-06-14,M1,2026,1,Pallokerho Keski-Uusimaa,Tampereen Pallo-Veikot,60929,60704,2,2,D,dc_best,2026-06-08,0.7037010088726415,0.19676847752862478,0.09953051359873376
206107-9-bryne,2026-06-14,NO-1DK,2026,1,Bryne,Tromsø IL,bryne,troms-il,2,1,H,dc_best,2026-06-08,0.13836425748548606,0.3259373377069136,0.5356984048076004
206107-9-kolbotn-il-elite,2026-06-14,NO-1DK,2026,1,Kolbotn IL Elite,Frigg,kolbotn-il-elite,frigg,5,0,H,dc_best,2026-06-08,0.6437477961684586,0.26927309916984293,0.08697910466169848
206107-9-klepp,2026-06-14,NO-1DK,2026,1,Klepp,Arna-Bjørnar,klepp,arna-bj-rnar,1,9,A,dc_best,2026-06-08,0.07627686421893175,0.12800498825690457,0.7957181475241636
206093-11-str-msgodset,2026-06-14,NO-OBOS,2026,1,Strømsgodset,Raufoss,str-msgodset,raufoss,6,1,H,dc_best,2026-06-08,0.7970886778742174,0.12910846115208027,0.0738028609737022
206093-11-stab-k,2026-06-14,NO-OBOS,2026,1,Stabæk,Egersund,stab-k,egersund,3,1,H,dc_best,2026-06-08,0.5749616540852597,0.22288232218649606,0.2021560237282442
6537790,2026-06-14,SW-EN,2026,1,Enköpings SK FK,Vasalund,enk-pings-sk-fk,vasalund,1,1,D,dc_best,2026-06-08,0.26233227175212653,0.23595567946056892,0.5017120487873046
6537795,2026-06-14,SW-EN,2026,1,Stockholm Internazionale,FBK Karlstad,stockholm-internazionale,fbk-karlstad,3,1,H,dc_best,2026-06-08,0.2862650524332102,0.34222100357027063,0.37151394399651916
206008-10-l-renskog,2026-06-14,NO-PN2,2026,1,Lørenskog,Tromsdalen,l-renskog,tromsdalen,6,0,H,dc_best,2026-06-08,0.4763239325288492,0.22586877599656513,0.2978072914745857
206093-11-lyn,2026-06-14,NO-OBOS,2026,1,Lyn,Bryne,lyn,bryne,0,3,A,dc_best,2026-06-08,0.42298805300057474,0.27353662834909886,0.3034753186503264
206093-11-sandnes-ulf,2026-06-14,NO-OBOS,2026,1,Sandnes Ulf,Strømmen,sandnes-ulf,str-mmen,2,0,H,dc_best,2026-06-08,0.6138899482567481,0.19163836707386322,0.19447168466938855
206008-10-stj-rdals-blink,2026-06-14,NO-PN2,2026,1,Stjørdals-Blink,Trygg/Lade,stj-rdals-blink,trygg-lade,2,1,H,dc_best,2026-06-08,0.5666819088161797,0.18459649131330738,0.248721599870513
206008-10-junkeren,2026-06-14,NO-PN2,2026,1,Junkeren,Hønefoss BK,junkeren,h-nefoss-bk,4,3,H,dc_best,2026-06-08,0.2856768156500394,0.20906750854795053,0.50525567580201
206008-10-eidsvold-tf,2026-06-14,NO-PN2,2026,1,Eidsvold TF,Levanger,eidsvold-tf,levanger,1,3,A,dc_best,2026-06-08,0.6212149709586564,0.18194996689154075,0.19683506214980295
206008-10-skeid,2026-06-14,NO-PN2,2026,1,Skeid,Rana FK,skeid,rana-fk,3,3,D,dc_best,2026-06-08,0.42384549926609166,0.25127703293836084,0.3248774677955476
206007-10-lysekloster,2026-06-14,NO-PN1,2026,1,Lysekloster,Notodden,lysekloster,notodden,0,2,A,dc_best,2026-06-08,0.37092788302896124,0.2937323322918706,0.3353397846791681
206093-11-h-dd,2026-06-14,NO-OBOS,2026,1,Hødd,Kongsvinger,h-dd,kongsvinger,1,2,A,dc_best,2026-06-08,0.22209628468173143,0.25091066395108835,0.5269930513671803
206007-10-sotra,2026-06-14,NO-PN1,2026,1,Sotra,Brattvåg,sotra,brattv-g,0,1,A,dc_best,2026-06-08,0.4693607180598701,0.27413133406379064,0.2565079478763393
6536045,2026-06-14,SW-SE,2026,1,Norrby IF,IK Oddevold,norrby-if,ik-oddevold,0,2,A,dc_best,2026-06-08,0.38121168052029786,0.20951482267275742,0.4092734968069448
206007-10-tr-ff,2026-06-14,NO-PN1,2026,1,Træff,Bjarg,tr-ff,bjarg,2,3,A,dc_best,2026-06-08,0.47000707790807805,0.23380910322677653,0.29618381886514533
6537789,2026-06-14,SW-EN,2026,1,Athletic Eskilstuna,Assyriska FF,athletic-eskilstuna,assyriska-ff,1,0,H,dc_best,2026-06-08,0.4287304496599174,0.23679990073948412,0.3344696496005985
6537794,2026-06-14,SW-EN,2026,1,Karlbergs BK,Hammarby TFF,karlbergs-bk,hammarby-tff,0,2,A,dc_best,2026-06-08,0.09386892397980733,0.17643312944129108,0.7296979465789016
6536047,2026-06-14,SW-SE,2026,1,Falkenbergs FF,Örebro,falkenbergs-ff,rebro,1,1,D,dc_best,2026-06-08,0.643721056653768,0.19204326861492035,0.16423567473131162
6536043,2026-06-14,SW-SE,2026,1,Ljungskile SK Herrfotboll,Östersund,ljungskile-sk-herrfotboll,stersund,1,1,D,dc_best,2026-06-08,0.4340016809654821,0.23169444759694727,0.33430387143757057
206007-10-jerv,2026-06-14,NO-PN1,2026,1,Jerv,Sandviken,jerv,sandviken,2,1,H,dc_best,2026-06-08,0.6685541594950183,0.21972194649357127,0.11172389401141038
206093-11-haugesund,2026-06-14,NO-OBOS,2026,1,Haugesund,Ranheim TF,haugesund,ranheim-tf,4,1,H,dc_best,2026-06-08,0.6066660531340102,0.15492807461093253,0.2384058722550573
6536044,2026-06-15,SW-SE,2026,1,GIF Sundsvall,Östers IF,gif-sundsvall,sters-if,0,4,A,dc_best,2026-06-15,0.3405447992002112,0.2485781137061221,0.41087708709366677
4038097,2026-06-15,M1L,2026,1,SJK Akatemia,Football Club Haka,168874,60561,0,2,A,dc_best,2026-06-15,0.2106275206410957,0.19637433602051277,0.5929981433383915
6536041,2026-06-15,SW-SE,2026,1,IFK Norrköping FK,Varbergs BoIS FC,ifk-norrk-ping-fk,varbergs-bois-fc,2,0,H,dc_best,2026-06-15,0.4608125150297896,0.2568160432172587,0.28237144175295176
6536040,2026-06-16,SW-SE,2026,1,Landskrona BoIS,Nordic United FC,landskrona-bois,nordic-united-fc,2,0,H,dc_best,2026-06-15,0.4144629708812242,0.23375996617725353,0.35177706294152233
6536042,2026-06-16,SW-SE,2026,1,IFK Värnamo,Helsingborgs IF,ifk-v-rnamo,helsingborgs-if,0,1,A,dc_best,2026-06-15,0.3231680828019986,0.19965645301375867,0.47717546418424267
4036916,2026-06-17,VL,2026,1,SEINÄJOEN JALKAPALLOKERHO,Vaasan Palloseura,60970,60901,1,2,A,dc_best,2026-06-15,0.4371043866899224,0.29301335988498317,0.26988225342509436
6529608,2026-06-17,SW-DA,2026,1,Hammarby,AIK,hammarby,aik,4,1,H,dc_best,2026-06-15,0.7492089774661165,0.1352243062242578,0.11556671630962582
6529606,2026-06-17,SW-DA,2026,1,Djurgården,Malmö FF,djurg-rden,malm-ff,0,1,A,dc_best,2026-06-15,0.20643169567252023,0.1943961714104834,0.5991721329169963
4036914,2026-06-17,VL,2026,1,TPS Juniorijalkapallo,Kuopion Palloseura,60971,60756,1,2,A,dc_best,2026-06-15,0.28745924684646923,0.35945425835821576,0.3530864947953149
4036913,2026-06-17,VL,2026,1,Ilves,Fotbollsföreningen JARO Jalkapalloseura,60745,60974,5,0,H,dc_best,2026-06-15,0.6474291328619215,0.19022051936811968,0.16235034776995888
4036917,2026-06-17,VL,2026,1,IF Gnistan,FC Lahti,60534,60969,1,0,H,dc_best,2026-06-15,0.39977241000904373,0.24975897977421235,0.35046861021674397
6538044,2026-06-17,SW-ES,2026,1,Utsikten,Åtvidabergs FF,utsikten,tvidabergs-ff,0,3,A,dc_best,2026-06-15,0.05958083682694606,0.11888117007682882,0.8215379930962251
6536395,2026-06-17,SW-EE,2026,1,BK Häcken,Gamla Upsala SK,bk-h-cken,gamla-upsala-sk,1,2,A,dc_best,2026-06-15,0.317493903338561,0.27302585030349114,0.4094802463579479
4036912,2026-06-17,VL,2026,1,Helsingin Jalkapalloklubin Liiga-HJK,Football Club International Turku,60731,60987,3,3,D,dc_best,2026-06-15,0.35202956711294914,0.2988229079465241,0.34914752494052687
6536396,2026-06-18,SW-EE,2026,1,Husqvarna FF,IF Elfsborg,husqvarna-ff,if-elfsborg,1,1,D,dc_best,2026-06-15,0.08432431839001969,0.2058052319728704,0.70987044963711
6538038,2026-06-18,SW-ES,2026,1,Eskilsminne IF,FC Trollhättan,eskilsminne-if,fc-trollh-ttan,2,0,H,dc_best,2026-06-15,0.45754916467603807,0.2192126510562089,0.3232381842677531
6538039,2026-06-18,SW-ES,2026,1,Jönköpings Södra IF,Lunds BK,j-nk-pings-s-dra-if,lunds-bk,0,0,D,dc_best,2026-06-15,0.43230818046995817,0.2848811624302284,0.2828106570998135
6538041,2026-06-18,SW-ES,2026,1,Skövde AIK,Hässleholms IF,sk-vde-aik,h-ssleholms-if,2,2,D,dc_best,2026-06-15,0.19383036240014995,0.28112677090961746,0.5250428666902326
6538042,2026-06-18,SW-ES,2026,1,Trelleborgs FF,Rosengård 1917,trelleborgs-ff,roseng-rd-1917,3,2,H,dc_best,2026-06-15,0.6147213662476564,0.24030673985775114,0.1449718938945925
6538043,2026-06-18,SW-ES,2026,1,Tvååkers IF,Ängelholms FF,tv-kers-if,ngelholms-ff,3,2,H,dc_best,2026-06-15,0.4111304758509662,0.3150243869903441,0.2738451371586897
6536399,2026-06-18,SW-EE,2026,1,Linköping FC,Alingsås IF FF,link-ping-fc,alings-s-if-ff,4,0,H,dc_best,2026-06-15,0.5585743242276707,0.32855358152076214,0.11287209425156706
6536398,2026-06-18,SW-EE,2026,1,Jitex BK,KIF Örebro DFF,jitex-bk,kif-rebro-dff,0,1,A,dc_best,2026-06-15,0.16910113620336054,0.1678590639374279,0.6630397998592117
6529605,2026-06-18,SW-DA,2026,1,BK Häcken FF,Rosengård,bk-h-cken-ff,roseng-rd,2,0,H,dc_best,2026-06-15,0.8411809223346373,0.09226999618324523,0.06654908148211755
6537799,2026-06-18,SW-EN,2026,1,FC Arlanda,IFK Stocksund,fc-arlanda,ifk-stocksund,1,0,H,dc_best,2026-06-15,0.5899821800552905,0.18840734818561905,0.22161047175909054
6537800,2026-06-18,SW-EN,2026,1,Gefle IF FF,Stockholm Internazionale,gefle-if-ff,stockholm-internazionale,0,2,A,dc_best,2026-06-15,0.10961807459701434,0.19784308081791024,0.6925388445850754
6537801,2026-06-18,SW-EN,2026,1,Hammarby TFF,FC Järfälla,hammarby-tff,fc-j-rf-lla,1,1,D,dc_best,2026-06-15,0.810555478661639,0.131529861062004,0.05791466027635706
6529609,2026-06-18,SW-DA,2026,1,IF Brommapojkarna,Vittsjö GIK,if-brommapojkarna,vittsj-gik,1,2,A,dc_best,2026-06-15,0.4677361722575953,0.1879824958753289,0.3442813318670758
6529607,2026-06-18,SW-DA,2026,1,Eskilstuna United DFF,Piteå IF DFF,eskilstuna-united-dff,pite-if-dff,2,0,H,dc_best,2026-06-15,0.38268861029628415,0.2987747305019222,0.3185366592017937
6529611,2026-06-18,SW-DA,2026,1,Kristianstads DFF,IK Uppsala Fotboll,kristianstads-dff,ik-uppsala-fotboll,3,2,H,dc_best,2026-06-15,0.6914194905111395,0.1473256440266842,0.1612548654621765
6537803,2026-06-18,SW-EN,2026,1,Sollentuna FK,FBK Karlstad,sollentuna-fk,fbk-karlstad,0,2,A,dc_best,2026-06-15,0.19909398864127514,0.3039652398855509,0.4969407714731739
6529610,2026-06-18,SW-DA,2026,1,IFK Norrköping FK,Växjö,ifk-norrk-ping-fk,v-xj,0,0,D,dc_best,2026-06-15,0.5324963484606077,0.1868493223175096,0.28065432922188277
6537804,2026-06-18,SW-EN,2026,1,Vasalund,Karlbergs BK,vasalund,karlbergs-bk,0,4,A,dc_best,2026-06-15,0.46657363556536025,0.23874590107173357,0.29468046336290626
4036915,2026-06-18,VL,2026,1,Oulun edustusjalkapallo AC Oulu,IFK Mariehamn Fotboll,60493,60759,2,1,H,dc_best,2026-06-15,0.667623296315928,0.23725592747560753,0.09512077620846439
206093-12-ranheim-tf,2026-06-19,NO-OBOS,2026,1,Ranheim TF,Lyn,ranheim-tf,lyn,3,2,H,dc_best,2026-06-15,0.66494493157555,0.18338741987636475,0.15166764854808523
206008-11-levanger,2026-06-20,NO-PN2,2026,1,Levanger,Skeid,levanger,skeid,2,1,H,dc_best,2026-06-15,0.6290920401505008,0.18916654053193424,0.1817414193175649
206007-11-notodden,2026-06-20,NO-PN1,2026,1,Notodden,Mjøndalen,notodden,mj-ndalen,1,2,A,dc_best,2026-06-15,0.41999858413443925,0.28039540873769087,0.29960600712787
206107-10-fyllingsdalen,2026-06-20,NO-1DK,2026,1,Fyllingsdalen,Klepp,fyllingsdalen,klepp,2,0,H,dc_best,2026-06-15,0.5454021478523818,0.19841245679016198,0.2561853953574562
206008-11-tromsdalen,2026-06-20,NO-PN2,2026,1,Tromsdalen,Stjørdals-Blink,tromsdalen,stj-rdals-blink,2,4,A,dc_best,2026-06-15,0.5506554852437439,0.18630316607323408,0.2630413486830222
206007-11-kvik-halden,2026-06-20,NO-PN1,2026,1,Kvik Halden,Sotra,kvik-halden,sotra,2,1,H,dc_best,2026-06-15,0.3806547092385756,0.30877150725161395,0.31057378350981046
206007-11-bjarg,2026-06-20,NO-PN1,2026,1,Bjarg,Vidar,bjarg,vidar,3,1,H,dc_best,2026-06-15,0.8621216477177471,0.09979606079942455,0.038082291482828226
206007-11-sandviken,2026-06-20,NO-PN1,2026,1,Sandviken,Lysekloster,sandviken,lysekloster,2,3,A,dc_best,2026-06-15,0.5001343728367317,0.2800811709515526,0.21978445621171577
206007-11-pors,2026-06-20,NO-PN1,2026,1,Pors,FK Eik Tønsberg 871,pors,fk-eik-t-nsberg-871,2,0,H,dc_best,2026-06-15,0.5613226145731265,0.27215119870818416,0.16652618671868932
206119-11-aafk-kvinner,2026-06-20,NO-TS,2026,1,AaFK Kvinner,Bodø/Glimt,aafk-kvinner,bod-glimt,8,1,H,dc_best,2026-06-15,0.9416095152158956,0.045676317411364756,0.012714167372739466
206008-11-kjels-s,2026-06-20,NO-PN2,2026,1,Kjelsås,Ullensaker/Kisa,kjels-s,ullensaker-kisa,3,0,H,dc_best,2026-06-15,0.8224843923249012,0.08928401624389487,0.08823159143120403
206119-11-rosenborg-bk,2026-06-20,NO-TS,2026,1,Rosenborg BK,Vålerenga Fotball,rosenborg-bk,v-lerenga-fotball,3,2,H,dc_best,2026-06-15,0.35469424888321877,0.26551605097062186,0.37978970014615937
206119-11-stab-k,2026-06-20,NO-TS,2026,1,Stabæk,Røa Fotball Elite,stab-k,r-a-fotball-elite,0,1,A,dc_best,2026-06-15,0.6451059774064145,0.2454999953625947,0.1093940272309909
206119-11-molde,2026-06-20,NO-TS,2026,1,Molde,Haugesund,molde,haugesund,3,3,D,dc_best,2026-06-15,0.6374075895178066,0.18542771893999133,0.17716469154220202
206119-11-h-nefoss-bk,2026-06-20,NO-TS,2026,1,Hønefoss BK,Lyn,h-nefoss-bk,lyn,1,0,H,dc_best,2026-06-15,0.13840394768475806,0.20387204898866082,0.6577240033265812
6536053,2026-06-21,SW-SE,2026,1,Norrby IF,Nordic United FC,norrby-if,nordic-united-fc,0,0,D,dc_best,2026-06-15,0.300353268230223,0.2208663731376452,0.47878035863213186
6536049,2026-06-21,SW-SE,2026,1,Östers IF,Falkenbergs FF,sters-if,falkenbergs-ff,1,3,A,dc_best,2026-06-15,0.3006005051900467,0.21379522890125893,0.4856042659086944
6536048,2026-06-21,SW-SE,2026,1,Helsingborgs IF,GIF Sundsvall,helsingborgs-if,gif-sundsvall,5,2,H,dc_best,2026-06-15,0.5272330816940107,0.2187322464764894,0.2540346718294999
6536055,2026-06-21,SW-SE,2026,1,IK Brage,IFK Värnamo,ik-brage,ifk-v-rnamo,5,1,H,dc_best,2026-06-15,0.6368847178452675,0.16692061417155518,0.19619466798317742
206008-11-grorud,2026-06-21,NO-PN2,2026,1,Grorud,Junkeren,grorud,junkeren,3,0,H,dc_best,2026-06-15,0.6084387692291578,0.19415437836121313,0.1974068524096291
206093-12-moss,2026-06-21,NO-OBOS,2026,1,Moss,Sandnes Ulf,moss,sandnes-ulf,1,4,A,dc_best,2026-06-15,0.4893195513664701,0.23700626894602467,0.27367417968750524
6537798,2026-06-21,SW-EN,2026,1,Enköpings SK FK,Umeå FC,enk-pings-sk-fk,ume-fc,3,1,H,dc_best,2026-06-15,0.3079152632525879,0.27440856795398166,0.41767616879343045
6537797,2026-06-21,SW-EN,2026,1,Assyriska FF,IF Karlstad Fotboll,assyriska-ff,if-karlstad-fotboll,2,2,D,dc_best,2026-06-15,0.09888501028027764,0.2123123463004925,0.6888026434192299
206093-12-odd,2026-06-21,NO-OBOS,2026,1,Odd,Hødd,odd,h-dd,0,0,D,dc_best,2026-06-15,0.5461044500959772,0.24103438840597782,0.21286116149804496
206093-12-kongsvinger,2026-06-21,NO-OBOS,2026,1,Kongsvinger,Strømsgodset,kongsvinger,str-msgodset,4,4,D,dc_best,2026-06-15,0.3311021414303301,0.23260090419376056,0.43629695437590943
206093-12-egersund,2026-06-21,NO-OBOS,2026,1,Egersund,Haugesund,egersund,haugesund,5,2,H,dc_best,2026-06-15,0.24286727887160237,0.1965304253495776,0.5606022957788201
206107-10-grei,2026-06-21,NO-1DK,2026,1,Grei,Odds Ballklubb,grei,odds-ballklubb,1,3,A,dc_best,2026-06-15,0.30455072345613565,0.25903302114504934,0.436416255398815
206107-10-frigg,2026-06-21,NO-1DK,2026,1,Frigg,IK Start Kvinner,frigg,ik-start-kvinner,1,3,A,dc_best,2026-06-15,0.026722780059416324,0.13010430175736185,0.8431729181832219
206093-12-bryne,2026-06-21,NO-OBOS,2026,1,Bryne,Åsane,bryne,sane,1,0,H,dc_best,2026-06-15,0.5046039916711816,0.23514775273175664,0.2602482555970618
206007-11-arendal,2026-06-21,NO-PN1,2026,1,Arendal,Træff,arendal,tr-ff,3,1,H,dc_best,2026-06-15,0.4368874851303536,0.2609293584798617,0.30218315638978466
206107-10-arna-bj-rnar,2026-06-21,NO-1DK,2026,1,Arna-Bjørnar,Bryne,arna-bj-rnar,bryne,3,0,H,dc_best,2026-06-15,0.5016281316382947,0.32433547923678124,0.1740363891249242
6537802,2026-06-21,SW-EN,2026,1,Piteå IF FF,Athletic Eskilstuna,pite-if-ff,athletic-eskilstuna,2,2,D,dc_best,2026-06-15,0.2170240992389815,0.23794279443691427,0.5450331063241042
6536052,2026-06-21,SW-SE,2026,1,Östersund,IFK Norrköping FK,stersund,ifk-norrk-ping-fk,0,2,A,dc_best,2026-06-15,0.24039914421481645,0.24684327916780932,0.5127575766173742
206107-10-viking,2026-06-21,NO-1DK,2026,1,Viking,Kolbotn IL Elite,viking,kolbotn-il-elite,3,1,H,dc_best,2026-06-15,0.491005413812083,0.2559682349763865,0.2530263512115305
206008-11-h-nefoss-bk,2026-06-21,NO-PN2,2026,1,Hønefoss BK,Eidsvold TF,h-nefoss-bk,eidsvold-tf,2,1,H,dc_best,2026-06-15,0.37774813470369095,0.19398837632278207,0.428263488973527
6536401,2026-06-21,SW-EE,2026,1,Örebro SK FK,Umeå IK FF,rebro-sk-fk,ume-ik-ff,1,0,H,dc_best,2026-06-15,0.2381747168859107,0.28326685950028835,0.47855842361380097
6536400,2026-06-21,SW-EE,2026,1,Enskede IK,Sandvikens IF,enskede-ik,sandvikens-if,4,0,H,dc_best,2026-06-15,0.699803951141715,0.19110724206280563,0.10908880679547941
6538037,2026-06-21,SW-ES,2026,1,Ariana FC Malmö,BK Olympic,ariana-fc-malm,bk-olympic,1,2,A,dc_best,2026-06-15,0.7089268313402228,0.16618401142824368,0.12488915723153353
6538040,2026-06-21,SW-ES,2026,1,Kristianstad FC,Laholms FK,kristianstad-fc,laholms-fk,0,3,A,dc_best,2026-06-15,0.5008386397543719,0.24244455264446743,0.2567168076011607
206119-11-sk-brann,2026-06-21,NO-TS,2026,1,SK Brann,LSK Kvinner,sk-brann,lsk-kvinner,0,0,D,dc_best,2026-06-15,0.9190403928664606,0.06221021912676959,0.018749388006769886
6536397,2026-06-21,SW-EE,2026,1,IFK Göteborg,Trelleborgs FF,ifk-g-teborg,trelleborgs-ff,3,1,H,dc_best,2026-06-15,0.4930617084034898,0.24852518463004813,0.2584131069664621
206093-12-str-mmen,2026-06-21,NO-OBOS,2026,1,Strømmen,Stabæk,str-mmen,stab-k,1,0,H,dc_best,2026-06-15,0.1230728559333645,0.14704518737608566,0.7298819566905499
206008-11-trygg-lade,2026-06-21,NO-PN2,2026,1,Trygg/Lade,Lørenskog,trygg-lade,l-renskog,1,4,A,dc_best,2026-06-15,0.1568444356931724,0.171092768681977,0.6720627956248506
206107-10-troms-il,2026-06-21,NO-1DK,2026,1,Tromsø IL,Åsane,troms-il,sane,0,2,A,dc_best,2026-06-15,0.33227627608219945,0.3341718685348592,0.33355185538294146
206007-11-brattv-g,2026-06-21,NO-PN1,2026,1,Brattvåg,Jerv,brattv-g,jerv,1,2,A,dc_best,2026-06-15,0.5697272019775057,0.24980061187530075,0.18047218614719363
206093-12-raufoss,2026-06-21,NO-OBOS,2026,1,Raufoss,Sogndal,raufoss,sogndal,3,1,H,dc_best,2026-06-15,0.36665741130749013,0.21776448152720226,0.41557810716530763
6536051,2026-06-22,SW-SE,2026,1,IK Oddevold,Ljungskile SK Herrfotboll,ik-oddevold,ljungskile-sk-herrfotboll,0,0,D,dc_best,2026-06-22,0.4864465194920308,0.23058832046738012,0.28296516004058914
6536050,2026-06-22,SW-SE,2026,1,Örebro,Sandvikens IF,rebro,sandvikens-if,1,1,D,dc_best,2026-06-22,0.31149998220587216,0.25407902139435146,0.4344209963997764
6536054,2026-06-22,SW-SE,2026,1,Varbergs BoIS FC,Landskrona BoIS,varbergs-bois-fc,landskrona-bois,2,3,A,dc_best,2026-06-22,0.4681890119251074,0.2442645511031496,0.2875464369717429
4036920,2026-06-23,VL,2026,1,Vaasan Palloseura,Oulun edustusjalkapallo AC Oulu,60901,60493,5,1,H,dc_best,2026-06-22,0.3196846324899729,0.3402103008290394,0.3401050666809877
4036919,2026-06-23,VL,2026,1,FC Lahti,TPS Juniorijalkapallo,60969,60971,0,0,D,dc_best,2026-06-22,0.38020512321956446,0.3305201124185834,0.2892747643618522
4036918,2026-06-23,VL,2026,1,Kuopion Palloseura,Ilves,60756,60745,4,3,H,dc_best,2026-06-22,0.5477686846966416,0.233812248932707,0.21841906637065128
4036922,2026-06-23,VL,2026,1,Football Club International Turku,SEINÄJOEN JALKAPALLOKERHO,60987,60970,1,1,D,dc_best,2026-06-22,0.6074409795778593,0.22480368584602647,0.16775533457611416
4036923,2026-06-23,VL,2026,1,IFK Mariehamn Fotboll,Helsingin Jalkapalloklubin Liiga-HJK,60759,60731,0,4,A,dc_best,2026-06-22,0.14487151706713813,0.20998774797633493,0.6451407349565269
4036921,2026-06-23,VL,2026,1,Fotbollsföreningen JARO Jalkapalloseura,IF Gnistan,60974,60534,1,1,D,dc_best,2026-06-22,0.23820536688162336,0.22569411993470767,0.536100513183669
6529612,2026-06-24,SW-DA,2026,1,AIK,Eskilstuna United DFF,aik,eskilstuna-united-dff,1,0,H,dc_best,2026-06-22,0.4783272347965854,0.23835013481781897,0.28332263038559563
6529618,2026-06-24,SW-DA,2026,1,Växjö,IF Brommapojkarna,v-xj,if-brommapojkarna,2,1,H,dc_best,2026-06-22,0.5076382723987466,0.17929917877367588,0.31306254882757756
6529613,2026-06-24,SW-DA,2026,1,Rosengård,Djurgården,roseng-rd,djurg-rden,4,1,H,dc_best,2026-06-22,0.4634134086805298,0.24524915699403574,0.29133743432543435
6537809,2026-06-24,SW-EN,2026,1,Karlbergs BK,Piteå IF FF,karlbergs-bk,pite-if-ff,3,1,H,dc_best,2026-06-22,0.5393885278065536,0.23283029074176564,0.2277811814516807
6529615,2026-06-24,SW-DA,2026,1,IK Uppsala Fotboll,BK Häcken FF,ik-uppsala-fotboll,bk-h-cken-ff,2,3,A,dc_best,2026-06-22,0.056358537060519,0.09069907155541863,0.8529423913840624
6529614,2026-06-24,SW-DA,2026,1,IFK Norrköping FK,Vittsjö GIK,ifk-norrk-ping-fk,vittsj-gik,1,1,D,dc_best,2026-06-22,0.4415176782166471,0.26851242666803216,0.28996989511532084
4043057,2026-06-25,M1,2026,1,FC Jazz Juniorit,Jalkapalloseura Tampere United,60521,106945,0,1,A,dc_best,2026-06-22,0.22773926999830563,0.2867601391355425,0.48550059086615177
6529617,2026-06-25,SW-DA,2026,1,Piteå IF DFF,Hammarby,pite-if-dff,hammarby,1,1,D,dc_best,2026-06-22,0.10072869440194462,0.1617156583065158,0.7375556472915397
4043056,2026-06-25,M1,2026,1,JJK Jyväskylä,Football Club International Turku,144858,60860,11,1,H,dc_best,2026-06-22,0.5753187567183813,0.19516843540719578,0.22951280787442296
4057794,2026-06-26,M2,2026,2,Idrottsföreningen Kamraterna i Åbo,FC Honka,60996,62416,0,1,A,dc_best,2026-06-22,0.3225276490597678,0.24242352935033362,0.43504882158989855
206008-12-eidsvold-tf,2026-06-26,NO-PN2,2026,1,Eidsvold TF,Tromsdalen,eidsvold-tf,tromsdalen,2,1,H,dc_best,2026-06-22,0.7102474073832558,0.14225597634804577,0.14749661626869856
6537810,2026-06-26,SW-EN,2026,1,Sollentuna FK,Athletic Eskilstuna,sollentuna-fk,athletic-eskilstuna,1,4,A,dc_best,2026-06-22,0.30883538990975007,0.28915939598209595,0.402005214108154
6536063,2026-06-26,SW-SE,2026,1,IK Brage,Falkenbergs FF,ik-brage,falkenbergs-ff,2,4,A,dc_best,2026-06-22,0.37751336327931456,0.19967818449296443,0.422808452227721
6537806,2026-06-26,SW-EN,2026,1,FBK Karlstad,Hammarby TFF,fbk-karlstad,hammarby-tff,0,7,A,dc_best,2026-06-22,0.22033240012359268,0.2911183540436544,0.48854924583275305
6537805,2026-06-26,SW-EN,2026,1,Assyriska FF,Vasalund,assyriska-ff,vasalund,3,1,H,dc_best,2026-06-22,0.2858452579637101,0.22641382406272856,0.4877409179735613
6538048,2026-06-26,SW-ES,2026,1,Hässleholms IF,Tvååkers IF,h-ssleholms-if,tv-kers-if,4,2,H,dc_best,2026-06-22,0.41196802247008407,0.30437303633092194,0.28365894119899415
6538049,2026-06-26,SW-ES,2026,1,Kristianstad FC,Trelleborgs FF,kristianstad-fc,trelleborgs-ff,0,0,D,dc_best,2026-06-22,0.10082771122345101,0.18895673506341332,0.7102155537131357
4038099,2026-06-26,M1L,2026,1,Pallokerho-35,Mikkelin Palloilijat,50775,60494,2,1,H,dc_best,2026-06-22,0.573286358233426,0.24702137317445952,0.1796922685921146
4038098,2026-06-26,M1L,2026,1,Helsingin Jalkapalloklubi,SJK Akatemia,60692,168874,2,0,H,dc_best,2026-06-22,0.4940270830506894,0.23214741102109518,0.2738255059282154
6536061,2026-06-27,SW-SE,2026,1,Varbergs BoIS FC,Östers IF,varbergs-bois-fc,sters-if,2,1,H,dc_best,2026-06-22,0.5837752265855827,0.19770505015476872,0.21851972325964872
4057708,2026-06-27,M2,2026,1,Football Club Kiffen 08,Lahden Reipas,60554,61562,3,2,H,dc_best,2026-06-22,0.4448364566686214,0.2071426058655417,0.3480209374658368
6536062,2026-06-27,SW-SE,2026,1,Nordic United FC,IK Oddevold,nordic-united-fc,ik-oddevold,3,3,D,dc_best,2026-06-22,0.3880636825189022,0.23190762388343283,0.3800286935976649
6536059,2026-06-27,SW-SE,2026,1,GIF Sundsvall,Östersund,gif-sundsvall,stersund,0,2,A,dc_best,2026-06-22,0.26130758123251546,0.23047037360550332,0.5082220451619813
4057886,2026-06-27,M2,2026,3,Tornion Pallo-47,Vaasan Palloseura,60666,169909,0,3,A,dc_best,2026-06-22,0.35395042501499396,0.19106499836579666,0.4549845766192094
4036925,2026-06-27,VL,2026,1,Helsingin Jalkapalloklubin Liiga-HJK,Kuopion Palloseura,60731,60756,0,4,A,dc_best,2026-06-22,0.3956993646299357,0.2610910940861476,0.34320954128391656
4036928,2026-06-27,VL,2026,1,TPS Juniorijalkapallo,Fotbollsföreningen JARO Jalkapalloseura,60971,60974,3,2,H,dc_best,2026-06-22,0.611405897159891,0.24458866837232365,0.1440054344677853
4036927,2026-06-27,VL,2026,1,IF Gnistan,Vaasan Palloseura,60534,60901,1,1,D,dc_best,2026-06-22,0.4113713661467936,0.2912546356496439,0.2973739982035626
6529616,2026-06-27,SW-DA,2026,1,Malmö FF,Kristianstads DFF,malm-ff,kristianstads-dff,6,0,H,dc_best,2026-06-22,0.6686790158973397,0.16376881363063003,0.16755217047203025
4036929,2026-06-27,VL,2026,1,Oulun edustusjalkapallo AC Oulu,FC Lahti,60493,60969,1,1,D,dc_best,2026-06-22,0.4693050421910729,0.29546948158898995,0.23522547621993722
6536058,2026-06-27,SW-SE,2026,1,Ljungskile SK Herrfotboll,Örebro,ljungskile-sk-herrfotboll,rebro,3,2,H,dc_best,2026-06-22,0.4928469968138231,0.2594398407138081,0.24771316247236883
206107-11-odds-ballklubb,2026-06-27,NO-1DK,2026,1,Odds Ballklubb,Frigg,odds-ballklubb,frigg,1,0,H,dc_best,2026-06-22,0.7698973044083222,0.1802937987167229,0.049808896874955044
6538052,2026-06-27,SW-ES,2026,1,Åtvidabergs FF,Rosengård 1917,tvidabergs-ff,roseng-rd-1917,3,3,D,dc_best,2026-06-22,0.5132251160102694,0.2571801908266419,0.22959469316308873
6538051,2026-06-27,SW-ES,2026,1,Lunds BK,Skövde AIK,lunds-bk,sk-vde-aik,2,1,H,dc_best,2026-06-22,0.6100250067716672,0.24542951803655852,0.1445454751917744
4057706,2026-06-27,M2,2026,1,Puistolan Urheilijat,Helsingin Palloseura,49973,49949,0,2,A,dc_best,2026-06-22,0.27002500737254914,0.2441604438871559,0.4858145487402949
6538047,2026-06-27,SW-ES,2026,1,FC Trollhättan,Ängelholms FF,fc-trollh-ttan,ngelholms-ff,1,1,D,dc_best,2026-06-22,0.3636135380230085,0.24269466556872313,0.3936917964082684
6538050,2026-06-27,SW-ES,2026,1,Laholms FK,Utsikten,laholms-fk,utsikten,3,1,H,dc_best,2026-06-22,0.7529488582527225,0.15172916659807573,0.09532197514920188
206093-13-sandnes-ulf,2026-06-27,NO-OBOS,2026,1,Sandnes Ulf,Raufoss,sandnes-ulf,raufoss,3,0,H,dc_best,2026-06-22,0.5818407301604518,0.20832005263737713,0.20983921720217108
206093-13-stab-k,2026-06-27,NO-OBOS,2026,1,Stabæk,Bryne,stab-k,bryne,2,0,H,dc_best,2026-06-22,0.5704624759105447,0.2190979543847283,0.210439569704727
206093-13-str-mmen,2026-06-27,NO-OBOS,2026,1,Strømmen,Moss,str-mmen,moss,3,2,H,dc_best,2026-06-22,0.31845312147889493,0.20356690886805764,0.47797996965304745
206093-13-sane,2026-06-27,NO-OBOS,2026,1,Åsane,Ranheim TF,sane,ranheim-tf,3,0,H,dc_best,2026-06-22,0.30075927619342,0.20616395015657218,0.4930767736500078
4043059,2026-06-27,M1,2026,1,Rovaniemen Palloseura,Salon Palloilijat,60973,60690,2,2,D,dc_best,2026-06-22,0.5944144747772624,0.2080708512677286,0.19751467395500893
206093-13-str-msgodset,2026-06-27,NO-OBOS,2026,1,Strømsgodset,Odd,str-msgodset,odd,2,2,D,dc_best,2026-06-22,0.7076050474551401,0.15490369417162717,0.13749125837323276
206093-13-sogndal,2026-06-27,NO-OBOS,2026,1,Sogndal,Egersund,sogndal,egersund,4,2,H,dc_best,2026-06-22,0.3660596090670112,0.2185306008458384,0.4154097900871505
6538045,2026-06-27,SW-ES,2026,1,Ariana FC Malmö,Jönköpings Södra IF,ariana-fc-malm,j-nk-pings-s-dra-if,1,0,H,dc_best,2026-06-22,0.4335880038897652,0.2908046261429241,0.2756073699673107
4057705,2026-06-27,M2,2026,1,Pepo Lappeenranta,Pallo-Pojat Juniorit,61010,48924,2,2,D,dc_best,2026-06-22,0.3962120408106762,0.26740071964915174,0.33638723954017224
4057797,2026-06-27,M2,2026,2,Hämeenlinnan Jalkapalloseura,Nurmijärven Jalkapalloseura,35121579,60537,3,0,H,dc_best,2026-06-22,0.8004419397044789,0.12971782293531448,0.06984023736020675
4057796,2026-06-27,M2,2026,2,Espoon Palloseuran Jalkapallo,GrIFK - Fotboll,62296,60549,1,3,A,dc_best,2026-06-22,0.6645604327377416,0.1916416335007917,0.14379793376146668
6537808,2026-06-27,SW-EN,2026,1,Gefle IF FF,IFK Stocksund,gefle-if-ff,ifk-stocksund,2,1,H,dc_best,2026-06-22,0.3006635895515124,0.20257464098529052,0.4967617694631971
4038100,2026-06-27,M1L,2026,1,Football Club Haka,FC KTP Kotka,60561,60972,0,2,A,dc_best,2026-06-22,0.48030446202379595,0.21404573633123863,0.3056498016449654
4038101,2026-06-27,M1L,2026,1,Jippo,Ekenäs Idrottsförening,129811,60495,1,1,D,dc_best,2026-06-22,0.5922385210100897,0.1826027571197814,0.225158721870129
6537811,2026-06-27,SW-EN,2026,1,Stockholm Internazionale,Enköpings SK FK,stockholm-internazionale,enk-pings-sk-fk,2,0,H,dc_best,2026-06-22,0.5495869785725558,0.2509685916921645,0.1994444297352797
4038214,2026-06-27,NL,2026,1,IF Gnistan,PK-35 Vantaa,35209545,60671,3,0,H,dc_best,2026-06-22,0.5174974072623503,0.17450180870960708,0.30800078402804265
4038215,2026-06-27,NL,2026,1,Kuopion Palloseura,Idrottsföreningen Kamraterna Vasa,157420,60691,5,1,H,dc_best,2026-06-22,0.9521453734022056,0.0339588100556563,0.013895816542138117
4038216,2026-06-27,NL,2026,1,Ilves,Helsingin Jalkapalloklubi,60776,60682,1,3,A,dc_best,2026-06-22,0.1781784073867973,0.16478806465497478,0.657033527958228
206008-12-ullensaker-kisa,2026-06-27,NO-PN2,2026,1,Ullensaker/Kisa,Rana FK,ullensaker-kisa,rana-fk,1,3,A,dc_best,2026-06-22,0.3948005584050217,0.18480781990184555,0.42039162169313277
206008-12-kjels-s,2026-06-27,NO-PN2,2026,1,Kjelsås,Hønefoss BK,kjels-s,h-nefoss-bk,1,3,A,dc_best,2026-06-22,0.5581588847782396,0.17672295499036095,0.2651181602313995
206093-13-haugesund,2026-06-27,NO-OBOS,2026,1,Haugesund,Kongsvinger,haugesund,kongsvinger,4,2,H,dc_best,2026-06-22,0.4576119754817925,0.1803774061105311,0.3620106184076764
206093-13-lyn,2026-06-27,NO-OBOS,2026,1,Lyn,Hødd,lyn,h-dd,1,4,A,dc_best,2026-06-22,0.35168354116110145,0.30084404198409115,0.34747241685480734
206008-12-l-renskog,2026-06-27,NO-PN2,2026,1,Lørenskog,Grorud,l-renskog,grorud,1,0,H,dc_best,2026-06-22,0.5454747884905715,0.21990357036586833,0.23462164114356016
4036924,2026-06-27,VL,2026,1,Ilves,SEINÄJOEN JALKAPALLOKERHO,60745,60970,2,2,D,dc_best,2026-06-22,0.529336428816199,0.21038796425898243,0.26027560692481866
4036926,2026-06-27,VL,2026,1,IFK Mariehamn Fotboll,Football Club International Turku,60759,60987,0,2,A,dc_best,2026-06-22,0.12289781304161049,0.24269862681519094,0.6344035601431987
206007-12-tr-ff,2026-06-27,NO-PN1,2026,1,Træff,FK Eik Tønsberg 871,tr-ff,fk-eik-t-nsberg-871,3,1,H,dc_best,2026-06-22,0.6327861282634016,0.22226032411534358,0.14495354762125484
206007-12-lysekloster,2026-06-27,NO-PN1,2026,1,Lysekloster,Brattvåg,lysekloster,brattv-g,1,1,D,dc_best,2026-06-22,0.1644408529930381,0.2253593300875111,0.6101998169194508
206007-12-vidar,2026-06-27,NO-PN1,2026,1,Vidar,Kvik Halden,vidar,kvik-halden,2,4,A,dc_best,2026-06-22,0.08167411839254726,0.1979801757049473,0.7203457059025055
206007-12-mj-ndalen,2026-06-27,NO-PN1,2026,1,Mjøndalen,Bjarg,mj-ndalen,bjarg,1,0,H,dc_best,2026-06-22,0.5200835480806819,0.22040804399345817,0.25950840792586
206007-12-sandviken,2026-06-27,NO-PN1,2026,1,Sandviken,Notodden,sandviken,notodden,0,4,A,dc_best,2026-06-22,0.3403936007777308,0.31508241705439893,0.34452398216787034
206007-12-pors,2026-06-27,NO-PN1,2026,1,Pors,Arendal,pors,arendal,2,4,A,dc_best,2026-06-22,0.4191094945978892,0.2975790312382475,0.2833114741638632
4057704,2026-06-27,M2,2026,1,Union Plaani,HIFK Soccer,61723,49735,0,3,A,dc_best,2026-06-22,0.12526974231178828,0.16929102956027062,0.7054392281279411
4057885,2026-06-27,M2,2026,3,Gamlakarleby Bollklubb,Jalkapalloseura Hercules,60492,61004,7,0,H,dc_best,2026-06-22,0.6111203203937914,0.19387128485863855,0.19500839474757004
4057795,2026-06-27,M2,2026,2,Musan Salama,Pallo-Iirot,60696,107307,2,2,D,dc_best,2026-06-22,0.27170885626535973,0.2159895002520743,0.5123016434825659
4057884,2026-06-27,M2,2026,3,Äänekosken Huima,Jakobstads Bollklubb,35117343,61766,3,2,H,dc_best,2026-06-22,0.49166613053180824,0.23172088069020047,0.2766129887779913
206107-11-bryne,2026-06-27,NO-1DK,2026,1,Bryne,Fyllingsdalen,bryne,fyllingsdalen,0,1,A,dc_best,2026-06-22,0.4532860047115933,0.34842371184712306,0.1982902834412837
4057707,2026-06-27,M2,2026,1,MYPA,Atlantis FC Edustus,129934,60702,1,2,A,dc_best,2026-06-22,0.23009013453690394,0.1683845161309698,0.6015253493321263
6537807,2026-06-27,SW-EN,2026,1,FC Arlanda,IF Karlstad Fotboll,fc-arlanda,if-karlstad-fotboll,1,0,H,dc_best,2026-06-22,0.2419582566491011,0.31679061330021263,0.44125113005068634
206107-11-ik-start-kvinner,2026-06-28,NO-1DK,2026,1,IK Start Kvinner,Arna-Bjørnar,ik-start-kvinner,arna-bj-rnar,1,0,H,dc_best,2026-06-22,0.2943331707312335,0.28025018043664524,0.4254166488321212
4038102,2026-06-28,M1L,2026,1,Käpylän Pallo,Järvenpään Palloseura,60487,60676,3,1,H,dc_best,2026-06-22,0.4219857805027672,0.20052671015945261,0.3774875093377803
206008-12-stj-rdals-blink,2026-06-28,NO-PN2,2026,1,Stjørdals-Blink,Junkeren,stj-rdals-blink,junkeren,1,1,D,dc_best,2026-06-22,0.5458599881284882,0.19091434501901422,0.26322566685249743
206008-12-follo,2026-06-28,NO-PN2,2026,1,Follo,Levanger,follo,levanger,0,2,A,dc_best,2026-06-22,0.22861881023598815,0.19637831562559396,0.575002874138418
206008-12-skeid,2026-06-28,NO-PN2,2026,1,Skeid,Trygg/Lade,skeid,trygg-lade,7,1,H,dc_best,2026-06-22,0.5885473317823505,0.19129544612058108,0.22015722209706845
4057798,2026-06-28,M2,2026,2,Ilves,Esbo Bollklubb,106905,63411,3,2,H,dc_best,2026-06-22,0.7778341890341454,0.13223500952206782,0.08993080144378689
6538046,2026-06-28,SW-ES,2026,1,BK Olympic,Eskilsminne IF,bk-olympic,eskilsminne-if,2,1,H,dc_best,2026-06-22,0.4388827541181978,0.23228073297909488,0.32883651290270743
6537812,2026-06-28,SW-EN,2026,1,Umeå FC,FC Järfälla,ume-fc,fc-j-rf-lla,1,3,A,dc_best,2026-06-22,0.45101498055969735,0.2541999524431954,0.29478506699710727
4043060,2026-06-28,M1,2026,1,Oulun Luistinseura,Kuopion Palloseura,106449,106331,2,2,D,dc_best,2026-06-22,0.7188278310926711,0.17072510243864863,0.1104470664686803
4043058,2026-06-28,M1,2026,1,KPV Juniorit,Pallokerho Keski-Uusimaa,60536,60929,1,3,A,dc_best,2026-06-22,0.14867708207115882,0.18643584483587444,0.6648870730929668
6536057,2026-06-28,SW-SE,2026,1,IFK Norrköping FK,Norrby IF,ifk-norrk-ping-fk,norrby-if,0,1,A,dc_best,2026-06-22,0.6915941578523999,0.20312138747161865,0.10528445467598144
6536056,2026-06-28,SW-SE,2026,1,Landskrona BoIS,IFK Värnamo,landskrona-bois,ifk-v-rnamo,1,0,H,dc_best,2026-06-22,0.7029941280273958,0.16916247956017763,0.12784339241242662
206107-11-kolbotn-il-elite,2026-06-28,NO-1DK,2026,1,Kolbotn IL Elite,Grei,kolbotn-il-elite,grei,0,3,A,dc_best,2026-06-22,0.5803261898186367,0.2167166440838517,0.20295716609751152
4038217,2026-06-28,NL,2026,1,Åland United,Helsingin Palloseura,60532,60781,0,0,D,dc_best,2026-06-22,0.48578490251333367,0.18880500183248755,0.32541009565417883
206007-12-sotra,2026-06-28,NO-PN1,2026,1,Sotra,Jerv,sotra,jerv,1,3,A,dc_best,2026-06-22,0.45386493047339876,0.28509664993395306,0.2610384195926483
6536060,2026-06-28,SW-SE,2026,1,Sandvikens IF,Helsingborgs IF,sandvikens-if,helsingborgs-if,4,2,H,dc_best,2026-06-22,0.47770691500451196,0.20871515577415545,0.3135779292213326
4043061,2026-06-29,M1,2026,1,Vantaan Jalkapalloseura,Tampereen Pallo-Veikot,63440,60704,2,1,H,dc_best,2026-06-29,0.664189122593495,0.2188232593606016,0.11698761804590335
4057887,2026-06-30,M2,2026,3,SJK Akatemia,FC Vaajakoski,131834,60496,3,0,H,dc_best,2026-06-29,0.4251651607700294,0.20396279890460808,0.3708720403253626
6538054,2026-07-01,SW-ES,2026,1,Eskilsminne IF,Kristianstad FC,eskilsminne-if,kristianstad-fc,3,2,H,dc_best,2026-06-29,0.4783701425955489,0.2753370449623238,0.2462928124421273
206093-14-lyn,2026-07-02,NO-OBOS,2026,1,Lyn,Åsane,lyn,sane,6,2,H,dc_best,2026-06-29,0.34415057969381874,0.26448593450008395,0.39136348580609737
4043066,2026-07-02,M1,2026,1,FC Jazz Juniorit,KPV Juniorit,60521,60536,0,1,A,dc_best,2026-06-29,0.7368449590206633,0.15951835322520852,0.10363668775412818
4057799,2026-07-02,M2,2026,2,Esbo Bollklubb,Idrottsföreningen Kamraterna i Åbo,63411,60996,1,6,A,dc_best,2026-06-29,0.14053893050502264,0.201158659008689,0.6583024104862885
4057709,2026-07-02,M2,2026,1,Pallo-Pojat Juniorit,Football Club Kiffen 08,48924,60554,1,2,A,dc_best,2026-06-29,0.49474402690304503,0.21315188457383802,0.292104088523117
6529914,2026-07-03,SW-AL,2026,1,IK Sirius FK,Mjällby AIF,ik-sirius-fk,mj-llby-aif,4,4,D,dc_best,2026-06-29,0.45361194020801443,0.26345406224199724,0.2829339975499884
206093-14-kongsvinger,2026-07-03,NO-OBOS,2026,1,Kongsvinger,Sogndal,kongsvinger,sogndal,5,1,H,dc_best,2026-06-29,0.714966705947557,0.1428229703897824,0.14221032366266062
4038103,2026-07-03,M1L,2026,1,Järvenpään Palloseura,SJK Akatemia,60676,168874,1,0,H,dc_best,2026-06-29,0.46951754671172863,0.24051555104401504,0.2899669022442563
4057801,2026-07-03,M2,2026,2,GrIFK - Fotboll,Nurmijärven Jalkapalloseura,60549,60537,2,0,H,dc_best,2026-06-29,0.7026124712693742,0.17119599432207427,0.1261915344085515
4038104,2026-07-03,M1L,2026,1,FC KTP Kotka,Jippo,60972,129811,3,3,D,dc_best,2026-06-29,0.4098181038769982,0.29688779028681117,0.29329410583619064
206093-14-raufoss,2026-07-03,NO-OBOS,2026,1,Raufoss,Strømmen,raufoss,str-mmen,1,0,H,dc_best,2026-06-29,0.5284029407406434,0.2037102565392824,0.26788680272007415
206093-14-ranheim-tf,2026-07-03,NO-OBOS,2026,1,Ranheim TF,Stabæk,ranheim-tf,stab-k,2,5,A,dc_best,2026-06-29,0.3780019705336349,0.21348724462107463,0.4085107848452906
4057713,2026-07-04,M2,2026,1,HIFK Soccer,MYPA,49735,129934,4,0,H,dc_best,2026-06-29,0.7219982053190541,0.1640316501086862,0.11397014457225974
206093-14-bryne,2026-07-04,NO-OBOS,2026,1,Bryne,Sandnes Ulf,bryne,sandnes-ulf,1,1,D,dc_best,2026-06-29,0.3680485841107377,0.261815699805239,0.3701357160840233
6529916,2026-07-04,SW-AL,2026,1,Halmstad,Västerås SK FK,halmstad,v-ster-s-sk-fk,1,3,A,dc_best,2026-06-29,0.25770480749189906,0.22620483150950402,0.516090360998597
6529913,2026-07-04,SW-AL,2026,1,Degerfors IF,Malmö FF,degerfors-if,malm-ff,0,1,A,dc_best,2026-06-29,0.29368054649829334,0.23208008941401714,0.4742393640876895
4038220,2026-07-04,NL,2026,1,Helsingin Jalkapalloklubi,Kuopion Palloseura,60682,157420,2,0,H,dc_best,2026-06-29,0.6226303556394671,0.20087742096864133,0.17649222339189158
4038218,2026-07-04,NL,2026,1,Ilves,Åland United,60776,60532,0,2,A,dc_best,2026-06-29,0.35911548804718163,0.21633875856646256,0.4245457533863558
4038219,2026-07-04,NL,2026,1,PK-35 Vantaa,Helsingin Palloseura,60671,60781,0,1,A,dc_best,2026-06-29,0.16774896382508003,0.2226248425966283,0.6096261935782916
206093-14-egersund,2026-07-04,NO-OBOS,2026,1,Egersund,Moss,egersund,moss,3,0,H,dc_best,2026-06-29,0.5611518632176238,0.1966042701515016,0.24224386663087474
4057711,2026-07-04,M2,2026,1,Union Plaani,Puistolan Urheilijat,61723,49973,2,1,H,dc_best,2026-06-29,0.2948272471297898,0.24813538848425656,0.45703736438595377
4057890,2026-07-04,M2,2026,3,Tornion Pallo-47,Gamlakarleby Bollklubb,60666,60492,3,4,A,dc_best,2026-06-29,0.3570696276247976,0.21183895516550907,0.4310914172096933
4057712,2026-07-04,M2,2026,1,Helsingin Palloseura,Lahden Reipas,49949,61562,3,2,H,dc_best,2026-06-29,0.4332541949213579,0.21278197537099874,0.3539638297076434
4057800,2026-07-04,M2,2026,2,FC Honka,Musan Salama,62416,60696,7,1,H,dc_best,2026-06-29,0.9469904399504347,0.0375664680556048,0.015443091993960404
4057891,2026-07-04,M2,2026,3,Jalkapalloseura Hercules,FC Vaajakoski,61004,60496,2,2,D,dc_best,2026-06-29,0.28169668507195716,0.19235095980330486,0.5259523551247379
4057710,2026-07-04,M2,2026,1,Atlantis FC Edustus,Pepo Lappeenranta,60702,61010,5,1,H,dc_best,2026-06-29,0.43766457608516207,0.20791204397220678,0.35442337994263123
206093-14-h-dd,2026-07-04,NO-OBOS,2026,1,Hødd,Strømsgodset,h-dd,str-msgodset,4,3,H,dc_best,2026-06-29,0.23365796560382604,0.2140520843970547,0.5522899499991193
4057888,2026-07-04,M2,2026,3,Idrottsföreningen Kraft,Fotbollsföreningen JARO Jalkapalloseura,60686,144364,8,0,H,dc_best,2026-06-29,0.4930834604110086,0.18082016949021582,0.3260963700987757
4057802,2026-07-04,M2,2026,2,Pallo-Iirot,Hämeenlinnan Jalkapalloseura,107307,35121579,3,0,H,dc_best,2026-06-29,0.3349320529377776,0.2497565841690787,0.4153113628931438
4036934,2026-07-04,VL,2026,1,SEINÄJOEN JALKAPALLOKERHO,TPS Juniorijalkapallo,60970,60971,3,1,H,dc_best,2026-06-29,0.37791697521330614,0.31724632144963316,0.30483670333706075
4043062,2026-07-04,M1,2026,1,Salon Palloilijat,Vantaan Jalkapalloseura,60690,63440,2,2,D,dc_best,2026-06-29,0.43919069567227476,0.24102591148778027,0.3197833928399448
4043063,2026-07-04,M1,2026,1,Kuopion Palloseura,Jalkapalloseura Tampere United,106331,106945,2,3,A,dc_best,2026-06-29,0.20196471770525076,0.24592379104732465,0.5521114912474246
4043065,2026-07-04,M1,2026,1,Oulun Luistinseura,Football Club International Turku,106449,60860,1,3,A,dc_best,2026-06-29,0.7983428009965905,0.11726889366830529,0.08438830533510419
4036932,2026-07-04,VL,2026,1,FC Lahti,IF Gnistan,60969,60534,1,0,H,dc_best,2026-06-29,0.3991366732031797,0.310090545894351,0.29077278090246933
4038105,2026-07-04,M1L,2026,1,Ekenäs Idrottsförening,Pallokerho-35,60495,50775,0,3,A,dc_best,2026-06-29,0.24814350483311862,0.1884425496139901,0.5634139455528914
4036935,2026-07-04,VL,2026,1,Vaasan Palloseura,IFK Mariehamn Fotboll,60901,60759,4,0,H,dc_best,2026-06-29,0.6798021485731728,0.23518667429846643,0.08501117712836086
4036933,2026-07-04,VL,2026,1,Fotbollsföreningen JARO Jalkapalloseura,Ilves,60974,60745,2,1,H,dc_best,2026-06-29,0.1934783445625171,0.19859342999414847,0.6079282254433345
4057889,2026-07-05,M2,2026,3,Vaasan Palloseura,Äänekosken Huima,169909,35117343,3,1,H,dc_best,2026-06-29,0.5124312378690323,0.1740675950800851,0.3135011670508827
6529911,2026-07-05,SW-AL,2026,1,IF Elfsborg,Hammarby,if-elfsborg,hammarby,1,2,A,dc_best,2026-06-29,0.24483957650277643,0.25050977061150254,0.504650652885721
4043067,2026-07-05,M1,2026,1,Rovaniemen Palloseura,Pallokerho Keski-Uusimaa,60973,60929,4,3,H,dc_best,2026-06-29,0.5069046510565662,0.2593553814282745,0.23373996751515913
4043064,2026-07-05,M1,2026,1,Tampereen Pallo-Veikot,JJK Jyväskylä,60704,144858,1,0,H,dc_best,2026-06-29,0.19648647688467136,0.21665482018753912,0.5868587029277896
4038106,2026-07-05,M1L,2026,1,Mikkelin Palloilijat,Football Club Haka,60494,60561,2,1,H,dc_best,2026-06-29,0.27336906059526456,0.23093719318362851,0.49569374622110696
6529909,2026-07-05,SW-AL,2026,1,IFK Göteborg,AIK,ifk-g-teborg,aik,1,2,A,dc_best,2026-06-29,0.40438406356401296,0.26690518720992584,0.32871074922606136
4057803,2026-07-05,M2,2026,2,Ilves,Espoon Palloseuran Jalkapallo,106905,62296,4,2,H,dc_best,2026-06-29,0.621068657671453,0.17479557934272452,0.20413576298582237
206093-14-odd,2026-07-05,NO-OBOS,2026,1,Odd,Haugesund,odd,haugesund,1,3,A,dc_best,2026-06-29,0.4018346526621446,0.19573193209175904,0.40243341524609655
6529915,2026-07-05,SW-AL,2026,1,Kalmar FF,Örgryte IS Fotboll,kalmar-ff,rgryte-is-fotboll,3,0,H,dc_best,2026-06-29,0.575472268252012,0.23176344716221,0.192764284585778
4038221,2026-07-05,NL,2026,1,Idrottsföreningen Kamraterna Vasa,IF Gnistan,60691,35209545,0,1,A,dc_best,2026-06-29,0.1548064800728016,0.1862253493497039,0.6589681705774946
6529910,2026-07-06,SW-AL,2026,1,BK Häcken,Djurgården,bk-h-cken,djurg-rden,2,4,A,dc_best,2026-07-06,0.3705774436157573,0.2273633788325119,0.4020591775517309
6529912,2026-07-06,SW-AL,2026,1,IF Brommapojkarna,GAIS,if-brommapojkarna,gais,1,1,D,dc_best,2026-07-06,0.2538268500020587,0.27176625428403506,0.47440689571390626
4057892,2026-07-07,M2,2026,3,Jakobstads Bollklubb,Idrottsföreningen Kraft,61766,60686,4,2,H,dc_best,2026-07-06,0.4166503815864865,0.22324763617361387,0.36010198223989953
4057893,2026-07-08,M2,2026,3,Fotbollsföreningen JARO Jalkapalloseura,SJK Akatemia,144364,131834,2,3,A,dc_best,2026-07-06,0.46094997407196686,0.19485667571543935,0.34419335021259384
4057804,2026-07-09,M2,2026,2,Musan Salama,GrIFK - Fotboll,60696,60549,3,1,H,dc_best,2026-07-06,0.34238232834479565,0.22480647316227778,0.4328111984929267
4038108,2026-07-10,M1L,2026,1,FC KTP Kotka,Järvenpään Palloseura,60972,60676,4,1,H,dc_best,2026-07-06,0.6665264927257312,0.16592962475162185,0.1675438825226471
4038109,2026-07-10,M1L,2026,1,Pallokerho-35,Käpylän Pallo,50775,60487,3,1,H,dc_best,2026-07-06,0.698518399814202,0.16334078024690218,0.1381408199388958
4036938,2026-07-10,VL,2026,1,Vaasan Palloseura,SEINÄJOEN JALKAPALLOKERHO,60901,60970,1,0,H,dc_best,2026-07-06,0.4999947151224203,0.2641587451154673,0.23584653976211245
4057714,2026-07-10,M2,2026,1,Atlantis FC Edustus,Football Club Kiffen 08,60702,60554,3,5,A,dc_best,2026-07-06,0.5198676658375067,0.17631098688065222,0.3038213472818413
4057898,2026-07-10,M2,2026,3,Gamlakarleby Bollklubb,Jakobstads Bollklubb,60492,61766,2,0,H,dc_best,2026-07-06,0.4649615921668536,0.2356246801577411,0.29941372767540536
4043068,2026-07-10,M1,2026,1,Football Club International Turku,Rovaniemen Palloseura,60860,60973,0,2,A,dc_best,2026-07-06,0.2653931067582826,0.17783053769786453,0.556776355543853
4043069,2026-07-10,M1,2026,1,Jalkapalloseura Tampere United,Salon Palloilijat,106945,60690,0,1,A,dc_best,2026-07-06,0.6405313984087736,0.18315813752006846,0.17631046407115802
4057805,2026-07-10,M2,2026,2,Idrottsföreningen Kamraterna i Åbo,Ilves,60996,106905,1,1,D,dc_best,2026-07-06,0.6340388831697097,0.17896187751816686,0.18699923931212345
206092-13-troms,2026-07-11,NO-ELI,2026,1,Tromsø,Vålerenga,troms,v-lerenga,4,0,H,dc_best,2026-07-06,0.6058520703394409,0.22943098539411005,0.16471694426644903
4038112,2026-07-11,M1L,2026,1,Helsingin Jalkapalloklubi,Jippo,60692,129811,0,2,A,dc_best,2026-07-06,0.30100486971650536,0.24519030443826664,0.45380482584522797
4038111,2026-07-11,M1L,2026,1,SJK Akatemia,Mikkelin Palloilijat,168874,60494,1,1,D,dc_best,2026-07-06,0.25944131567030526,0.2684638724406306,0.47209481188906416
206092-13-fredrikstad,2026-07-11,NO-ELI,2026,1,Fredrikstad,Lillestrøm,fredrikstad,lillestr-m,0,2,A,dc_best,2026-07-06,0.3529107337267083,0.285297038558263,0.36179222771502867
4038110,2026-07-11,M1L,2026,1,Football Club Haka,Ekenäs Idrottsförening,60561,60495,3,1,H,dc_best,2026-07-06,0.5921607202021212,0.1649697834350614,0.2428694963628174
206092-13-aalesund,2026-07-11,NO-ELI,2026,1,Aalesund,Molde,aalesund,molde,2,2,D,dc_best,2026-07-06,0.35559234679172536,0.256209839543619,0.3881978136646558
4036940,2026-07-11,VL,2026,1,IF Gnistan,IFK Mariehamn Fotboll,60534,60759,4,2,H,dc_best,2026-07-06,0.6998925562798631,0.20734931739681675,0.09275812632332014
4057715,2026-07-11,M2,2026,1,Puistolan Urheilijat,Pallo-Pojat Juniorit,49973,48924,4,1,H,dc_best,2026-07-06,0.20517511767533125,0.2233347876753851,0.5714900946492837
4043071,2026-07-11,M1,2026,1,Vantaan Jalkapalloseura,Oulun Luistinseura,63440,106449,4,3,H,dc_best,2026-07-06,0.42772912434235555,0.25047520486450137,0.321795670793143
6529920,2026-07-11,SW-AL,2026,1,Örgryte IS Fotboll,BK Häcken,rgryte-is-fotboll,bk-h-cken,4,3,H,dc_best,2026-07-06,0.11585119569588659,0.15827142224181864,0.7258773820622949
6529921,2026-07-11,SW-AL,2026,1,Mjällby AIF,AIK,mj-llby-aif,aik,1,2,A,dc_best,2026-07-06,0.5611228905968372,0.24500363128120153,0.19387347812196123
4043072,2026-07-11,M1,2026,1,JJK Jyväskylä,Kuopion Palloseura,144858,106331,4,4,D,dc_best,2026-07-06,0.6761238771701632,0.1537921741654381,0.17008394866439863
4043073,2026-07-11,M1,2026,1,KPV Juniorit,Tampereen Pallo-Veikot,60536,60704,1,3,A,dc_best,2026-07-06,0.32463238218020435,0.2394122801975469,0.4359553376222487
4036939,2026-07-11,VL,2026,1,FC Lahti,Helsingin Jalkapalloklubin Liiga-HJK,60969,60731,2,0,H,dc_best,2026-07-06,0.355656029176597,0.2929124411794964,0.35143152964390656
4043070,2026-07-11,M1,2026,1,Pallokerho Keski-Uusimaa,FC Jazz Juniorit,60929,60521,2,1,H,dc_best,2026-07-06,0.5711370615949903,0.21993277087540472,0.20893016752960505
4057806,2026-07-11,M2,2026,2,Espoon Palloseuran Jalkapallo,Pallo-Iirot,62296,107307,2,0,H,dc_best,2026-07-06,0.4644359134448963,0.21907108259559727,0.31649300395950647
4057716,2026-07-11,M2,2026,1,MYPA,Union Plaani,129934,61723,2,0,H,dc_best,2026-07-06,0.553596894360427,0.21293078594187662,0.23347231969769633
4057717,2026-07-11,M2,2026,1,Pepo Lappeenranta,Helsingin Palloseura,61010,49949,2,0,H,dc_best,2026-07-06,0.41613799520294503,0.2402059266651713,0.34365607813188376
4036941,2026-07-11,VL,2026,1,TPS Juniorijalkapallo,Oulun edustusjalkapallo AC Oulu,60971,60493,3,0,H,dc_best,2026-07-06,0.36123849102654076,0.3313705037640034,0.3073910052094559
4057807,2026-07-11,M2,2026,2,Nurmijärven Jalkapalloseura,Esbo Bollklubb,60537,63411,1,3,A,dc_best,2026-07-06,0.2643951097946339,0.22466862555921685,0.5109362646461493
4057894,2026-07-11,M2,2026,3,Äänekosken Huima,Jalkapalloseura Hercules,35117343,61004,0,0,D,dc_best,2026-07-06,0.8378836472995775,0.09110871408932635,0.07100763861109617
4038223,2026-07-12,NL,2026,1,Helsingin Palloseura,Idrottsföreningen Kamraterna Vasa,60781,60691,1,1,D,dc_best,2026-07-06,0.8983352625682351,0.07510664434815457,0.026558093083610266
4038222,2026-07-12,NL,2026,1,Kuopion Palloseura,Ilves,157420,60776,2,4,A,dc_best,2026-07-06,0.7383332731604758,0.13829501462520094,0.12337171221432322
4038224,2026-07-12,NL,2026,1,IF Gnistan,Helsingin Jalkapalloklubi,35209545,60682,0,1,A,dc_best,2026-07-06,0.07599416387813589,0.10132322132557736,0.8226826147962867
6529924,2026-07-12,SW-AL,2026,1,Västerås SK FK,Degerfors IF,v-ster-s-sk-fk,degerfors-if,2,0,H,dc_best,2026-07-06,0.5556185253410622,0.20951471275763,0.23486676190130773
6529922,2026-07-12,SW-AL,2026,1,Malmö FF,IFK Göteborg,malm-ff,ifk-g-teborg,4,0,H,dc_best,2026-07-06,0.5699868075278033,0.2067645679492171,0.2232486245229797
6529918,2026-07-12,SW-AL,2026,1,Hammarby,Kalmar FF,hammarby,kalmar-ff,2,0,H,dc_best,2026-07-06,0.6321869236542083,0.2133682025480638,0.15444487379772792
6529923,2026-07-12,SW-AL,2026,1,IF Brommapojkarna,IK Sirius FK,if-brommapojkarna,ik-sirius-fk,1,2,A,dc_best,2026-07-06,0.21823283439266855,0.19148730482745346,0.590279860779878
4038225,2026-07-12,NL,2026,1,Åland United,PK-35 Vantaa,60532,60671,4,1,H,dc_best,2026-07-06,0.8443442312576117,0.09051355203738282,0.06514221670500549
6529919,2026-07-12,SW-AL,2026,1,GAIS,IF Elfsborg,gais,if-elfsborg,1,0,H,dc_best,2026-07-06,0.5274169981556721,0.2694286517861865,0.20315435005814136
206092-13-kfum,2026-07-12,NO-ELI,2026,1,KFUM,Bodø/Glimt,kfum,bod-glimt,0,2,A,dc_best,2026-07-06,0.17182445049557588,0.21790035839180347,0.6102751911126207
206092-13-sarpsborg-08,2026-07-12,NO-ELI,2026,1,Sarpsborg 08,Viking,sarpsborg-08,viking,1,0,H,dc_best,2026-07-06,0.21258387346046023,0.20808148916559796,0.5793346373739419
206092-13-sandefjord-fotball,2026-07-12,NO-ELI,2026,1,Sandefjord Fotball,HamKam,sandefjord-fotball,hamkam,2,2,D,dc_best,2026-07-06,0.49844936832617104,0.2545592855201753,0.24699134615365367
206092-13-rosenborg,2026-07-12,NO-ELI,2026,1,Rosenborg,Kristiansund,rosenborg,kristiansund,3,0,H,dc_best,2026-07-06,0.5471269272848026,0.25294892451174616,0.19992414820345122
4057897,2026-07-12,M2,2026,3,Idrottsföreningen Kraft,Vaasan Palloseura,60686,169909,3,2,H,dc_best,2026-07-06,0.4435153616831332,0.1828528055308332,0.37363183278603374
4057718,2026-07-12,M2,2026,1,Lahden Reipas,HIFK Soccer,61562,49735,1,1,D,dc_best,2026-07-06,0.35973972730330994,0.21417825209325772,0.4260820206034324
4057896,2026-07-12,M2,2026,3,SJK Akatemia,Tornion Pallo-47,131834,60666,0,0,D,dc_best,2026-07-06,0.46382739947084506,0.20471737535256632,0.33145522517658854
4057895,2026-07-12,M2,2026,3,FC Vaajakoski,Fotbollsföreningen JARO Jalkapalloseura,60496,144364,5,2,H,dc_best,2026-07-06,0.4797268796845642,0.18582083318049814,0.3344522871349378
206092-13-brann,2026-07-12,NO-ELI,2026,1,Brann,Start,brann,start,2,1,H,dc_best,2026-07-06,0.7678459303897122,0.1346761587004946,0.09747791090979324
6529917,2026-07-13,SW-AL,2026,1,Djurgården,Halmstad,djurg-rden,halmstad,3,0,H,dc_best,2026-07-13,0.8233869511154821,0.11566107852071204,0.06095197036380591
4057808,2026-07-13,M2,2026,2,FC Honka,Hämeenlinnan Jalkapalloseura,62416,35121579,1,1,D,dc_best,2026-07-13,0.8183901907453963,0.1242241826356312,0.05738562661897247
4057788,2026-07-14,M2,2026,2,Ilves,GrIFK - Fotboll,106905,60549,6,2,H,dc_best,2026-07-13,0.7691257773476456,0.14028331232061916,0.09059091033173505
4057899,2026-07-15,M2,2026,3,Gamlakarleby Bollklubb,Idrottsföreningen Kraft,60492,60686,6,2,H,dc_best,2026-07-13,0.5163649577955843,0.18294579265662142,0.3006892495477943
4038113,2026-07-15,M1L,2026,1,Jippo,Mikkelin Palloilijat,129811,60494,3,1,H,dc_best,2026-07-13,0.5295346335332204,0.25750856009943907,0.2129568063673406
4057719,2026-07-16,M2,2026,1,HIFK Soccer,Pallo-Pojat Juniorit,49735,48924,1,2,A,dc_best,2026-07-13,0.6002364510071347,0.22136652675754556,0.17839702223531978
206092-14-v-lerenga,2026-07-16,NO-ELI,2026,1,Vålerenga,Aalesund,v-lerenga,aalesund,6,1,H,dc_best,2026-07-13,0.49599156214225415,0.21792855700012154,0.2860798808576243
206092-14-bod-glimt,2026-07-17,NO-ELI,2026,1,Bodø/Glimt,Fredrikstad,bod-glimt,fredrikstad,1,0,H,dc_best,2026-07-13,0.8777384773779859,0.08372972739527808,0.038531795226736
4057900,2026-07-17,M2,2026,3,FC Vaajakoski,Äänekosken Huima,60496,35117343,0,1,A,dc_best,2026-07-13,0.33434244332927904,0.20225794960206278,0.4633996070686581
6529927,2026-07-17,SW-AL,2026,1,IFK Göteborg,IF Brommapojkarna,ifk-g-teborg,if-brommapojkarna,2,1,H,dc_best,2026-07-13,0.3568707250916732,0.2535139475084959,0.389615327399831
4038115,2026-07-17,M1L,2026,1,Helsingin Jalkapalloklubi,Football Club Haka,60692,60561,2,2,D,dc_best,2026-07-13,0.28816198344363125,0.2207230243660264,0.4911149921903423
4038114,2026-07-17,M1L,2026,1,Käpylän Pallo,SJK Akatemia,60487,168874,2,2,D,dc_best,2026-07-13,0.5248622260361115,0.2256724170514501,0.24946535691243843
6529929,2026-07-17,SW-AL,2026,1,Mjällby AIF,Västerås SK FK,mj-llby-aif,v-ster-s-sk-fk,0,0,D,dc_best,2026-07-13,0.5688852545194535,0.20559461684231287,0.22552012863823373
4057809,2026-07-17,M2,2026,2,GrIFK - Fotboll,Idrottsföreningen Kamraterna i Åbo,60549,60996,0,1,A,dc_best,2026-07-13,0.13250371292615717,0.21788726283950613,0.6496090242343368
4057903,2026-07-18,M2,2026,3,Jalkapalloseura Hercules,Jakobstads Bollklubb,61004,61766,5,3,H,dc_best,2026-07-13,0.21721369806372848,0.25165520637574623,0.5311310955605253
4043078,2026-07-18,M1,2026,1,JJK Jyväskylä,FC Jazz Juniorit,144858,60521,1,3,A,dc_best,2026-07-13,0.6134178703001736,0.18864899528152992,0.19793313441829652
4043075,2026-07-18,M1,2026,1,Football Club International Turku,Salon Palloilijat,60860,60690,1,2,A,dc_best,2026-07-13,0.2768337228433623,0.16967817846288544,0.5534880986937523
4043076,2026-07-18,M1,2026,1,Vantaan Jalkapalloseura,Jalkapalloseura Tampere United,63440,106945,0,1,A,dc_best,2026-07-13,0.34768948233784713,0.25610974138416476,0.3962007762779881
4036942,2026-07-18,VL,2026,1,Helsingin Jalkapalloklubin Liiga-HJK,Vaasan Palloseura,60731,60901,2,1,H,dc_best,2026-07-13,0.3986957291274338,0.27739191044157363,0.3239123604309927
4036943,2026-07-18,VL,2026,1,SEINÄJOEN JALKAPALLOKERHO,Kuopion Palloseura,60970,60756,0,2,A,dc_best,2026-07-13,0.29178258269968155,0.2598950980306779,0.44832231926964056
206092-14-viking,2026-07-18,NO-ELI,2026,1,Viking,Sandefjord Fotball,viking,sandefjord-fotball,2,1,H,dc_best,2026-07-13,0.7839868094315404,0.13449328181462125,0.08151990875383827
206092-14-start,2026-07-18,NO-ELI,2026,1,Start,Rosenborg,start,rosenborg,0,3,A,dc_best,2026-07-13,0.4396147083740968,0.24419385193266357,0.3161914396932398
4057812,2026-07-18,M2,2026,2,Hämeenlinnan Jalkapalloseura,Musan Salama,35121579,60696,2,1,H,dc_best,2026-07-13,0.6813717385291194,0.17983485480724296,0.13879340666363774
206092-14-lillestr-m,2026-07-18,NO-ELI,2026,1,Lillestrøm,KFUM,lillestr-m,kfum,2,1,H,dc_best,2026-07-13,0.6880812826861854,0.2041190980032735,0.1077996193105411
206092-14-kristiansund,2026-07-18,NO-ELI,2026,1,Kristiansund,Sarpsborg 08,kristiansund,sarpsborg-08,0,0,D,dc_best,2026-07-13,0.3513049491191434,0.26609684487405166,0.3825982060068049
206092-14-hamkam,2026-07-18,NO-ELI,2026,1,HamKam,Tromsø,hamkam,troms,1,4,A,dc_best,2026-07-13,0.4217315817795957,0.2511012435723181,0.3271671746480862
4036944,2026-07-18,VL,2026,1,Oulun edustusjalkapallo AC Oulu,IF Gnistan,60493,60534,0,2,A,dc_best,2026-07-13,0.43103689206460893,0.2674073730087364,0.30155573492665455
4043077,2026-07-18,M1,2026,1,Pallokerho Keski-Uusimaa,Oulun Luistinseura,60929,106449,1,1,D,dc_best,2026-07-13,0.42518351601578996,0.2180486229603376,0.3567678610238724
4043074,2026-07-18,M1,2026,1,Tampereen Pallo-Veikot,Kuopion Palloseura,60704,106331,3,1,H,dc_best,2026-07-13,0.39335855079899007,0.22091326369765313,0.38572818550335686
4038117,2026-07-18,M1L,2026,1,FC KTP Kotka,Pallokerho-35,60972,50775,0,1,A,dc_best,2026-07-13,0.3554203748155644,0.24233877738075651,0.40224084780367914
4038116,2026-07-18,M1L,2026,1,Ekenäs Idrottsförening,Järvenpään Palloseura,60495,60676,0,1,A,dc_best,2026-07-13,0.5496783709644392,0.18029345512923295,0.270028173906328
206092-14-molde,2026-07-18,NO-ELI,2026,1,Molde,Brann,molde,brann,1,2,A,dc_best,2026-07-13,0.5495450889589211,0.21191145633971364,0.2385434547013653
4057811,2026-07-18,M2,2026,2,Esbo Bollklubb,Pallo-Iirot,63411,107307,1,1,D,dc_best,2026-07-13,0.32998384511768486,0.24693425452237464,0.42308190035994064
4057720,2026-07-18,M2,2026,1,Union Plaani,Atlantis FC Edustus,61723,60702,3,6,A,dc_best,2026-07-13,0.11446717689316278,0.12652771174946087,0.7590051113573762
4057721,2026-07-18,M2,2026,1,Football Club Kiffen 08,Pepo Lappeenranta,60554,61010,2,0,H,dc_best,2026-07-13,0.5402323373723632,0.2276780724915629,0.23208959013607394
4057722,2026-07-18,M2,2026,1,Puistolan Urheilijat,Lahden Reipas,49973,61562,4,1,H,dc_best,2026-07-13,0.26730908161833455,0.22546919025915557,0.5072217281225099
4057723,2026-07-18,M2,2026,1,Helsingin Palloseura,MYPA,49949,129934,5,2,H,dc_best,2026-07-13,0.6767146664230753,0.19277243721392673,0.13051289636299804
6536067,2026-07-18,SW-SE,2026,1,IK Oddevold,Varbergs BoIS FC,ik-oddevold,varbergs-bois-fc,2,4,A,dc_best,2026-07-13,0.3795958131677265,0.22663548386926416,0.3937687029630095
6529925,2026-07-18,SW-AL,2026,1,AIK,GAIS,aik,gais,2,0,H,dc_best,2026-07-13,0.29184718592366465,0.30779404324938303,0.40035877082695237
6536068,2026-07-18,SW-SE,2026,1,Östersund,Landskrona BoIS,stersund,landskrona-bois,2,0,H,dc_best,2026-07-13,0.33075245174296225,0.25969470419886403,0.4095528440581737
6536066,2026-07-18,SW-SE,2026,1,Östers IF,IK Brage,sters-if,ik-brage,3,2,H,dc_best,2026-07-13,0.41728386930008665,0.20080760970321113,0.3819085209967023
4057902,2026-07-18,M2,2026,3,Fotbollsföreningen JARO Jalkapalloseura,Tornion Pallo-47,144364,60666,2,0,H,dc_best,2026-07-13,0.40050889665845607,0.19832203605399545,0.4011690672875485
4057813,2026-07-18,M2,2026,2,Ilves,FC Honka,106905,62416,2,2,D,dc_best,2026-07-13,0.2285731672766374,0.1999475846548029,0.5714792480685598
4057810,2026-07-18,M2,2026,2,Espoon Palloseuran Jalkapallo,Nurmijärven Jalkapalloseura,62296,60537,2,1,H,dc_best,2026-07-13,0.8476323827180199,0.10424437094087914,0.04812324634110097
4038226,2026-07-18,NL,2026,1,Ilves,IF Gnistan,60776,35209545,2,2,D,dc_best,2026-07-13,0.6489780164349122,0.16454356567879241,0.18647841788629543
4038227,2026-07-18,NL,2026,1,Kuopion Palloseura,Åland United,157420,60532,1,3,A,dc_best,2026-07-13,0.4863715222662426,0.18922373315738816,0.32440474457636936
6529930,2026-07-19,SW-AL,2026,1,IF Elfsborg,IK Sirius FK,if-elfsborg,ik-sirius-fk,1,3,A,dc_best,2026-07-13,0.24013033499063846,0.2199732005591119,0.5398964644502497
6529926,2026-07-19,SW-AL,2026,1,Hammarby,Degerfors IF,hammarby,degerfors-if,4,0,H,dc_best,2026-07-13,0.7314189976004758,0.17664654980550953,0.09193445259401464
4038229,2026-07-19,NL,2026,1,Helsingin Jalkapalloklubi,Helsingin Palloseura,60682,60781,4,0,H,dc_best,2026-07-13,0.6654303736438584,0.20212404416899665,0.13244558218714508
4036945,2026-07-19,VL,2026,1,Fotbollsföreningen JARO Jalkapalloseura,Football Club International Turku,60974,60987,0,0,D,dc_best,2026-07-13,0.16012698159876548,0.243704288343082,0.5961687300581525
4057901,2026-07-19,M2,2026,3,Vaasan Palloseura,SJK Akatemia,169909,131834,6,2,H,dc_best,2026-07-13,0.6961975929854294,0.1645328418726046,0.13926956514196598
6536065,2026-07-19,SW-SE,2026,1,IFK Värnamo,Ljungskile SK Herrfotboll,ifk-v-rnamo,ljungskile-sk-herrfotboll,2,3,A,dc_best,2026-07-13,0.21394010705610755,0.22776640739864584,0.5582934855452466
6536071,2026-07-19,SW-SE,2026,1,Nordic United FC,Örebro,nordic-united-fc,rebro,2,0,H,dc_best,2026-07-13,0.5225831051373171,0.23210873360118756,0.24530816126149535
6536064,2026-07-19,SW-SE,2026,1,IFK Norrköping FK,Sandvikens IF,ifk-norrk-ping-fk,sandvikens-if,3,0,H,dc_best,2026-07-13,0.5689159549636215,0.24213739554474004,0.18894664949163864
4038228,2026-07-19,NL,2026,1,Idrottsföreningen Kamraterna Vasa,PK-35 Vantaa,60691,60671,1,1,D,dc_best,2026-07-13,0.23547767533240924,0.22438639659191953,0.5401359280756712
6529932,2026-07-19,SW-AL,2026,1,Halmstad,BK Häcken,halmstad,bk-h-cken,0,2,A,dc_best,2026-07-13,0.20045883377818063,0.21214423905752883,0.5873969271642906
6536069,2026-07-20,SW-SE,2026,1,Norrby IF,GIF Sundsvall,norrby-if,gif-sundsvall,3,1,H,dc_best,2026-07-20,0.5646148728962402,0.2454809743553104,0.18990415274844927
4036946,2026-07-20,VL,2026,1,TPS Juniorijalkapallo,Ilves,60971,60745,1,3,A,dc_best,2026-07-20,0.4601152785081505,0.25915836312677604,0.28072635836507354
4036947,2026-07-20,VL,2026,1,IFK Mariehamn Fotboll,FC Lahti,60759,60969,0,2,A,dc_best,2026-07-20,0.13747528602077633,0.27751490471086443,0.5850098092683592
6529928,2026-07-20,SW-AL,2026,1,Örgryte IS Fotboll,Djurgården,rgryte-is-fotboll,djurg-rden,0,0,D,dc_best,2026-07-20,0.09754475182151917,0.12875520206546517,0.7737000461130157
6529931,2026-07-20,SW-AL,2026,1,Kalmar FF,Malmö FF,kalmar-ff,malm-ff,2,2,D,dc_best,2026-07-20,0.2907640883380269,0.26807833323016406,0.44115757843180914
4043079,2026-07-20,M1,2026,1,KPV Juniorit,Rovaniemen Palloseura,60536,60973,1,1,D,dc_best,2026-07-20,0.10119775486688254,0.12996858145398102,0.7688336636791364
